benchmark,case,slice,model,stage,n_real,coverage,abs_dev,se,length,length_se,is05,is05_se,crps,crps_se
RealCause,IHDP,all,Do-PFN 1D,malc,100,0.9667999999999998,0.016799999999999815,0.002594961880354668,25.86002478239669,3.1405965416096064,34.92208099219687,5.785920419319284,3.3602082089803473,0.4488839132667465
RealCause,ACIC,all,Do-PFN 1D,malc,10,0.9848232848232849,0.034823284823284895,0.007141942894244229,26.62443890322465,0.9051948932136966,28.44568895069782,1.1688844117814152,2.6627707460535865,0.25407667670723316
RealCause,CPS,all,Do-PFN 1D,malc,100,0.9528615574783683,0.0028615574783683595,0.002751227488118711,48153.34113348148,305.36322060291343,51041.30956986407,181.70873732368818,6903.3889089522745,18.869477460526472
RealCause,PSID,all,Do-PFN 1D,malc,100,0.9816417910447762,0.03164179104477627,0.0008396967059983581,86044.2094016548,288.5787117816691,104334.4643386516,1118.8072080706102,11182.751235534397,63.893238105649445
RealCause,PSID_bal,all,Do-PFN 1D,malc,100,0.9748507462686569,0.02485074626865691,0.0010851070701391001,85320.695684992,516.9892366965004,105205.21992056286,1185.0883474351149,12351.424734076243,88.15136096677608
RealCause,IHDP,all,Do-PFN 2D,malc,100,0.8375999999999999,0.11240000000000006,0.01235375322949341,17.559273488366937,2.1731989458853587,36.000376610030386,4.8413088981486005,3.6482336152348656,0.40287755083719246
RealCause,ACIC,all,Do-PFN 2D,malc,10,0.8278586278586278,0.1221413721413721,0.06065462585329824,12.258492851602362,1.2902432992896746,32.07591716633919,9.007407536249664,2.7846789391482116,0.3701770074861081
RealCause,CPS,all,Do-PFN 2D,malc,100,0.4582509270704574,0.49174907292954256,0.00238655641606125,18616.43977919959,63.93230079098221,146271.69131600455,973.4681580473289,8200.150247423891,17.915996084656253
RealCause,PSID,all,Do-PFN 2D,malc,100,0.8991417910447761,0.05085820895522386,0.0021824758001743184,46585.9003629126,132.4718299775651,97974.00903730188,1834.0695296444178,9062.370137194752,61.71400886377701
RealCause,PSID_bal,all,Do-PFN 2D,malc,100,0.9064552238805968,0.043544776119403106,0.002595604295518644,47984.42218129077,273.03414920188476,96618.61198844592,1801.9386977895497,9041.918232344546,62.43859113693931
RealCause,IHDP,all,Do-PFN 2D (262k),malc,100,0.8486666666666668,0.10133333333333316,0.01085750993025205,17.406428439214807,2.338432453470043,36.94304422102593,5.09145059249682,3.2878719181908798,0.3880907472064748
RealCause,ACIC,all,Do-PFN 2D (262k),malc,10,0.8091476091476093,0.14085239085239065,0.05563962693416514,10.833002128627246,0.9144942815276839,31.837817502846,8.180104665281805,2.4215996010685457,0.40215105162129344
RealCause,CPS,all,Do-PFN 2D (262k),malc,100,0.7095982694684797,0.24040173053152025,0.00365152250676369,24785.765171441584,135.52770782822168,78073.30717066197,904.2959066237539,6945.5856056584735,24.01692305058726
RealCause,PSID,all,Do-PFN 2D (262k),malc,100,0.9171268656716417,0.032873134328358256,0.0020231967799060153,44615.77128044916,168.19634195147674,91769.85255695446,1749.546844514462,8036.831467939116,56.78769658696713
RealCause,PSID_bal,all,Do-PFN 2D (262k),malc,100,0.917873134328358,0.03212686567164191,0.002416147549222877,46871.90489948362,280.3701258033873,94234.96082455141,1812.3543072313173,8340.795700150622,58.817312690122414
RealCause,IHDP,all,UWYK 1D (noanc),malc,100,0.9783999999999999,0.02839999999999998,0.0020654172393526305,25.102783805362424,2.5952394424500835,27.891675161778597,3.345801380184409,3.594217404276748,0.39733299129474803
RealCause,ACIC,all,UWYK 1D (noanc),malc,10,0.9914760914760914,0.04147609147609144,0.003962243204136607,22.829060736178107,1.5205869615597778,23.949852512470873,1.6402542106169915,2.2079579076446736,0.22968518616731382
RealCause,CPS,all,UWYK 1D (noanc),malc,100,0.8841470951792337,0.06585290482076622,0.001801180925101116,39796.79998118801,126.37274534891783,56056.776827056616,457.81365212379524,7309.0392611282,25.166273392265023
RealCause,PSID,all,UWYK 1D (noanc),malc,100,0.8771268656716417,0.07287313432835829,0.0026327245893212866,59593.545138145564,241.55096972382734,121709.2715163189,1792.5007041840277,12472.352606826944,75.52041261343916
RealCause,PSID_bal,all,UWYK 1D (noanc),malc,100,0.8911567164179105,0.058843283582089456,0.002959550438435629,59556.375137315605,307.62235991911575,112784.09720539406,1706.439606517623,12045.545935275482,78.91480131944223
RealCause,IHDP,all,UWYK 1D (v3a),malc,100,0.9795999999999999,0.02959999999999996,0.0018899462281319224,23.005024551783222,2.4584231539988846,25.953923860416342,3.2524134638171427,3.1825810702597783,0.38457190855174195
RealCause,ACIC,all,UWYK 1D (v3a),malc,10,0.9906444906444907,0.040644490644490716,0.005857803315039265,19.925177655636478,1.3672608355179128,21.240383536735514,1.6648403408850796,1.8779619458180676,0.22722104465409418
RealCause,CPS,all,UWYK 1D (v3a),malc,100,0.9074474660074167,0.0425525339925833,0.0016756231152361696,40175.65417466455,123.40728571714835,47966.85144949123,301.5068122984029,6296.76659628595,32.468046766803084
RealCause,PSID,all,UWYK 1D (v3a),malc,100,0.9132462686567163,0.036753731343283635,0.002115674599848872,70187.82890948564,444.71922107653455,113574.45005319492,1579.4561407048918,12614.171072556519,90.30974350876856
RealCause,PSID_bal,all,UWYK 1D (v3a),malc,100,0.9632089552238804,0.013208955223880436,0.0015652246187337006,68851.06498941718,534.6159384087653,96849.45085124849,1450.2155277952374,9527.027232976041,113.06039346905524
RealCause,IHDP,all,UWYK 2D (noanc),malc,100,0.9836,0.033600000000000074,0.002100547734671631,26.6286962365682,2.9824181913014742,29.32454099341939,3.7565478787344775,2.64693092866992,0.3083228670922883
RealCause,ACIC,all,UWYK 2D (noanc),malc,10,0.9654885654885653,0.015488565488565365,0.015930577174927605,17.79345199308296,2.474226229017761,22.013068664663002,2.7668225390275123,1.8725256679649889,0.20315364615849346
RealCause,CPS,all,UWYK 2D (noanc),malc,100,0.8079542645241038,0.14204573547589616,0.00784122101812641,32391.612393656233,454.50654543511484,71448.35449793862,1483.8988881257924,7424.672551677736,34.46317474089011
RealCause,PSID,all,UWYK 2D (noanc),malc,100,0.6773507462686568,0.2726492537313432,0.01486527314439633,38717.795255027406,946.5596521229294,201567.44940957494,6825.437700784221,12515.63361042466,133.47623156651235
RealCause,PSID_bal,all,UWYK 2D (noanc),malc,100,0.8867164179104478,0.0632835820895522,0.004680777040507927,54404.67424122915,490.05844925961657,113540.66469921658,1967.3433827440767,10752.289143441945,80.16616799475854
RealCause,IHDP,all,UWYK 2D (v3a),malc,100,0.9753333333333332,0.025333333333333208,0.002384950947362305,22.860293270028045,2.5817065472865286,26.31374615006599,3.497796850072791,2.479119713478293,0.29429145041648197
RealCause,ACIC,all,UWYK 2D (v3a),malc,10,0.9602910602910603,0.010291060291060306,0.015734168301434193,16.35349728062485,2.179780782797238,20.92690051595922,2.656100087855228,1.8081227514292124,0.19823058133116675
RealCause,CPS,all,UWYK 2D (v3a),malc,100,0.6983868974042028,0.25161310259579717,0.012549508388701416,27788.56171396877,513.0092922073022,93474.13213637806,2609.1243352283104,7786.883437354994,42.05460014213782
RealCause,PSID,all,UWYK 2D (v3a),malc,100,0.581455223880597,0.36854477611940295,0.015223176196371976,32867.61198149007,873.0249143744192,248499.68355735875,7637.108767614904,13244.431922610984,130.2082394651357
RealCause,PSID_bal,all,UWYK 2D (v3a),malc,100,0.6930223880597016,0.25697761194029833,0.008868723748129395,39212.49352652786,506.3367705009724,187904.42373755362,4387.512026694292,12481.596659931107,104.82440851250601
RealCause,IHDP,all,CausalPFN 1D,malc,100,0.8451999999999998,0.10480000000000012,0.005583027028132451,4.722406432108093,0.130074785195827,9.210711532779639,0.2603285304107485,0.94017095195652,0.026381333202687207
RealCause,ACIC,all,CausalPFN 1D,malc,10,0.961954261954262,0.01195426195426208,0.005500959008306621,8.720664495927032,0.7987387266775078,10.076342140743431,0.7550059950053419,1.101966771890285,0.08045715561643385
RealCause,CPS,all,CausalPFN 1D,malc,100,0.9566069221260817,0.006606922126081716,0.005838243927764435,45930.53676546257,505.90164118506993,53081.70227935624,610.7703328551647,5782.840389458894,115.20148978515803
RealCause,PSID,all,CausalPFN 1D,malc,100,0.9578731343283582,0.007873134328358233,0.0016176067478012655,76913.27037259315,1298.887606288488,101840.87736239073,1486.8269568171938,8900.649315756627,166.35309737699203
RealCause,PSID_bal,all,CausalPFN 1D,malc,100,0.9485820895522389,0.0014179104477610727,0.0018581788329841379,71188.18007564658,1226.9845950370936,99265.41907919751,1527.145565839637,9306.571554986418,181.74947415930208
RealCause,IHDP,all,CausalPFN 2D,malc,100,0.9742666666666666,0.02426666666666666,0.003195142216281948,14.85083035891517,1.6375841487158342,15.53491975317939,1.628771157297356,1.3310472856737814,0.09304847507914193
RealCause,ACIC,all,CausalPFN 2D,malc,10,0.9977130977130978,0.04771309771309784,0.0014684421414010408,13.549090182449117,0.5033417306032426,13.805379611568489,0.40937191460923394,1.1980144544930098,0.05976734989162175
RealCause,CPS,all,CausalPFN 2D,malc,100,0.9554079110012362,0.005407911001236276,0.005076568545611087,42685.49638235199,192.218650225217,50377.12598506848,907.0148635027932,6315.0546466536225,110.44447113650206
RealCause,PSID,all,CausalPFN 2D,malc,100,0.9720895522388059,0.022089552238805932,0.001096529971748568,60584.82813315856,868.8533768870038,90959.61236714506,1555.878745217397,7795.003128334003,101.02277913216906
RealCause,PSID_bal,all,CausalPFN 2D,malc,100,0.9632462686567161,0.013246268656716187,0.001318829242404201,60737.47769898482,904.5811456805288,94329.92992257391,1671.0751281660603,8402.49841741864,162.35286561395674
RealCause,IHDP,all,Do-PFN (matched resolution),malc,100,0.9821333333333334,0.03213333333333346,0.002805926068143594,29.99944603770573,2.0673994339748796,38.06088452564785,4.300708523340535,3.7753215048978204,0.3531551248109338
RealCause,ACIC,all,Do-PFN (matched resolution),malc,10,0.9943866943866944,0.0443866943866944,0.0029895571185201654,33.83436537321573,0.6665100447718031,34.53479711547792,0.6191479525856552,2.7329638855524494,0.21033405196139737
RealCause,CPS,all,Do-PFN (matched resolution),malc,100,0.8880469715698392,0.061953028430160706,0.000773439460001913,37935.20164571826,24.88684475800548,52791.285372339364,141.81192855005577,6487.652765773818,12.905981618960865
RealCause,PSID,all,Do-PFN (matched resolution),malc,100,0.9110447761194029,0.03895522388059702,0.0018484201642070008,49040.303507182376,164.54863054049633,104638.46761213543,1866.7028411346623,8665.315615418469,65.17269814737206
RealCause,PSID_bal,all,Do-PFN (matched resolution),malc,100,0.9094029850746268,0.040597014925373154,0.0023913318077387457,51658.0481596679,342.96705019875685,107260.86986745648,1847.1640492775812,9025.800662453315,69.74264236223449
RealCause,IHDP,all,UWYK No-Anc (matched resolution),malc,100,0.86,0.08999999999999997,0.006321005190772532,17.970057342942784,1.8953240498008526,28.796501030504075,3.4621994057083976,3.7238950821289194,0.37482179816838035
RealCause,ACIC,all,UWYK No-Anc (matched resolution),malc,10,0.9787941787941786,0.02879417879417867,0.01126760309727105,20.14341348196834,1.948542433999983,22.189976342614223,2.046013209033385,2.1079647069354364,0.23719243665297712
RealCause,CPS,all,UWYK No-Anc (matched resolution),malc,100,0.877354758961681,0.07264524103831893,0.0018476853402676272,39274.13701926708,108.8627156874805,57670.541388604535,512.8183783705471,7180.497929199517,26.682398307592432
RealCause,PSID,all,UWYK No-Anc (matched resolution),malc,100,0.8260074626865672,0.12399253731343274,0.0031144938782933698,55840.674564289606,291.9801438151042,132703.76127201677,1882.5897487974478,12546.928236300073,77.64656516306994
RealCause,PSID_bal,all,UWYK No-Anc (matched resolution),malc,100,0.8498507462686569,0.10014925373134309,0.003369338476799754,57266.43485058168,361.3864782625024,123195.96906928197,1811.3375174932673,12351.68405076563,71.17169910934133
RealCause,IHDP,all,UWYK Anc (matched resolution),malc,100,0.8938666666666664,0.05613333333333359,0.007520823318590196,16.68368858000065,1.7773703735209523,24.596894488659476,3.035911280469444,3.070017330796401,0.34635934957601267
RealCause,ACIC,all,UWYK Anc (matched resolution),malc,10,0.9864864864864865,0.03648648648648656,0.005979515829829651,19.4659241313328,1.9469073865233064,21.43282792849055,2.5062916812243867,1.8334225121772985,0.14841998602091538
RealCause,CPS,all,UWYK Anc (matched resolution),malc,100,0.8958220024721879,0.05417799752781205,0.001554126387550901,39619.097762216836,103.44159362384923,52495.06132364179,404.9059200919461,6640.388529437732,28.902799287680523
RealCause,PSID,all,UWYK Anc (matched resolution),malc,100,0.9144029850746267,0.03559701492537326,0.0027274742974925125,65658.72718666858,494.3746268246411,112995.69635860529,1692.929437009463,11877.706674269639,93.72949164613946
RealCause,PSID_bal,all,UWYK Anc (matched resolution),malc,100,0.9432462686567165,0.006753731343283498,0.0020996068479017466,62549.55359602428,406.56462738528813,96977.30057760769,1471.2996355898365,10841.171357208023,75.30418382900756
RealCause,IHDP,all,CausalPFN-C (matched resolution),malc,100,0.9929333333333332,0.04293333333333327,0.0011752020625265054,15.36090814326938,1.5858124108241394,15.568718233550548,1.6004034048078033,1.2617811867087718,0.09317733969954252
RealCause,ACIC,all,CausalPFN-C (matched resolution),malc,10,0.998960498960499,0.04896049896049903,0.000558715020672109,14.800546718453669,0.5346397775446367,15.001841837598482,0.44582958483292057,1.20364095556785,0.03928028684869818
RealCause,CPS,all,CausalPFN-C (matched resolution),malc,100,0.9747775030902353,0.024777503090235298,0.003841231049079171,55947.9445251766,704.2908604425071,58505.34448004953,337.78817780897435,6060.122389680225,88.11151506108195
RealCause,PSID,all,CausalPFN-C (matched resolution),malc,100,0.9841791044776119,0.034179104477611966,0.000776052717217682,88642.80019723665,1133.6619202535294,106601.318910268,1293.5349388780776,9522.232860043081,138.82070855336718
RealCause,PSID_bal,all,CausalPFN-C (matched resolution),malc,100,0.9816417910447761,0.03164179104477616,0.0009422933809278214,80405.49165304848,1419.3250861127576,101727.53489501734,1576.9068766557696,9033.538466753967,202.0858879959662
CaseStudy,Observed_Confounder,pooled,Do-PFN 1D,malc,1800,0.9945055555555556,0.04450555555555569,0.0007137271490022749,5.673634003877702,0.0972248662323769,5.959834822489534,0.178622746291242,0.5736654010170428,0.010797962810008692
CaseStudy,Observed_Confounder,shift-2,Do-PFN 1D,malc,600,0.9943833333333333,0.04438333333333333,0.0013493458021797593,6.7970251491405,0.1726185412419249,7.468731305568114,0.47570499172788444,0.8433692595807294,0.021479862785175864
CaseStudy,Observed_Confounder,shift0,Do-PFN 1D,malc,600,0.9965000000000002,0.04650000000000021,0.0009582985525129786,4.270266929386457,0.1492466750998872,4.337925317402977,0.15683749516658577,0.23986151611797069,0.007929426245923323
CaseStudy,Observed_Confounder,shift+2,Do-PFN 1D,malc,600,0.9926333333333334,0.04263333333333341,0.0013557923442500841,5.953609933106149,0.16604646052543223,6.072847844497511,0.16842569800478308,0.6377654273524284,0.014558767851085768
CaseStudy,Observed_Confounder,d5,Do-PFN 1D,malc,300,0.9904999999999999,0.04049999999999998,0.002025547533227633,1.0673664718385285,0.07705490466538818,1.0830779812033935,0.07739953766290714,0.10276005257751242,0.009078948691299013
CaseStudy,Observed_Confounder,d10,Do-PFN 1D,malc,300,0.9938666666666666,0.04386666666666661,0.0011610295409446379,5.004376869585048,0.21163373844336217,5.119861395910096,0.21734043495230496,0.4424908043270248,0.016907285024177456
CaseStudy,Observed_Confounder,d20,Do-PFN 1D,malc,300,0.9977666666666666,0.047766666666666624,0.00046028039860101204,6.131842538065737,0.18072265815933392,6.223833449905399,0.19083597974702263,0.6056044033596301,0.019723104914220076
CaseStudy,Observed_Confounder,d30,Do-PFN 1D,malc,300,0.9902333333333333,0.04023333333333334,0.0031814044188929313,6.532988107339453,0.1766659267423749,7.085443914515181,0.43407483506252387,0.6843504157870327,0.024391090277151875
CaseStudy,Observed_Confounder,d40,Do-PFN 1D,malc,300,0.9984,0.0484,0.00048651835677877576,7.416082614921385,0.22753675966652984,7.5018214639641005,0.23893728553367513,0.7644748179523098,0.023289226722684676
CaseStudy,Observed_Confounder,d50,Do-PFN 1D,malc,300,0.9962666666666666,0.04626666666666668,0.0014684290617280043,7.889147421516061,0.26957555184982523,8.744970729439038,0.8345033614352899,0.8423119120987471,0.033284192623778665
CaseStudy,Observed_Confounder,pooled,Do-PFN 2D,malc,1800,0.9928333333333332,0.04283333333333328,0.0016491716571030613,2.9733052120280576,0.053736393265617924,3.0425303940578217,0.05695029917844359,0.2852732158822615,0.006138798016563077
CaseStudy,Observed_Confounder,shift-2,Do-PFN 2D,malc,600,0.9962333333333333,0.04623333333333335,0.0016109386561063434,3.599948295357476,0.1025930595882731,3.6170259331754946,0.10265741221386993,0.3326738254483768,0.010170960485309662
CaseStudy,Observed_Confounder,shift0,Do-PFN 2D,malc,600,0.9932166666666667,0.04321666666666679,0.002997908672529824,1.8255055567001472,0.0696903894451988,1.895641449421721,0.07845964464606427,0.12293034565585162,0.004926371710822425
CaseStudy,Observed_Confounder,shift+2,Do-PFN 2D,malc,600,0.9890500000000001,0.03905000000000014,0.0035887501602723413,3.4944617840265506,0.08559696634293645,3.6149237995762498,0.09609462768803817,0.4002154765425561,0.011917111551147915
CaseStudy,Observed_Confounder,d5,Do-PFN 2D,malc,300,0.9968666666666667,0.04686666666666672,0.0007455155165109597,1.495099655964524,0.037796681809617615,1.5489740920877362,0.04294125311493138,0.13842375448388902,0.005137203269011466
CaseStudy,Observed_Confounder,d10,Do-PFN 2D,malc,300,0.9756,0.025600000000000067,0.008415884540412099,2.4865843661227003,0.11819770506025,2.7682070480657193,0.1591440462888723,0.2464004751855486,0.013774861476922307
CaseStudy,Observed_Confounder,d20,Do-PFN 2D,malc,300,0.9992333333333334,0.04923333333333346,0.0006688120441148081,2.857576340770607,0.11863422117938131,2.858523833711907,0.1185966128247668,0.2229190122097989,0.010964402178797406
CaseStudy,Observed_Confounder,d30,Do-PFN 2D,malc,300,0.9981333333333333,0.04813333333333336,0.0011506125878798595,3.218440344983085,0.11770473197599952,3.2221472259163697,0.11770151459685321,0.28113005419496273,0.013473897013457317
CaseStudy,Observed_Confounder,d40,Do-PFN 2D,malc,300,0.9999000000000001,0.049900000000000166,0.00010000000000000005,3.771813074218428,0.1400286045242496,3.7718640802685375,0.1400280745655988,0.34762494358316703,0.014868365917903125
CaseStudy,Observed_Confounder,d50,Do-PFN 2D,malc,300,0.9872666666666667,0.03726666666666678,0.0048446992797397765,4.010317490109001,0.16502227994399182,4.085466084296659,0.17040491404701746,0.4751410556362029,0.01994134771549048
CaseStudy,Observed_Confounder,pooled,Do-PFN 2D (262k),malc,1500,0.9909933333333334,0.04099333333333344,0.0020755595609184226,2.6913833493530492,0.05882109979015938,2.7551729494508725,0.06090699658908299,0.23343331208190413,0.005468073997825676
CaseStudy,Observed_Confounder,shift-2,Do-PFN 2D (262k),malc,500,0.9946400000000001,0.044640000000000124,0.0028308599994830803,3.313331699734065,0.11983468070914811,3.368997794072673,0.12314623372749443,0.2597125951309083,0.008106846379006
CaseStudy,Observed_Confounder,shift0,Do-PFN 2D (262k),malc,500,0.99482,0.04482000000000008,0.0028662110060255724,1.5214133757813202,0.056611111000324905,1.5549725063950524,0.05837459397699566,0.11009959038087333,0.004039315154331285
CaseStudy,Observed_Confounder,shift+2,Do-PFN 2D (262k),malc,500,0.98352,0.033519999999999994,0.004735659631380678,3.2394049725437615,0.09744503544846038,3.341548547884891,0.10260662096943787,0.33048775073393083,0.01169088359685795
CaseStudy,Observed_Confounder,d5,Do-PFN 2D (262k),malc,300,0.9962000000000001,0.04620000000000013,0.0007088231960791694,1.490324290463727,0.03680515635776158,1.5629132354938604,0.04296996413671414,0.1367806642352712,0.00473130401862437
CaseStudy,Observed_Confounder,d20,Do-PFN 2D (262k),malc,300,0.9871,0.03710000000000002,0.006010745672971905,2.623130104265409,0.11999876485971642,2.674826472302156,0.12102323745159153,0.20402938327905895,0.009764184893714174
CaseStudy,Observed_Confounder,d30,Do-PFN 2D (262k),malc,300,0.9958666666666667,0.04586666666666672,0.002792877281226227,2.7978468507660326,0.12302063964584,2.8094786160148875,0.12323069276990409,0.22551427312691744,0.010592504114844935
CaseStudy,Observed_Confounder,d40,Do-PFN 2D (262k),malc,300,0.999,0.049000000000000044,0.001,3.167374013741779,0.14661555124610742,3.16886706310269,0.14660253671915596,0.25430210176199153,0.01240645868078845
CaseStudy,Observed_Confounder,d50,Do-PFN 2D (262k),malc,300,0.9768000000000001,0.026800000000000157,0.007838765402302201,3.3782414875282982,0.16471587964478535,3.559779360340768,0.17970919127903814,0.3465401380062817,0.0169429129679657
CaseStudy,Observed_Confounder,pooled,UWYK 1D (noanc),malc,1800,0.9577111111111112,0.007711111111111224,0.0025002359086876984,5.317966178991289,0.1085081197727875,5.980353048646142,0.11533042853560731,0.6474300722947077,0.0102162653127487
CaseStudy,Observed_Confounder,shift-2,UWYK 1D (noanc),malc,600,0.9391,0.01089999999999991,0.0047575947543281455,6.0239042296509275,0.17449287517456596,7.007563128929896,0.1798033955342746,0.8742220869108996,0.013135979671178728
CaseStudy,Observed_Confounder,shift0,UWYK 1D (noanc),malc,600,0.9985833333333333,0.04858333333333331,0.0006794049438458106,3.959719619307203,0.20432094297433423,3.961951507295722,0.20426451313340854,0.1868049819266436,0.00782751246060943
CaseStudy,Observed_Confounder,shift+2,UWYK 1D (noanc),malc,600,0.93545,0.014549999999999952,0.005388180995026961,5.970274688015733,0.17107615047165392,6.971544509712814,0.1886451761673088,0.88126314804658,0.013236488756726587
CaseStudy,Observed_Confounder,d5,UWYK 1D (noanc),malc,300,0.8559666666666665,0.09403333333333341,0.011230045931514776,3.4144748848900015,0.1341715741673401,6.177013271656248,0.3027372755641453,0.7544912780999827,0.028927470016973534
CaseStudy,Observed_Confounder,d10,UWYK 1D (noanc),malc,300,0.9270333333333334,0.02296666666666658,0.0059829371528624786,5.03863103980438,0.2781592716191242,5.897422385748601,0.27854890618628153,0.7544924610291135,0.026839404499534845
CaseStudy,Observed_Confounder,d20,UWYK 1D (noanc),malc,300,0.9790666666666668,0.029066666666666796,0.0026080628490510955,5.302972244700902,0.2212917813921341,5.504768985524772,0.21943955899352952,0.6645647645265865,0.023323379587026287
CaseStudy,Observed_Confounder,d30,UWYK 1D (noanc),malc,300,0.9889666666666667,0.038966666666666705,0.0017749014030953305,5.551617602981807,0.21417452381954297,5.659169923825162,0.21291188094541316,0.6668140993040472,0.02286342374955281
CaseStudy,Observed_Confounder,d40,UWYK 1D (noanc),malc,300,0.9953666666666667,0.04536666666666678,0.0007455529000136021,6.105958588700738,0.291300136313776,6.149236167771033,0.2907072256010774,0.6277651392517873,0.02333217622812905
CaseStudy,Observed_Confounder,d50,UWYK 1D (noanc),malc,300,0.9998666666666668,0.04986666666666684,6.633137535414974e-05,6.494142712869899,0.36153688518340565,6.494507557351046,0.36153266715840854,0.4164526915567287,0.01846553030705421
CaseStudy,Observed_Confounder,pooled,UWYK 1D (v3a),malc,1800,0.9977222222222223,0.04772222222222233,0.00045968369005418454,4.234377341520839,0.1016457940873922,4.247788406578925,0.10158091862035318,0.24073361387462167,0.004482975567633277
CaseStudy,Observed_Confounder,shift-2,UWYK 1D (v3a),malc,600,0.9980500000000001,0.04805000000000015,0.0006639171878148777,4.44140497052051,0.16502710196156312,4.455081702094285,0.1649535500415704,0.25697366565724394,0.007244708294443618
CaseStudy,Observed_Confounder,shift0,UWYK 1D (v3a),malc,600,0.9992333333333333,0.04923333333333335,0.0003633430588927734,3.843977674073927,0.19660849210977557,3.8450078656412834,0.1965922259647834,0.1958161202469084,0.008124247764896071
CaseStudy,Observed_Confounder,shift+2,UWYK 1D (v3a),malc,600,0.9958833333333333,0.04588333333333339,0.0011495466592511962,4.417749379968082,0.16376605798401458,4.443275652001206,0.16342262851767628,0.2694110557197127,0.007576558553527613
CaseStudy,Observed_Confounder,d5,UWYK 1D (v3a),malc,300,0.9873666666666668,0.03736666666666688,0.0026577743320025035,2.2839531517765277,0.12954466586861937,2.3596041323027643,0.1316255718272159,0.1974616554508832,0.010401652638231486
CaseStudy,Observed_Confounder,d10,UWYK 1D (v3a),malc,300,0.9990000000000001,0.049000000000000155,0.00036115755925730764,3.935815746458458,0.27575035252397373,3.9405122055290804,0.27568283318256454,0.247617030585763,0.012699300703756236
CaseStudy,Observed_Confounder,d20,UWYK 1D (v3a),malc,300,1.0,0.050000000000000044,0.0,4.19630828760486,0.21852785711785866,4.19630828760486,0.21852785711785866,0.22188214840194642,0.008653311437894284
CaseStudy,Observed_Confounder,d30,UWYK 1D (v3a),malc,300,1.0,0.050000000000000044,0.0,4.474322159365356,0.20291668776802138,4.474322159365356,0.20291668776802138,0.2339819382657793,0.008188620471804341
CaseStudy,Observed_Confounder,d40,UWYK 1D (v3a),malc,300,1.0,0.050000000000000044,0.0,5.0913310622067085,0.2668289251101803,5.0913310622067085,0.2668289251101803,0.25102566102713014,0.010235951906832972
CaseStudy,Observed_Confounder,d50,UWYK 1D (v3a),malc,300,0.9999666666666667,0.049966666666666715,3.333333333333335e-05,5.424533641713126,0.31563366701961876,5.424652592464779,0.3156298537922112,0.2924332495162279,0.013866536904763192
CaseStudy,Observed_Confounder,pooled,UWYK 2D (noanc),malc,1800,0.9994444444444445,0.04944444444444451,0.0001530417957806726,3.3544141287152223,0.05316419492436301,3.3573552801846818,0.053175397383787126,0.19090907971312768,0.0030152646645295778
CaseStudy,Observed_Confounder,shift-2,UWYK 2D (noanc),malc,600,0.9999833333333333,0.04998333333333338,1.666666666666668e-05,4.177384076786687,0.09827964990309762,4.177389074343055,0.09827946647821163,0.21967738608255563,0.005176607652859023
CaseStudy,Observed_Confounder,shift0,UWYK 2D (noanc),malc,600,0.9988333333333332,0.048833333333333284,0.00037217992987806825,2.219761112919137,0.057488917831597555,2.225271742970948,0.05741241652781166,0.13808433930415653,0.0042598688506091656
CaseStudy,Observed_Confounder,shift+2,UWYK 2D (noanc),malc,600,0.9995166666666667,0.049516666666666764,0.00026667970891868013,3.6660971964398414,0.09518484641682157,3.6694050232400417,0.09537876953574852,0.21496551375267092,0.005474248616637149
CaseStudy,Observed_Confounder,d5,UWYK 2D (noanc),malc,300,0.9984,0.0484,0.0006974391763317244,3.1382500194746616,0.10671352750526508,3.1460099801608137,0.10656986974083299,0.21403667290356992,0.008518831409772016
CaseStudy,Observed_Confounder,d10,UWYK 2D (noanc),malc,300,0.9997,0.04970000000000008,0.00023781333845368776,3.348438516715527,0.13558249206480258,3.349580565994422,0.1355669144600496,0.2157481700444611,0.0084854086081748
CaseStudy,Observed_Confounder,d20,UWYK 2D (noanc),malc,300,0.9994666666666667,0.04946666666666677,0.00033910280118766117,3.0966343483849506,0.12572183373996199,3.101032214982762,0.1255448884670412,0.1731923128736809,0.006336441712309755
CaseStudy,Observed_Confounder,d30,UWYK 2D (noanc),malc,300,0.9993666666666666,0.04936666666666667,0.00039759122364843433,3.129159769575798,0.11906767687500713,3.130553759327613,0.11898638250302948,0.16787256352157356,0.005741800587962064
CaseStudy,Observed_Confounder,d40,UWYK 2D (noanc),malc,300,0.9997333333333333,0.049733333333333296,0.00015584726059894273,3.5515247901123015,0.13762157249650853,3.554477832614387,0.1381966072092053,0.18031571852635914,0.006966043433879855
CaseStudy,Observed_Confounder,d50,UWYK 2D (noanc),malc,300,1.0,0.050000000000000044,0.0,3.862477328028091,0.14764947035061946,3.862477328028091,0.14764947035061946,0.19428904040912154,0.007410131757502513
CaseStudy,Observed_Confounder,pooled,UWYK 2D (v3a),malc,1800,0.9961555555555555,0.046155555555555505,0.0008242503784921533,2.538638340949362,0.04942231654085921,2.5532402080225287,0.049507581186806295,0.17408702429767506,0.0031425263507444986
CaseStudy,Observed_Confounder,shift-2,UWYK 2D (v3a),malc,600,0.9995333333333334,0.04953333333333343,0.0002651599056264836,3.2352657152829383,0.09233637855885216,3.2363589233301795,0.09231378751622844,0.1984802996166157,0.00507982884751142
CaseStudy,Observed_Confounder,shift0,UWYK 2D (v3a),malc,600,0.9978000000000001,0.047800000000000176,0.0009082813211025389,1.553351861079154,0.05272439744528564,1.561491990337449,0.052843410868625484,0.09596321453047485,0.003159583445501563
CaseStudy,Observed_Confounder,shift+2,UWYK 2D (v3a),malc,600,0.9911333333333332,0.041133333333333244,0.00227164009679433,2.8272974464859932,0.09017610874930335,2.8618697103999584,0.09049428111285568,0.22781755874593462,0.006098222218002005
CaseStudy,Observed_Confounder,d5,UWYK 2D (v3a),malc,300,0.9934,0.043399999999999994,0.002048280133433101,1.9932855527402564,0.08274676473349082,2.022756336793364,0.08323314349053015,0.16391616638547968,0.007577036156176874
CaseStudy,Observed_Confounder,d10,UWYK 2D (v3a),malc,300,0.9887,0.03870000000000007,0.0040200070993908375,2.372759214293579,0.13268114700103625,2.4150794566484617,0.13308322488464536,0.19574573184795527,0.009231806699805204
CaseStudy,Observed_Confounder,d20,UWYK 2D (v3a),malc,300,0.9958,0.04580000000000006,0.0019224311067211712,2.3564419797547727,0.11981503186614138,2.364981699359801,0.11959195909125471,0.17321452378941463,0.00796155967270597
CaseStudy,Observed_Confounder,d30,UWYK 2D (v3a),malc,300,0.9993666666666666,0.04936666666666667,0.000316398114137088,2.466893038301062,0.11251036363559717,2.4685980582118745,0.11245081518524395,0.1659555046055217,0.007007028772954552
CaseStudy,Observed_Confounder,d40,UWYK 2D (v3a),malc,300,0.9997333333333334,0.04973333333333341,0.00018824622347880454,2.777197419418391,0.1214503725103968,2.7776726598018566,0.12142257940781354,0.17180825889259083,0.007130614801649457
CaseStudy,Observed_Confounder,d50,UWYK 2D (v3a),malc,300,0.9999333333333333,0.049933333333333385,4.7061555869701135e-05,3.2652528411881097,0.13707893459225826,3.270353037319816,0.13826169378649997,0.17388196026508826,0.006955823996751237
CaseStudy,Observed_Confounder,pooled,CausalPFN 1D,malc,1800,0.9894611111111112,0.03946111111111128,0.0006970510773006073,1.4813008660420912,0.06742324373378737,1.504071040002212,0.06735586670271228,0.10268819512835285,0.003383848706953962
CaseStudy,Observed_Confounder,shift-2,CausalPFN 1D,malc,600,0.9812000000000001,0.031200000000000117,0.0016446537389309065,1.6080295924440091,0.12499772648796831,1.6503677450926988,0.1246797659028371,0.11550075051190234,0.006082664760335785
CaseStudy,Observed_Confounder,shift0,CausalPFN 1D,malc,600,0.9981166666666667,0.048116666666666696,0.00035530729774392085,1.2078986329833863,0.09501193514275227,1.2147855412045139,0.09511988292229337,0.08081381078276018,0.005296377134545415
CaseStudy,Observed_Confounder,shift+2,CausalPFN 1D,malc,600,0.9890666666666665,0.03906666666666658,0.001143413225605233,1.6279743726988785,0.12696205562463897,1.6470598337094227,0.12678465629076066,0.11175002409039604,0.006075212026452096
CaseStudy,Observed_Confounder,d5,CausalPFN 1D,malc,300,0.9849333333333334,0.03493333333333348,0.00271479424020118,0.5584955900626744,0.02388070478158434,0.5909050910323262,0.027470012624540966,0.0530166197113508,0.0030446999414509806
CaseStudy,Observed_Confounder,d10,CausalPFN 1D,malc,300,0.9929666666666667,0.04296666666666671,0.0010945271101923957,0.7874914866068177,0.05826142857124517,0.8098959984379422,0.060002056722506164,0.07349682868823204,0.0055247380656400545
CaseStudy,Observed_Confounder,d20,CausalPFN 1D,malc,300,0.9946999999999999,0.04469999999999996,0.0011798805751784323,1.1272218672202912,0.09024284802174067,1.1351615299000013,0.09020065731192307,0.08804959838473951,0.0062607733315661
CaseStudy,Observed_Confounder,d30,CausalPFN 1D,malc,300,0.9933333333333333,0.043333333333333335,0.0008045762830018559,1.4267732512661064,0.11866725673919605,1.435762514694179,0.11843153588361123,0.10389157666494003,0.007009315467926603
CaseStudy,Observed_Confounder,d40,CausalPFN 1D,malc,300,0.9887999999999999,0.038799999999999946,0.0014398686921428478,2.0884521075332017,0.1849950663883902,2.1127824692551207,0.18439393611541474,0.1321374995044418,0.008921993629110534
CaseStudy,Observed_Confounder,d50,CausalPFN 1D,malc,300,0.9820333333333332,0.03203333333333325,0.0021028718131414106,2.899370893563457,0.3014118720511975,2.939918636693702,0.30042738925560314,0.1655370478164129,0.013330692738407845
CaseStudy,Observed_Confounder,pooled,CausalPFN 2D,malc,1800,0.9994555555555555,0.049455555555555586,0.00014305235120443344,3.1365626691589354,0.041953174274335474,3.1481323771113425,0.04246351566432294,0.21149341724867296,0.003395258079807741
CaseStudy,Observed_Confounder,shift-2,CausalPFN 2D,malc,600,0.9994000000000002,0.04940000000000022,0.0001944127753313039,3.4980270229818613,0.0657248828353107,3.5155793967567086,0.06696377838394292,0.2340944585163622,0.0055764932351506195
CaseStudy,Observed_Confounder,shift0,CausalPFN 2D,malc,600,0.9993166666666667,0.049316666666666786,0.000312153350676735,2.4736306750241126,0.07733787348710991,2.4827672753287553,0.07813842550298693,0.17171238833557562,0.006165165626662047
CaseStudy,Observed_Confounder,shift+2,CausalPFN 2D,malc,600,0.9996500000000001,0.049650000000000194,0.00022145934254546096,3.4380303094708324,0.06673684655185136,3.4460504592485632,0.0674091397460967,0.22867340489408097,0.005547203061099309
CaseStudy,Observed_Confounder,d5,CausalPFN 2D,malc,300,0.9984333333333333,0.04843333333333333,0.0007926900326878755,2.6772227127139763,0.06932879216933867,2.7106161922159786,0.07546470874703731,0.1759438388067739,0.006102057558363882
CaseStudy,Observed_Confounder,d10,CausalPFN 2D,malc,300,0.9998000000000001,0.04980000000000018,8.09640904752737e-05,3.12832125868393,0.10740978741071448,3.1320909487159354,0.10798763757776754,0.20325002445375834,0.0077334882141765916
CaseStudy,Observed_Confounder,d20,CausalPFN 2D,malc,300,0.9994333333333335,0.04943333333333355,0.00022654564281718176,3.040746619232625,0.0865187728139361,3.054759585488766,0.08766364756349601,0.20570419480641117,0.007347113828976251
CaseStudy,Observed_Confounder,d30,CausalPFN 2D,malc,300,0.9995,0.0495000000000001,0.00016442189526719162,3.0679452658048465,0.0826605116051799,3.0752369207675456,0.08294822671417738,0.2078087672624235,0.006765010683253396
CaseStudy,Observed_Confounder,d40,CausalPFN 2D,malc,300,0.9997333333333334,0.04973333333333341,0.00010445306225664263,3.3347556174985864,0.10927804697805181,3.3397129481218557,0.10950689068309005,0.22755789900946619,0.008587534060393915
CaseStudy,Observed_Confounder,d50,CausalPFN 2D,malc,300,0.9998333333333335,0.04983333333333351,9.970226952902435e-05,3.570384541019648,0.13936509319709578,3.576377667357971,0.1405591876164601,0.24869577915320454,0.01164131150901821
CaseStudy,Observed_Confounder,pooled,Do-PFN (matched resolution),malc,1800,0.9525333333333333,0.0025333333333333874,0.0032311199107982495,12.377139078385957,0.13738410496973147,18.388456824600652,0.37162096218561697,0.9696016317085936,0.01198093243322857
CaseStudy,Observed_Confounder,shift-2,Do-PFN (matched resolution),malc,600,0.9395166666666668,0.010483333333333178,0.006082570370127222,12.490474184471346,0.23780995234560415,20.182669325903802,0.6535810914676682,1.1079973455377996,0.019519902788030702
CaseStudy,Observed_Confounder,shift0,Do-PFN (matched resolution),malc,600,0.9906,0.04060000000000008,0.0015066020541545262,11.659200516808399,0.22536059047245188,12.594129684391476,0.2335624257138785,0.6321800917198285,0.009543192943577068
CaseStudy,Observed_Confounder,shift+2,Do-PFN (matched resolution),malc,600,0.9274833333333333,0.02251666666666663,0.007144836723197394,12.981742533878132,0.24743771660895492,22.388571463506693,0.8212462883333768,1.168627457868153,0.023087799572309706
CaseStudy,Observed_Confounder,d5,Do-PFN (matched resolution),malc,300,0.7321666666666666,0.21783333333333332,0.01320589530302154,2.3816523965916083,0.05400240305264911,37.22551511630812,1.8136782010809438,1.382675960740469,0.05703150717165948
CaseStudy,Observed_Confounder,d10,Do-PFN (matched resolution),malc,300,0.9830666666666665,0.03306666666666658,0.0026141256506012054,9.606542468557361,0.17592889580779425,10.828862624728181,0.24607030672571747,1.0000615297433595,0.02664529015928627
CaseStudy,Observed_Confounder,d20,Do-PFN (matched resolution),malc,300,0.9999666666666667,0.049966666666666715,3.333333333333335e-05,13.433069740899665,0.15682531769036104,13.434793342300518,0.15667418884411558,0.8503646426900167,0.011496837400460567
CaseStudy,Observed_Confounder,d30,Do-PFN (matched resolution),malc,300,1.0,0.050000000000000044,0.0,15.11535175308235,0.15508697264727492,15.11535175308235,0.15508697264727492,0.8248212007486584,0.009408920426308337
CaseStudy,Observed_Confounder,d40,Do-PFN (matched resolution),malc,300,1.0,0.050000000000000044,0.0,16.293305904973458,0.1754176693142094,16.293305904973458,0.1754176693142094,0.8519225308296646,0.010202580854581306
CaseStudy,Observed_Confounder,d50,Do-PFN (matched resolution),malc,300,1.0,0.050000000000000044,0.0,17.432912206211313,0.20659761424429135,17.432912206211313,0.20659761424429135,0.9077639254993938,0.012001923528997017
CaseStudy,Observed_Confounder,pooled,UWYK No-Anc (matched resolution),malc,1800,0.98325,0.03325,0.001134722075280642,4.547539797148251,0.09892758404289007,4.735286320228158,0.09973618538882138,0.4922464790521432,0.00776591654279526
CaseStudy,Observed_Confounder,shift-2,UWYK No-Anc (matched resolution),malc,600,0.9757666666666668,0.025766666666666826,0.002076880267452801,5.44514649050597,0.16129708209715857,5.7197526962509455,0.15968894264289937,0.6617555132607199,0.009457721816989258
CaseStudy,Observed_Confounder,shift0,UWYK No-Anc (matched resolution),malc,600,0.9987333333333334,0.048733333333333406,0.0004689506078495748,2.7923035184835414,0.16762035558228414,2.793735519459882,0.16759010495119622,0.15364258703435457,0.008367982746879197
CaseStudy,Observed_Confounder,shift+2,UWYK No-Anc (matched resolution),malc,600,0.97525,0.025249999999999995,0.0025430968134023584,5.405169382455239,0.16232181423031264,5.692370744973648,0.16308890193167497,0.661341336861355,0.00983907784650916
CaseStudy,Observed_Confounder,d5,UWYK No-Anc (matched resolution),malc,300,0.9447333333333332,0.005266666666666753,0.005529165264731377,3.022489818294211,0.1063080009884909,3.8199498949421318,0.15542190789180038,0.507938306828543,0.01985673896901615
CaseStudy,Observed_Confounder,d10,UWYK No-Anc (matched resolution),malc,300,0.9814,0.031400000000000095,0.002109097985960176,4.248922475497954,0.23302723801509231,4.391339605742289,0.23397314112920128,0.5258381896629768,0.019699478248841187
CaseStudy,Observed_Confounder,d20,UWYK No-Anc (matched resolution),malc,300,0.9906,0.04060000000000008,0.001563562236476554,4.593471194391286,0.22172117213351739,4.658649265294554,0.2213103114666745,0.47928592662262615,0.018074581116282584
CaseStudy,Observed_Confounder,d30,UWYK No-Anc (matched resolution),malc,300,0.9932333333333332,0.043233333333333235,0.0011041811014811287,4.614251781131307,0.2093781298402029,4.6597868849617745,0.20899446899274218,0.4624951473931494,0.01725687475743434
CaseStudy,Observed_Confounder,d40,UWYK No-Anc (matched resolution),malc,300,0.9930333333333332,0.04303333333333326,0.0010135078034395444,5.167128836524667,0.27532755057825864,5.21823993035105,0.2746201625123649,0.49509347318315683,0.01977540471976736
CaseStudy,Observed_Confounder,d50,UWYK No-Anc (matched resolution),malc,300,0.9964999999999999,0.046499999999999986,0.000614076787546431,5.638974677050081,0.3248499128450388,5.66375234007715,0.32438994044863645,0.482827830622407,0.019256996687122278
CaseStudy,Observed_Confounder,pooled,UWYK Anc (matched resolution),malc,1800,0.9993944444444445,0.04939444444444452,0.00012052622822169168,3.269387167356174,0.09197960647924161,3.2819213918092656,0.09275520702500897,0.2008679479714631,0.0048685508700491145
CaseStudy,Observed_Confounder,shift-2,UWYK Anc (matched resolution),malc,600,0.9993500000000001,0.049350000000000116,0.00019909715527813092,3.499744322007291,0.15801010860774117,3.516892110192272,0.160062250218323,0.2190334649450239,0.007969582254950256
CaseStudy,Observed_Confounder,shift0,UWYK Anc (matched resolution),malc,600,0.9998666666666668,0.04986666666666684,6.217477057525887e-05,2.8265212661862362,0.1599106014115245,2.827371797650185,0.1599096687116151,0.15645095435767875,0.008205080195487253
CaseStudy,Observed_Confounder,shift+2,UWYK Anc (matched resolution),malc,600,0.9989666666666669,0.048966666666666936,0.0002944455819075548,3.481895913874993,0.15873553767873758,3.5015002675853397,0.16065276304427556,0.2271194246116866,0.008816458785706758
CaseStudy,Observed_Confounder,d5,UWYK Anc (matched resolution),malc,300,0.9974333333333334,0.04743333333333344,0.0006688120441148085,1.833631389877058,0.09605541742591651,1.8631412337216193,0.09807496126867334,0.139190937913019,0.008092705340393688
CaseStudy,Observed_Confounder,d10,UWYK Anc (matched resolution),malc,300,0.9994333333333335,0.04943333333333355,0.00017679377434554378,2.994246489887459,0.23333885997923973,3.0184459812178503,0.2394821102823782,0.1947011716577731,0.012826621924367862
CaseStudy,Observed_Confounder,d20,UWYK Anc (matched resolution),malc,300,0.9998000000000001,0.04980000000000018,0.0001411846676091034,3.089497234957172,0.2005407447284467,3.090682595081117,0.20051673153591404,0.18033524279746838,0.009846559636802692
CaseStudy,Observed_Confounder,d30,UWYK Anc (matched resolution),malc,300,0.9999000000000001,0.049900000000000166,5.754160919975792e-05,3.268877732631796,0.19223472730956584,3.2699025326595663,0.19221863724065286,0.1867317496516729,0.008828067462797629
CaseStudy,Observed_Confounder,d40,UWYK Anc (matched resolution),malc,300,0.9999333333333333,0.049933333333333385,4.7061555869701135e-05,3.9445178067922932,0.2605061278146775,3.9562438476575297,0.26312564883297457,0.22624291673890012,0.013518407734048462
CaseStudy,Observed_Confounder,d50,UWYK Anc (matched resolution),malc,300,0.9998666666666668,0.04986666666666684,6.633137535414972e-05,4.485552349991263,0.2880678398973967,4.493112160517911,0.2893363655813843,0.27800566906994506,0.0152001832245568
CaseStudy,Observed_Confounder,pooled,CausalPFN-C (matched resolution),malc,1800,1.0,0.050000000000000044,0.0,3.857540194878499,0.0818668172606025,3.857540194878499,0.0818668172606025,0.23743980556025096,0.004902361034001414
CaseStudy,Observed_Confounder,shift-2,CausalPFN-C (matched resolution),malc,600,1.0,0.050000000000000044,0.0,4.234116535144398,0.1323848097376459,4.234116535144398,0.1323848097376459,0.2635253447891203,0.00816717452003286
CaseStudy,Observed_Confounder,shift0,CausalPFN-C (matched resolution),malc,600,1.0,0.050000000000000044,0.0,3.0375738195013007,0.1398959664337727,3.0375738195013007,0.1398959664337727,0.18746820596044264,0.00856283038516975
CaseStudy,Observed_Confounder,shift+2,CausalPFN-C (matched resolution),malc,600,1.0,0.050000000000000044,0.0,4.300930229989797,0.14697857586923704,4.300930229989797,0.14697857586923704,0.26132586593118995,0.008381936524773436
CaseStudy,Observed_Confounder,d5,CausalPFN-C (matched resolution),malc,300,1.0,0.050000000000000044,0.0,2.773465856047094,0.07081318167613217,2.773465856047094,0.07081318167613217,0.1718715946352954,0.004604993718164832
CaseStudy,Observed_Confounder,d10,CausalPFN-C (matched resolution),malc,300,1.0,0.050000000000000044,0.0,3.3146740422169962,0.11998674181159825,3.3146740422169962,0.11998674181159825,0.2083555877177966,0.008179864317003065
CaseStudy,Observed_Confounder,d20,CausalPFN-C (matched resolution),malc,300,1.0,0.050000000000000044,0.0,3.4613128792119325,0.12252120235145005,3.4613128792119325,0.12252120235145005,0.21761470127258548,0.00807857432987116
CaseStudy,Observed_Confounder,d30,CausalPFN-C (matched resolution),malc,300,1.0,0.050000000000000044,0.0,3.780617177855015,0.15449053288207037,3.780617177855015,0.15449053288207037,0.23509330874459589,0.009599226493988639
CaseStudy,Observed_Confounder,d40,CausalPFN-C (matched resolution),malc,300,1.0,0.050000000000000044,0.0,4.510396449388603,0.23121168620986524,4.510396449388603,0.23121168620986524,0.2749688085264553,0.013796946864887328
CaseStudy,Observed_Confounder,d50,CausalPFN-C (matched resolution),malc,300,1.0,0.050000000000000044,0.0,5.304774764551351,0.3410431046424442,5.304774764551351,0.3410431046424442,0.31673483246477735,0.019683597793696397
CaseStudy,Observed_Mediator,pooled,Do-PFN 1D,malc,1800,0.6121277777777777,0.33787222222222224,0.009394597472998572,0.6960679788939211,0.011636207217604659,19.761950455305264,0.5848044313433628,0.660185326184977,0.017286980475316894
CaseStudy,Observed_Mediator,shift-2,Do-PFN 1D,malc,600,0.48071666666666657,0.4692833333333334,0.016236033065646728,0.8251475485889819,0.021261195449900672,30.98381148738866,1.055994119290192,1.0011154976293917,0.030329782613852347
CaseStudy,Observed_Mediator,shift0,Do-PFN 1D,malc,600,0.7984833333333334,0.15151666666666652,0.01381011620144126,0.3975585685638353,0.010526214220869051,1.49037793525123,0.11828048129004544,0.08542007063863394,0.004390816849711594
CaseStudy,Observed_Mediator,shift+2,Do-PFN 1D,malc,600,0.5571833333333335,0.3928166666666665,0.01578085699526807,0.8654978195289464,0.0207997090541946,26.8116619432759,1.0496326236747828,0.8940204102869052,0.03027433510620635
CaseStudy,Observed_Mediator,d5,Do-PFN 1D,malc,300,0.9733,0.0233000000000001,0.008159388379596658,0.42247382872565575,0.013943247656919844,0.43353365100054797,0.013723042221714657,0.0355369915042886,0.0009461108905440464
CaseStudy,Observed_Mediator,d10,Do-PFN 1D,malc,300,0.8368666666666666,0.11313333333333331,0.01666371924885788,0.5877427275798046,0.02317092289445643,7.056588610239613,0.8720382247536499,0.2663590132552389,0.0272487135825304
CaseStudy,Observed_Mediator,d20,Do-PFN 1D,malc,300,0.5718333333333334,0.37816666666666654,0.021408718794712272,0.7261111863510546,0.02829235823733349,21.780446289243244,1.3752027970479446,0.7284842984921537,0.03986831975649096
CaseStudy,Observed_Mediator,d30,Do-PFN 1D,malc,300,0.5745000000000001,0.37549999999999983,0.020390946304496636,0.862605451362121,0.033239251118861605,21.54203881045916,1.279489668661616,0.7569347878545242,0.03764099046840506
CaseStudy,Observed_Mediator,d40,Do-PFN 1D,malc,300,0.41386666666666666,0.5361333333333334,0.020973975132297682,0.8326006452416196,0.03032206593924807,30.108939549978423,1.4586797726224667,0.9950606214413428,0.042133912338927215
CaseStudy,Observed_Mediator,d50,Do-PFN 1D,malc,300,0.30240000000000006,0.6476,0.021452514775417836,0.7448740341032716,0.029602583388020926,37.65015582091059,1.6394184859314456,1.1787362445623137,0.04602456278748979
CaseStudy,Observed_Mediator,pooled,Do-PFN 2D,malc,1800,0.9722444444444445,0.02224444444444451,0.0028160478539163794,1.2125756486993993,0.028120519407957515,1.8236371465338344,0.1353430148885895,0.19723456022235547,0.009700003116515248
CaseStudy,Observed_Mediator,shift-2,Do-PFN 2D,malc,600,0.9510333333333333,0.0010333333333333306,0.006594410740489485,1.969951587234066,0.05444122383428025,3.5320971118434925,0.3727272228475045,0.4075627673680323,0.02495792887397192
CaseStudy,Observed_Mediator,shift0,Do-PFN 2D,malc,600,0.9709333333333332,0.02093333333333325,0.0046430390012102436,0.2111655908241657,0.008251025978852956,0.2762426881545991,0.026678624345389895,0.03272253751177174,0.002684802218521042
CaseStudy,Observed_Mediator,shift+2,Do-PFN 2D,malc,600,0.9947666666666667,0.04476666666666673,0.0021921898939772067,1.4566097680399666,0.03690067664025849,1.6625716396034114,0.1284219688920505,0.15141837578726244,0.009752278412722831
CaseStudy,Observed_Mediator,d5,Do-PFN 2D,malc,300,0.9987333333333334,0.048733333333333406,0.00037058311739347294,0.7191434647247312,0.024207562265149356,0.7194874874167947,0.024179470523879528,0.062307171682310925,0.0021661066881347338
CaseStudy,Observed_Mediator,d10,Do-PFN 2D,malc,300,0.9973,0.04730000000000001,0.0008227059249932213,0.7223074474508939,0.025480044748994134,0.7234094308024301,0.025394254274517726,0.06230787829862493,0.0022139400738460904
CaseStudy,Observed_Mediator,d20,Do-PFN 2D,malc,300,0.9950999999999999,0.04509999999999992,0.0014232384132059433,0.835458536632369,0.03710546240032105,0.8389447013953819,0.03733667268774641,0.07902639729648384,0.006044323362071465
CaseStudy,Observed_Mediator,d30,Do-PFN 2D,malc,300,0.9786333333333335,0.02863333333333351,0.00459598446548574,1.397371615092886,0.07500848673299204,1.6458077998867706,0.1301958795449732,0.21913511896795843,0.021516363712480786
CaseStudy,Observed_Mediator,d40,Do-PFN 2D,malc,300,0.9479333333333333,0.002066666666666661,0.009287023988720793,1.7310874360468715,0.0849110002907796,2.8704898275743447,0.47173159113967766,0.3158165847977591,0.02985623383281798
CaseStudy,Observed_Mediator,d50,Do-PFN 2D,malc,300,0.9157666666666667,0.03423333333333323,0.012533710916061036,1.8700853922486447,0.09244198137679398,4.143683632127284,0.6213124897659377,0.44481421029099577,0.03967446948102762
CaseStudy,Observed_Mediator,pooled,Do-PFN 2D (262k),malc,1498,0.9247343891383476,0.025265610861652354,0.005764507011958428,1.1044055400030488,0.026565111036693772,3.676162635757992,0.33719404823126786,0.24175784040845813,0.014028376462683111
CaseStudy,Observed_Mediator,shift-2,Do-PFN 2D (262k),malc,500,0.95488,0.0048799999999999955,0.007589543698213627,1.4020306566857754,0.03638988368742717,3.189084369134515,0.42931529020886683,0.2301450180306447,0.018377631985192176
CaseStudy,Observed_Mediator,shift0,Do-PFN 2D (262k),malc,498,0.9203255319864349,0.029674468013565103,0.010045726531427216,0.1926569231858826,0.007563473794763228,0.6177362684437233,0.11672417711994261,0.04025999684099599,0.004360784181712516
CaseStudy,Observed_Mediator,shift+2,Do-PFN 2D (262k),malc,500,0.89898,0.051019999999999954,0.011737403993431,1.7148820456702196,0.04876774044867459,7.20943356422648,0.8831437230143797,0.45406251497946404,0.03522154544635888
CaseStudy,Observed_Mediator,d5,Do-PFN 2D (262k),malc,300,0.9994666666666667,0.04946666666666677,0.00018634149093771474,0.7518705663665087,0.02596632641336315,0.7520303718586062,0.025954128753022238,0.06110927638792182,0.002126941195146662
CaseStudy,Observed_Mediator,d20,Do-PFN 2D (262k),malc,300,0.9959666666666666,0.0459666666666666,0.0018446332614353478,0.7880196111047911,0.031666195732754664,0.795319240362433,0.03229507071589702,0.06763933897535845,0.004393532220252854
CaseStudy,Observed_Mediator,d30,Do-PFN 2D (262k),malc,299,0.9463210702341137,0.0036789297658862408,0.010085020039798267,1.1770992050730011,0.062353418818574355,2.56756160476434,0.45539211766155857,0.21719593239016446,0.027337089155708604
CaseStudy,Observed_Mediator,d40,Do-PFN 2D (262k),malc,299,0.9097771688761735,0.04022283112382641,0.013407983239645704,1.319673669042632,0.06846508353264578,4.132982136343494,0.7312619243929727,0.2991302950438743,0.032722548677882074
CaseStudy,Observed_Mediator,d50,Do-PFN 2D (262k),malc,300,0.7721624714508956,0.1778375285491044,0.020782134196996056,1.4863245210753429,0.07769862675134,10.130747220359726,1.379538107770583,0.5638237277336956,0.05019637067731284
CaseStudy,Observed_Mediator,pooled,UWYK 1D (noanc),malc,1800,0.1984388888888889,0.7515611111111111,0.009143860714755748,0.6473312092708589,0.010899906781489402,39.40929942071819,0.6630169176097325,1.2926215911823562,0.019944905578635253
CaseStudy,Observed_Mediator,shift-2,UWYK 1D (noanc),malc,600,0.006483333333333333,0.9435166666666667,0.002119601285290924,0.6964372389263899,0.01827737859691018,60.09481628135989,0.5667802523014566,1.842423475271074,0.01022768706871433
CaseStudy,Observed_Mediator,shift0,UWYK 1D (noanc),malc,600,0.5794833333333334,0.3705166666666666,0.019526328831143927,0.33842096932355853,0.011442980217995039,3.0157801915119435,0.19453408896479302,0.13814299575249606,0.006478625590130868
CaseStudy,Observed_Mediator,shift+2,UWYK 1D (noanc),malc,600,0.009349999999999999,0.94065,0.001989710943400079,0.907135419562628,0.01815044814083989,55.11730178928277,0.514016947024186,1.8972983025234984,0.009872763907537134
CaseStudy,Observed_Mediator,d5,UWYK 1D (noanc),malc,300,0.20366666666666663,0.7463333333333333,0.021968043748060162,0.9161585751791512,0.03552564604243618,33.07210027313686,1.3782892855556124,1.246927685284914,0.046817190068758334
CaseStudy,Observed_Mediator,d10,UWYK 1D (noanc),malc,300,0.212,0.738,0.023129319928539723,0.7636772076029041,0.024709012051847043,35.738661539315984,1.4374718869660388,1.2699245717860357,0.04843342849102029
CaseStudy,Observed_Mediator,d20,UWYK 1D (noanc),malc,300,0.17633333333333334,0.7736666666666666,0.021494850869410075,0.6089447701582964,0.021420837443025594,40.04722698853366,1.6075748226929696,1.3121649310223231,0.04910818561355275
CaseStudy,Observed_Mediator,d30,UWYK 1D (noanc),malc,300,0.20119999999999996,0.7488,0.022707869954258848,0.5425630784721269,0.019995275679598738,42.08161694011388,1.6864368559552356,1.3070528192276467,0.049519963889372076
CaseStudy,Observed_Mediator,d40,UWYK 1D (noanc),malc,300,0.19106666666666666,0.7589333333333332,0.02254678244753626,0.49247346273523457,0.02102507782647344,44.408587837721434,1.7844373073557511,1.3181273898617414,0.049874755423117735
CaseStudy,Observed_Mediator,d50,UWYK 1D (noanc),malc,300,0.20636666666666664,0.7436333333333334,0.022627500672774165,0.5601701614774397,0.026104813620252968,41.10760294548737,1.7300150605481976,1.3015321499114751,0.04958413924651681
CaseStudy,Observed_Mediator,pooled,UWYK 1D (v3a),malc,1800,0.29818333333333336,0.6518166666666666,0.009340486675803802,0.9622326855160174,0.015651174097908373,27.364911653892317,0.548412945927008,1.1456519081196994,0.018274635810118237
CaseStudy,Observed_Mediator,shift-2,UWYK 1D (v3a),malc,600,0.09766666666666667,0.8523333333333333,0.008315919479362338,1.1987785387641356,0.025331876534515373,40.78482369261589,0.7833530590052369,1.6428074838725018,0.014224069879569886
CaseStudy,Observed_Mediator,shift0,UWYK 1D (v3a),malc,600,0.6848333333333333,0.26516666666666666,0.01715635512686486,0.3770798435376615,0.011884447447780397,1.928072509108415,0.1342170292849467,0.1214737979701646,0.005709137113399167
CaseStudy,Observed_Mediator,shift+2,UWYK 1D (v3a),malc,600,0.11205000000000001,0.83795,0.006931009593845856,1.3108396742462551,0.02358435866058351,39.38183875995264,0.6754566729162111,1.6726744425164326,0.01210839063535177
CaseStudy,Observed_Mediator,d5,UWYK 1D (v3a),malc,300,0.5038333333333332,0.4461666666666667,0.020424014672075563,1.4819076425002966,0.048868720260422556,10.947148700091274,0.5864823378973743,0.9008705736401396,0.035984975893386034
CaseStudy,Observed_Mediator,d10,UWYK 1D (v3a),malc,300,0.36423333333333335,0.5857666666666665,0.022220322651996426,1.139099092253047,0.040638271240079536,21.799399011380036,1.053954240600401,1.0625578517884489,0.0410001753396282
CaseStudy,Observed_Mediator,d20,UWYK 1D (v3a),malc,300,0.22913333333333336,0.7208666666666665,0.022106707534661048,0.85911187835089,0.03082076870811116,30.756963599572398,1.3301018631598152,1.1998147104365486,0.045357547687096135
CaseStudy,Observed_Mediator,d30,UWYK 1D (v3a),malc,300,0.23550000000000001,0.7144999999999999,0.022926236473537902,0.787236042980441,0.027184651251681523,32.72216030421662,1.3718206815141842,1.2236178801720394,0.04663218374210546
CaseStudy,Observed_Mediator,d40,UWYK 1D (v3a),malc,300,0.21930000000000002,0.7306999999999999,0.022306607996559036,0.7462723104095798,0.028265738703160726,34.5849803516526,1.4845592755263204,1.2474804905886874,0.047580924179166144
CaseStudy,Observed_Mediator,d50,UWYK 1D (v3a),malc,300,0.23709999999999998,0.7129,0.022546910592307876,0.7597691466018504,0.02960929452258847,33.37881795644098,1.4535502360044061,1.239569942092334,0.04760880890930938
CaseStudy,Observed_Mediator,pooled,UWYK 2D (noanc),malc,1800,0.9686388888888889,0.018638888888888983,0.0038799923273201897,1.5332080137099282,0.01986960527121356,1.5479624942103485,0.020341766029634605,0.06060917490463593,0.0017603417627792023
CaseStudy,Observed_Mediator,shift-2,UWYK 2D (noanc),malc,600,0.9496166666666667,0.0003833333333332911,0.008410253538932702,2.0533036774573916,0.011701070987136668,2.0846644687276457,0.015158737190521398,0.08431738983531661,0.004340658025603846
CaseStudy,Observed_Mediator,shift0,UWYK 2D (noanc),malc,600,0.9980666666666668,0.04806666666666681,0.0016849503520105548,0.4159679335226549,0.012036588114726694,0.416106690993968,0.012033907300675344,0.02207958338705563,0.0007333250064735695
CaseStudy,Observed_Mediator,shift+2,UWYK 2D (noanc),malc,600,0.9582333333333334,0.008233333333333426,0.007735493600943114,2.130352430149738,0.012026742931086706,2.1431163229094317,0.011945162164752091,0.07543055149153555,0.0021812261825765885
CaseStudy,Observed_Mediator,d5,UWYK 2D (noanc),malc,300,0.9801333333333332,0.030133333333333234,0.008043357055139493,1.543891234396435,0.04868001372028049,1.5471107001206277,0.04880266188095864,0.04435308580753416,0.0015659220934233155
CaseStudy,Observed_Mediator,d10,UWYK 2D (noanc),malc,300,0.9824333333333334,0.032433333333333425,0.007266179552675058,1.5219278665308922,0.04898394526858194,1.5262764293386681,0.049190202767790306,0.04030064073465943,0.0013535553428531467
CaseStudy,Observed_Mediator,d20,UWYK 2D (noanc),malc,300,0.9864,0.0364000000000001,0.006635528171420295,1.5144910887258427,0.04852705685448797,1.5202694346532835,0.04880029712477538,0.03749906918848003,0.0012673021838350042
CaseStudy,Observed_Mediator,d30,UWYK 2D (noanc),malc,300,0.9621333333333333,0.01213333333333333,0.01071524334698637,1.526938262893241,0.04848527636754808,1.5389690911387996,0.048954171975815475,0.042823626529439905,0.0013424763250680467
CaseStudy,Observed_Mediator,d40,UWYK 2D (noanc),malc,300,0.9449333333333334,0.005066666666666553,0.012725074513240436,1.5274780162219053,0.048140273250192475,1.5467159203559602,0.04869509712737791,0.061254525637364915,0.0027711306812606786
CaseStudy,Observed_Mediator,d50,UWYK 2D (noanc),malc,300,0.9558,0.005800000000000027,0.010024667457654957,1.5645216134912523,0.0495439445633435,1.6084333896547511,0.05450367982151109,0.13742410153033713,0.00846481946307894
CaseStudy,Observed_Mediator,pooled,UWYK 2D (v3a),malc,1800,0.9748833333333333,0.02488333333333337,0.0036289593244508726,1.5224484916311127,0.02004073255523883,1.5294883447271943,0.0201597896230032,0.04038736170812952,0.0005708623424775279
CaseStudy,Observed_Mediator,shift-2,UWYK 2D (v3a),malc,600,0.9619833333333332,0.011983333333333235,0.007654681996299901,2.041989615156181,0.011002788409279136,2.052398585468319,0.011232753363486793,0.05468019149424315,0.0008815747435537917
CaseStudy,Observed_Mediator,shift0,UWYK 2D (v3a),malc,600,0.9983333333333333,0.04833333333333334,0.0016666666666666668,0.3847609330812433,0.011208579276650373,0.3848420247600805,0.011207161116837273,0.018634398813218715,0.000624185441461383
CaseStudy,Observed_Mediator,shift+2,UWYK 2D (v3a),malc,600,0.9643333333333332,0.014333333333333198,0.007476792759993134,2.140594926655913,0.011075085641389504,2.1512244239531837,0.01099504852741616,0.04784749481692671,0.000738589172736571
CaseStudy,Observed_Mediator,d5,UWYK 2D (v3a),malc,300,0.9803,0.030299999999999994,0.007976325756590612,1.5216082695623352,0.04902670337744117,1.5249464423801118,0.049142838020828424,0.04038451440403991,0.0013933268568195986
CaseStudy,Observed_Mediator,d10,UWYK 2D (v3a),malc,300,0.9826999999999998,0.03269999999999984,0.007133160116256128,1.5232525258958325,0.04974220843457325,1.527561590533547,0.049933509901004924,0.03772341378287004,0.001218153758465294
CaseStudy,Observed_Mediator,d20,UWYK 2D (v3a),malc,300,0.9863666666666667,0.03636666666666677,0.00663538340224848,1.5299195182964156,0.04963012460441485,1.5357016591581467,0.049892138384486244,0.037083634018775166,0.0012770016724989194
CaseStudy,Observed_Mediator,d30,UWYK 2D (v3a),malc,300,0.9621,0.0121,0.010906298488087503,1.502899389198167,0.04864000420030151,1.5148721560093465,0.049109803841311916,0.04159699336574736,0.0014321612362897618
CaseStudy,Observed_Mediator,d40,UWYK 2D (v3a),malc,300,0.9483,0.0016999999999999238,0.012662690656851962,1.5192105696629616,0.048653694728992905,1.5329945597317496,0.04924912825293673,0.04021178344937954,0.0013911354665413196
CaseStudy,Observed_Mediator,d50,UWYK 2D (v3a),malc,300,0.9895333333333334,0.03953333333333342,0.005763970152055499,1.5378006771709631,0.0492202511455826,1.5408536605502652,0.049351259906847876,0.04532383122796512,0.0016048188626607428
CaseStudy,Observed_Mediator,pooled,CausalPFN 1D,malc,1800,0.8624777777777778,0.08752222222222217,0.004905441144575976,1.825820453197476,0.026281211227195518,2.2132785093458933,0.0395399801286247,0.29027890805833595,0.005688756984992114
CaseStudy,Observed_Mediator,shift-2,CausalPFN 1D,malc,600,0.8522666666666667,0.09773333333333323,0.00852827914457966,2.5610219138681174,0.03148151774843237,2.8390788349694804,0.041684017785843436,0.38862430078963445,0.008116216300713425
CaseStudy,Observed_Mediator,shift0,CausalPFN 1D,malc,600,0.9538666666666665,0.003866666666666574,0.005360885288618116,0.49352897543568797,0.013778741468895014,0.5472236253025711,0.019656642771895102,0.06594727933867697,0.0027929771257534743
CaseStudy,Observed_Mediator,shift+2,CausalPFN 1D,malc,600,0.7813,0.16869999999999996,0.009498526084296863,2.422910470288622,0.024113598468519376,3.2535330677656282,0.06977173404767209,0.4162651440466966,0.009552413174153167
CaseStudy,Observed_Mediator,d5,CausalPFN 1D,malc,300,0.8691666666666666,0.08083333333333331,0.013732957073998442,1.332417297265458,0.04690217849167266,1.472332624740394,0.05595516916700748,0.1447433538095448,0.0069656872787257846
CaseStudy,Observed_Mediator,d10,CausalPFN 1D,malc,300,0.8941333333333333,0.05586666666666662,0.010801892287807664,1.5939257208393405,0.054839342778916375,1.8023046008559134,0.07136541344188131,0.19453172299937876,0.010074211643325807
CaseStudy,Observed_Mediator,d20,CausalPFN 1D,malc,300,0.8473333333333333,0.10266666666666668,0.012548353153002635,1.861141823232353,0.06254782631508789,2.22950694139332,0.08741685077201392,0.28511955532688055,0.013016111165272473
CaseStudy,Observed_Mediator,d30,CausalPFN 1D,malc,300,0.8847666666666665,0.06523333333333348,0.010398676951832346,2.0260909825555986,0.06813960308862818,2.337956953311218,0.0886128448983422,0.3197354970006028,0.013300309962145887
CaseStudy,Observed_Mediator,d40,CausalPFN 1D,malc,300,0.8538666666666666,0.0961333333333334,0.011765411708557808,2.0717260605251995,0.06920885376958599,2.673184308874861,0.12207187608555123,0.3801511804842249,0.01534218127020964
CaseStudy,Observed_Mediator,d50,CausalPFN 1D,malc,300,0.8256,0.12439999999999996,0.012193256172905774,2.0696208347669054,0.06963410361774676,2.7643856268996543,0.11680358327121061,0.4173921387293846,0.015843749641409867
CaseStudy,Observed_Mediator,pooled,CausalPFN 2D,malc,1800,0.9346333333333334,0.015366666666666529,0.004155363880315078,1.979193485095812,0.027833327039066942,2.3835272932580067,0.04771414102166159,0.3242926672524637,0.008542276558108342
CaseStudy,Observed_Mediator,shift-2,CausalPFN 2D,malc,600,0.9298166666666666,0.02018333333333333,0.007234501180249162,2.60525446396337,0.019904346386596352,3.1138985373610857,0.06972780945914774,0.38913525392166565,0.01472457424577462
CaseStudy,Observed_Mediator,shift0,CausalPFN 2D,malc,600,0.9566166666666667,0.006616666666666715,0.006080024637442881,0.4302980977953565,0.01174232076697628,0.48076069151248146,0.015879296741360016,0.058650967709282374,0.0026246910211624717
CaseStudy,Observed_Mediator,shift+2,CausalPFN 2D,malc,600,0.9174666666666667,0.0325333333333333,0.008058175601653401,2.90202789352871,0.01909760598547031,3.555922650900453,0.0785425537238243,0.5250917801264431,0.015544315399312553
CaseStudy,Observed_Mediator,d5,CausalPFN 2D,malc,300,1.0,0.050000000000000044,0.0,1.6967064505247582,0.05477853161507994,1.6967064505247582,0.05477853161507994,0.10376833547839075,0.0032277268481716945
CaseStudy,Observed_Mediator,d10,CausalPFN 2D,malc,300,1.0,0.050000000000000044,0.0,1.806802583914421,0.06127252318836015,1.806802583914421,0.06127252318836015,0.12202444975440035,0.004771758771896039
CaseStudy,Observed_Mediator,d20,CausalPFN 2D,malc,300,0.9971999999999999,0.04719999999999991,0.0013809017460004252,1.9998337229246261,0.06858315799877632,2.0054780288535716,0.06875751627049756,0.20017070351284375,0.009775630430646762
CaseStudy,Observed_Mediator,d30,CausalPFN 2D,malc,300,0.9847666666666667,0.03476666666666672,0.0038216709803599786,2.1234183728240144,0.07312839612937187,2.186474226642465,0.0776332923740121,0.3279800081175666,0.015926202290587905
CaseStudy,Observed_Mediator,d40,CausalPFN 2D,malc,300,0.8701666666666665,0.07983333333333342,0.0119518224946611,2.1396419386916206,0.07289249380848337,2.7832243940666905,0.12281539184252566,0.5419609574053368,0.024804619583488948
CaseStudy,Observed_Mediator,d50,CausalPFN 2D,malc,300,0.7556666666666666,0.19433333333333336,0.017114007727529985,2.1087578416954313,0.07257729421121689,3.822478075546134,0.19707109937187772,0.6498515492462441,0.02779587571262677
CaseStudy,Observed_Mediator,pooled,Do-PFN (matched resolution),malc,1800,0.720488888888889,0.229511111111111,0.009461212173111149,4.120932403835813,0.09782995248390228,16.96522844982108,0.4732865356262775,0.7450246661669776,0.01566763944878275
CaseStudy,Observed_Mediator,shift-2,Do-PFN (matched resolution),malc,600,0.6076833333333334,0.3423166666666666,0.017938455956299195,1.945837965388905,0.05426469347602672,21.12355360407202,0.9582061608184361,0.8654031419329973,0.031135606727342696
CaseStudy,Observed_Mediator,shift0,Do-PFN (matched resolution),malc,600,0.9322666666666667,0.017733333333333268,0.008493232327132082,8.513902524626623,0.18080867569122405,8.908308787189908,0.16660762951332025,0.5152570944559152,0.010852338541644963
CaseStudy,Observed_Mediator,shift+2,Do-PFN (matched resolution),malc,600,0.6215166666666667,0.32848333333333324,0.017324340575807503,1.9030567214919094,0.04762553664958528,20.863822958201318,0.9537902140492746,0.8544137621120209,0.03149968149701832
CaseStudy,Observed_Mediator,d5,Do-PFN (matched resolution),malc,300,0.9950333333333333,0.04503333333333337,0.003344740237119916,3.8374443349766603,0.22601875556917514,3.839970926069239,0.2260400752189875,0.2797828959677109,0.018172167410674497
CaseStudy,Observed_Mediator,d10,Do-PFN (matched resolution),malc,300,0.9894333333333335,0.03943333333333354,0.00523282205002322,4.148077179516102,0.2510107840405908,4.185381277139194,0.2500286671828229,0.27886722633634264,0.017645816214748634
CaseStudy,Observed_Mediator,d20,Do-PFN (matched resolution),malc,300,0.9028333333333334,0.04716666666666658,0.013988963505665425,4.066955806252898,0.2316515035644079,7.686134789758139,0.6092880849516616,0.45251851084469064,0.026538674869432715
CaseStudy,Observed_Mediator,d30,Do-PFN (matched resolution),malc,300,0.5909333333333334,0.35906666666666653,0.023279777365516924,4.396961720650792,0.23809148075347764,22.130446983687253,1.1196069226287126,0.98825938492789,0.03513343441579091
CaseStudy,Observed_Mediator,d40,Do-PFN (matched resolution),malc,300,0.45489999999999997,0.4951,0.024069829896776473,4.217981775052085,0.2475358935459388,29.89031986260894,1.2698785441067975,1.189840777523582,0.037167420550084734
CaseStudy,Observed_Mediator,d50,Do-PFN (matched resolution),malc,300,0.3898,0.5602,0.02475791102466972,4.058173606566337,0.24333123182348962,34.05911685966374,1.3038226350182585,1.2808792014016501,0.03665062350340061
CaseStudy,Observed_Mediator,pooled,UWYK No-Anc (matched resolution),malc,1800,0.20868333333333333,0.7413166666666666,0.009348636497065809,0.6831468696576857,0.010512162476001353,40.17966820529917,0.6726200080956706,1.2748400373690507,0.019777453873098805
CaseStudy,Observed_Mediator,shift-2,UWYK No-Anc (matched resolution),malc,600,0.005016666666666667,0.9449833333333333,0.002087272180800271,0.857056467597633,0.01673701874767744,56.33156635117259,0.534515294411843,1.7969850387265487,0.010246729355925717
CaseStudy,Observed_Mediator,shift0,UWYK No-Anc (matched resolution),malc,600,0.6160666666666667,0.3339333333333333,0.019042195869192258,0.3588705894894786,0.012200142507840753,2.932647539018682,0.19431964767660861,0.1318545002256098,0.006340956140732476
CaseStudy,Observed_Mediator,shift+2,UWYK No-Anc (matched resolution),malc,600,0.004966666666666667,0.9450333333333333,0.0022115441374099027,0.833513551885945,0.017403917998109447,61.27479072570624,0.5082180539546802,1.895680573154995,0.009970994456115732
CaseStudy,Observed_Mediator,d5,UWYK No-Anc (matched resolution),malc,300,0.21513333333333332,0.7348666666666667,0.022657769583133036,0.8573717959332751,0.03528941548900737,37.27635628421026,1.5835400103789081,1.2531355649740799,0.04756014196266978
CaseStudy,Observed_Mediator,d10,UWYK No-Anc (matched resolution),malc,300,0.23196666666666668,0.7180333333333333,0.023670004553662846,0.7626017183336986,0.026843998502286026,37.801859382779725,1.5782113406481153,1.2576602855767036,0.04835623388561211
CaseStudy,Observed_Mediator,d20,UWYK No-Anc (matched resolution),malc,300,0.19083333333333333,0.7591666666666667,0.021980758705094312,0.6435725564962163,0.022788858296492416,40.90873429096946,1.6679370686832016,1.289469877628792,0.048620769774439555
CaseStudy,Observed_Mediator,d30,UWYK No-Anc (matched resolution),malc,300,0.2114333333333333,0.7385666666666666,0.0233020694356775,0.598972128196942,0.019472203413663167,42.03060191265824,1.6856051064509354,1.2810733846588902,0.04879211779719488
CaseStudy,Observed_Mediator,d40,UWYK No-Anc (matched resolution),malc,300,0.1949,0.7551,0.022715264562561385,0.5492408377705329,0.019889893093127057,44.049161345520574,1.7588313163866731,1.2951490086589517,0.04920375151718142
CaseStudy,Observed_Mediator,d50,UWYK No-Anc (matched resolution),malc,300,0.20783333333333334,0.7421666666666666,0.023143315710129227,0.6871221812154484,0.022751868515742922,39.0112960156568,1.581876740719125,1.2725521027168887,0.04847478859308179
CaseStudy,Observed_Mediator,pooled,UWYK Anc (matched resolution),malc,1800,0.2253,0.7246999999999999,0.009429083450910246,0.6836044426456074,0.01189267990314368,38.411321033726075,0.6828107900265487,1.2437019226013537,0.019623467050107188
CaseStudy,Observed_Mediator,shift-2,UWYK Anc (matched resolution),malc,600,0.045899999999999996,0.9040999999999999,0.007469305395687448,0.8570015009946484,0.021847696178465652,54.233037587444066,0.7690377966508009,1.7408543012962283,0.01384387491149627
CaseStudy,Observed_Mediator,shift0,UWYK Anc (matched resolution),malc,600,0.61505,0.33494999999999997,0.018677698552159533,0.34094123119906056,0.01149981467009969,2.9115103617440226,0.1937768224407485,0.13112970832139445,0.006314888022644644
CaseStudy,Observed_Mediator,shift+2,UWYK Anc (matched resolution),malc,600,0.014949999999999998,0.9350499999999999,0.003900757777785894,0.8528705957431131,0.01925414701575417,58.089415151990146,0.6352257855830048,1.8591217581864385,0.011254630998045613
CaseStudy,Observed_Mediator,d5,UWYK Anc (matched resolution),malc,300,0.3213,0.6287,0.024459871580320133,1.1325631406160963,0.040091137784971094,23.19750967706924,1.1731427408773378,1.0579028805867723,0.04303235818871047
CaseStudy,Observed_Mediator,d10,UWYK Anc (matched resolution),malc,300,0.2458,0.7041999999999999,0.023657324140892316,0.818658290250793,0.028992305707539367,33.887977160277835,1.449791470661633,1.213878444165991,0.047026336036345026
CaseStudy,Observed_Mediator,d20,UWYK Anc (matched resolution),malc,300,0.18560000000000001,0.7644,0.02161257943290411,0.6084533492252138,0.021541348237949794,40.99193880550931,1.658912151530335,1.289596056210341,0.04858894435542396
CaseStudy,Observed_Mediator,d30,UWYK Anc (matched resolution),malc,300,0.20733333333333334,0.7426666666666666,0.02298020734010633,0.587789089609938,0.019605730402290588,41.39244587245994,1.6608583199460565,1.283743104771354,0.0488484591047365
CaseStudy,Observed_Mediator,d40,UWYK Anc (matched resolution),malc,300,0.19313333333333332,0.7568666666666666,0.0226355583632359,0.5128139298535769,0.019509843692349767,44.386110418656166,1.7718662117471937,1.3033912226016173,0.0494562667938092
CaseStudy,Observed_Mediator,d50,UWYK Anc (matched resolution),malc,300,0.19863333333333336,0.7513666666666666,0.022353085243837056,0.44134885631802623,0.018719543878158613,46.611944268383944,1.8612152406633908,1.3136998272720466,0.04986134372657369
CaseStudy,Observed_Mediator,pooled,CausalPFN-C (matched resolution),malc,1800,0.91205,0.03794999999999993,0.004829280389110526,5.87182463166538,0.10172899055497614,7.528846325864323,0.1425198268078653,0.772808121433387,0.015357434612560469
CaseStudy,Observed_Mediator,shift-2,CausalPFN-C (matched resolution),malc,600,0.9989166666666667,0.04891666666666672,0.0004186652125420909,9.701483717956666,0.10842354107092285,9.706221749843483,0.10849262346870243,1.1149973909625097,0.02448686290259936
CaseStudy,Observed_Mediator,shift0,CausalPFN-C (matched resolution),malc,600,0.9657833333333333,0.01578333333333337,0.005279034201071828,0.8668809147559965,0.031278033395889304,0.9622866593573294,0.038124877238268545,0.1060318282726998,0.004980469124664677
CaseStudy,Observed_Mediator,shift+2,CausalPFN-C (matched resolution),malc,600,0.77145,0.17855,0.011474662816645375,7.047109262283475,0.10908412272810365,11.918030568392158,0.2402574188495491,1.0973951450649513,0.019672756598640186
CaseStudy,Observed_Mediator,d5,CausalPFN-C (matched resolution),malc,300,0.9998666666666668,0.04986666666666684,0.00010530344043323302,5.032778626675307,0.2116604475589382,5.0327870911654315,0.21165979914009558,0.31034791991227506,0.013507839844472217
CaseStudy,Observed_Mediator,d10,CausalPFN-C (matched resolution),malc,300,1.0,0.050000000000000044,0.0,6.246264300408263,0.255199761735599,6.246264300408263,0.255199761735599,0.44537702168996307,0.020118353611450795
CaseStudy,Observed_Mediator,d20,CausalPFN-C (matched resolution),malc,300,0.9690333333333334,0.019033333333333458,0.005433719063531885,6.639885193794275,0.2532510202412608,6.849870678104926,0.26355635031889424,0.8349210319483954,0.034993500189109204
CaseStudy,Observed_Mediator,d30,CausalPFN-C (matched resolution),malc,300,0.9067999999999998,0.04320000000000013,0.009745780895443134,6.323407907034105,0.24606551831718346,7.526714694441087,0.305685241774781,0.948971717726452,0.03929090237391877
CaseStudy,Observed_Mediator,d40,CausalPFN-C (matched resolution),malc,300,0.8371666666666667,0.11283333333333323,0.01382301397479777,5.748397460406951,0.2522645879276036,9.281566546259004,0.4184837767345387,1.0101593424999211,0.04064198122915803
CaseStudy,Observed_Mediator,d50,CausalPFN-C (matched resolution),malc,300,0.7594333333333334,0.19056666666666655,0.019159078135200288,5.240214301673377,0.26169122175450016,10.23587464480723,0.4718496520792681,1.0870716948233146,0.04239964544024282
CaseStudy,Observed_Mediator_and_Confounder,pooled,Do-PFN 1D,malc,1800,0.9163111111111112,0.03368888888888877,0.0041633581742466265,4.0153600954185915,0.16581462503120326,5.295043979556105,0.181781162130878,0.5866249020691161,0.011971715645880739
CaseStudy,Observed_Mediator_and_Confounder,shift-2,Do-PFN 1D,malc,600,0.8740499999999999,0.07595000000000007,0.008262839034117054,5.339228019148661,0.4634552463903026,7.465938080398216,0.4828458563459556,0.8770730831000435,0.022443066893377404
CaseStudy,Observed_Mediator_and_Confounder,shift0,Do-PFN 1D,malc,600,0.9801166666666665,0.03011666666666657,0.003627513360585729,2.4708452981330766,0.08104631295443147,2.5587097000793686,0.0843857057641627,0.16260215581212192,0.004752287202873969
CaseStudy,Observed_Mediator_and_Confounder,shift+2,Do-PFN 1D,malc,600,0.8947666666666665,0.05523333333333347,0.008011810865031901,4.236006968974036,0.13920068558820917,5.86048415819073,0.1912273367926315,0.7201994672951827,0.01715451173582415
CaseStudy,Observed_Mediator_and_Confounder,d5,Do-PFN 1D,malc,300,0.9278666666666667,0.022133333333333227,0.011676059922985918,1.2306433677902482,0.0713064931670274,1.929461267617474,0.20853777173232896,0.1689722789627201,0.012319528521524497
CaseStudy,Observed_Mediator_and_Confounder,d10,Do-PFN 1D,malc,300,0.8210999999999999,0.12890000000000001,0.014539584609757706,1.5792581615499475,0.08056483966441366,4.172944495367342,0.3190542782316668,0.3166519736651846,0.01711707494275946
CaseStudy,Observed_Mediator_and_Confounder,d20,Do-PFN 1D,malc,300,0.9279999999999999,0.02200000000000002,0.00805291862170227,4.017334922158861,0.13486581625720281,5.256135520034141,0.18527034833236714,0.5946907032702091,0.023237532484872602
CaseStudy,Observed_Mediator_and_Confounder,d30,Do-PFN 1D,malc,300,0.9411666666666667,0.008833333333333249,0.0075573553226188275,5.165345682983124,0.2374768743549912,6.129773005486148,0.27451794297593046,0.7404758694301369,0.027289631298991972
CaseStudy,Observed_Mediator_and_Confounder,d40,Do-PFN 1D,malc,300,0.9429,0.007099999999999995,0.006708434099799216,5.95637674424055,0.7939564838732038,6.994639015673365,0.8008050465584032,0.8361328964571277,0.03280794229402957
CaseStudy,Observed_Mediator_and_Confounder,d50,Do-PFN 1D,malc,300,0.9368333333333332,0.013166666666666771,0.008601736664936745,6.143201693788816,0.4450666225791618,7.287310573158162,0.4788428596518832,0.8628256906293181,0.03159515788405644
CaseStudy,Observed_Mediator_and_Confounder,pooled,Do-PFN 2D,malc,1800,0.9586055555555556,0.008605555555555644,0.0035264338765253578,2.628749481039266,0.03912130779987371,2.9798073075861278,0.05715383748834309,0.4007689999913204,0.010116180717262446
CaseStudy,Observed_Mediator_and_Confounder,shift-2,Do-PFN 2D,malc,600,0.9610500000000002,0.011050000000000226,0.005555667217390183,3.24253667928827,0.07126345991014213,3.5932070952724233,0.09678447584455953,0.5107345319097508,0.018348943079396052
CaseStudy,Observed_Mediator_and_Confounder,shift0,Do-PFN 2D,malc,600,0.9820666666666666,0.03206666666666669,0.003202773098184866,1.5082525317818871,0.042204319958621825,1.5931580008904487,0.04574208546051174,0.1266500649214766,0.004103048794990596
CaseStudy,Observed_Mediator_and_Confounder,shift+2,Do-PFN 2D,malc,600,0.9327,0.017299999999999982,0.008299021068511863,3.1354592320476424,0.06145194316459385,3.753056826595511,0.11461174743777831,0.5649224031427339,0.01944023555752943
CaseStudy,Observed_Mediator_and_Confounder,d5,Do-PFN 2D,malc,300,0.9501999999999998,0.00019999999999986695,0.00880836989210125,1.5956749701322839,0.053590287723900544,2.0619149902464478,0.12754605137599778,0.20054945191997964,0.00920573978948735
CaseStudy,Observed_Mediator_and_Confounder,d10,Do-PFN 2D,malc,300,0.9834666666666666,0.033466666666666645,0.005336183742199016,1.7480833652269887,0.05807251251420499,1.8426971075397978,0.06694971057857728,0.17904325771453156,0.007814467133882131
CaseStudy,Observed_Mediator_and_Confounder,d20,Do-PFN 2D,malc,300,0.9767333333333332,0.026733333333333276,0.007101743993156396,2.2549315095626152,0.08226858393677691,2.339610680731737,0.08738335809902625,0.24189876737057106,0.013106816547328384
CaseStudy,Observed_Mediator_and_Confounder,d30,Do-PFN 2D,malc,300,0.9819333333333334,0.03193333333333348,0.005232475840250331,3.1126057595709025,0.09321488015431191,3.2603141931463346,0.10998395487085565,0.4548481124929161,0.024625276518402853
CaseStudy,Observed_Mediator_and_Confounder,d40,Do-PFN 2D,malc,300,0.9362999999999999,0.013700000000000045,0.01042924507005788,3.3783061735291113,0.09591179087175233,3.9688232583723098,0.16418509825539512,0.6289300121990292,0.02982056575579107
CaseStudy,Observed_Mediator_and_Confounder,d50,Do-PFN 2D,malc,300,0.9229999999999999,0.027000000000000024,0.012048351122517155,3.6828951082136983,0.10649435452164226,4.40548361548014,0.17787405748676158,0.699344398250895,0.031877677012508654
CaseStudy,Observed_Mediator_and_Confounder,pooled,Do-PFN 2D (262k),malc,400,0.888425,0.061574999999999935,0.013884031809446213,2.0337672949377357,0.07569591861414078,4.665686382907941,0.47019946197583923,0.37843574751576337,0.023890984367103678
CaseStudy,Observed_Mediator_and_Confounder,shift-2,Do-PFN 2D (262k),malc,100,0.9434,0.006599999999999939,0.017141255095897333,1.7814632677571745,0.07849640550922767,2.559492857709524,0.27322692838347334,0.24214352070367318,0.017674027031508853
CaseStudy,Observed_Mediator_and_Confounder,shift0,Do-PFN 2D (262k),malc,100,0.9595,0.009500000000000064,0.010369316625155549,1.0095972616679176,0.07197740043090135,1.2215102961578916,0.11088065613871548,0.13707562305742946,0.01240917941372253
CaseStudy,Observed_Mediator_and_Confounder,shift+2,Do-PFN 2D (262k),malc,200,0.8253999999999999,0.12460000000000004,0.02515797724570633,2.672004325162925,0.12374699141022132,7.4408711888821735,0.8861670085447709,0.5672619231509753,0.04243389865084331
CaseStudy,Observed_Mediator_and_Confounder,d5,Do-PFN 2D (262k),malc,300,0.9530333333333334,0.0030333333333334433,0.008344411588398312,1.5261145975703025,0.04703834076323284,2.0092393800889226,0.12268489815406601,0.20096996553274993,0.009165475716349267
CaseStudy,Observed_Mediator_and_Confounder,d50,Do-PFN 2D (262k),malc,100,0.6945999999999999,0.25540000000000007,0.04439342475655784,3.5567253870400357,0.20269979779413005,12.635027391364993,1.6038901733456707,0.9108330934648037,0.0679929378278342
CaseStudy,Observed_Mediator_and_Confounder,pooled,UWYK 1D (noanc),malc,1800,0.48115,0.46884999999999993,0.010768450239796888,2.915469099524785,0.058547727041955,19.83823394656881,0.42459572862996015,1.1241629146051748,0.016854097481100373
CaseStudy,Observed_Mediator_and_Confounder,shift-2,UWYK 1D (noanc),malc,600,0.229,0.721,0.014425021543206828,3.2320529722132862,0.09601580758262528,28.631032999915835,0.631915855816918,1.597716478942978,0.00906166343826315
CaseStudy,Observed_Mediator_and_Confounder,shift0,UWYK 1D (noanc),malc,600,0.9726666666666666,0.022666666666666613,0.004487456497103086,2.269026167438089,0.1087689457428485,2.3826539278445797,0.10897108083600575,0.15226189657045783,0.004927156140556257
CaseStudy,Observed_Mediator_and_Confounder,shift+2,UWYK 1D (noanc),malc,600,0.24178333333333332,0.7082166666666666,0.014541747304660553,3.2453281589229808,0.09374716757199678,28.50101491194601,0.670908554108715,1.6225103683020883,0.009330899014791463
CaseStudy,Observed_Mediator_and_Confounder,d5,UWYK 1D (noanc),malc,300,0.4177333333333333,0.5322666666666667,0.023862215662134263,1.9928077216190707,0.10546366999409752,24.55918862008772,1.194380379075568,1.156466792366782,0.0431721832385057
CaseStudy,Observed_Mediator_and_Confounder,d10,UWYK 1D (noanc),malc,300,0.4287,0.5212999999999999,0.026554458671988,2.4191393647360284,0.12769334452024836,24.917264980057897,1.2058223963040364,1.1793573544859721,0.04322753390878078
CaseStudy,Observed_Mediator_and_Confounder,d20,UWYK 1D (noanc),malc,300,0.42296666666666666,0.5270333333333332,0.027209017880694596,2.6492919864549522,0.13919611982963842,22.04083319840394,1.054082894707389,1.147038094792889,0.042697100767482746
CaseStudy,Observed_Mediator_and_Confounder,d30,UWYK 1D (noanc),malc,300,0.4877333333333333,0.46226666666666666,0.027002014596517264,3.1156178231422715,0.13777184794062552,18.437432953589237,0.9401112996793852,1.1262216171766029,0.04121114582932338
CaseStudy,Observed_Mediator_and_Confounder,d40,UWYK 1D (noanc),malc,300,0.47846666666666676,0.4715333333333332,0.027279407064590224,3.156845763357834,0.1381294866543384,18.70929176797894,0.9436687946216971,1.1275806177992878,0.041015970535900885
CaseStudy,Observed_Mediator_and_Confounder,d50,UWYK 1D (noanc),malc,300,0.6513,0.29869999999999997,0.023813000814760628,4.159111937838553,0.1716737493805185,10.365392159295116,0.5042596067425223,1.0083130110095153,0.035470350284744843
CaseStudy,Observed_Mediator_and_Confounder,pooled,UWYK 1D (v3a),malc,1800,0.6255666666666666,0.32443333333333335,0.009303842838816141,3.148576918745044,0.05469435590593123,10.774121106046845,0.23547834795652334,0.9541679838538009,0.01473532081902287
CaseStudy,Observed_Mediator_and_Confounder,shift-2,UWYK 1D (v3a),malc,600,0.45893333333333336,0.4910666666666666,0.014904063203752545,3.6797457059871728,0.08679104745900199,14.483205844032236,0.3693734732066351,1.3309008828982274,0.012178519049676597
CaseStudy,Observed_Mediator_and_Confounder,shift0,UWYK 1D (v3a),malc,600,0.9863500000000001,0.036350000000000104,0.0023398667375453975,2.139830826283609,0.09774729421190335,2.1805445923754996,0.09749509061954761,0.14213169422687333,0.004632906160061587
CaseStudy,Observed_Mediator_and_Confounder,shift+2,UWYK 1D (v3a),malc,600,0.4314166666666666,0.5185833333333334,0.015024233423531333,3.6261542239643503,0.08553030059717508,15.658612881732804,0.4093635162708434,1.3894713744363014,0.011508211409340174
CaseStudy,Observed_Mediator_and_Confounder,d5,UWYK 1D (v3a),malc,300,0.7769333333333333,0.1730666666666667,0.015732001152904566,2.717123974887909,0.12008340606565274,6.953468229835357,0.4215206980910523,0.7232842212963928,0.030426842065346845
CaseStudy,Observed_Mediator_and_Confounder,d10,UWYK 1D (v3a),malc,300,0.6459666666666667,0.30403333333333327,0.020569489497289806,2.975634779768075,0.1305842328373711,10.224880289525005,0.5481511276820008,0.9425557658223367,0.034796949202417
CaseStudy,Observed_Mediator_and_Confounder,d20,UWYK 1D (v3a),malc,300,0.5396,0.4104,0.023715320159264353,2.9216323644253777,0.13552187999107523,12.383166746029403,0.5945991801920933,1.0135428455503002,0.03766289573148413
CaseStudy,Observed_Mediator_and_Confounder,d30,UWYK 1D (v3a),malc,300,0.5781333333333333,0.3718666666666667,0.024206275080060936,3.219305759658191,0.12924434748641142,11.980125620042639,0.6187380958873181,1.0245128780700532,0.03740668752599709
CaseStudy,Observed_Mediator_and_Confounder,d40,UWYK 1D (v3a),malc,300,0.5480666666666667,0.40193333333333325,0.025512206330876076,3.218785024499275,0.12946382458404743,13.403553446670452,0.6871926193574852,1.041893244811089,0.03787844110616593
CaseStudy,Observed_Mediator_and_Confounder,d50,UWYK 1D (v3a),malc,300,0.6647000000000001,0.2852999999999999,0.022794626926589696,3.8389796092314343,0.14888748427130508,9.699532304178216,0.473982021262587,0.9792189475726328,0.034848093811047455
CaseStudy,Observed_Mediator_and_Confounder,pooled,UWYK 2D (noanc),malc,1800,0.9977555555555556,0.04775555555555566,0.0006267295738643871,3.6500692264275,0.046114122576521914,3.6624699924785715,0.04611096181119752,0.2315973649255355,0.0032813380053576522
CaseStudy,Observed_Mediator_and_Confounder,shift-2,UWYK 2D (noanc),malc,600,0.9981166666666669,0.04811666666666692,0.0009884866334565945,4.362634244053847,0.07500567258749155,4.373227003811839,0.0748003635185574,0.26055252038693066,0.005307694254455571
CaseStudy,Observed_Mediator_and_Confounder,shift0,UWYK 2D (noanc),malc,600,0.9969666666666668,0.04696666666666682,0.00074313652939215,2.303532386115452,0.050070960778638034,2.321778649175116,0.05057679991033674,0.16931048050225384,0.005139246030027257
CaseStudy,Observed_Mediator_and_Confounder,shift+2,UWYK 2D (noanc),malc,600,0.9981833333333333,0.048183333333333356,0.0014170829857359276,4.284041049113201,0.08050672139593268,4.292404324448759,0.08060763029842483,0.2649290938874221,0.005718188056029041
CaseStudy,Observed_Mediator_and_Confounder,d5,UWYK 2D (noanc),malc,300,0.9913333333333334,0.041333333333333444,0.0035465791558427803,3.156369713548818,0.10451898320248268,3.196106686866427,0.10543587950343916,0.2576747498612865,0.011516641127554086
CaseStudy,Observed_Mediator_and_Confounder,d10,UWYK 2D (noanc),malc,300,0.9979999999999999,0.04799999999999993,0.0008205824942547632,3.204678435081415,0.09307053369480532,3.22183396568955,0.09349273898717839,0.2251751643773682,0.00742916633422008
CaseStudy,Observed_Mediator_and_Confounder,d20,UWYK 2D (noanc),malc,300,0.9991333333333333,0.04913333333333336,0.0005742006869003759,3.306847876482681,0.08987592381573237,3.3126129550934196,0.08970602492854357,0.20713339167510583,0.005969942733038684
CaseStudy,Observed_Mediator_and_Confounder,d30,UWYK 2D (noanc),malc,300,0.9995333333333334,0.04953333333333343,0.00025284703662812393,3.5502288655340672,0.10028413469490477,3.55370268416969,0.10017171838125165,0.2018543266174744,0.0060249627648505865
CaseStudy,Observed_Mediator_and_Confounder,d40,UWYK 2D (noanc),malc,300,0.9986333333333335,0.04863333333333353,0.0005967177659153854,3.8622227776121583,0.11514323696347961,3.86906488450089,0.11488681903543953,0.22008800584442076,0.00712467559910348
CaseStudy,Observed_Mediator_and_Confounder,d50,UWYK 2D (noanc),malc,300,0.9999000000000001,0.049900000000000166,7.443581928658485e-05,4.820067690305861,0.13839859358152704,4.821498778551451,0.1384120224543156,0.2776585511775573,0.007953643266092143
CaseStudy,Observed_Mediator_and_Confounder,pooled,UWYK 2D (v3a),malc,1800,0.9969333333333333,0.04693333333333338,0.00066881070832662,3.3761327327600883,0.039501073582211485,3.3933819399354133,0.039575740651252175,0.2305287057211577,0.0031758930934122826
CaseStudy,Observed_Mediator_and_Confounder,shift-2,UWYK 2D (v3a),malc,600,0.99635,0.04635,0.0013005568988239092,4.007418313697839,0.06524238040098228,4.028798772183834,0.06532506491266078,0.26124488283358244,0.005433158180935395
CaseStudy,Observed_Mediator_and_Confounder,shift0,UWYK 2D (v3a),malc,600,0.9970333333333333,0.04703333333333337,0.0008701430640745035,2.377282628459056,0.05072667021989891,2.3952078921009226,0.05108883994584141,0.18379037982369661,0.004934513218390313
CaseStudy,Observed_Mediator_and_Confounder,shift+2,UWYK 2D (v3a),malc,600,0.9974166666666667,0.047416666666666774,0.001257250351186036,3.74369725612337,0.06835501085198724,3.756139155521483,0.0683908983829522,0.24655085450619416,0.005599870647388514
CaseStudy,Observed_Mediator_and_Confounder,d5,UWYK 2D (v3a),malc,300,0.9869333333333334,0.036933333333333485,0.0037972275673269344,2.9233546474725585,0.10699688328533477,3.0004142874714614,0.10914796986105206,0.26987033520873316,0.011179029000379771
CaseStudy,Observed_Mediator_and_Confounder,d10,UWYK 2D (v3a),malc,300,0.9967333333333332,0.04673333333333329,0.0009607611871397764,2.9372680308686885,0.0844187037762307,2.9551595180397476,0.08480322337844858,0.22912434028266376,0.007941155253922546
CaseStudy,Observed_Mediator_and_Confounder,d20,UWYK 2D (v3a),malc,300,0.9996666666666666,0.04966666666666664,0.00018789055694690452,3.19019922681352,0.07856302547353076,3.1912458391797154,0.07852469811881903,0.2147969883243385,0.0062173263929678245
CaseStudy,Observed_Mediator_and_Confounder,d30,UWYK 2D (v3a),malc,300,0.9998000000000001,0.04980000000000018,0.00010494995356656049,3.4056309126451696,0.08590835535838305,3.4069728946115063,0.08584650177260833,0.2074373644619637,0.006090895817657488
CaseStudy,Observed_Mediator_and_Confounder,d40,UWYK 2D (v3a),malc,300,0.9985,0.0485000000000001,0.000576625713034023,3.517987304853708,0.09138098076206008,3.5235384751102385,0.0911273400339308,0.213012206618144,0.006691842198820167
CaseStudy,Observed_Mediator_and_Confounder,d50,UWYK 2D (v3a),malc,300,0.9999666666666667,0.049966666666666715,3.333333333333335e-05,4.282356273906883,0.10765045687937483,4.282960625199811,0.107692297418872,0.24893099943110314,0.006752650239580786
CaseStudy,Observed_Mediator_and_Confounder,pooled,CausalPFN 1D,malc,1800,0.9200277777777779,0.029972222222222067,0.004591391710232909,3.2521016223969057,0.08114297154668848,4.116976944987957,0.1047038793827139,0.36066428843514053,0.007665215379965981
CaseStudy,Observed_Mediator_and_Confounder,shift-2,CausalPFN 1D,malc,600,0.8927666666666666,0.05723333333333336,0.00875509349060923,3.905323128195918,0.1429495437176618,5.231290432181313,0.20025837996578966,0.4833633791306763,0.013631208772002053
CaseStudy,Observed_Mediator_and_Confounder,shift0,CausalPFN 1D,malc,600,0.9849666666666667,0.0349666666666667,0.0026422782225111615,2.1574578170018426,0.1223376413606871,2.211850892839372,0.12219503782404506,0.1661743100072492,0.0079929793696897
CaseStudy,Observed_Mediator_and_Confounder,shift+2,CausalPFN 1D,malc,600,0.8823500000000002,0.06764999999999977,0.00978033450146209,3.693523921992955,0.1445145638874573,4.9077895099431865,0.18591562488654026,0.4324551761674961,0.013520489775894543
CaseStudy,Observed_Mediator_and_Confounder,d5,CausalPFN 1D,malc,300,0.9942666666666667,0.04426666666666679,0.002108904164354866,2.7894222785777916,0.20765506348999543,2.8241253670459203,0.20779993309075087,0.1761214751551441,0.011908876177383506
CaseStudy,Observed_Mediator_and_Confounder,d10,CausalPFN 1D,malc,300,0.9865666666666667,0.03656666666666675,0.0028279613313680787,3.172639469222132,0.17165720998550588,3.24414433887696,0.17225023908023107,0.26246049351908596,0.012818690200205955
CaseStudy,Observed_Mediator_and_Confounder,d20,CausalPFN 1D,malc,300,0.9295333333333334,0.020466666666666522,0.009509799362201464,2.9318569075889243,0.1896898401938038,3.490334018072442,0.21489314567692896,0.35052262153022196,0.01632306754512894
CaseStudy,Observed_Mediator_and_Confounder,d30,CausalPFN 1D,malc,300,0.9036333333333334,0.046366666666666556,0.01201612613340127,3.368751235817736,0.1748645810366565,4.60163623340635,0.2886257841374093,0.405315766788864,0.018569505036429193
CaseStudy,Observed_Mediator_and_Confounder,d40,CausalPFN 1D,malc,300,0.8673666666666668,0.08263333333333311,0.013944874616018767,3.297224441464505,0.1990018964583296,4.674199920160628,0.26354891149976,0.43641542581641724,0.01906225466731036
CaseStudy,Observed_Mediator_and_Confounder,d50,CausalPFN 1D,malc,300,0.8388,0.11119999999999997,0.01592217975811482,3.952715401710343,0.23699929185801846,5.867421792365441,0.32007555781196184,0.53314994780111,0.023842300186315335
CaseStudy,Observed_Mediator_and_Confounder,pooled,CausalPFN 2D,malc,1800,0.9799666666666667,0.029966666666666697,0.0016318957724053083,2.7494205201887527,0.03398211054530167,2.9515590074713636,0.043897870416973676,0.3063148504535401,0.006777567201660872
CaseStudy,Observed_Mediator_and_Confounder,shift-2,CausalPFN 2D,malc,600,0.9894666666666668,0.03946666666666687,0.001736246001066561,3.1113943867577216,0.05403788227779476,3.286079154191325,0.07505449738359789,0.30730926444407053,0.012723504827049608
CaseStudy,Observed_Mediator_and_Confounder,shift0,CausalPFN 2D,malc,600,0.9898000000000002,0.03980000000000028,0.0018686530491617075,1.8282173725719282,0.04999175695042126,1.8819779719874783,0.05219450212516969,0.17054298381565539,0.005287359635140327
CaseStudy,Observed_Mediator_and_Confounder,shift+2,CausalPFN 2D,malc,600,0.9606333333333336,0.010633333333333606,0.004068404848524867,3.3086498012366095,0.05317700996511069,3.6866198962352867,0.07750074277370754,0.44109230310089437,0.01276453583410592
CaseStudy,Observed_Mediator_and_Confounder,d5,CausalPFN 2D,malc,300,0.9859666666666668,0.03596666666666681,0.004241089638633953,2.555027365151892,0.07499117036021954,2.63075866080905,0.07721661423437276,0.2128779405830476,0.008184439620252401
CaseStudy,Observed_Mediator_and_Confounder,d10,CausalPFN 2D,malc,300,0.9931666666666669,0.04316666666666691,0.0021640924593063506,2.510734561142216,0.06173465326841234,2.558663083642115,0.06451850390794804,0.21041136352953524,0.006915624284459673
CaseStudy,Observed_Mediator_and_Confounder,d20,CausalPFN 2D,malc,300,0.9903,0.0403,0.002382285516250404,2.5650911467087516,0.06480756285302311,2.654404314119741,0.07562869703717745,0.24507526993989479,0.010217497699669335
CaseStudy,Observed_Mediator_and_Confounder,d30,CausalPFN 2D,malc,300,0.9842333333333335,0.03423333333333356,0.0027921766535288074,2.713716491272609,0.06579929030968314,2.887199237368762,0.0872856788794381,0.30142330182153104,0.01319354463630568
CaseStudy,Observed_Mediator_and_Confounder,d40,CausalPFN 2D,malc,300,0.9657000000000001,0.01570000000000016,0.005023637549146543,2.9146366096481233,0.09891112290140018,3.2249255814362114,0.13200628385251045,0.40724602912335905,0.023987061312468538
CaseStudy,Observed_Mediator_and_Confounder,d50,CausalPFN 2D,malc,300,0.9604333333333334,0.010433333333333406,0.005628645150315302,3.2373169472089263,0.11232995279815838,3.7534031674523005,0.15845208414089407,0.46085519772387273,0.022429861653582843
CaseStudy,Observed_Mediator_and_Confounder,pooled,Do-PFN (matched resolution),malc,1800,0.9369444444444445,0.013055555555555487,0.003082131577993005,9.387654120068193,0.11991381972845595,16.16155498930196,0.3185639802669806,0.9521006039864447,0.01253565863662485
CaseStudy,Observed_Mediator_and_Confounder,shift-2,Do-PFN (matched resolution),malc,600,0.9163666666666666,0.033633333333333404,0.0061924432319745955,9.41805630101561,0.20606804565115716,18.508177272493043,0.6269654896699429,1.1169465235118128,0.023232424406929495
CaseStudy,Observed_Mediator_and_Confounder,shift0,Do-PFN (matched resolution),malc,600,0.9763999999999998,0.026399999999999868,0.002593935824313441,8.987483219884707,0.19973750976142526,10.574887273018,0.25109309725203655,0.6077424375338167,0.010487175001603833
CaseStudy,Observed_Mediator_and_Confounder,shift+2,Do-PFN (matched resolution),malc,600,0.9180666666666667,0.03193333333333326,0.006051062015198562,9.757422839304256,0.21610574577047917,19.40160042239482,0.6159597854420624,1.1316128509137047,0.021656441732372474
CaseStudy,Observed_Mediator_and_Confounder,d5,Do-PFN (matched resolution),malc,300,0.7832666666666667,0.1667333333333333,0.010127062690461095,3.0121069763997337,0.06708272599058102,27.22687622372586,1.2663671642310421,1.2165262784389774,0.04309758531158985
CaseStudy,Observed_Mediator_and_Confounder,d10,Do-PFN (matched resolution),malc,300,0.8493666666666667,0.10063333333333324,0.009125887606174,3.8831247414672143,0.09477648635368993,19.793703486962333,1.130196848349137,1.0905382338555694,0.04595561507120766
CaseStudy,Observed_Mediator_and_Confounder,d20,Do-PFN (matched resolution),malc,300,0.9924666666666667,0.042466666666666764,0.0016267505506817699,9.261281915537847,0.16099253079444603,9.722757999411856,0.18516345773468978,0.7811945293712362,0.018967620135581884
CaseStudy,Observed_Mediator_and_Confounder,d30,Do-PFN (matched resolution),malc,300,0.9989666666666669,0.048966666666666936,0.000377453573697862,12.478325427794324,0.16907236661713942,12.497098346383124,0.1675026528157449,0.8013334071344688,0.015429534850420347
CaseStudy,Observed_Mediator_and_Confounder,d40,Do-PFN (matched resolution),malc,300,0.9981666666666669,0.04816666666666691,0.0009039222514357384,13.518487266805995,0.1541433386536421,13.549433607166057,0.15130174665510804,0.9006281301188661,0.017855089362605218
CaseStudy,Observed_Mediator_and_Confounder,d50,Do-PFN (matched resolution),malc,300,0.9994333333333335,0.04943333333333355,0.00028729443073160024,14.172598392404034,0.15628379300811418,14.1794602721625,0.1554165263135115,0.9223830449995508,0.01742032400239618
CaseStudy,Observed_Mediator_and_Confounder,pooled,UWYK No-Anc (matched resolution),malc,1800,0.5289722222222223,0.42102777777777767,0.009883788311612546,2.698998569023117,0.05755513859516099,17.442600102092058,0.3786353611153238,1.0526317934040919,0.01615946852069255
CaseStudy,Observed_Mediator_and_Confounder,shift-2,UWYK No-Anc (matched resolution),malc,600,0.3024333333333333,0.6475666666666666,0.013658328482355502,3.204756799030037,0.0989603966064943,25.188477439067903,0.5702484015565278,1.4937961283013392,0.010316689965471222
CaseStudy,Observed_Mediator_and_Confounder,shift0,UWYK No-Anc (matched resolution),malc,600,0.9692999999999998,0.019299999999999873,0.004110299643678499,1.6465946977933503,0.08540995711170735,1.7407898522253875,0.08587903238701551,0.1330992119677197,0.00469528150908558
CaseStudy,Observed_Mediator_and_Confounder,shift+2,UWYK No-Anc (matched resolution),malc,600,0.31518333333333337,0.6348166666666666,0.013822849695900323,3.245644210245963,0.0999179834723589,25.398533014982885,0.5845744487339316,1.5310000399432167,0.010283819066038988
CaseStudy,Observed_Mediator_and_Confounder,d5,UWYK No-Anc (matched resolution),malc,300,0.5384,0.41159999999999997,0.02247600777065574,2.074275004997094,0.07886267514902544,17.897866953400573,1.0084938961331837,1.0295831243429585,0.04025235267070418
CaseStudy,Observed_Mediator_and_Confounder,d10,UWYK No-Anc (matched resolution),malc,300,0.5006,0.4493999999999999,0.023618552690949576,2.2760758169518898,0.10716994692820063,18.943521530629763,0.9925357306257916,1.0755666209024806,0.040498363952334596
CaseStudy,Observed_Mediator_and_Confounder,d20,UWYK No-Anc (matched resolution),malc,300,0.4821,0.4679,0.02417780130219143,2.4349006293069646,0.13681578579593556,18.622319348398406,0.9306759065518427,1.0689647139572591,0.0405705196297355
CaseStudy,Observed_Mediator_and_Confounder,d30,UWYK No-Anc (matched resolution),malc,300,0.5326,0.4174,0.025141289042444084,2.846719105978036,0.14699095186378025,17.348060894805887,0.9282967716990085,1.059389246748161,0.03959142611624598
CaseStudy,Observed_Mediator_and_Confounder,d40,UWYK No-Anc (matched resolution),malc,300,0.49169999999999997,0.4583,0.02567141502936311,2.820320625723716,0.1493374070249779,19.160622810294917,0.9666235178429067,1.0790055147783317,0.0401226747170637
CaseStudy,Observed_Mediator_and_Confounder,d50,UWYK No-Anc (matched resolution),malc,300,0.6284333333333333,0.32156666666666667,0.0232341010639154,3.7417002311810013,0.18264526736510756,12.683209075022805,0.6422866012896564,1.0032815396953607,0.036443441330773374
CaseStudy,Observed_Mediator_and_Confounder,pooled,UWYK Anc (matched resolution),malc,1800,0.5769722222222222,0.37302777777777774,0.009950249889260129,2.5980723765106815,0.05050572672314503,15.381988423106137,0.3626782516689626,0.9578318609430101,0.015747750402827682
CaseStudy,Observed_Mediator_and_Confounder,shift-2,UWYK Anc (matched resolution),malc,600,0.4045666666666667,0.5454333333333332,0.01589257615991509,3.1344369296576504,0.08555560996150591,21.082060336463524,0.5946391423634496,1.3192264069949426,0.016740773246536396
CaseStudy,Observed_Mediator_and_Confounder,shift0,UWYK Anc (matched resolution),malc,600,0.9741000000000001,0.02410000000000012,0.0037433353873150923,1.5493705179357915,0.07180161050846018,1.625322003205667,0.07198554668064927,0.12608076453244077,0.004207529954634554
CaseStudy,Observed_Mediator_and_Confounder,shift+2,UWYK Anc (matched resolution),malc,600,0.35225000000000006,0.5977499999999999,0.015108056581782874,3.1104096819386027,0.08805261027141055,23.43858292964922,0.589762359772831,1.4281884113016468,0.013933037187127085
CaseStudy,Observed_Mediator_and_Confounder,d5,UWYK Anc (matched resolution),malc,300,0.8215,0.12849999999999995,0.014800654193261016,2.361680125822665,0.07964722260832786,6.072415755068908,0.4322933451991254,0.6147922074871595,0.029362329387839534
CaseStudy,Observed_Mediator_and_Confounder,d10,UWYK Anc (matched resolution),malc,300,0.5981333333333333,0.35186666666666666,0.02205444632607917,2.3312993722924453,0.10070042811323061,14.160952426507599,0.8336080232805417,0.9354054677367507,0.037480753618903496
CaseStudy,Observed_Mediator_and_Confounder,d20,UWYK Anc (matched resolution),malc,300,0.47356666666666664,0.4764333333333333,0.02445496934831099,2.2758662660599613,0.12168656329444774,19.254018736732892,0.9451890367522852,1.0496177392585946,0.0400920064261772
CaseStudy,Observed_Mediator_and_Confounder,d30,UWYK Anc (matched resolution),malc,300,0.5141333333333333,0.4358666666666666,0.02559845022715161,2.652039810878137,0.1299562863866048,18.31269625364022,0.9647490928926681,1.0653734599306537,0.039813102052676394
CaseStudy,Observed_Mediator_and_Confounder,d40,UWYK Anc (matched resolution),malc,300,0.4532333333333333,0.49676666666666663,0.02664882980663829,2.5844080492587787,0.13270904447265708,21.395777275295174,1.0363304538242162,1.103274414188203,0.04099111281582256
CaseStudy,Observed_Mediator_and_Confounder,d50,UWYK Anc (matched resolution),malc,300,0.6012666666666666,0.34873333333333334,0.024528171564494716,3.3831406347521016,0.15313312205839022,13.096070091392027,0.6756076498004692,0.9785278770566993,0.03575780721543828
CaseStudy,Observed_Mediator_and_Confounder,pooled,CausalPFN-C (matched resolution),malc,1800,0.9912055555555556,0.041205555555555606,0.001278215486278962,5.650449143174753,0.10056159701074326,5.727137881511424,0.10166857276352513,0.548112908871656,0.01123148205900369
CaseStudy,Observed_Mediator_and_Confounder,shift-2,CausalPFN-C (matched resolution),malc,600,0.9926333333333333,0.0426333333333333,0.001616070632314441,7.113638675485755,0.16813432461054936,7.178163096063788,0.16948198631417422,0.696828861203381,0.019710949629956467
CaseStudy,Observed_Mediator_and_Confounder,shift0,CausalPFN-C (matched resolution),malc,600,0.9993833333333333,0.049383333333333335,0.00025880076009563905,3.251628114191125,0.14248926783984125,3.253312256968747,0.14249348585586094,0.25639932682448147,0.014286105392149393
CaseStudy,Observed_Mediator_and_Confounder,shift+2,CausalPFN-C (matched resolution),malc,600,0.9816,0.03160000000000007,0.003431199935801398,6.586080639847378,0.16703435288451488,6.749938291501737,0.1691902622766932,0.6911105385871055,0.018189019674414744
CaseStudy,Observed_Mediator_and_Confounder,d5,CausalPFN-C (matched resolution),malc,300,0.9996666666666666,0.04966666666666664,0.0003017353500652583,4.488302869535908,0.21651697841264256,4.4909578542993716,0.21647306527696478,0.27199816312573405,0.013405821106994183
CaseStudy,Observed_Mediator_and_Confounder,d10,CausalPFN-C (matched resolution),malc,300,0.9999333333333333,0.049933333333333385,6.66666666666667e-05,5.775188460699837,0.2481128518044229,5.776499943375708,0.24808885499961977,0.3911675428229261,0.018175450680929423
CaseStudy,Observed_Mediator_and_Confounder,d20,CausalPFN-C (matched resolution),malc,300,0.9984333333333333,0.04843333333333333,0.0008742805079265573,5.737411784724435,0.27562340915196815,5.7434886163100005,0.2756477824047309,0.5453379363091847,0.026398132347353002
CaseStudy,Observed_Mediator_and_Confounder,d30,CausalPFN-C (matched resolution),malc,300,0.9939999999999998,0.04399999999999982,0.002010562964362912,5.856287783696781,0.20971325229559046,5.917796838087371,0.21336390769370478,0.6059075394469067,0.02509443875222173
CaseStudy,Observed_Mediator_and_Confounder,d40,CausalPFN-C (matched resolution),malc,300,0.9877666666666668,0.03776666666666684,0.0028484650693977867,5.763237351255628,0.244162141808797,5.834557787548614,0.24565743391193953,0.65935377846134,0.02997861007750251
CaseStudy,Observed_Mediator_and_Confounder,d50,CausalPFN-C (matched resolution),malc,300,0.9674333333333334,0.01743333333333341,0.006583418638229197,6.282266609135927,0.2663703538562254,6.599526249447475,0.27397728723382686,0.8149124930638444,0.034504130053316456
CaseStudy,Unobserved_Confounder,pooled,Do-PFN 1D,malc,1800,0.9952777777777778,0.04527777777777786,0.0008102817130764327,6.143410740054841,0.09811207027924218,6.383926226174552,0.13961001922173802,0.6057448827803193,0.009986000842511096
CaseStudy,Unobserved_Confounder,shift-2,Do-PFN 1D,malc,600,0.99245,0.0424500000000001,0.0021024791921629136,7.229958891220122,0.17235519112075576,7.635792080836274,0.28195678652234474,0.882184834626183,0.01735007433501371
CaseStudy,Unobserved_Confounder,shift0,Do-PFN 1D,malc,600,0.9994333333333335,0.04943333333333355,0.0002485759851722964,4.7690929488581375,0.15378373255592998,4.968795211006362,0.24543513450080756,0.2691569944497108,0.009411349241595968
CaseStudy,Unobserved_Confounder,shift+2,Do-PFN 1D,malc,600,0.9939500000000002,0.04395000000000027,0.0011782419252861223,6.431180380086263,0.1676667146549135,6.547191386681021,0.17283454040459667,0.6658928192650643,0.01364296800417873
CaseStudy,Unobserved_Confounder,d5,Do-PFN 1D,malc,300,0.9946333333333333,0.0446333333333333,0.0018362741185412319,2.887583853779395,0.16677042944705114,2.9299001097315833,0.16923982071787613,0.2503133890581562,0.013697070277364196
CaseStudy,Unobserved_Confounder,d10,Do-PFN 1D,malc,300,0.9956666666666668,0.045666666666666855,0.0006296879185499311,4.853231750138884,0.1869850317429005,4.909279759954633,0.1855058563760792,0.44142285951073434,0.017305762776663677
CaseStudy,Unobserved_Confounder,d20,Do-PFN 1D,malc,300,0.9977333333333334,0.047733333333333405,0.0005903220467803161,6.7316295790684215,0.21482932366097518,7.186935653183427,0.48157291206553876,0.6439460918841521,0.02319998621083392
CaseStudy,Unobserved_Confounder,d30,Do-PFN 1D,malc,300,0.9984333333333333,0.04843333333333333,0.0005338452114361602,7.289523966728114,0.25621345613642643,7.41927319303139,0.2756437940360807,0.6903093625214831,0.021984106862368284
CaseStudy,Unobserved_Confounder,d40,Do-PFN 1D,malc,300,0.9902,0.040200000000000014,0.0038189050360634066,7.413384242639405,0.24098911900823808,7.996685177210103,0.44664210866170995,0.7942764616112488,0.02619289222850366
CaseStudy,Unobserved_Confounder,d50,Do-PFN 1D,malc,300,0.995,0.04500000000000004,0.0021387229855496987,7.685111047974827,0.23439016799651186,7.8614834639361755,0.2535323199917933,0.8142011320961413,0.024482649601233593
CaseStudy,Unobserved_Confounder,pooled,Do-PFN 2D,malc,1800,0.9953444444444444,0.04534444444444441,0.0011892175134311067,3.1911605948749657,0.05734115912483039,3.221469517984799,0.05815368648092583,0.3053574339822111,0.006291598799046447
CaseStudy,Unobserved_Confounder,shift-2,Do-PFN 2D,malc,600,0.9979166666666667,0.04791666666666672,0.0011584244588489924,3.857928168807393,0.10944684443008758,3.8701214668658235,0.10964375037235984,0.35152487671383503,0.01009691802211125
CaseStudy,Unobserved_Confounder,shift0,Do-PFN 2D,malc,600,0.9981333333333333,0.04813333333333336,0.0006810686987635982,2.006992000319659,0.07613042090840018,2.0163176093823796,0.07626447009255553,0.14101186823561576,0.005498952769389763
CaseStudy,Unobserved_Confounder,shift+2,Do-PFN 2D,malc,600,0.9899833333333333,0.03998333333333337,0.003296133480174076,3.7085616154978456,0.091216475240311,3.777969477706192,0.0948071032527919,0.4235355569971826,0.01234922350856436
CaseStudy,Unobserved_Confounder,d5,Do-PFN 2D,malc,300,0.9957333333333335,0.045733333333333515,0.0012989090125242787,2.3491484130919704,0.1187714587451577,2.3765067485104727,0.12011739767467423,0.24189507439100205,0.012526420188289962
CaseStudy,Unobserved_Confounder,d10,Do-PFN 2D,malc,300,0.9975,0.0475000000000001,0.0008772168922400064,2.2862820449823817,0.10415829509253406,2.295289724780448,0.10397644458299447,0.21695651639602398,0.010814790137519374
CaseStudy,Unobserved_Confounder,d20,Do-PFN 2D,malc,300,0.9962000000000001,0.04620000000000013,0.003086035003063603,3.053737912826259,0.13134087199673608,3.079713008081316,0.13348908166749904,0.24761791345752224,0.013014527456176598
CaseStudy,Unobserved_Confounder,d30,Do-PFN 2D,malc,300,0.9984333333333333,0.04843333333333333,0.0015666666666666663,3.6652025835940836,0.15260911771830243,3.6692572305781836,0.15252040096887662,0.29048097236150416,0.014036520458224127
CaseStudy,Unobserved_Confounder,d40,Do-PFN 2D,malc,300,0.9987999999999999,0.048799999999999955,0.0008190050248742252,3.8135974981031278,0.14926568878074514,3.8170356394106406,0.14924374036769447,0.366269962767558,0.016163974542630993
CaseStudy,Unobserved_Confounder,d50,Do-PFN 2D,malc,300,0.9854,0.0354000000000001,0.0059605279108975425,3.978995116651973,0.14705914796781008,4.091014756547731,0.15421255212684867,0.4689241645196564,0.0193409614625387
CaseStudy,Unobserved_Confounder,pooled,Do-PFN 2D (262k),malc,300,0.9939666666666664,0.04396666666666649,0.0020489540161717813,2.341538664022143,0.11140961384139632,2.4327473037136147,0.12027837870269076,0.239257275076354,0.012462207837444185
CaseStudy,Unobserved_Confounder,shift-2,Do-PFN 2D (262k),malc,100,0.9898,0.03980000000000006,0.00533518907108665,2.6956619121927847,0.202772301813506,2.915609737762892,0.23890875731524114,0.28081636667242604,0.025063648049609494
CaseStudy,Unobserved_Confounder,shift0,Do-PFN 2D (262k),malc,100,0.9952000000000001,0.04520000000000013,0.002790604727917365,1.7331537901461664,0.17386440214496962,1.7659137979027575,0.17538121861246475,0.17321688956978532,0.01702566300315789
CaseStudy,Unobserved_Confounder,shift+2,Do-PFN 2D (262k),malc,100,0.9969,0.04690000000000005,0.001228409499714936,2.5958002897274763,0.18830109420087374,2.616718375475195,0.1898795423500474,0.2637385689868506,0.02053189481337752
CaseStudy,Unobserved_Confounder,d5,Do-PFN 2D (262k),malc,300,0.9939666666666664,0.04396666666666649,0.0020489540161717813,2.341538664022143,0.11140961384139632,2.4327473037136147,0.12027837870269076,0.239257275076354,0.012462207837444185
CaseStudy,Unobserved_Confounder,pooled,UWYK 1D (noanc),malc,1800,0.9852666666666666,0.03526666666666667,0.0011741760495526605,6.0512634614155445,0.11989054380206499,6.2197248997119265,0.1198492578520289,0.6243137766324376,0.009394832623442491
CaseStudy,Unobserved_Confounder,shift-2,UWYK 1D (noanc),malc,600,0.9765666666666668,0.02656666666666685,0.00255116116662382,6.71964134138955,0.19497152736127832,7.007618472341128,0.19365775801339144,0.8316158018297876,0.012344546080764757
CaseStudy,Unobserved_Confounder,shift0,UWYK 1D (noanc),malc,600,0.9999833333333333,0.04998333333333338,1.666666666666668e-05,4.787929428594449,0.22520733043970934,4.787939083636406,0.22520708301311512,0.21402231779797365,0.00835351952064175
CaseStudy,Unobserved_Confounder,shift+2,UWYK 1D (noanc),malc,600,0.9792500000000001,0.02925000000000011,0.0023162358526972113,6.646219614262639,0.19176607759752531,6.863617143158246,0.1898579219783878,0.8273032102695516,0.012309147200875423
CaseStudy,Unobserved_Confounder,d5,UWYK 1D (noanc),malc,300,0.9617,0.011700000000000044,0.005442957463840522,5.638233257227474,0.2844723139644759,6.178589717209382,0.2915126825557968,0.6841068796373465,0.023378409150967533
CaseStudy,Unobserved_Confounder,d10,UWYK 1D (noanc),malc,300,0.9700666666666666,0.020066666666666677,0.003495814772208402,4.907383556082104,0.22411724822623197,5.1976361769956245,0.22402712881595171,0.6838262718741019,0.02421004131839336
CaseStudy,Unobserved_Confounder,d20,UWYK 1D (noanc),malc,300,0.9886000000000001,0.03860000000000019,0.0016894056398125779,6.121147493460623,0.29150377142178396,6.224464691220722,0.2901042635683574,0.6841539229872388,0.023442756401461328
CaseStudy,Unobserved_Confounder,d30,UWYK 1D (noanc),malc,300,0.9947333333333334,0.0447333333333334,0.000810182320251168,6.741639341660836,0.3234932977463707,6.790317590031059,0.3225131837210514,0.6732242387260544,0.023076391648063004
CaseStudy,Unobserved_Confounder,d40,UWYK 1D (noanc),malc,300,0.9964999999999999,0.046499999999999986,0.000546856833987182,6.406262781459632,0.30625425761514924,6.434426884212169,0.30578645366068524,0.6332668934580448,0.02219492555557785
CaseStudy,Unobserved_Confounder,d50,UWYK 1D (noanc),malc,300,1.0,0.050000000000000044,0.0,6.4929143386026045,0.31096453879856534,6.4929143386026045,0.31096453879856534,0.3873044531118388,0.01571711033871656
CaseStudy,Unobserved_Confounder,pooled,UWYK 1D (v3a),malc,1800,0.9996111111111112,0.04961111111111127,0.0001318892731231353,5.244138067491315,0.12209833124899255,5.246620440184035,0.12207986035654203,0.2755327426984234,0.005163861077807946
CaseStudy,Unobserved_Confounder,shift-2,UWYK 1D (v3a),malc,600,0.9994666666666667,0.04946666666666677,0.00027117775924658384,5.463053986668601,0.20275332254185344,5.466716971494003,0.20271030548623084,0.2987609882803173,0.008695448235748564
CaseStudy,Unobserved_Confounder,shift0,UWYK 1D (v3a),malc,600,0.9999833333333333,0.04998333333333338,1.6666666666666678e-05,4.815978893275009,0.22829588027557973,4.816005853503159,0.2282952652443492,0.2256749160144408,0.00896921465272849
CaseStudy,Unobserved_Confounder,shift+2,UWYK 1D (v3a),malc,600,0.9993833333333333,0.049383333333333335,0.00028733144309242456,5.453381322530337,0.20157948480675242,5.457138495554944,0.20150954217692085,0.30216232380051217,0.008829727082088573
CaseStudy,Unobserved_Confounder,d5,UWYK 1D (v3a),malc,300,0.9980333333333332,0.04803333333333326,0.0007638696494317131,4.618834656308896,0.30577758933512283,4.631342276539989,0.30562786596578956,0.30317230985298477,0.016311398297460155
CaseStudy,Unobserved_Confounder,d10,UWYK 1D (v3a),malc,300,0.9997333333333334,0.04973333333333341,0.000176003783615288,3.919898261566295,0.2244353314154253,3.921733945786191,0.22444289064689882,0.23849233034792003,0.011235447266743937
CaseStudy,Unobserved_Confounder,d20,UWYK 1D (v3a),malc,300,0.9999000000000001,0.049900000000000166,5.754160919975792e-05,5.211398717544442,0.28745115660800763,5.211949649249772,0.2874400464309675,0.27032428279905657,0.011769907270475529
CaseStudy,Unobserved_Confounder,d30,UWYK 1D (v3a),malc,300,1.0,0.050000000000000044,0.0,5.914937365589105,0.3278186931378624,5.914937365589105,0.3278186931378624,0.27330047578095235,0.01226818790932135
CaseStudy,Unobserved_Confounder,d40,UWYK 1D (v3a),malc,300,1.0,0.050000000000000044,0.0,5.655623204320981,0.3090477717700639,5.655623204320981,0.3090477717700639,0.2706564478043212,0.011295514353364015
CaseStudy,Unobserved_Confounder,d50,UWYK 1D (v3a),malc,300,1.0,0.050000000000000044,0.0,6.144136199618172,0.31105063148564455,6.144136199618172,0.31105063148564455,0.29725060960530547,0.012033257237682855
CaseStudy,Unobserved_Confounder,pooled,UWYK 2D (noanc),malc,1800,0.9989333333333333,0.048933333333333384,0.0003285519593150165,3.7729208867120096,0.05792197758802174,3.778089548534907,0.057816613314081444,0.20976437407320891,0.0032664979436712255
CaseStudy,Unobserved_Confounder,shift-2,UWYK 2D (noanc),malc,600,0.9999833333333333,0.04998333333333338,1.6666666666666678e-05,4.74829308947657,0.10601899847403531,4.748473728601122,0.10601331095109154,0.24793729822346133,0.0057445566007648325
CaseStudy,Unobserved_Confounder,shift0,UWYK 2D (noanc),malc,600,0.9969500000000001,0.04695000000000016,0.000979077876957998,2.4118020823683373,0.06310316149162767,2.4268640008552977,0.06278254735544496,0.1493059505401481,0.004487153131745393
CaseStudy,Unobserved_Confounder,shift+2,UWYK 2D (noanc),malc,600,0.9998666666666668,0.04986666666666684,6.217477057525888e-05,4.158667488291122,0.10038239752082058,4.158930916148302,0.10037726895801748,0.2320498734560172,0.00579986920531603
CaseStudy,Unobserved_Confounder,d5,UWYK 2D (noanc),malc,300,0.9990666666666668,0.049066666666666814,0.0004080935181840038,4.109597831253841,0.15562627452819228,4.1131100805406735,0.15547931443462656,0.26516115234408394,0.0099106943743025
CaseStudy,Unobserved_Confounder,d10,UWYK 2D (noanc),malc,300,0.9972000000000001,0.04720000000000013,0.0015888687491090023,3.4125124002730303,0.1195921681129776,3.4237363569159256,0.11897903636375443,0.2123249784619991,0.008004153807966471
CaseStudy,Unobserved_Confounder,d20,UWYK 2D (noanc),malc,300,0.9981,0.04810000000000003,0.0009860622904156256,3.5977459073296463,0.13805310679965252,3.6105100492961477,0.1374826233616018,0.20330265241307738,0.007507373879431008
CaseStudy,Unobserved_Confounder,d30,UWYK 2D (noanc),malc,300,0.9992999999999999,0.0492999999999999,0.0004596664002883712,3.8204662763307473,0.15603247125234154,3.8236259610701784,0.15585839952878555,0.19282395990250806,0.007418056028081834
CaseStudy,Unobserved_Confounder,d40,UWYK 2D (noanc),malc,300,0.9999666666666667,0.049966666666666715,3.3333333333333355e-05,3.716166411114162,0.1416625284151656,3.7164918932639224,0.14164981818404065,0.1884808192622722,0.007398781638906941
CaseStudy,Unobserved_Confounder,d50,UWYK 2D (noanc),malc,300,0.9999666666666667,0.049966666666666715,3.3333333333333355e-05,3.9810364939706306,0.13431595887346207,3.9810629501225945,0.1343141905214293,0.19649268205531262,0.006579006935864511
CaseStudy,Unobserved_Confounder,pooled,UWYK 2D (v3a),malc,1800,0.9989777777777777,0.04897777777777779,0.0003191919298529157,3.757300961899887,0.058480879115923146,3.762708052856735,0.058448676630417126,0.20854719449668851,0.003257023579674928
CaseStudy,Unobserved_Confounder,shift-2,UWYK 2D (v3a),malc,600,0.9999666666666667,0.049966666666666715,2.3550543175125358e-05,4.718840534765044,0.10683304544151312,4.721137255581337,0.10705338274203148,0.2455432555238891,0.005710255820375971
CaseStudy,Unobserved_Confounder,shift0,UWYK 2D (v3a),malc,600,0.9971166666666667,0.047116666666666696,0.0009511025633807191,2.388338016575398,0.06206032633608346,2.4017062556364746,0.06178020666488523,0.15102136327061563,0.0046232086916808525
CaseStudy,Unobserved_Confounder,shift+2,UWYK 2D (v3a),malc,600,0.9998500000000001,0.04985000000000017,6.431220801812789e-05,4.164724334359221,0.10295787606080435,4.165280647352394,0.10298918901004367,0.22907696469556085,0.005752026740985882
CaseStudy,Unobserved_Confounder,d5,UWYK 2D (v3a),malc,300,0.9989333333333333,0.048933333333333384,0.00046094598414270547,4.054183751282641,0.15501895754942138,4.057720143589289,0.1548743641040496,0.26241642707926083,0.009750747698272666
CaseStudy,Unobserved_Confounder,d10,UWYK 2D (v3a),malc,300,0.9973333333333335,0.04733333333333356,0.0015854222563579188,3.3758814827523973,0.11865783587420448,3.3873750238519484,0.1182113736679703,0.21050138997876425,0.008011122631710678
CaseStudy,Unobserved_Confounder,d20,UWYK 2D (v3a),malc,300,0.9983000000000001,0.04830000000000012,0.0008772677255019462,3.594667820271646,0.1388781686221897,3.6090204961508063,0.13924398794959109,0.20246099660265465,0.007466633563762997
CaseStudy,Unobserved_Confounder,d30,UWYK 2D (v3a),malc,300,0.9993333333333332,0.04933333333333323,0.000404361211783408,3.817797985194423,0.15787756387372734,3.820486755631981,0.15772905223395917,0.19170377584809883,0.0073566437164085
CaseStudy,Unobserved_Confounder,d40,UWYK 2D (v3a),malc,300,0.9999666666666667,0.049966666666666715,3.3333333333333355e-05,3.7139828897254756,0.1439225909774387,3.714354055743644,0.1439089744445176,0.18756477325796175,0.007429614823967861
CaseStudy,Unobserved_Confounder,d50,UWYK 2D (v3a),malc,300,1.0,0.050000000000000044,0.0,3.9872918421727443,0.13914616449566214,3.9872918421727443,0.13914616449566214,0.19663580421339072,0.006774710794413258
CaseStudy,Unobserved_Confounder,pooled,CausalPFN 1D,malc,1800,0.9883444444444445,0.038344444444444514,0.001194177405790556,2.7154279547929,0.0781639220859297,2.7492857822690686,0.07801058706620113,0.20769132971001947,0.0051865921938656105
CaseStudy,Unobserved_Confounder,shift-2,CausalPFN 1D,malc,600,0.9850999999999999,0.03509999999999991,0.002099628978539697,2.8064375882049233,0.14270448004927644,2.8529913392537467,0.14220696871331945,0.21897563374478177,0.00903584429550688
CaseStudy,Unobserved_Confounder,shift0,CausalPFN 1D,malc,600,0.9947166666666667,0.04471666666666674,0.0010641000614732175,2.476194621131502,0.11555308211183535,2.4905379370528986,0.11559354442732778,0.18685200671259833,0.008794299829579195
CaseStudy,Unobserved_Confounder,shift+2,CausalPFN 1D,malc,600,0.9852166666666669,0.035216666666666896,0.002684469562456731,2.863651655042275,0.14554878992683953,2.904328070500561,0.14518015867218845,0.21724634867267842,0.009071929782240664
CaseStudy,Unobserved_Confounder,d5,CausalPFN 1D,malc,300,0.9519666666666666,0.001966666666666672,0.006342983611831488,2.455740472153761,0.17246801262548048,2.6084103846296305,0.17175611380219769,0.29743680952269136,0.021530002381345253
CaseStudy,Unobserved_Confounder,d10,CausalPFN 1D,malc,300,0.9903333333333334,0.04033333333333344,0.0018238072159785332,1.8177161715024939,0.10857827894750212,1.8333056490000361,0.10820969617471596,0.18314738878219816,0.009096070898119191
CaseStudy,Unobserved_Confounder,d20,CausalPFN 1D,malc,300,0.9979333333333333,0.04793333333333338,0.0004712310624657796,2.348421889107261,0.14291373223983755,2.3514375148384548,0.14287521457656135,0.16757767498555823,0.008436126787546863
CaseStudy,Unobserved_Confounder,d30,CausalPFN 1D,malc,300,0.9982333333333334,0.04823333333333346,0.000991399282877454,2.971996207902004,0.18737891136940057,2.9748688509064865,0.1873668510038522,0.19980533328182318,0.010690937618423322
CaseStudy,Unobserved_Confounder,d40,CausalPFN 1D,malc,300,0.9952333333333333,0.04523333333333335,0.000993196851150686,2.976943407172073,0.21034272905517726,2.9969182686078812,0.20996785518246572,0.1897765061784491,0.009690648096811298
CaseStudy,Unobserved_Confounder,d50,CausalPFN 1D,malc,300,0.9963666666666665,0.046366666666666556,0.0005315011729444475,3.7217495809198073,0.2683985085094576,3.7307740256319253,0.26810347858370637,0.20840426550939697,0.010481239792036402
CaseStudy,Unobserved_Confounder,pooled,CausalPFN 2D,malc,1800,0.9982000000000001,0.04820000000000013,0.00024812806677368225,3.4574268567560154,0.051618631542681224,3.496709295394213,0.05522034961551768,0.27567179721934965,0.005605938139427192
CaseStudy,Unobserved_Confounder,shift-2,CausalPFN 2D,malc,600,0.9988666666666666,0.048866666666666614,0.000294776134998107,3.7873355706867473,0.08341201802500152,3.8288717221531177,0.09040409602164652,0.292816476120965,0.00947465365900061
CaseStudy,Unobserved_Confounder,shift0,CausalPFN 2D,malc,600,0.9967166666666666,0.04671666666666663,0.0006138628372924348,2.8312356381902095,0.0952642763819271,2.8762005800796175,0.10163020754642418,0.2423671415997479,0.010105810499258008
CaseStudy,Unobserved_Confounder,shift+2,CausalPFN 2D,malc,600,0.9990166666666668,0.04901666666666682,0.000292361641212485,3.753709361391087,0.0836141215351341,3.7850555839499034,0.08948038907971713,0.29183177393733606,0.009406315171134444
CaseStudy,Unobserved_Confounder,d5,CausalPFN 2D,malc,300,0.9936000000000001,0.043600000000000194,0.0012832511664903228,3.7215474050832595,0.15978291491570193,3.8757477825024034,0.19180059282477444,0.36351711365645883,0.023610419096115068
CaseStudy,Unobserved_Confounder,d10,CausalPFN 2D,malc,300,0.9989,0.048900000000000055,0.00048081359884459443,3.1718853960585793,0.1045457952463343,3.1762310020852786,0.10444729829383162,0.2542026257124295,0.009415919211702404
CaseStudy,Unobserved_Confounder,d20,CausalPFN 2D,malc,300,0.9994333333333335,0.04943333333333355,0.00016369706729263097,3.4264768541135293,0.11320031248339114,3.4307112252664713,0.11352181892334533,0.25546854074806413,0.009854837654684147
CaseStudy,Unobserved_Confounder,d30,CausalPFN 2D,malc,300,0.9985333333333334,0.04853333333333343,0.00040557248123179664,3.5508300981434484,0.13117724712900272,3.5949202387404737,0.13723581427819678,0.276115542474661,0.012857492920943238
CaseStudy,Unobserved_Confounder,d40,CausalPFN 2D,malc,300,0.9994333333333333,0.04943333333333333,0.00017037131285452842,3.3680835379732748,0.11984624792116481,3.378162420831631,0.12127949812063053,0.2455809718167696,0.009672040696523426
CaseStudy,Unobserved_Confounder,d50,CausalPFN 2D,malc,300,0.9993000000000001,0.04930000000000012,0.00019333948400626372,3.505737849163999,0.12153411945005772,3.524483102939019,0.1226114893764025,0.2591459889077148,0.009987904821826763
CaseStudy,Unobserved_Confounder,pooled,Do-PFN (matched resolution),malc,1800,0.9810666666666668,0.031066666666666798,0.0017457742551614626,13.252428139930887,0.1191237073170475,15.248926991108105,0.20528397625415595,0.9309980247676657,0.0095983333498375
CaseStudy,Unobserved_Confounder,shift-2,Do-PFN (matched resolution),malc,600,0.9747333333333332,0.024733333333333274,0.0033435946676336693,13.307400676482576,0.21018468482417677,15.864759367107895,0.3583177240493442,1.0478786157072228,0.01474561679158711
CaseStudy,Unobserved_Confounder,shift0,Do-PFN (matched resolution),malc,600,0.9978000000000001,0.047800000000000176,0.0006153662083630388,12.59637656015459,0.18811549855739443,12.69301895317155,0.18407933717148592,0.6597475503535222,0.008319764569633853
CaseStudy,Unobserved_Confounder,shift+2,Do-PFN (matched resolution),malc,600,0.9706666666666668,0.020666666666666833,0.003897023582533151,13.853507183155495,0.21671287545262963,17.189002653044856,0.4467619092392212,1.0853679082422518,0.018920910552765766
CaseStudy,Unobserved_Confounder,d5,Do-PFN (matched resolution),malc,300,0.8949666666666667,0.05503333333333327,0.008811097989974124,6.248909881282204,0.18927001226731796,17.723420977463682,1.1087937324797126,1.1495039224664307,0.04476606392162207
CaseStudy,Unobserved_Confounder,d10,Do-PFN (matched resolution),malc,300,0.9914999999999999,0.04149999999999998,0.001562610085308168,9.94856037243291,0.15886997974554265,10.451983574769093,0.16779343971682978,0.9697803429937555,0.024105928353664364
CaseStudy,Unobserved_Confounder,d20,Do-PFN (matched resolution),malc,300,0.9999333333333333,0.049933333333333385,4.7061555869701135e-05,14.07924399693402,0.1802288188095761,14.080302805479654,0.18015838440751197,0.8758352254256669,0.012311252771429994
CaseStudy,Unobserved_Confounder,d30,Do-PFN (matched resolution),malc,300,1.0,0.050000000000000044,0.0,15.570765271261006,0.21159890108418303,15.570765271261006,0.21159890108418303,0.8421706477735081,0.011270369478479265
CaseStudy,Unobserved_Confounder,d40,Do-PFN (matched resolution),malc,300,1.0,0.050000000000000044,0.0,16.601298356709155,0.18117267900495662,16.601298356709155,0.18117267900495662,0.8629904482015696,0.01059144606986137
CaseStudy,Unobserved_Confounder,d50,Do-PFN (matched resolution),malc,300,1.0,0.050000000000000044,0.0,17.065790960966027,0.18488261038168471,17.065790960966027,0.18488261038168471,0.885707561745063,0.011241970763305733
CaseStudy,Unobserved_Confounder,pooled,UWYK No-Anc (matched resolution),malc,1800,0.9946222222222223,0.04462222222222234,0.000498822995833173,5.373656600537953,0.10940374304365831,5.414801667710346,0.10923611463486928,0.5043813647568218,0.007603153348258889
CaseStudy,Unobserved_Confounder,shift-2,UWYK No-Anc (matched resolution),malc,600,0.9917999999999999,0.04179999999999995,0.0010318468134421332,6.258032480561339,0.17901474073044707,6.326981303386408,0.17797105465122706,0.6590106833720012,0.009575955744023498
CaseStudy,Unobserved_Confounder,shift0,UWYK No-Anc (matched resolution),malc,600,0.9998333333333335,0.04983333333333351,0.00010527719107075259,3.657962960408992,0.18780799955783964,3.6582375729784387,0.1878016141785181,0.19851429623654718,0.009820180996344477
CaseStudy,Unobserved_Confounder,shift+2,UWYK No-Anc (matched resolution),malc,600,0.9922333333333334,0.042233333333333456,0.001047836541249052,6.204974360643526,0.18207342857061093,6.259186126766193,0.18121432806441168,0.655619114661917,0.009921134325532035
CaseStudy,Unobserved_Confounder,d5,UWYK No-Anc (matched resolution),malc,300,0.9873,0.0373,0.0022941761369077987,4.952057159119009,0.2316424787225263,5.076032309693698,0.23163301344385884,0.5273592971728553,0.01898571227893792
CaseStudy,Unobserved_Confounder,d10,UWYK No-Anc (matched resolution),malc,300,0.9918666666666667,0.04186666666666672,0.0013236324916201393,4.354265620031081,0.19868547092339317,4.409415221776191,0.19847783933336693,0.4998376657150277,0.017930102455313457
CaseStudy,Unobserved_Confounder,d20,UWYK No-Anc (matched resolution),malc,300,0.9956,0.045600000000000085,0.0009057723965415806,5.41446474368531,0.2737587625968867,5.436121563721245,0.2734585954028526,0.530318776547102,0.01922224478347743
CaseStudy,Unobserved_Confounder,d30,UWYK No-Anc (matched resolution),malc,300,0.9967999999999999,0.04679999999999995,0.0006204252865832309,6.033231873859934,0.3093050859469717,6.05571661623927,0.30886652678013077,0.5143566722234374,0.019324024422887737
CaseStudy,Unobserved_Confounder,d40,UWYK No-Anc (matched resolution),malc,300,0.9974,0.0474,0.0005233883262189717,5.57250371801529,0.28416703477251504,5.588615352485653,0.283882128903163,0.5020132715021468,0.019008383906386712
CaseStudy,Unobserved_Confounder,d50,UWYK No-Anc (matched resolution),malc,300,0.9987666666666667,0.048766666666666736,0.0004255453143521563,5.915416488517088,0.28451447501279226,5.922908942346024,0.2843404701502793,0.4524025053803616,0.016948047585910085
CaseStudy,Unobserved_Confounder,pooled,UWYK Anc (matched resolution),malc,1800,0.9993166666666666,0.049316666666666675,0.00010104069067586686,4.092596044418601,0.10724805404413884,4.10995602618766,0.10872685349217671,0.2631348053599219,0.006519346657426622
CaseStudy,Unobserved_Confounder,shift-2,UWYK Anc (matched resolution),malc,600,0.9994166666666668,0.049416666666666886,0.0001500865390630992,4.3208990453351594,0.18288410016183612,4.349352303015296,0.1883105460508936,0.2859882584738663,0.011099238493152627
CaseStudy,Unobserved_Confounder,shift0,UWYK Anc (matched resolution),malc,600,0.9994833333333334,0.049483333333333435,0.00016292260943408615,3.626728997267516,0.18649544650360772,3.6344505038643393,0.1877410198226093,0.21199045707466194,0.010835163939579588
CaseStudy,Unobserved_Confounder,shift+2,UWYK Anc (matched resolution),malc,600,0.9990500000000001,0.04905000000000015,0.0002067213652998947,4.330160090653126,0.18671854759279008,4.3460652716833446,0.18771894401889655,0.2914257005312376,0.011652202619021697
CaseStudy,Unobserved_Confounder,d5,UWYK Anc (matched resolution),malc,300,0.9977666666666668,0.047766666666666846,0.00044800644338945534,3.8026905222054803,0.2421375506853901,3.8321518849848597,0.2452838496605119,0.31803849307769366,0.02124091223433019
CaseStudy,Unobserved_Confounder,d10,UWYK Anc (matched resolution),malc,300,0.9989333333333333,0.048933333333333384,0.00029599080002174117,3.017452698712195,0.1950031365316262,3.0381200293365693,0.2003748325603513,0.227569650286457,0.012991055165629043
CaseStudy,Unobserved_Confounder,d20,UWYK Anc (matched resolution),malc,300,0.9995,0.0495000000000001,0.00023668558656925474,3.9730746810801354,0.2606495691797726,3.9746853540890545,0.26063091982372344,0.24624372446726236,0.014363292004030376
CaseStudy,Unobserved_Confounder,d30,UWYK Anc (matched resolution),malc,300,0.9999333333333333,0.049933333333333385,6.666666666666671e-05,4.67867522207247,0.3005154204219707,4.702311274721888,0.3069315646303511,0.2650330458237272,0.01595558526633007
CaseStudy,Unobserved_Confounder,d40,UWYK Anc (matched resolution),malc,300,0.9998666666666668,0.04986666666666684,6.633137535414974e-05,4.3293370526770545,0.2763803390010528,4.333774772952588,0.2773522179996709,0.25226997335938744,0.01485923994535157
CaseStudy,Unobserved_Confounder,d50,UWYK Anc (matched resolution),malc,300,0.9999000000000001,0.049900000000000166,5.754160919975792e-05,4.75434608976427,0.2773895603264861,4.778692841041002,0.28352932006496867,0.26965394514500396,0.014727224982696721
CaseStudy,Unobserved_Confounder,pooled,CausalPFN-C (matched resolution),malc,1800,0.9999722222222223,0.04997222222222231,1.2408781628369466e-05,4.656519532785783,0.09434617180277785,4.656579579461254,0.09434588779775085,0.31056403315988945,0.006459056941695437
CaseStudy,Unobserved_Confounder,shift-2,CausalPFN-C (matched resolution),malc,600,1.0,0.050000000000000044,0.0,4.970950493428836,0.15804185739148008,4.970950493428836,0.15804185739148008,0.33011630172639134,0.011031359619630397
CaseStudy,Unobserved_Confounder,shift0,CausalPFN-C (matched resolution),malc,600,0.9999166666666668,0.04991666666666683,3.714315780554696e-05,3.9200011265486676,0.16284268522565262,3.9201812665750775,0.16284256276014855,0.2696128720596708,0.011302014907368672
CaseStudy,Unobserved_Confounder,shift+2,CausalPFN-C (matched resolution),malc,600,1.0,0.050000000000000044,0.0,5.078606978379846,0.16533876185126345,5.078606978379846,0.16533876185126345,0.3319629256936062,0.011057299138552567
CaseStudy,Unobserved_Confounder,d5,CausalPFN-C (matched resolution),malc,300,0.9998666666666668,0.04986666666666684,6.633137535414974e-05,4.241582424524297,0.2045411530709938,4.241866092276245,0.20454268107691334,0.3645399724113035,0.02302531278705113
CaseStudy,Unobserved_Confounder,d10,CausalPFN-C (matched resolution),malc,300,0.9999666666666667,0.049966666666666715,3.333333333333335e-05,3.5950690045117835,0.1335032632587191,3.595145616812656,0.1334986616800108,0.26164034694088456,0.009741357861684988
CaseStudy,Unobserved_Confounder,d20,CausalPFN-C (matched resolution),malc,300,1.0,0.050000000000000044,0.0,4.329270881633699,0.17752776776022483,4.329270881633699,0.17752776776022483,0.27767966548043044,0.011223505790444961
CaseStudy,Unobserved_Confounder,d30,CausalPFN-C (matched resolution),malc,300,1.0,0.050000000000000044,0.0,5.055919795210143,0.24113504572175842,5.055919795210143,0.24113504572175842,0.3174602104977893,0.014805802273722064
CaseStudy,Unobserved_Confounder,d40,CausalPFN-C (matched resolution),malc,300,1.0,0.050000000000000044,0.0,5.076474120691647,0.26730380345644655,5.076474120691647,0.26730380345644655,0.3100647954698777,0.015477782482396202
CaseStudy,Unobserved_Confounder,d50,CausalPFN-C (matched resolution),malc,300,1.0,0.050000000000000044,0.0,5.64080097014313,0.3024845276296764,5.64080097014313,0.3024845276296764,0.33199920815905115,0.01652945982110998
CaseStudy,Frontdoor_Criterion,pooled,Do-PFN 1D,malc,1800,0.9937333333333334,0.0437333333333334,0.001188402566835402,4.191875625400188,0.08749404161504018,4.240085009526142,0.08971804919995717,0.224423074679282,0.004372274867919268
CaseStudy,Frontdoor_Criterion,shift-2,Do-PFN 1D,malc,600,0.9937333333333334,0.0437333333333334,0.0020595187570561055,4.191875625400187,0.15162843371894236,4.240085009526142,0.15548267088132806,0.22442307467928196,0.0075772152911648275
CaseStudy,Frontdoor_Criterion,shift0,Do-PFN 1D,malc,600,0.9937333333333334,0.0437333333333334,0.0020595187570561055,4.191875625400187,0.15162843371894236,4.240085009526142,0.15548267088132806,0.22442307467928196,0.0075772152911648275
CaseStudy,Frontdoor_Criterion,shift+2,Do-PFN 1D,malc,600,0.9937333333333334,0.0437333333333334,0.0020595187570561055,4.191875625400187,0.15162843371894236,4.240085009526142,0.15548267088132806,0.22442307467928196,0.0075772152911648275
CaseStudy,Frontdoor_Criterion,d5,Do-PFN 1D,malc,300,0.9631000000000001,0.013100000000000112,0.0068698824066308764,0.5255476589833136,0.02157601786403979,0.5360555610592955,0.021116180436632263,0.037121132523226984,0.0015401684295546752
CaseStudy,Frontdoor_Criterion,d10,Do-PFN 1D,malc,300,0.9999000000000001,0.049900000000000166,5.754160919975792e-05,3.7951771744390603,0.1978281626435297,3.9873804529954167,0.22825161488774245,0.21575126493147243,0.01030394317342839
CaseStudy,Frontdoor_Criterion,d20,Do-PFN 1D,malc,300,0.9999000000000001,0.049900000000000166,5.754160919975792e-05,5.324304417353042,0.23671096573909603,5.346680953462001,0.23740051244268787,0.2674332021989321,0.010903752588049776
CaseStudy,Frontdoor_Criterion,d30,Do-PFN 1D,malc,300,0.9996999999999999,0.049699999999999966,9.8653137160315e-05,4.788018295786302,0.143919803470713,4.836337297601023,0.14772035751130067,0.2575678585572136,0.007357693218596691
CaseStudy,Frontdoor_Criterion,d40,Do-PFN 1D,malc,300,1.0,0.050000000000000044,0.0,5.759328141395288,0.24653030965109912,5.759328141395288,0.24653030965109912,0.29998749030675914,0.012459093430206224
CaseStudy,Frontdoor_Criterion,d50,Do-PFN 1D,malc,300,0.9998000000000001,0.04980000000000018,8.096409047527371e-05,4.958878064444119,0.19515890553023116,4.974727650643826,0.19537914172083357,0.26867749955808773,0.01001159041991729
CaseStudy,Frontdoor_Criterion,pooled,Do-PFN 2D,malc,1800,0.9983333333333333,0.04833333333333334,0.0008386250367829413,1.8053754720924935,0.03970794024204688,1.8115952627621332,0.03983767287176414,0.11058210723832886,0.0023492177738973358
CaseStudy,Frontdoor_Criterion,shift-2,Do-PFN 2D,malc,600,0.9983333333333333,0.04833333333333334,0.0014533492619345314,1.805375472092494,0.06881443209124709,1.8115952627621335,0.06903926060623121,0.11058210723832886,0.004071228222465854
CaseStudy,Frontdoor_Criterion,shift0,Do-PFN 2D,malc,600,0.9983333333333333,0.04833333333333334,0.0014533492619345314,1.805375472092494,0.06881443209124709,1.8115952627621335,0.06903926060623121,0.11058210723832886,0.004071228222465854
CaseStudy,Frontdoor_Criterion,shift+2,Do-PFN 2D,malc,600,0.9983333333333333,0.04833333333333334,0.0014533492619345314,1.805375472092494,0.06881443209124709,1.8115952627621335,0.06903926060623121,0.11058210723832886,0.004071228222465854
CaseStudy,Frontdoor_Criterion,d5,Do-PFN 2D,malc,300,0.9995,0.0495000000000001,0.00015025062674119008,1.1020799643618717,0.05028008578773362,1.107865831056322,0.05113749087151615,0.08132885196467833,0.003857259644374905
CaseStudy,Frontdoor_Criterion,d10,Do-PFN 2D,malc,300,0.9904999999999999,0.04049999999999998,0.005011942259981782,1.5638967654667257,0.08513888138249032,1.5954296427901142,0.08723363485867681,0.11703752260807576,0.006428517016120215
CaseStudy,Frontdoor_Criterion,d20,Do-PFN 2D,malc,300,1.0,0.050000000000000044,0.0,2.1015101609047506,0.1134010018822221,2.1015101609047506,0.1134010018822221,0.1345812389468275,0.007133224706304593
CaseStudy,Frontdoor_Criterion,d30,Do-PFN 2D,malc,300,1.0,0.050000000000000044,0.0,1.8001057163161875,0.07294871460412071,1.8001057163161875,0.07294871460412071,0.1031185782658302,0.004081301189648797
CaseStudy,Frontdoor_Criterion,d40,Do-PFN 2D,malc,300,1.0,0.050000000000000044,0.0,2.3537909404282216,0.1227598696202461,2.3537909404282216,0.1227598696202461,0.1257423426810335,0.006443550648411994
CaseStudy,Frontdoor_Criterion,d50,Do-PFN 2D,malc,300,1.0,0.050000000000000044,0.0,1.910869285077205,0.10347150848868125,1.910869285077205,0.10347150848868125,0.10168410896352789,0.005274502864283387
CaseStudy,Frontdoor_Criterion,pooled,Do-PFN 2D (262k),malc,300,0.9991000000000001,0.049100000000000144,0.00020191391920625686,1.080984971798949,0.04812029419062226,1.0857105189892575,0.04871733868922167,0.08375135868537407,0.003960740068324524
CaseStudy,Frontdoor_Criterion,shift-2,Do-PFN 2D (262k),malc,100,0.9991,0.04910000000000003,0.00035090071691478965,1.080984971798949,0.08362695249549043,1.0857105189892575,0.08466453991597211,0.08375135868537407,0.006883262604934571
CaseStudy,Frontdoor_Criterion,shift0,Do-PFN 2D (262k),malc,100,0.9991,0.04910000000000003,0.00035090071691478965,1.080984971798949,0.08362695249549043,1.0857105189892575,0.08466453991597211,0.08375135868537407,0.006883262604934571
CaseStudy,Frontdoor_Criterion,shift+2,Do-PFN 2D (262k),malc,100,0.9991,0.04910000000000003,0.00035090071691478965,1.080984971798949,0.08362695249549043,1.0857105189892575,0.08466453991597211,0.08375135868537407,0.006883262604934571
CaseStudy,Frontdoor_Criterion,d5,Do-PFN 2D (262k),malc,300,0.9991000000000001,0.049100000000000144,0.00020191391920625686,1.080984971798949,0.04812029419062226,1.0857105189892575,0.04871733868922167,0.08375135868537407,0.003960740068324524
CaseStudy,Frontdoor_Criterion,pooled,UWYK 1D (noanc),malc,1800,0.99975,0.04975000000000007,0.0001349671759929651,4.194180393108835,0.12404018421893502,4.194432388612469,0.12403622751046385,0.18118941501838395,0.004694542441592666
CaseStudy,Frontdoor_Criterion,shift-2,UWYK 1D (noanc),malc,600,0.99975,0.04975000000000007,0.00023390005903858302,4.194180393108835,0.21496342498473744,4.19443238861247,0.21495656795199453,0.18118941501838393,0.008135709635836881
CaseStudy,Frontdoor_Criterion,shift0,UWYK 1D (noanc),malc,600,0.99975,0.04975000000000007,0.00023390005903858302,4.194180393108835,0.21496342498473744,4.19443238861247,0.21495656795199453,0.18118941501838393,0.008135709635836881
CaseStudy,Frontdoor_Criterion,shift+2,UWYK 1D (noanc),malc,600,0.99975,0.04975000000000007,0.00023390005903858302,4.194180393108835,0.21496342498473744,4.19443238861247,0.21495656795199453,0.18118941501838393,0.008135709635836881
CaseStudy,Frontdoor_Criterion,d5,UWYK 1D (noanc),malc,300,0.9984999999999998,0.04849999999999988,0.0008070550121535335,2.733570503314901,0.23273423817773897,2.735082476336713,0.23268982855119122,0.13322756905788427,0.009829924752954708
CaseStudy,Frontdoor_Criterion,d10,UWYK 1D (noanc),malc,300,1.0,0.050000000000000044,0.0,3.4548237291220723,0.3067380575374349,3.4548237291220723,0.3067380575374349,0.15004638878739235,0.011857614865624984
CaseStudy,Frontdoor_Criterion,d20,UWYK 1D (noanc),malc,300,1.0,0.050000000000000044,0.0,5.197890798877323,0.36183679769469923,5.197890798877323,0.36183679769469923,0.2107850743524754,0.013327379676383205
CaseStudy,Frontdoor_Criterion,d30,UWYK 1D (noanc),malc,300,1.0,0.050000000000000044,0.0,3.8932385047172753,0.2243640453389231,3.8932385047172753,0.2243640453389231,0.16791357046911676,0.007861906235934064
CaseStudy,Frontdoor_Criterion,d40,UWYK 1D (noanc),malc,300,1.0,0.050000000000000044,0.0,5.537283574419077,0.35709644864366097,5.537283574419077,0.35709644864366097,0.2302395657380263,0.013737929988095835
CaseStudy,Frontdoor_Criterion,d50,UWYK 1D (noanc),malc,300,1.0,0.050000000000000044,0.0,4.348275248202359,0.28223035202422286,4.348275248202359,0.28223035202422286,0.19492432170540858,0.010348048135589582
CaseStudy,Frontdoor_Criterion,pooled,UWYK 1D (v3a),malc,1800,0.9995666666666667,0.04956666666666676,0.0002500460089835662,3.781033002274006,0.11543189743977127,3.7814221727186235,0.11542595061630162,0.1700672386595428,0.004511078756815461
CaseStudy,Frontdoor_Criterion,shift-2,UWYK 1D (v3a),malc,600,0.9995666666666667,0.04956666666666676,0.00043333333333333337,3.7810330022740057,0.20004514006802257,3.781422172718623,0.20003483413733678,0.1700672386595428,0.007817764428899594
CaseStudy,Frontdoor_Criterion,shift0,UWYK 1D (v3a),malc,600,0.9995666666666667,0.04956666666666676,0.00043333333333333337,3.7810330022740057,0.20004514006802257,3.781422172718623,0.20003483413733678,0.1700672386595428,0.007817764428899594
CaseStudy,Frontdoor_Criterion,shift+2,UWYK 1D (v3a),malc,600,0.9995666666666667,0.04956666666666676,0.00043333333333333337,3.7810330022740057,0.20004514006802257,3.781422172718623,0.20003483413733678,0.1700672386595428,0.007817764428899594
CaseStudy,Frontdoor_Criterion,d5,UWYK 1D (v3a),malc,300,0.9974000000000001,0.04740000000000011,0.001496081839193704,2.152310315155414,0.17399954110740085,2.15464533782312,0.17393016655376947,0.12015599491993117,0.00871513798384898
CaseStudy,Frontdoor_Criterion,d10,UWYK 1D (v3a),malc,300,1.0,0.050000000000000044,0.0,3.031504302694821,0.2792872136759636,3.031504302694821,0.2792872136759636,0.13789526924150275,0.011059813791707219
CaseStudy,Frontdoor_Criterion,d20,UWYK 1D (v3a),malc,300,1.0,0.050000000000000044,0.0,4.827946368488609,0.34655745761468865,4.827946368488609,0.34655745761468865,0.19957109764976436,0.012927752964303017
CaseStudy,Frontdoor_Criterion,d30,UWYK 1D (v3a),malc,300,1.0,0.050000000000000044,0.0,3.5552993473538406,0.2091623225890822,3.5552993473538406,0.2091623225890822,0.15763880735397587,0.007640726851450309
CaseStudy,Frontdoor_Criterion,d40,UWYK 1D (v3a),malc,300,1.0,0.050000000000000044,0.0,5.147604528339868,0.34072005832315094,5.147604528339868,0.34072005832315094,0.22056603628556956,0.013327107915028719
CaseStudy,Frontdoor_Criterion,d50,UWYK 1D (v3a),malc,300,1.0,0.050000000000000044,0.0,3.9715331516114807,0.26804325237059695,3.9715331516114807,0.26804325237059695,0.1845762265065131,0.010430210396955988
CaseStudy,Frontdoor_Criterion,pooled,UWYK 2D (noanc),malc,1800,0.9994333333333334,0.04943333333333344,0.0001434356146649789,2.181935075543757,0.03618527979687496,2.1842130449609316,0.03628326692776171,0.13282994909396126,0.00268400767686578
CaseStudy,Frontdoor_Criterion,shift-2,UWYK 2D (noanc),malc,600,0.9994333333333335,0.04943333333333355,0.0002485759851722964,2.181935075543757,0.0627096108261008,2.1842130449609316,0.06287942393459042,0.13282994909396123,0.004651423944082806
CaseStudy,Frontdoor_Criterion,shift0,UWYK 2D (noanc),malc,600,0.9994333333333335,0.04943333333333355,0.0002485759851722964,2.181935075543757,0.0627096108261008,2.1842130449609316,0.06287942393459042,0.13282994909396123,0.004651423944082806
CaseStudy,Frontdoor_Criterion,shift+2,UWYK 2D (noanc),malc,600,0.9994333333333335,0.04943333333333355,0.0002485759851722964,2.181935075543757,0.0627096108261008,2.1842130449609316,0.06287942393459042,0.13282994909396123,0.004651423944082806
CaseStudy,Frontdoor_Criterion,d5,UWYK 2D (noanc),malc,300,0.9998000000000001,0.04980000000000018,0.00011508321839951581,2.701837116754247,0.10597874152087934,2.702178593787862,0.10599080759093958,0.201473885695464,0.009480151540604055
CaseStudy,Frontdoor_Criterion,d10,UWYK 2D (noanc),malc,300,0.9992,0.04920000000000002,0.0002912319582595733,2.1762102604717986,0.09846607020374876,2.1820802900905383,0.10005458311541712,0.1420294195854257,0.0071488065144285065
CaseStudy,Frontdoor_Criterion,d20,UWYK 2D (noanc),malc,300,0.9995999999999999,0.04959999999999998,0.00013975611820328608,1.9146932289208776,0.07207416721150657,1.9165793925475483,0.07206116204810126,0.11831538092813294,0.005180641887674348
CaseStudy,Frontdoor_Criterion,d30,UWYK 2D (noanc),malc,300,0.9999000000000001,0.049900000000000166,5.754160919975792e-05,1.8499703573400106,0.057532888287514974,1.8503190238439167,0.05750332678395721,0.10040032496852007,0.0035989548748258655
CaseStudy,Frontdoor_Criterion,d40,UWYK 2D (noanc),malc,300,0.9994,0.0494,0.00024289227142582106,2.2472195599162497,0.1024611650274911,2.2480455597870272,0.1024174776201596,0.11927105272544831,0.006023891018200725
CaseStudy,Frontdoor_Criterion,d50,UWYK 2D (noanc),malc,300,0.9987,0.04870000000000008,0.0007480409195968522,2.2016799298593592,0.07623444734247145,2.2060754097086974,0.07593751110042885,0.1154896306607765,0.004595755985823745
CaseStudy,Frontdoor_Criterion,pooled,UWYK 2D (v3a),malc,1800,0.9993666666666667,0.04936666666666678,0.00014898623933798252,2.6248306899757448,0.04081691471910157,2.626724317360682,0.04080480645128482,0.15645306836308653,0.0028555578308965893
CaseStudy,Frontdoor_Criterion,shift-2,UWYK 2D (v3a),malc,600,0.9993666666666666,0.04936666666666667,0.00025819529763967903,2.6248306899757443,0.0707363008252339,2.626724317360682,0.07071531702279188,0.1564530683630865,0.004948722830724516
CaseStudy,Frontdoor_Criterion,shift0,UWYK 2D (v3a),malc,600,0.9993666666666666,0.04936666666666667,0.00025819529763967903,2.6248306899757443,0.0707363008252339,2.626724317360682,0.07071531702279188,0.1564530683630865,0.004948722830724516
CaseStudy,Frontdoor_Criterion,shift+2,UWYK 2D (v3a),malc,600,0.9993666666666666,0.04936666666666667,0.00025819529763967903,2.6248306899757443,0.0707363008252339,2.626724317360682,0.07071531702279188,0.1564530683630865,0.004948722830724516
CaseStudy,Frontdoor_Criterion,d5,UWYK 2D (v3a),malc,300,0.9985,0.0485000000000001,0.0005386406773204321,2.755316275682854,0.1048934961967476,2.7606349221970126,0.1050430072543717,0.21434360682570333,0.0103388113042272
CaseStudy,Frontdoor_Criterion,d10,UWYK 2D (v3a),malc,300,0.9998000000000001,0.04980000000000018,0.00011508321839951578,2.487422381188613,0.09996175368016577,2.487727216563445,0.09994610996504724,0.15830724538883031,0.006577673285597769
CaseStudy,Frontdoor_Criterion,d20,UWYK 2D (v3a),malc,300,0.9995999999999999,0.04959999999999998,0.00018141030565173405,2.3957473119695307,0.08804537935689548,2.3971515766866327,0.08800359039409887,0.14188013328043417,0.005891589208678966
CaseStudy,Frontdoor_Criterion,d30,UWYK 2D (v3a),malc,300,0.9999000000000001,0.049900000000000166,5.754160919975792e-05,2.478185977780262,0.08125549906951623,2.478420568795124,0.08123622565266975,0.12934540456324317,0.004413854880102873
CaseStudy,Frontdoor_Criterion,d40,UWYK 2D (v3a),malc,300,0.9995,0.0495000000000001,0.0002366855865692548,2.8034844203380445,0.1216202630490404,2.8045524519404275,0.1215520921932613,0.1474149808067579,0.006903145979868163
CaseStudy,Frontdoor_Criterion,d50,UWYK 2D (v3a),malc,300,0.9988999999999999,0.048899999999999944,0.0006329577011973363,2.828827772895162,0.09689948960267503,2.83185916798145,0.09667047896318483,0.1474270393135501,0.005237661639566705
CaseStudy,Frontdoor_Criterion,pooled,CausalPFN 1D,malc,1800,0.99825,0.048250000000000015,0.00022749349191610697,1.2386936722296014,0.05035759232134921,1.2487061435063904,0.050594831770398155,0.08551697662973509,0.0031497282505275567
CaseStudy,Frontdoor_Criterion,shift-2,CausalPFN 1D,malc,600,0.9982500000000001,0.048250000000000126,0.0003942494965801487,1.2386936722296014,0.08727043246143351,1.2487061435063904,0.08768157184203168,0.08551697662973509,0.0054585244029428945
CaseStudy,Frontdoor_Criterion,shift0,CausalPFN 1D,malc,600,0.9982500000000001,0.048250000000000126,0.0003942494965801487,1.2386936722296014,0.08727043246143351,1.2487061435063904,0.08768157184203168,0.08551697662973509,0.0054585244029428945
CaseStudy,Frontdoor_Criterion,shift+2,CausalPFN 1D,malc,600,0.9982500000000001,0.048250000000000126,0.0003942494965801487,1.2386936722296014,0.08727043246143351,1.2487061435063904,0.08768157184203168,0.08551697662973509,0.0054585244029428945
CaseStudy,Frontdoor_Criterion,d5,CausalPFN 1D,malc,300,0.9969999999999999,0.04699999999999993,0.0007337993857053428,0.5910786440686322,0.03281861325241018,0.601663345999897,0.034475883099844146,0.04800796382493144,0.0032092847512905564
CaseStudy,Frontdoor_Criterion,d10,CausalPFN 1D,malc,300,0.9958,0.04580000000000006,0.001041545031917346,0.7011615824629226,0.06169300910117079,0.7481022938402695,0.06914064628453975,0.06366150544267556,0.006576524483778298
CaseStudy,Frontdoor_Criterion,d20,CausalPFN 1D,malc,300,0.9998000000000001,0.04980000000000018,8.09640904752737e-05,1.4985246735983406,0.11906948027850725,1.4986539001003902,0.11906899107904309,0.10940041519912871,0.00875573946234269
CaseStudy,Frontdoor_Criterion,d30,CausalPFN 1D,malc,300,0.9993000000000001,0.04930000000000012,0.00022029168866220437,1.0115870735842023,0.08043085047626897,1.011930859553221,0.08041965446468838,0.07613997234684809,0.006082175961976357
CaseStudy,Frontdoor_Criterion,d40,CausalPFN 1D,malc,300,0.9995999999999999,0.04959999999999998,0.00011332611951597265,2.0036579980264078,0.17398045183352231,2.0040035015098967,0.17397026422440537,0.12505689619858137,0.010565533579068032
CaseStudy,Frontdoor_Criterion,d50,CausalPFN 1D,malc,300,0.9979999999999999,0.04799999999999993,0.00036575847797972784,1.626152061637103,0.17470232340565084,1.6278829600346678,0.1746652958698909,0.0908351067662454,0.00809191435398791
CaseStudy,Frontdoor_Criterion,pooled,CausalPFN 2D,malc,1800,0.9994166666666667,0.049416666666666775,0.00015489012803702277,2.4879282494040478,0.0479619161231343,2.494100497963009,0.04807589440301386,0.1725406280086866,0.003751467730246923
CaseStudy,Frontdoor_Criterion,shift-2,CausalPFN 2D,malc,600,0.9994166666666668,0.049416666666666886,0.00026842682174991686,2.4879282494040478,0.0831186911207908,2.494100497963009,0.08331621712070011,0.17254062800868658,0.006501347584184696
CaseStudy,Frontdoor_Criterion,shift0,CausalPFN 2D,malc,600,0.9994166666666668,0.049416666666666886,0.00026842682174991686,2.4879282494040478,0.0831186911207908,2.494100497963009,0.08331621712070011,0.17254062800868658,0.006501347584184696
CaseStudy,Frontdoor_Criterion,shift+2,CausalPFN 2D,malc,600,0.9994166666666668,0.049416666666666886,0.00026842682174991686,2.4879282494040478,0.0831186911207908,2.494100497963009,0.08331621712070011,0.17254062800868658,0.006501347584184696
CaseStudy,Frontdoor_Criterion,d5,CausalPFN 2D,malc,300,0.9981,0.04810000000000003,0.0007745750804046995,2.291457928561986,0.11138750398638911,2.3108953818894626,0.1119564851758809,0.15285628110458377,0.008101747797207227
CaseStudy,Frontdoor_Criterion,d10,CausalPFN 2D,malc,300,0.9997,0.04970000000000008,0.0001281460287417221,2.3133902575126886,0.1147927986927506,2.31569496252282,0.1148753086857,0.1564857986276384,0.008538971289660923
CaseStudy,Frontdoor_Criterion,d20,CausalPFN 2D,malc,300,1.0,0.050000000000000044,0.0,2.7395561005398927,0.1322541994529465,2.7395561005398927,0.1322541994529465,0.1924804618291626,0.010309180868365644
CaseStudy,Frontdoor_Criterion,d30,CausalPFN 2D,malc,300,0.9992,0.04920000000000002,0.00046033287359806263,2.3067917380362153,0.08111365007344093,2.319532934907019,0.08270192124555945,0.16108198305590915,0.007014347534459318
CaseStudy,Frontdoor_Criterion,d40,CausalPFN 2D,malc,300,0.9998000000000001,0.04980000000000018,0.00011508321839951581,2.8946858040503565,0.14325123038571294,2.895471524465471,0.14323158072048045,0.2072033790262218,0.011707518691946715
CaseStudy,Frontdoor_Criterion,d50,CausalPFN 2D,malc,300,0.9996999999999999,0.049699999999999966,0.00012814602874172213,2.381687667723149,0.1082755043812199,2.383452083453387,0.10844298408231243,0.16513586440860376,0.008296454197556341
CaseStudy,Frontdoor_Criterion,pooled,Do-PFN (matched resolution),malc,1800,0.9965666666666667,0.046566666666666756,0.0005784142363766511,11.36851037207879,0.1290227445676843,11.606812840110175,0.13604001512624936,0.5799251312814345,0.005739974954581175
CaseStudy,Frontdoor_Criterion,shift-2,Do-PFN (matched resolution),malc,600,0.9965666666666667,0.046566666666666756,0.0010024001987291144,11.36851037207879,0.2235982738001006,11.606812840110173,0.23575930470159642,0.5799251312814345,0.009947459231320835
CaseStudy,Frontdoor_Criterion,shift0,Do-PFN (matched resolution),malc,600,0.9965666666666667,0.046566666666666756,0.0010024001987291144,11.36851037207879,0.2235982738001006,11.606812840110173,0.23575930470159642,0.5799251312814345,0.009947459231320835
CaseStudy,Frontdoor_Criterion,shift+2,Do-PFN (matched resolution),malc,600,0.9965666666666667,0.046566666666666756,0.0010024001987291144,11.36851037207879,0.2235982738001006,11.606812840110173,0.23575930470159642,0.5799251312814345,0.009947459231320835
CaseStudy,Frontdoor_Criterion,d5,Do-PFN (matched resolution),malc,300,0.9796,0.02960000000000007,0.0033039147753550426,1.9089150754824895,0.060769715136912705,3.3357286624315003,0.3944117011688748,0.21498065675866257,0.012295887280379416
CaseStudy,Frontdoor_Criterion,d10,Do-PFN (matched resolution),malc,300,0.9998000000000001,0.04980000000000018,8.096409047527371e-05,9.051401864059466,0.19503205252562655,9.05440308529876,0.19487415129392452,0.5592935476370077,0.014438986949673913
CaseStudy,Frontdoor_Criterion,d20,Do-PFN (matched resolution),malc,300,1.0,0.050000000000000044,0.0,13.138762360938372,0.18221232748614247,13.138762360938372,0.18221232748614247,0.6524039516824075,0.008558219084444693
CaseStudy,Frontdoor_Criterion,d30,Do-PFN (matched resolution),malc,300,1.0,0.050000000000000044,0.0,13.871744146015335,0.13258837896730732,13.871744146015335,0.13258837896730732,0.65890979503004,0.006658899879683685
CaseStudy,Frontdoor_Criterion,d40,Do-PFN (matched resolution),malc,300,1.0,0.050000000000000044,0.0,15.199253870399767,0.18792466002562105,15.199253870399767,0.18792466002562105,0.7082831900961986,0.008689446879596633
CaseStudy,Frontdoor_Criterion,d50,Do-PFN (matched resolution),malc,300,1.0,0.050000000000000044,0.0,15.040984915577306,0.1739893037848367,15.040984915577306,0.1739893037848367,0.6856796464842906,0.007671176262413788
CaseStudy,Frontdoor_Criterion,pooled,UWYK No-Anc (matched resolution),malc,1800,0.9997833333333334,0.0497833333333334,8.319981892817248e-05,2.9426035134200488,0.10154437417736768,2.943158712063143,0.10153751489458758,0.15341810515838264,0.005201868460225858
CaseStudy,Frontdoor_Criterion,shift-2,UWYK No-Anc (matched resolution),malc,600,0.9997833333333334,0.0497833333333334,0.00014418648398121102,2.9426035134200488,0.17597786232380125,2.9431587120631426,0.17596597508799425,0.15341810515838264,0.009014912929801467
CaseStudy,Frontdoor_Criterion,shift0,UWYK No-Anc (matched resolution),malc,600,0.9997833333333334,0.0497833333333334,0.00014418648398121102,2.9426035134200488,0.17597786232380125,2.9431587120631426,0.17596597508799425,0.15341810515838264,0.009014912929801467
CaseStudy,Frontdoor_Criterion,shift+2,UWYK No-Anc (matched resolution),malc,600,0.9997833333333334,0.0497833333333334,0.00014418648398121102,2.9426035134200488,0.17597786232380125,2.9431587120631426,0.17596597508799425,0.15341810515838264,0.009014912929801467
CaseStudy,Frontdoor_Criterion,d5,UWYK No-Anc (matched resolution),malc,300,0.9993000000000001,0.04930000000000012,0.0004027912643983047,1.5500849050271786,0.10920377170039242,1.5511550505438736,0.10917416827106421,0.09498577937701744,0.006425669416919327
CaseStudy,Frontdoor_Criterion,d10,UWYK No-Anc (matched resolution),malc,300,1.0,0.050000000000000044,0.0,2.201980218475205,0.21138904981934598,2.201980218475205,0.21138904981934598,0.11920568311654002,0.011241053370958706
CaseStudy,Frontdoor_Criterion,d20,UWYK No-Anc (matched resolution),malc,300,1.0,0.050000000000000044,0.0,4.029360612095297,0.31661526348723,4.029360612095297,0.31661526348723,0.20354625042803273,0.016269364301612625
CaseStudy,Frontdoor_Criterion,d30,UWYK No-Anc (matched resolution),malc,300,0.9995,0.0495000000000001,0.0002877080459987895,2.7232862031343053,0.19234295917741107,2.725112651478663,0.19227768342434287,0.1358337349874924,0.008389371065559249
CaseStudy,Frontdoor_Criterion,d40,UWYK No-Anc (matched resolution),malc,300,1.0,0.050000000000000044,0.0,4.219238886723271,0.3260761536288548,4.219238886723271,0.3260761536288548,0.21506517662875893,0.017205307807176544
CaseStudy,Frontdoor_Criterion,d50,UWYK No-Anc (matched resolution),malc,300,0.9999000000000001,0.049900000000000166,5.754160919975792e-05,2.9316702550650384,0.23276712910669728,2.9321048530625484,0.23275413968689174,0.15187200641245435,0.011858221542402047
CaseStudy,Frontdoor_Criterion,pooled,UWYK Anc (matched resolution),malc,1800,0.9998666666666668,0.04986666666666684,5.2625467335135114e-05,2.7746668751168877,0.09240586428860006,2.774987284883176,0.09240186557440075,0.14690476195066512,0.004808215093043299
CaseStudy,Frontdoor_Criterion,shift-2,UWYK Anc (matched resolution),malc,600,0.9998666666666668,0.04986666666666684,9.120069250958258e-05,2.774666875116888,0.16014069312483367,2.7749872848831756,0.16013376329555915,0.14690476195066512,0.0083327059772789
CaseStudy,Frontdoor_Criterion,shift0,UWYK Anc (matched resolution),malc,600,0.9998666666666668,0.04986666666666684,9.120069250958258e-05,2.774666875116888,0.16014069312483367,2.7749872848831756,0.16013376329555915,0.14690476195066512,0.0083327059772789
CaseStudy,Frontdoor_Criterion,shift+2,UWYK Anc (matched resolution),malc,600,0.9998666666666668,0.04986666666666684,9.120069250958258e-05,2.774666875116888,0.16014069312483367,2.7749872848831756,0.16013376329555915,0.14690476195066512,0.0083327059772789
CaseStudy,Frontdoor_Criterion,d5,UWYK Anc (matched resolution),malc,300,1.0,0.050000000000000044,0.0,1.4033993831895697,0.09335380720731179,1.4033993831895697,0.09335380720731179,0.08845789544407964,0.005821934635251805
CaseStudy,Frontdoor_Criterion,d10,UWYK Anc (matched resolution),malc,300,0.9998000000000001,0.04980000000000018,0.00011508321839951581,1.9893731838139008,0.18142463535742376,1.9894754056458221,0.18142188711749271,0.1100274598458395,0.009596993824753647
CaseStudy,Frontdoor_Criterion,d20,UWYK Anc (matched resolution),malc,300,1.0,0.050000000000000044,0.0,3.720991096146434,0.28546226731222674,3.720991096146434,0.28546226731222674,0.1900380187762892,0.01476632095593759
CaseStudy,Frontdoor_Criterion,d30,UWYK Anc (matched resolution),malc,300,0.9995,0.0495000000000001,0.0002877080459987895,2.611159963161822,0.17544333362977985,2.6126717477392885,0.1753872065403548,0.13136867167200736,0.007764689377576102
CaseStudy,Frontdoor_Criterion,d40,UWYK Anc (matched resolution),malc,300,1.0,0.050000000000000044,0.0,4.014647850140044,0.3044676053756029,4.014647850140044,0.3044676053756029,0.20739363467716293,0.016419135707464626
CaseStudy,Frontdoor_Criterion,d50,UWYK Anc (matched resolution),malc,300,0.9999000000000001,0.049900000000000166,5.754160919975792e-05,2.908429774249558,0.21217366605492718,2.9087382264378934,0.21216404833497754,0.15414289128861208,0.011192239644543455
CaseStudy,Frontdoor_Criterion,pooled,CausalPFN-C (matched resolution),malc,1800,1.0,0.050000000000000044,0.0,3.0522139399111268,0.07932553908157439,3.0522139399111268,0.07932553908157439,0.18962148471081847,0.00494838713088036
CaseStudy,Frontdoor_Criterion,shift-2,CausalPFN-C (matched resolution),malc,600,1.0,0.050000000000000044,0.0,3.052213939911127,0.13747230123133625,3.052213939911127,0.13747230123133625,0.1896214847108185,0.008575626136824624
CaseStudy,Frontdoor_Criterion,shift0,CausalPFN-C (matched resolution),malc,600,1.0,0.050000000000000044,0.0,3.052213939911127,0.13747230123133625,3.052213939911127,0.13747230123133625,0.1896214847108185,0.008575626136824624
CaseStudy,Frontdoor_Criterion,shift+2,CausalPFN-C (matched resolution),malc,600,1.0,0.050000000000000044,0.0,3.052213939911127,0.13747230123133625,3.052213939911127,0.13747230123133625,0.1896214847108185,0.008575626136824624
CaseStudy,Frontdoor_Criterion,d5,CausalPFN-C (matched resolution),malc,300,1.0,0.050000000000000044,0.0,2.3482685814623836,0.11399720273132852,2.3482685814623836,0.11399720273132852,0.14493567089845566,0.007191403405542056
CaseStudy,Frontdoor_Criterion,d10,CausalPFN-C (matched resolution),malc,300,1.0,0.050000000000000044,0.0,2.43454775584957,0.12691717314759554,2.43454775584957,0.12691717314759554,0.15674422070807248,0.009110253470828467
CaseStudy,Frontdoor_Criterion,d20,CausalPFN-C (matched resolution),malc,300,1.0,0.050000000000000044,0.0,3.2554734005392794,0.18664899092836654,3.2554734005392794,0.18664899092836654,0.20612393344721114,0.012070089314759705
CaseStudy,Frontdoor_Criterion,d30,CausalPFN-C (matched resolution),malc,300,1.0,0.050000000000000044,0.0,2.697986630049944,0.12231041244865105,2.697986630049944,0.12231041244865105,0.16880501649127705,0.007847911912159099
CaseStudy,Frontdoor_Criterion,d40,CausalPFN-C (matched resolution),malc,300,1.0,0.050000000000000044,0.0,4.213945802720577,0.2828201926259285,4.213945802720577,0.2828201926259285,0.25922246580366953,0.017566776826957918
CaseStudy,Frontdoor_Criterion,d50,CausalPFN-C (matched resolution),malc,300,1.0,0.050000000000000044,0.0,3.363061468845009,0.2448397592060507,3.363061468845009,0.2448397592060507,0.20189760091622505,0.014283959957018429
CaseStudy,Backdoor_Criterion,pooled,Do-PFN 1D,malc,1800,0.9953500000000001,0.04535000000000011,0.0008660128339958616,4.350156728371965,0.11212409419580642,4.555961898349031,0.20481142122529833,0.23744855311686372,0.006143638476835979
CaseStudy,Backdoor_Criterion,shift-2,Do-PFN 1D,malc,600,0.9953500000000001,0.04535000000000011,0.0015008127087904745,4.3501567283719655,0.19431266942574046,4.55596189834903,0.35494114153259265,0.23744855311686375,0.010647013926693897
CaseStudy,Backdoor_Criterion,shift0,Do-PFN 1D,malc,600,0.9953500000000001,0.04535000000000011,0.0015008127087904745,4.3501567283719655,0.19431266942574046,4.55596189834903,0.35494114153259265,0.23744855311686375,0.010647013926693897
CaseStudy,Backdoor_Criterion,shift+2,Do-PFN 1D,malc,600,0.9953500000000001,0.04535000000000011,0.0015008127087904745,4.3501567283719655,0.19431266942574046,4.55596189834903,0.35494114153259265,0.23744855311686375,0.010647013926693897
CaseStudy,Backdoor_Criterion,d5,Do-PFN 1D,malc,300,0.9726000000000001,0.022600000000000176,0.004998073207342323,1.3430678430909613,0.46734986440382437,2.5144433133942,1.1389749358474492,0.08507245982444649,0.028034929809777405
CaseStudy,Backdoor_Criterion,d10,Do-PFN 1D,malc,300,0.9999000000000001,0.049900000000000166,5.754160919975792e-05,4.368317018767794,0.19032733939079433,4.368317018767794,0.19032733939079433,0.24482901806836574,0.009190801168695724
CaseStudy,Backdoor_Criterion,d20,Do-PFN 1D,malc,300,0.9997,0.04970000000000008,9.8653137160315e-05,4.600889157533218,0.20885342779843077,4.6451737527087325,0.21122855590882988,0.2625604054724201,0.011319648263088738
CaseStudy,Backdoor_Criterion,d30,Do-PFN 1D,malc,300,1.0,0.050000000000000044,0.0,5.270124268755817,0.21539145706605584,5.270124268755817,0.21539145706605584,0.2775338864775719,0.010191416570246298
CaseStudy,Backdoor_Criterion,d40,Do-PFN 1D,malc,300,1.0,0.050000000000000044,0.0,5.295069761378865,0.19645954600935445,5.295069761378865,0.19645954600935445,0.27617701575783654,0.009354246781049569
CaseStudy,Backdoor_Criterion,d50,Do-PFN 1D,malc,300,0.9999000000000001,0.049900000000000166,5.754160919975792e-05,5.223472320705137,0.17825556784365934,5.242643275088772,0.1789904672725095,0.27851853310054175,0.008756455378022436
CaseStudy,Backdoor_Criterion,pooled,Do-PFN 2D,malc,1800,0.9953833333333334,0.04538333333333344,0.0014016163124479237,1.8719581237627037,0.039946861850803414,1.9123533082518298,0.04304677253398023,0.12109814434919028,0.0028735529218150858
CaseStudy,Backdoor_Criterion,shift-2,Do-PFN 2D,malc,600,0.9953833333333334,0.04538333333333344,0.002429021247715061,1.8719581237627039,0.06922848667883555,1.9123533082518296,0.07460067652036549,0.12109814434919026,0.004979908582350974
CaseStudy,Backdoor_Criterion,shift0,Do-PFN 2D,malc,600,0.9953833333333334,0.04538333333333344,0.002429021247715061,1.8719581237627039,0.06922848667883555,1.9123533082518296,0.07460067652036549,0.12109814434919026,0.004979908582350974
CaseStudy,Backdoor_Criterion,shift+2,Do-PFN 2D,malc,600,0.9953833333333334,0.04538333333333344,0.002429021247715061,1.8719581237627039,0.06922848667883555,1.9123533082518296,0.07460067652036549,0.12109814434919026,0.004979908582350974
CaseStudy,Backdoor_Criterion,d5,Do-PFN 2D,malc,300,0.9994,0.0494,0.00021358541405486946,1.1729114561261027,0.0496568137217147,1.1808894028147547,0.049927656938927305,0.08451764204665967,0.003875163481652424
CaseStudy,Backdoor_Criterion,d10,Do-PFN 2D,malc,300,0.9777999999999999,0.027799999999999936,0.007974281402082489,1.9156333338628664,0.09647429818822331,2.141275590119149,0.1355838714112095,0.15908323533959556,0.011024050792887633
CaseStudy,Backdoor_Criterion,d20,Do-PFN 2D,malc,300,0.9950999999999999,0.04509999999999992,0.002446067077403477,1.821618718792954,0.10583269289310007,1.8303696227827757,0.10593324084552652,0.13472068059720332,0.007727289283307448
CaseStudy,Backdoor_Criterion,d30,Do-PFN 2D,malc,300,1.0,0.050000000000000044,0.0,2.0839841837570607,0.10950642248504473,2.0839841837570607,0.10950642248504473,0.12223886352203212,0.0063099821075226475
CaseStudy,Backdoor_Criterion,d40,Do-PFN 2D,malc,300,1.0,0.050000000000000044,0.0,2.156691952700588,0.10563474093617323,2.156691952700588,0.10563474093617323,0.11469529226691577,0.005298831208379948
CaseStudy,Backdoor_Criterion,d50,Do-PFN 2D,malc,300,1.0,0.050000000000000044,0.0,2.08090909733665,0.09626244262876839,2.08090909733665,0.09626244262876839,0.11133315232273522,0.004853701656510585
CaseStudy,Backdoor_Criterion,pooled,Do-PFN 2D (262k),malc,300,0.9993000000000001,0.04930000000000012,0.00022029168866220434,1.150393126647681,0.047392623261982535,1.1600277528450191,0.047741224625376354,0.08533191200365862,0.0037771601478464303
CaseStudy,Backdoor_Criterion,shift-2,Do-PFN 2D (262k),malc,100,0.9993000000000001,0.04930000000000012,0.00038283894337652857,1.150393126647681,0.08236235294959733,1.1600277528450191,0.08296817779224926,0.08533191200365862,0.0065642240465223645
CaseStudy,Backdoor_Criterion,shift0,Do-PFN 2D (262k),malc,100,0.9993000000000001,0.04930000000000012,0.00038283894337652857,1.150393126647681,0.08236235294959733,1.1600277528450191,0.08296817779224926,0.08533191200365862,0.0065642240465223645
CaseStudy,Backdoor_Criterion,shift+2,Do-PFN 2D (262k),malc,100,0.9993000000000001,0.04930000000000012,0.00038283894337652857,1.150393126647681,0.08236235294959733,1.1600277528450191,0.08296817779224926,0.08533191200365862,0.0065642240465223645
CaseStudy,Backdoor_Criterion,d5,Do-PFN 2D (262k),malc,300,0.9993000000000001,0.04930000000000012,0.00022029168866220434,1.150393126647681,0.047392623261982535,1.1600277528450191,0.047741224625376354,0.08533191200365862,0.0037771601478464303
CaseStudy,Backdoor_Criterion,pooled,UWYK 1D (noanc),malc,1800,0.9994333333333334,0.04943333333333344,0.00026813911619529555,4.19171652792141,0.12213468158109118,4.192199293008833,0.12212676547724895,0.18390273460780696,0.004553811814781716
CaseStudy,Backdoor_Criterion,shift-2,UWYK 1D (noanc),malc,600,0.9994333333333333,0.04943333333333333,0.000464688948607046,4.19171652792141,0.21166116148095723,4.192199293008833,0.2116474427590352,0.18390273460780696,0.007891821433557728
CaseStudy,Backdoor_Criterion,shift0,UWYK 1D (noanc),malc,600,0.9994333333333333,0.04943333333333333,0.000464688948607046,4.19171652792141,0.21166116148095723,4.192199293008833,0.2116474427590352,0.18390273460780696,0.007891821433557728
CaseStudy,Backdoor_Criterion,shift+2,UWYK 1D (noanc),malc,600,0.9994333333333333,0.04943333333333333,0.000464688948607046,4.19171652792141,0.21166116148095723,4.192199293008833,0.2116474427590352,0.18390273460780696,0.007891821433557728
CaseStudy,Backdoor_Criterion,d5,UWYK 1D (noanc),malc,300,0.9966,0.046600000000000086,0.0016010448093683543,2.7175364718229873,0.23805670913909785,2.720433062347527,0.23797002400944406,0.1325133730722455,0.009694458007198158
CaseStudy,Backdoor_Criterion,d10,UWYK 1D (noanc),malc,300,1.0,0.050000000000000044,0.0,4.2732609336393335,0.3238091753403202,4.2732609336393335,0.3238091753403202,0.18388445778399232,0.012299474106902623
CaseStudy,Backdoor_Criterion,d20,UWYK 1D (noanc),malc,300,1.0,0.050000000000000044,0.0,3.8147289851201163,0.3158858184362789,3.8147289851201163,0.3158858184362789,0.1636286000379092,0.01154364846179852
CaseStudy,Backdoor_Criterion,d30,UWYK 1D (noanc),malc,300,1.0,0.050000000000000044,0.0,4.73808353929662,0.3187666641311913,4.73808353929662,0.3187666641311913,0.20333261228894847,0.011904225248030966
CaseStudy,Backdoor_Criterion,d40,UWYK 1D (noanc),malc,300,1.0,0.050000000000000044,0.0,4.858573221451666,0.3069236987406879,4.858573221451666,0.3069236987406879,0.20776650264868343,0.011000537923789355
CaseStudy,Backdoor_Criterion,d50,UWYK 1D (noanc),malc,300,1.0,0.050000000000000044,0.0,4.748116016197735,0.2647563805897905,4.748116016197735,0.2647563805897905,0.2122908618150629,0.009555761405417341
CaseStudy,Backdoor_Criterion,pooled,UWYK 1D (v3a),malc,1800,0.99975,0.04975000000000007,7.494362033813624e-05,4.098573295305026,0.12047299297177425,4.099521410814688,0.12046701290103592,0.20594498281503187,0.004930640159412077
CaseStudy,Backdoor_Criterion,shift-2,UWYK 1D (v3a),malc,600,0.99975,0.04975000000000007,0.00012987837296505998,4.098573295305025,0.20878143119866086,4.099521410814689,0.20877106764997974,0.2059449828150319,0.008544870379777417
CaseStudy,Backdoor_Criterion,shift0,UWYK 1D (v3a),malc,600,0.99975,0.04975000000000007,0.00012987837296505998,4.098573295305025,0.20878143119866086,4.099521410814689,0.20877106764997974,0.2059449828150319,0.008544870379777417
CaseStudy,Backdoor_Criterion,shift+2,UWYK 1D (v3a),malc,600,0.99975,0.04975000000000007,0.00012987837296505998,4.098573295305025,0.20878143119866086,4.099521410814689,0.20877106764997974,0.2059449828150319,0.008544870379777417
CaseStudy,Backdoor_Criterion,d5,UWYK 1D (v3a),malc,300,0.9990000000000001,0.049000000000000155,0.0003421357277270106,2.750384974142703,0.24243985752531075,2.7519846468092792,0.24240566567064867,0.16968035570275553,0.012361336530360846
CaseStudy,Backdoor_Criterion,d10,UWYK 1D (v3a),malc,300,0.9995,0.0495000000000001,0.00028770804599878943,4.209576688078111,0.32465769994272126,4.213665708469515,0.32462059153383366,0.21764827317335833,0.013563859717303029
CaseStudy,Backdoor_Criterion,d20,UWYK 1D (v3a),malc,300,1.0,0.050000000000000044,0.0,3.8418839610136093,0.3192816322301584,3.8418839610136093,0.3192816322301584,0.20018583849211463,0.01242071764547719
CaseStudy,Backdoor_Criterion,d30,UWYK 1D (v3a),malc,300,1.0,0.050000000000000044,0.0,4.727371634372742,0.31732217426850945,4.727371634372742,0.31732217426850945,0.2249799021248674,0.012561940653101289
CaseStudy,Backdoor_Criterion,d40,UWYK 1D (v3a),malc,300,1.0,0.050000000000000044,0.0,4.76448013564611,0.2960396464393842,4.76448013564611,0.2960396464393842,0.2168572376633081,0.011132400255212437
CaseStudy,Backdoor_Criterion,d50,UWYK 1D (v3a),malc,300,1.0,0.050000000000000044,0.0,4.297742378576879,0.2453956177875666,4.297742378576879,0.2453956177875666,0.20631828973378732,0.009913481513733854
CaseStudy,Backdoor_Criterion,pooled,UWYK 2D (noanc),malc,1800,0.9986,0.04860000000000009,0.0003794616003894129,2.315809328865681,0.03894814575685402,2.319142352700406,0.03890528287152984,0.14595877347767977,0.003069345991892254
CaseStudy,Backdoor_Criterion,shift-2,UWYK 2D (noanc),malc,600,0.9986000000000002,0.0486000000000002,0.0006576124163595531,2.3158093288656807,0.06749769731009508,2.3191423527004056,0.06742341531275663,0.14595877347767977,0.005319220791511978
CaseStudy,Backdoor_Criterion,shift0,UWYK 2D (noanc),malc,600,0.9986000000000002,0.0486000000000002,0.0006576124163595531,2.3158093288656807,0.06749769731009508,2.3191423527004056,0.06742341531275663,0.14595877347767977,0.005319220791511978
CaseStudy,Backdoor_Criterion,shift+2,UWYK 2D (noanc),malc,600,0.9986000000000002,0.0486000000000002,0.0006576124163595531,2.3158093288656807,0.06749769731009508,2.3191423527004056,0.06742341531275663,0.14595877347767977,0.005319220791511978
CaseStudy,Backdoor_Criterion,d5,UWYK 2D (noanc),malc,300,0.9995999999999999,0.04959999999999998,0.00023016643679903167,3.025246607278739,0.10875759470378385,3.0255844048031912,0.108740334107506,0.21936353264025163,0.008964226672114458
CaseStudy,Backdoor_Criterion,d10,UWYK 2D (noanc),malc,300,0.9963,0.04630000000000001,0.002016080836623207,2.54586762869597,0.11904172751025893,2.5558077296038912,0.11886955407791587,0.17941095265862245,0.0105369437612918
CaseStudy,Backdoor_Criterion,d20,UWYK 2D (noanc),malc,300,0.9995999999999999,0.04959999999999998,0.00023016643679903167,2.0653443172704162,0.08298571710555212,2.0658590081073225,0.08295269332694274,0.134161354049079,0.006422216128727117
CaseStudy,Backdoor_Criterion,d30,UWYK 2D (noanc),malc,300,0.9983000000000001,0.04830000000000012,0.0006123314729588212,1.924393041686031,0.07517514761834637,1.927310458582374,0.07500735788915265,0.11303765450761159,0.005581556829365681
CaseStudy,Backdoor_Criterion,d40,UWYK 2D (noanc),malc,300,0.9978000000000001,0.047800000000000176,0.0007869334241515112,1.9835537917383799,0.07485008843479317,1.9898419285811075,0.07458397975709513,0.10732932469365655,0.004564943355820096
CaseStudy,Backdoor_Criterion,d50,UWYK 2D (noanc),malc,300,1.0,0.050000000000000044,0.0,2.3504505865245484,0.08756343327675276,2.3504505865245484,0.08756343327675276,0.12244982231685737,0.0047730762932327265
CaseStudy,Backdoor_Criterion,pooled,UWYK 2D (v3a),malc,1800,0.9987666666666667,0.048766666666666736,0.000248186554820065,1.6517707179240597,0.03614816869932197,1.6543684532785377,0.03612356132301555,0.10081657919369579,0.002354578580958863
CaseStudy,Backdoor_Criterion,shift-2,UWYK 2D (v3a),malc,600,0.9987666666666667,0.048766666666666736,0.0004301108724985215,1.6517707179240597,0.06264529675977491,1.6543684532785377,0.06260265182237801,0.10081657919369579,0.004080518578279856
CaseStudy,Backdoor_Criterion,shift0,UWYK 2D (v3a),malc,600,0.9987666666666667,0.048766666666666736,0.0004301108724985215,1.6517707179240597,0.06264529675977491,1.6543684532785377,0.06260265182237801,0.10081657919369579,0.004080518578279856
CaseStudy,Backdoor_Criterion,shift+2,UWYK 2D (v3a),malc,600,0.9987666666666667,0.048766666666666736,0.0004301108724985215,1.6517707179240597,0.06264529675977491,1.6543684532785377,0.06260265182237801,0.10081657919369579,0.004080518578279856
CaseStudy,Backdoor_Criterion,d5,UWYK 2D (v3a),malc,300,0.9979999999999999,0.04799999999999993,0.0009289113274046142,1.9209113037358072,0.09413877625624291,1.9258786591163426,0.09402725223480685,0.12738053948355207,0.006072508908964059
CaseStudy,Backdoor_Criterion,d10,UWYK 2D (v3a),malc,300,0.9987,0.04870000000000008,0.000636960802204618,1.7680052329076326,0.11766792054270356,1.7686783966629003,0.1176453732429576,0.12027647240490597,0.008815844596896433
CaseStudy,Backdoor_Criterion,d20,UWYK 2D (v3a),malc,300,0.9993000000000001,0.04930000000000012,0.00034943815391478276,1.3605672491704244,0.08133841673243357,1.3613680372225065,0.08130904584112472,0.08806048895179815,0.00505990529045669
CaseStudy,Backdoor_Criterion,d30,UWYK 2D (v3a),malc,300,0.9987999999999999,0.048799999999999955,0.00045004644873620185,1.4161783555462217,0.07517887339448504,1.4181288998486854,0.07511239689841505,0.08433020048877375,0.004500147710924398
CaseStudy,Backdoor_Criterion,d40,UWYK 2D (v3a),malc,300,0.9978000000000001,0.047800000000000176,0.0007869334241515112,1.4536488627912925,0.06764866997964131,1.4608434234278127,0.06751122288704793,0.08082502909348711,0.003975472745779951
CaseStudy,Backdoor_Criterion,d50,UWYK 2D (v3a),malc,300,1.0,0.050000000000000044,0.0,1.9913133033929784,0.07966433481187513,1.9913133033929784,0.07966433481187513,0.10402674473965763,0.004175880777421772
CaseStudy,Backdoor_Criterion,pooled,CausalPFN 1D,malc,1800,0.9987333333333333,0.048733333333333295,0.00013960601718617695,1.2385890137807365,0.04956544309912192,1.2440748818538272,0.04966162591787354,0.08591384519979808,0.0031531571091021927
CaseStudy,Backdoor_Criterion,shift-2,CausalPFN 1D,malc,600,0.9987333333333334,0.048733333333333406,0.00024193923760907794,1.2385890137807365,0.0858976264552088,1.2440748818538272,0.08606431266479261,0.0859138451997981,0.005464466664215991
CaseStudy,Backdoor_Criterion,shift0,CausalPFN 1D,malc,600,0.9987333333333334,0.048733333333333406,0.00024193923760907794,1.2385890137807365,0.0858976264552088,1.2440748818538272,0.08606431266479261,0.0859138451997981,0.005464466664215991
CaseStudy,Backdoor_Criterion,shift+2,CausalPFN 1D,malc,600,0.9987333333333334,0.048733333333333406,0.00024193923760907794,1.2385890137807365,0.0858976264552088,1.2440748818538272,0.08606431266479261,0.0859138451997981,0.005464466664215991
CaseStudy,Backdoor_Criterion,d5,CausalPFN 1D,malc,300,0.9992,0.04920000000000002,0.00019491872931247362,0.5665009022570585,0.031078647477478974,0.5678399487274615,0.031231458361126566,0.045292784465158546,0.003109045500613037
CaseStudy,Backdoor_Criterion,d10,CausalPFN 1D,malc,300,0.9973,0.04730000000000001,0.0006001950630523168,0.824980608058238,0.057278209834737255,0.8494423054428597,0.06068445759747931,0.07293658866201555,0.006068442930415596
CaseStudy,Backdoor_Criterion,d20,CausalPFN 1D,malc,300,0.9991000000000001,0.049100000000000144,0.00023269541721021396,1.0019576962540953,0.10596261788359716,1.006331991414691,0.1060946629472925,0.0740472872027663,0.007438294366103398
CaseStudy,Backdoor_Criterion,d30,CausalPFN 1D,malc,300,0.9994,0.0494,0.00015984942747749513,1.4930250136779823,0.13478024934534003,1.4934909816288033,0.1347670299274107,0.10337194907823864,0.00905452854191685
CaseStudy,Backdoor_Criterion,d40,CausalPFN 1D,malc,300,0.9988999999999999,0.048899999999999944,0.0003260691187986282,1.6849961074689854,0.1419800379265474,1.685846250853919,0.14195130810224368,0.11023005881698617,0.008790669692392509
CaseStudy,Backdoor_Criterion,d50,CausalPFN 1D,malc,300,0.9985000000000003,0.04850000000000032,0.00033095584686669463,1.8600737549680593,0.17448546230941162,1.8614978130552295,0.17444768384977044,0.10960440297362327,0.00929604482503679
CaseStudy,Backdoor_Criterion,pooled,CausalPFN 2D,malc,1800,0.9994999999999999,0.04949999999999999,7.966252703638332e-05,2.5734453397244215,0.04671086988969822,2.582467269967645,0.047234650142458756,0.17989917258610968,0.00379279193208751
CaseStudy,Backdoor_Criterion,shift-2,CausalPFN 2D,malc,600,0.9995,0.0495000000000001,0.00013805630620843684,2.5734453397244215,0.08095060998767183,2.582467269967645,0.081858328706261,0.17989917258610968,0.006572963020894576
CaseStudy,Backdoor_Criterion,shift0,CausalPFN 2D,malc,600,0.9995,0.0495000000000001,0.00013805630620843684,2.5734453397244215,0.08095060998767183,2.582467269967645,0.081858328706261,0.17989917258610968,0.006572963020894576
CaseStudy,Backdoor_Criterion,shift+2,CausalPFN 2D,malc,600,0.9995,0.0495000000000001,0.00013805630620843684,2.5734453397244215,0.08095060998767183,2.582467269967645,0.081858328706261,0.17989917258610968,0.006572963020894576
CaseStudy,Backdoor_Criterion,d5,CausalPFN 2D,malc,300,0.9998000000000001,0.04980000000000018,0.00011508321839951581,2.47303593044731,0.10922194261189533,2.4741133533451256,0.10927893531788922,0.1613979536853279,0.007542427482243556
CaseStudy,Backdoor_Criterion,d10,CausalPFN 2D,malc,300,0.9989,0.048900000000000055,0.0003361696497972657,2.740992367269337,0.11734202004227837,2.768565795817688,0.12142234083434685,0.19312090857215183,0.010444116122590451
CaseStudy,Backdoor_Criterion,d20,CausalPFN 2D,malc,300,1.0,0.050000000000000044,0.0,2.394925486641556,0.11747832168244354,2.394925486641556,0.11747832168244354,0.16285411859428683,0.008714368992959675
CaseStudy,Backdoor_Criterion,d30,CausalPFN 2D,malc,300,0.9996999999999999,0.049699999999999966,0.00012814602874172213,2.6664550145327746,0.1232080581327113,2.672516504184574,0.12377341092368661,0.1865189270604094,0.009682083892767035
CaseStudy,Backdoor_Criterion,d40,CausalPFN 2D,malc,300,0.9994000000000002,0.04940000000000022,0.00017955724066599302,2.618684075312704,0.11515149816788699,2.623653067589715,0.1153608352839842,0.1882003453100105,0.009427380194083502
CaseStudy,Backdoor_Criterion,d50,CausalPFN 2D,malc,300,0.9992,0.04920000000000002,0.00022665223903194526,2.5465791641428472,0.10273898385987357,2.5610294122272133,0.1054629464040155,0.18730278229447156,0.009566887607113155
CaseStudy,Backdoor_Criterion,pooled,Do-PFN (matched resolution),malc,1800,0.9962,0.04620000000000002,0.0005087123113070639,11.482383727221496,0.12751764118973685,11.751764125687021,0.12275523057001302,0.5911203177611976,0.0056086354341315986
CaseStudy,Backdoor_Criterion,shift-2,Do-PFN (matched resolution),malc,600,0.9962000000000001,0.04620000000000013,0.0008816057591260432,11.482383727221496,0.2209899079780326,11.75176412568702,0.21273658181243632,0.5911203177611974,0.009719845951564162
CaseStudy,Backdoor_Criterion,shift0,Do-PFN (matched resolution),malc,600,0.9962000000000001,0.04620000000000013,0.0008816057591260432,11.482383727221496,0.2209899079780326,11.75176412568702,0.21273658181243632,0.5911203177611974,0.009719845951564162
CaseStudy,Backdoor_Criterion,shift+2,Do-PFN (matched resolution),malc,600,0.9962000000000001,0.04620000000000013,0.0008816057591260432,11.482383727221496,0.2209899079780326,11.75176412568702,0.21273658181243632,0.5911203177611974,0.009719845951564162
CaseStudy,Backdoor_Criterion,d5,Do-PFN (matched resolution),malc,300,0.9771999999999998,0.02719999999999989,0.002809539411662634,1.986967939271335,0.06964760492638092,3.603250330064489,0.23916358157880568,0.22385274075251374,0.009908100923257522
CaseStudy,Backdoor_Criterion,d10,Do-PFN (matched resolution),malc,300,1.0,0.050000000000000044,0.0,9.556011830595681,0.164346818590014,9.556011830595681,0.164346818590014,0.5878483356033062,0.013250085035288302
CaseStudy,Backdoor_Criterion,d20,Do-PFN (matched resolution),malc,300,1.0,0.050000000000000044,0.0,12.759770587643944,0.1937846812332553,12.759770587643944,0.1937846812332553,0.6580587996253714,0.01122856644725712
CaseStudy,Backdoor_Criterion,d30,Do-PFN (matched resolution),malc,300,1.0,0.050000000000000044,0.0,14.394422776717729,0.18382360689714852,14.394422776717729,0.18382360689714852,0.6911283835909039,0.00823959502730165
CaseStudy,Backdoor_Criterion,d40,Do-PFN (matched resolution),malc,300,1.0,0.050000000000000044,0.0,14.957925598413894,0.15162639316415819,14.957925598413894,0.15162639316415819,0.6918568179418311,0.0070310757828001965
CaseStudy,Backdoor_Criterion,d50,Do-PFN (matched resolution),malc,300,1.0,0.050000000000000044,0.0,15.23920363068638,0.1595107194374282,15.23920363068638,0.1595107194374282,0.6939768290532591,0.0070386012212946165
CaseStudy,Backdoor_Criterion,pooled,UWYK No-Anc (matched resolution),malc,1800,0.9995999999999999,0.04959999999999998,0.00010233515873701399,2.9579980138170394,0.10050070568900835,2.958222715296623,0.10049760598691812,0.1558854038026704,0.005091055771497964
CaseStudy,Backdoor_Criterion,shift-2,UWYK No-Anc (matched resolution),malc,600,0.9995999999999999,0.04959999999999998,0.0001773483033501269,2.95799801381704,0.17416916980839528,2.9582227152966234,0.17416379798004833,0.15588540380267038,0.008822872944931146
CaseStudy,Backdoor_Criterion,shift0,UWYK No-Anc (matched resolution),malc,600,0.9995999999999999,0.04959999999999998,0.0001773483033501269,2.95799801381704,0.17416916980839528,2.9582227152966234,0.17416379798004833,0.15588540380267038,0.008822872944931146
CaseStudy,Backdoor_Criterion,shift+2,UWYK No-Anc (matched resolution),malc,600,0.9995999999999999,0.04959999999999998,0.0001773483033501269,2.95799801381704,0.17416916980839528,2.9582227152966234,0.17416379798004833,0.15588540380267038,0.008822872944931146
CaseStudy,Backdoor_Criterion,d5,UWYK No-Anc (matched resolution),malc,300,0.9985,0.0485000000000001,0.0005569566131184017,1.6829988969313705,0.1331992099644543,1.6839290015603863,0.13317083286458412,0.10156558950533467,0.007146751783436494
CaseStudy,Backdoor_Criterion,d10,UWYK No-Anc (matched resolution),malc,300,0.9994000000000002,0.04940000000000022,0.00021358541405486952,2.790828955389762,0.23520433861663229,2.7911179096104655,0.23519466509793172,0.15282347840007005,0.012181477115315259
CaseStudy,Backdoor_Criterion,d20,UWYK No-Anc (matched resolution),malc,300,0.9997,0.04970000000000008,0.00012814602874172213,2.7937846261167896,0.2768154223451976,2.7939137761445716,0.27681183243988655,0.1511768011172914,0.015182670666212435
CaseStudy,Backdoor_Criterion,d30,UWYK No-Anc (matched resolution),malc,300,1.0,0.050000000000000044,0.0,3.5824107199388155,0.28833508969300803,3.5824107199388155,0.28833508969300803,0.17975615402758688,0.013891493446317564
CaseStudy,Backdoor_Criterion,d40,UWYK No-Anc (matched resolution),malc,300,1.0,0.050000000000000044,0.0,3.6248034095390933,0.27075522069596414,3.6248034095390933,0.27075522069596414,0.1821822569184862,0.013195091240604997
CaseStudy,Backdoor_Criterion,d50,UWYK No-Anc (matched resolution),malc,300,1.0,0.050000000000000044,0.0,3.273161474986408,0.22304341723513463,3.273161474986408,0.22304341723513463,0.1678081428472533,0.011133253690538454
CaseStudy,Backdoor_Criterion,pooled,UWYK Anc (matched resolution),malc,1800,0.9998833333333333,0.04988333333333339,3.180438248074912e-05,2.998925786203251,0.09579881911153716,2.9998949071713477,0.09586086261612234,0.16756897531605217,0.0051239791004666435
CaseStudy,Backdoor_Criterion,shift-2,UWYK Anc (matched resolution),malc,600,0.9998833333333335,0.0498833333333335,5.5117452708061706e-05,2.9989257862032503,0.16602073267935172,2.999894907171348,0.16612825496600156,0.16756897531605217,0.008879929548011603
CaseStudy,Backdoor_Criterion,shift0,UWYK Anc (matched resolution),malc,600,0.9998833333333335,0.0498833333333335,5.5117452708061706e-05,2.9989257862032503,0.16602073267935172,2.999894907171348,0.16612825496600156,0.16756897531605217,0.008879929548011603
CaseStudy,Backdoor_Criterion,shift+2,UWYK Anc (matched resolution),malc,600,0.9998833333333335,0.0498833333333335,5.5117452708061706e-05,2.9989257862032503,0.16602073267935172,2.999894907171348,0.16612825496600156,0.16756897531605217,0.008879929548011603
CaseStudy,Backdoor_Criterion,d5,UWYK Anc (matched resolution),malc,300,0.9998000000000001,0.04980000000000018,0.00011508321839951578,1.9825421824599236,0.15987285386075492,1.98321119009963,0.1599205053902581,0.13506886232435397,0.01109326312513697
CaseStudy,Backdoor_Criterion,d10,UWYK Anc (matched resolution),malc,300,0.9998000000000001,0.04980000000000018,8.09640904752737e-05,2.93099019574654,0.23452881887545152,2.9312288162541025,0.23452577992447057,0.17789306173060135,0.013140672985585244
CaseStudy,Backdoor_Criterion,d20,UWYK Anc (matched resolution),malc,300,0.9996999999999999,0.049699999999999966,0.00012814602874172215,2.7488406006668544,0.2593172331711165,2.753747698328171,0.26014168039689617,0.1550470141462001,0.013911956608471453
CaseStudy,Backdoor_Criterion,d30,UWYK Anc (matched resolution),malc,300,1.0,0.050000000000000044,0.0,3.466178048277601,0.26871925950409686,3.466178048277601,0.26871925950409686,0.1791589917869606,0.013217349815449881
CaseStudy,Backdoor_Criterion,d40,UWYK Anc (matched resolution),malc,300,1.0,0.050000000000000044,0.0,3.535456546025275,0.2562450996311892,3.535456546025275,0.2562450996311892,0.1822683493723514,0.012975115302351578
CaseStudy,Backdoor_Criterion,d50,UWYK Anc (matched resolution),malc,300,1.0,0.050000000000000044,0.0,3.3295471440433095,0.19972351796029011,3.3295471440433095,0.19972351796029011,0.17597757253584564,0.010472151603860162
CaseStudy,Backdoor_Criterion,pooled,CausalPFN-C (matched resolution),malc,1800,0.9999833333333333,0.04998333333333338,9.617154191675635e-06,3.1078119699101476,0.07301168916460482,3.1079177656949386,0.0730123712446651,0.19346895033672776,0.004665826270956154
CaseStudy,Backdoor_Criterion,shift-2,CausalPFN-C (matched resolution),malc,600,0.9999833333333333,0.04998333333333338,1.6666666666666678e-05,3.1078119699101476,0.1265303084284572,3.1079177656949386,0.12653149048302118,0.19346895033672776,0.008085944098714045
CaseStudy,Backdoor_Criterion,shift0,CausalPFN-C (matched resolution),malc,600,0.9999833333333333,0.04998333333333338,1.6666666666666678e-05,3.1078119699101476,0.1265303084284572,3.1079177656949386,0.12653149048302118,0.19346895033672776,0.008085944098714045
CaseStudy,Backdoor_Criterion,shift+2,CausalPFN-C (matched resolution),malc,600,0.9999833333333333,0.04998333333333338,1.6666666666666678e-05,3.1078119699101476,0.1265303084284572,3.1079177656949386,0.12653149048302118,0.19346895033672776,0.008085944098714045
CaseStudy,Backdoor_Criterion,d5,CausalPFN-C (matched resolution),malc,300,1.0,0.050000000000000044,0.0,2.533066216557861,0.11187800416950162,2.533066216557861,0.11187800416950162,0.15564356190437237,0.007009374628804773
CaseStudy,Backdoor_Criterion,d10,CausalPFN-C (matched resolution),malc,300,1.0,0.050000000000000044,0.0,2.8587029801471977,0.1253889040167817,2.8587029801471977,0.1253889040167817,0.18195804693585985,0.008837142844707461
CaseStudy,Backdoor_Criterion,d20,CausalPFN-C (matched resolution),malc,300,0.9999000000000001,0.049900000000000166,5.754160919975792e-05,2.659647115110665,0.15211041511803197,2.660281889819413,0.1521284843886416,0.1660906836900323,0.009699668388890506
CaseStudy,Backdoor_Criterion,d30,CausalPFN-C (matched resolution),malc,300,1.0,0.050000000000000044,0.0,3.400821697781592,0.2125343512633901,3.400821697781592,0.2125343512633901,0.2107359361685129,0.013302038787468476
CaseStudy,Backdoor_Criterion,d40,CausalPFN-C (matched resolution),malc,300,1.0,0.050000000000000044,0.0,3.544258410683245,0.20547393980582013,3.544258410683245,0.20547393980582013,0.22194777409414365,0.01316603709787151
CaseStudy,Backdoor_Criterion,d50,CausalPFN-C (matched resolution),malc,300,1.0,0.050000000000000044,0.0,3.650375399180323,0.22311529937309277,3.650375399180323,0.22311529937309277,0.22443769922744564,0.01412978072549849
ComplexMech,all-rho,n5,Do-PFN 1D,malc,115,0.8613504537260152,0.0886495462739848,0.02497387162345699,8.680446222688406,4.336744587175975,9.951222727221031,4.359920646383802,0.28435375858242856,0.13679623582877723
ComplexMech,all-rho,n10,Do-PFN 1D,malc,116,0.9036374092701905,0.046362590729809416,0.01820445493903117,5.7173799945593275,2.827866873065988,7.285248481783216,2.9837894324699548,0.3521836799806238,0.15778131965059913
ComplexMech,all-rho,n20,Do-PFN 1D,malc,127,0.8888547451482869,0.06114525485171307,0.019502253437988344,5.6086331978059665,3.464684506339065,6.41880830843489,3.467977431784833,0.3414977169049087,0.20054431524156474
ComplexMech,all-rho,n30,Do-PFN 1D,malc,127,0.9107582883711569,0.039241711628843046,0.017788456607092343,5.303094067248895,2.350726141797803,6.350712415893958,2.5825438341514046,0.18820868536696045,0.018238007795714516
ComplexMech,all-rho,n40,Do-PFN 1D,malc,115,0.9359239487238049,0.014076051276195045,0.01780895406940118,3.1809240430568217,1.566787945752138,4.272042723669754,1.7650513611115062,0.1434283749326307,0.025934218309154516
ComplexMech,all-rho,n50,Do-PFN 1D,malc,129,0.914028598759912,0.03597140124008791,0.018839650312172006,4.285562048849731,2.270607440698579,5.1507760815875,2.2923238513060444,0.181517332593856,0.022332286325049782
ComplexMech,all-rho,n5,Do-PFN 2D,malc,115,0.8044909115170666,0.1455090884829333,0.0290289212444486,0.48061318766020855,0.03328505186310113,2.708543940039412,0.6957234559506214,0.1348752091633879,0.020899309074640528
ComplexMech,all-rho,n10,Do-PFN 2D,malc,116,0.8467187374736859,0.10328126252631409,0.02220666667887194,0.4970159051601705,0.030152982954029572,2.1098779095822597,0.4769461685563916,0.12349071077872074,0.018062576116519777
ComplexMech,all-rho,n20,Do-PFN 2D,malc,127,0.841236701580724,0.10876329841927601,0.023227688423340158,0.5529726172099928,0.03091356290871705,2.1877898821864825,0.3340233176850231,0.12264163142177474,0.013314904829888846
ComplexMech,all-rho,n30,Do-PFN 2D,malc,127,0.8274234624027351,0.12257653759726483,0.022344172237709157,0.6652196564035046,0.04788532408842236,2.744501898996558,0.46412484238708185,0.15452581390688425,0.018095210596700446
ComplexMech,all-rho,n40,Do-PFN 2D,malc,115,0.8631294799180379,0.08687052008196205,0.018918966028192097,0.5098935032472844,0.03967386189297689,1.5370326079324417,0.212658706383126,0.0976671897654261,0.010538954748627085
ComplexMech,all-rho,n50,Do-PFN 2D,malc,129,0.861181007029501,0.088818992970499,0.020687282934650525,0.7689118869229695,0.06768080201878725,2.4715832351296108,0.3702835757283156,0.1596979818928913,0.020355230060379124
ComplexMech,all-rho,n5,Do-PFN 2D (262k),malc,115,0.7819469971596218,0.16805300284037816,0.03026992814219422,0.4698043081456687,0.030023793602339845,2.9570381498212828,0.7679145277570747,0.14341201879376816,0.023115988987093935
ComplexMech,all-rho,n10,Do-PFN 2D (262k),malc,116,0.853958183713686,0.09604181628631392,0.021372135027209672,0.5311595057857506,0.037348774776845235,1.9126882523236126,0.3497402317261819,0.12273316424225342,0.01586309886536389
ComplexMech,all-rho,n20,Do-PFN 2D (262k),malc,127,0.8425531732879826,0.10744682671201733,0.02273192349928791,0.5417860646521029,0.0308871082403119,2.129807265925707,0.3237284166453581,0.11912207912521211,0.01256320378769493
ComplexMech,all-rho,n30,Do-PFN 2D (262k),malc,127,0.8122340511032048,0.13776594889679517,0.02269721808738651,0.5736009193038453,0.03372582565956207,3.0070365212256873,0.4942351198389695,0.15430151626985875,0.018259953839136513
ComplexMech,all-rho,n40,Do-PFN 2D (262k),malc,115,0.8682663283632686,0.0817336716367314,0.01741347108983601,0.48528955419537717,0.03780138879224254,1.489760622250419,0.20611738046486414,0.09951505901171463,0.010770797229996253
ComplexMech,all-rho,n5,UWYK 1D (noanc),malc,115,0.8473672125650146,0.10263278743498538,0.02474962014193557,1.0033087873666593,0.05998989962355084,3.4530423068572627,0.8740809085003759,0.20118111781961823,0.027469169186040317
ComplexMech,all-rho,n10,UWYK 1D (noanc),malc,116,0.7955149446287446,0.15448505537125534,0.027157012065105575,0.8614348258305721,0.05897123236052018,2.9676680062693923,0.5000014618264431,0.18241407510207228,0.02249545400136782
ComplexMech,all-rho,n20,UWYK 1D (noanc),malc,127,0.8181980619492355,0.13180193805076446,0.024959647744846464,0.8356747341416325,0.06084578335656348,2.6540221247108646,0.3900200414554939,0.1474630118608383,0.014985596160013177
ComplexMech,all-rho,n30,UWYK 1D (noanc),malc,127,0.8235318782671419,0.12646812173285804,0.023804119533514703,0.9333826790840662,0.06350315094213117,2.8224297537835623,0.3981591881026415,0.1672334241358378,0.01915502092989639
ComplexMech,all-rho,n40,UWYK 1D (noanc),malc,115,0.9010151752517506,0.04898482474824939,0.01780352084482842,0.7562527664898934,0.05251655675803607,1.7619649653180711,0.4743524001762364,0.10599566353941929,0.015013291677727863
ComplexMech,all-rho,n50,UWYK 1D (noanc),malc,129,0.8977373239647906,0.0522626760352094,0.018706542119864937,0.9720683733074128,0.06986991543216353,2.663133323092746,0.5409186783999648,0.15822480303106237,0.022363529043722186
ComplexMech,all-rho,n5,UWYK 1D (v3a),malc,115,0.9220977966270664,0.027902203372933587,0.017946512858516058,0.9969206530021922,0.05204444525875934,1.917140954992797,0.3949398533776686,0.13463677276962943,0.018373420337756373
ComplexMech,all-rho,n10,UWYK 1D (v3a),malc,116,0.9255783220044776,0.024421677995522306,0.013759942215998577,0.9747830304001937,0.05845973389963739,1.5345119511563872,0.1640200716598988,0.1318309186564612,0.013879477939559327
ComplexMech,all-rho,n20,UWYK 1D (v3a),malc,127,0.8955121486284612,0.054487851371538776,0.017018157698714138,0.9409002496629628,0.05984445213135384,1.7806700453973414,0.20465884976959844,0.12630062049980167,0.012420675104978325
ComplexMech,all-rho,n30,UWYK 1D (v3a),malc,127,0.8571293617867752,0.09287063821322472,0.021036725732942893,0.9596143843239042,0.06263139715318916,2.5089631944233344,0.3736152666359341,0.1544302810179401,0.01712299055529071
ComplexMech,all-rho,n40,UWYK 1D (v3a),malc,115,0.9315213377206119,0.018478662279388103,0.01585315774574518,0.7576011247536896,0.05293378948412042,1.5887588987281478,0.4188595210306523,0.09763226449242192,0.014037945298167067
ComplexMech,all-rho,n50,UWYK 1D (v3a),malc,129,0.9001632032279304,0.049836796772069536,0.018269992616954042,0.9418217981123528,0.07045870037947133,2.527536093908914,0.5142643184635103,0.15342636648128477,0.022004760746932677
ComplexMech,all-rho,n5,UWYK 2D (noanc),malc,115,0.9449519133151412,0.005048086684858788,0.01577093688195041,0.8919860210167961,0.06403811686955466,1.7339351510107477,0.47276991084053777,0.11613578597843575,0.016293982706919695
ComplexMech,all-rho,n10,UWYK 2D (noanc),malc,116,0.9660219653430862,0.016021965343086197,0.008881731089800855,0.9272174216486891,0.06944414580529114,1.12893585320224,0.09152372482001642,0.1039670553029596,0.009531761224729976
ComplexMech,all-rho,n20,UWYK 2D (noanc),malc,127,0.9385004203122833,0.011499579687716643,0.015661754634622393,0.772945273190125,0.05393387807978855,1.4054312660674027,0.23924617635356452,0.1071263846932486,0.01139056002132242
ComplexMech,all-rho,n30,UWYK 2D (noanc),malc,127,0.9147686786689324,0.035231321331067544,0.017674508199997642,0.9031993089679371,0.06657551096838714,1.9242664889816052,0.3573108391985784,0.13918372168104218,0.016710168742268612
ComplexMech,all-rho,n40,UWYK 2D (noanc),malc,115,0.9461948177113987,0.003805182288601272,0.010414357926380239,0.6773469857611756,0.05689593006240269,0.9960877974854101,0.11085604986907055,0.08376732842053583,0.008712050473634287
ComplexMech,all-rho,n50,UWYK 2D (noanc),malc,129,0.9148987199696764,0.035101280030323534,0.01689017267587275,0.7901442479411466,0.0628359627871758,2.0825548555408444,0.5171543235423297,0.1349379778321063,0.01989085119562273
ComplexMech,all-rho,n5,UWYK 2D (v3a),malc,115,0.9254780804838323,0.024521919516167667,0.017337618296071756,0.730916381959611,0.056752170816670465,1.758742638440861,0.5138521878930744,0.11440878561126024,0.0169255919350568
ComplexMech,all-rho,n10,UWYK 2D (v3a),malc,116,0.9323007009752698,0.01769929902473011,0.01314197712832831,0.7389871979607235,0.060725990645495914,1.1740731734199135,0.12325295465465215,0.10080449989000237,0.010039312770723079
ComplexMech,all-rho,n20,UWYK 2D (v3a),malc,127,0.8863270615846182,0.0636729384153818,0.020540777239955284,0.5771297588418266,0.04656392401691371,1.7178626614437653,0.298143689283232,0.1099840368814727,0.012803323028597893
ComplexMech,all-rho,n30,UWYK 2D (v3a),malc,127,0.8566891210565298,0.09331087894347012,0.021661631071904792,0.6329673137317899,0.05348939737485805,2.62446828135848,0.5022900982753469,0.14325593113278223,0.01822490093799749
ComplexMech,all-rho,n40,UWYK 2D (v3a),malc,115,0.9138554936685601,0.03614450633143984,0.01380481914459883,0.5061061202065179,0.0470701202181354,1.1017655275541514,0.15633560766937896,0.08359770670919996,0.00937012699643369
ComplexMech,all-rho,n50,UWYK 2D (v3a),malc,129,0.8789972099925009,0.0710027900074991,0.020757773681402476,0.6483767133242527,0.05681583006956785,2.4434752174132046,0.5905089172566006,0.1369328223166008,0.021055102881749232
ComplexMech,all-rho,n5,CausalPFN 1D,malc,115,0.8111252499022454,0.13887475009775452,0.026584238522221026,0.7659713595072347,0.05867511688963272,2.427578439812665,0.48511634953030774,0.1395008294004316,0.018685373305832136
ComplexMech,all-rho,n10,CausalPFN 1D,malc,116,0.8435968256178884,0.10640317438211155,0.022080222472320277,0.8310179592500526,0.07315926517835118,1.882181230078086,0.24432708419337,0.13303320022227227,0.014621425646172697
ComplexMech,all-rho,n20,CausalPFN 1D,malc,127,0.8154278167332648,0.13457218326673515,0.023251876824710173,0.6911548243939832,0.05787099468148187,2.131664958340169,0.2925886546083385,0.13077609006692803,0.013631431125108683
ComplexMech,all-rho,n30,CausalPFN 1D,malc,127,0.8062124485829866,0.14378755141701338,0.021931202693647917,0.6604242963306657,0.04925086922722158,3.145943428506129,0.5342608762510931,0.15410624882633764,0.017719961941813554
ComplexMech,all-rho,n40,CausalPFN 1D,malc,115,0.8401454160391647,0.10985458396083525,0.020669786237363007,0.5623357191492768,0.049741136725842724,1.476134565392206,0.19224716598455924,0.09412256876568237,0.010369483666823916
ComplexMech,all-rho,n50,CausalPFN 1D,malc,129,0.8490044105931766,0.1009955894068234,0.020451344714799875,0.6705811306747156,0.06294738048063785,2.9402301063726948,0.6802456395778395,0.14763504060325966,0.021873479588940637
ComplexMech,all-rho,n5,CausalPFN 2D,malc,115,0.9204737745661112,0.02952622543388872,0.017628037557436995,0.8902884907135424,0.05314078355156379,1.7893855027695351,0.43297056296029257,0.13418990381553508,0.016384009735071325
ComplexMech,all-rho,n10,CausalPFN 2D,malc,116,0.9242299109363198,0.02577008906368017,0.014852416544147184,0.9162253696325035,0.05932373608800634,1.495717240966656,0.17712467140417132,0.12839016106837733,0.011618072537516433
ComplexMech,all-rho,n20,CausalPFN 2D,malc,127,0.9208375386285096,0.029162461371490367,0.014659839899915789,0.9117237223781066,0.05436162678051216,1.5932147065214375,0.16928576409431406,0.13344030866459047,0.012138479379929786
ComplexMech,all-rho,n30,CausalPFN 2D,malc,127,0.8973407915145521,0.052659208485447806,0.016465617456516774,0.9565051994587653,0.05135752510397698,2.2388478915066066,0.3091742226075594,0.15782496952778302,0.015646875606109053
ComplexMech,all-rho,n40,CausalPFN 2D,malc,115,0.9379524724053148,0.012047527594685192,0.011261841396491992,0.7110229562084132,0.043036405396289334,1.1732939150803308,0.12924958997339867,0.09870455140397703,0.009256392308101076
ComplexMech,all-rho,n50,CausalPFN 2D,malc,129,0.9085342797677153,0.041465720232284675,0.01580742611339967,0.92599949103278,0.05853191199137929,2.1875531043516085,0.3722662531667538,0.1563862298988134,0.019522588064265017
ComplexMech,all-rho,n5,Do-PFN (matched resolution),malc,115,0.8925510569979948,0.057448943002005204,0.021653335589633886,6.528531056386773,0.41788007105173,14.517889134859773,3.6041622571730763,0.9022949124222762,0.11775347833152293
ComplexMech,all-rho,n10,Do-PFN (matched resolution),malc,116,0.9502331356128275,0.0002331356128275619,0.010650681407672228,6.887937931838262,0.41818940079842176,10.803165285138569,1.5240388701164684,0.7462783440223989,0.07304405504927544
ComplexMech,all-rho,n20,Do-PFN (matched resolution),malc,127,0.9758736331226896,0.025873633122689643,0.008130742839743134,6.8048308687966275,0.3591763774527495,7.37030128778637,0.3924658139532437,0.4471355534344445,0.037832821695917195
ComplexMech,all-rho,n30,Do-PFN (matched resolution),malc,127,0.9803893292140327,0.0303893292140327,0.008740504442326501,8.260310797803383,0.40758394228216216,8.706640082622746,0.4332336343106866,0.4897774707881848,0.02832623838340732
ComplexMech,all-rho,n40,Do-PFN (matched resolution),malc,115,0.9947908902691511,0.04479089026915117,0.0028999570056425766,8.321619425314713,0.3933945796332749,8.390357707284005,0.3933273979089395,0.4331255942771545,0.03157003534192014
ComplexMech,all-rho,n50,Do-PFN (matched resolution),malc,129,0.9866242614754043,0.03662426147540432,0.006613059089482564,8.980508733393513,0.43706071211876024,9.403722584168232,0.507341090749664,0.4839240525174282,0.029673209896030294
ComplexMech,all-rho,n5,UWYK No-Anc (matched resolution),malc,115,0.8294825550945345,0.12051744490546545,0.027326380745440405,0.8694328794256454,0.05515857000393555,3.60642732229959,0.89666411049311,0.19586437949629237,0.027630392245665304
ComplexMech,all-rho,n10,UWYK No-Anc (matched resolution),malc,116,0.792338832931545,0.157661167068455,0.026831045520382308,0.7662071539285346,0.05464355504254855,2.925781948333246,0.5347912565562393,0.17853123183588326,0.02248648627531979
ComplexMech,all-rho,n20,UWYK No-Anc (matched resolution),malc,127,0.8228294386985662,0.12717056130143378,0.024387288505616674,0.6969921290296246,0.05443896917994869,2.6143176844428746,0.3840864770004391,0.14157427468280073,0.014539949412455127
ComplexMech,all-rho,n30,UWYK No-Anc (matched resolution),malc,127,0.8119641997518006,0.1380358002481994,0.024722134016855624,0.7446511079124318,0.05572072066655861,3.314307188725023,0.5260883776948513,0.16641070348665277,0.01943575004831757
ComplexMech,all-rho,n40,UWYK No-Anc (matched resolution),malc,115,0.9067733446432529,0.04322665535674708,0.01740749937755385,0.6582917748131768,0.0460951393156653,1.8118841913608874,0.48248220865251784,0.10407209110411744,0.014787254388757116
ComplexMech,all-rho,n50,UWYK No-Anc (matched resolution),malc,129,0.8693606728251702,0.0806393271748298,0.02140838582322092,0.8356753490720377,0.06742636655346078,3.0080430606120734,0.6381526379122433,0.15865675297415222,0.022687921004473085
ComplexMech,all-rho,n5,UWYK Anc (matched resolution),malc,115,0.9096204177338367,0.04037958226616323,0.01906501960127187,0.8949145439912198,0.052132090434909954,1.9468197984166977,0.47185393002254394,0.14217802317415712,0.019601587820295984
ComplexMech,all-rho,n10,UWYK Anc (matched resolution),malc,116,0.928901301197993,0.021098698802006988,0.013002632624547636,0.8763463781084954,0.05705784588006054,1.3444935981300625,0.12242060643268926,0.12438657309412728,0.012109768394480493
ComplexMech,all-rho,n20,UWYK Anc (matched resolution),malc,127,0.8644640226974701,0.08553597730252982,0.020923304412610727,0.747130909894892,0.054703328595326055,1.9545195873127201,0.2792972494321026,0.12567421818149518,0.012884659178249568
ComplexMech,all-rho,n30,UWYK Anc (matched resolution),malc,127,0.8460541206451153,0.10394587935488464,0.022021432011803947,0.7721827952094765,0.05627463962098681,2.856969108824404,0.47259634081378393,0.15420014707283053,0.017493976637571126
ComplexMech,all-rho,n40,UWYK Anc (matched resolution),malc,115,0.9233030628450344,0.026696937154965572,0.01620915743242802,0.6713801279472452,0.04621864250745099,1.6420583923545937,0.43409681286326396,0.09857825628017407,0.01419356840016819
ComplexMech,all-rho,n50,UWYK Anc (matched resolution),malc,129,0.8850940153456512,0.06490598465434871,0.01949017556161204,0.8588113280514047,0.06883153388947585,2.5498252777826838,0.5438395448575525,0.15045130649221147,0.021145511203049885
ComplexMech,all-rho,n5,CausalPFN-C (matched resolution),malc,115,0.9234162550081326,0.02658374499186733,0.018248557781098018,1.1393833077641045,0.07782916440415164,1.9632766528155499,0.41302370154672263,0.150744496918891,0.017782987413433822
ComplexMech,all-rho,n10,CausalPFN-C (matched resolution),malc,116,0.9462237572316946,0.003776242768305349,0.011952621331961113,1.1545705630501095,0.07491388961374561,1.4911211114438727,0.11473414497021465,0.14217330527327793,0.0140965392545237
ComplexMech,all-rho,n20,CausalPFN-C (matched resolution),malc,127,0.9424096732314197,0.007590326768580291,0.01136381252253857,1.0692209470623317,0.06314460838114892,1.5955898475545498,0.15444448372321198,0.13239636458296508,0.011217220218074178
ComplexMech,all-rho,n30,CausalPFN-C (matched resolution),malc,127,0.9203297409896346,0.029670259010365352,0.014270376019725611,1.106134191359561,0.059970707902057684,2.0770664974934374,0.2525823827870374,0.15951447938065916,0.015805214729590733
ComplexMech,all-rho,n40,CausalPFN-C (matched resolution),malc,115,0.9542237557016862,0.004223755701686205,0.009525430823833924,0.8601653084187536,0.05958466704235008,1.1733745824633914,0.11231451238857473,0.10035300199793977,0.010503963616586547
ComplexMech,all-rho,n50,CausalPFN-C (matched resolution),malc,129,0.9230913090431307,0.026908690956869208,0.015872367702766794,1.0729849314990227,0.0715455402872212,2.17144443394993,0.36523439554864556,0.15588356855242608,0.019961650206376465
ComplexMech,rho>0.99,n5,Do-PFN 1D,malc,109,0.8355597067851328,0.11444029321486715,0.033206909549022695,6.8093548631056064,1.9418276323204955,7.622028085187981,2.0160494419492534,0.17528153615711958,0.06425433491941093
ComplexMech,rho>0.99,n10,Do-PFN 1D,malc,115,0.8927826086956522,0.057217391304347776,0.024948626949553618,7.113283371536273,2.0311005573508814,8.354046708140212,2.3036321181886157,0.12536102861684648,0.03524290937051383
ComplexMech,rho>0.99,n20,Do-PFN 1D,malc,113,0.9152705045160113,0.034729495483988626,0.02299113536697594,1.9999333372477042,0.34377237585275855,2.436450665059816,0.47200491934865413,0.08022471689061814,0.013436069120099904
ComplexMech,rho>0.99,n30,Do-PFN 1D,malc,139,0.9192713771566479,0.030728622843352094,0.020802335605003334,6.623708266834649,4.215896996539372,6.648926509227846,4.215865308529089,0.26229048875456784,0.18908105895054234
ComplexMech,rho>0.99,n40,Do-PFN 1D,malc,123,0.9158594212553088,0.03414057874469112,0.02312631305317576,3.308298096701764,1.17849775996496,4.323564580599304,1.7840366258174147,0.0852912796780107,0.028310964007604647
ComplexMech,rho>0.99,n50,Do-PFN 1D,malc,122,0.9315332079843017,0.01846679201569823,0.019473190017348947,3.1301769926454095,0.9465393740423874,4.3440431725920075,1.5600832613531126,0.12632688086370694,0.045800112600530234
ComplexMech,rho>0.99,n5,Do-PFN 2D,malc,109,0.9248864279673272,0.025113572032672726,0.02094100148104499,0.3249197944948393,0.029329912252959587,1.1848032790673604,0.6413671323037026,0.06521256783007151,0.018072973017346373
ComplexMech,rho>0.99,n10,Do-PFN 2D,malc,115,0.9650648360030512,0.015064836003051196,0.014958764152630923,0.296298057002092,0.02173222198060173,0.5436218846291959,0.1697912366757771,0.037804794147663946,0.008721195445114896
ComplexMech,rho>0.99,n20,Do-PFN 2D,malc,113,0.9805210853171806,0.030521085317180674,0.00966564817395962,0.29913598301668415,0.02399046913562413,0.43456017587332013,0.08688049337096891,0.029071396425263546,0.004071065102401859
ComplexMech,rho>0.99,n30,Do-PFN 2D,malc,139,0.9926223025835945,0.04262230258359456,0.002926729123355941,0.31476134717494847,0.023584800615353868,0.33800062968854944,0.029241598902150605,0.02434002260848002,0.002101879045310002
ComplexMech,rho>0.99,n40,Do-PFN 2D,malc,123,0.9796374286724234,0.02963742867242347,0.01149634068649846,0.29585436632922496,0.0237273180414364,0.392811235367392,0.08564639387669623,0.022281517691216356,0.002862199424508572
ComplexMech,rho>0.99,n50,Do-PFN 2D,malc,122,0.9904844274741414,0.04048442747414149,0.004743162217114603,0.3142607317214702,0.02631786673285527,0.3430873034919734,0.03226392638400618,0.022925517777911086,0.0023866189050999677
ComplexMech,rho>0.99,n5,UWYK 1D (noanc),malc,109,0.8739954793245579,0.07600452067544206,0.027126830300800847,0.7118058324717829,0.051360522414345786,4.138612637576131,1.2244470407604537,0.1600176738692649,0.03458459475027388
ComplexMech,rho>0.99,n10,UWYK 1D (noanc),malc,115,0.9222375616315553,0.02776243836844461,0.017311376612730862,0.6980096295872033,0.054443920246360966,1.4987612950887848,0.5217327239394299,0.07929569931692276,0.018669861443897578
ComplexMech,rho>0.99,n20,UWYK 1D (noanc),malc,113,0.9240135871994279,0.025986412800572012,0.021033666914775807,0.5982120528032815,0.040981133573233845,1.3912539993673696,0.4034505412230759,0.05714435457568504,0.013808785963017895
ComplexMech,rho>0.99,n30,UWYK 1D (noanc),malc,139,0.973155946485854,0.023155946485854062,0.010567884799540577,0.7373097789006269,0.05917062513292973,0.8231871870769625,0.07335936425472173,0.03969984868850561,0.0037137556810403556
ComplexMech,rho>0.99,n40,UWYK 1D (noanc),malc,123,0.964073749536829,0.01407374953682905,0.013863242927560516,0.6159666692035168,0.05363576700692145,0.7008503196833126,0.06884009140358387,0.03352739014142821,0.0038334799175424013
ComplexMech,rho>0.99,n50,UWYK 1D (noanc),malc,122,0.9702529624854178,0.020252962485417858,0.012109762285978846,0.6478142051965708,0.04872455873988813,0.8349495036322706,0.12221469766713594,0.0420269592049484,0.007258715029612677
ComplexMech,rho>0.99,n5,UWYK 1D (v3a),malc,109,0.9451310275806233,0.0048689724193766715,0.017688812218031792,0.7748346541821218,0.04694281761939245,1.7758709694851524,0.6478163575716217,0.08421973339777482,0.020775625518836598
ComplexMech,rho>0.99,n10,UWYK 1D (v3a),malc,115,0.9863451367099955,0.03634513670999551,0.006705439818954052,0.774403972849886,0.04451835588569243,0.8119440070723567,0.05326314392213832,0.04757479871768209,0.00780497936102813
ComplexMech,rho>0.99,n20,UWYK 1D (v3a),malc,113,0.9574229015821936,0.007422901582193608,0.015610584187661546,0.6460016560812465,0.03882624855196352,1.00432248568572,0.19594767795129517,0.04411515569227702,0.00973359248143149
ComplexMech,rho>0.99,n30,UWYK 1D (v3a),malc,139,0.9799694344709762,0.02996943447097622,0.008988275417991947,0.7560757981389366,0.06049002132804876,0.8199427419221352,0.06905368644812755,0.039894326342253976,0.004124842090085127
ComplexMech,rho>0.99,n40,UWYK 1D (v3a),malc,123,0.9739924487238206,0.02399244872382067,0.012656470873686997,0.6139593396663906,0.054898328580406545,0.7016497542572895,0.083315734765001,0.03271587598935073,0.003952197692416323
ComplexMech,rho>0.99,n50,UWYK 1D (v3a),malc,122,0.986210684659706,0.036210684659706005,0.006687140356555717,0.607050376334372,0.048799066093390554,0.6502037539169961,0.057378964425406485,0.03373294703145924,0.0034735088677797
ComplexMech,rho>0.99,n5,UWYK 2D (noanc),malc,109,0.9815586872221697,0.0315586872221697,0.011121182547257824,0.5321722643084081,0.050363982441222775,1.094361833173517,0.5648080535681202,0.05500793139633049,0.017206977979419745
ComplexMech,rho>0.99,n10,UWYK 2D (noanc),malc,115,0.9814764862466726,0.03147648624667265,0.010764255829388414,0.4381847617438042,0.0387344751952794,0.4644042761152412,0.04039017143633704,0.03366677874003643,0.005390883680506272
ComplexMech,rho>0.99,n20,UWYK 2D (noanc),malc,113,0.9719374195980583,0.021937419598058394,0.013313104852720555,0.3627379432945498,0.03589114856535557,0.48951708552421014,0.09020528999811214,0.02937623193182747,0.005535109576374118
ComplexMech,rho>0.99,n30,UWYK 2D (noanc),malc,139,0.9943913327835755,0.04439133278357554,0.0027121800729332035,0.33730448951299113,0.029737922399297352,0.35387977273815235,0.032421030238305774,0.02173571294997907,0.002173256708815557
ComplexMech,rho>0.99,n40,UWYK 2D (noanc),malc,123,0.9819222676698816,0.0319222676698816,0.01145026421774557,0.3359375106252544,0.03493864462383797,0.43891027169493424,0.08808291755901422,0.022240238398180644,0.003127222055478442
ComplexMech,rho>0.99,n50,UWYK 2D (noanc),malc,122,0.9943434343434343,0.04434343434343435,0.0026210663393151567,0.3418215883634367,0.033258605713925284,0.35550401442081536,0.034062116696879786,0.02116713047581079,0.0022714608174621504
ComplexMech,rho>0.99,n5,UWYK 2D (v3a),malc,109,0.9798931239950819,0.029893123995081927,0.011390762460318565,0.46366920923965377,0.04517690306421647,1.0478784822276026,0.5803492475890484,0.0508410970809957,0.01693075874221909
ComplexMech,rho>0.99,n10,UWYK 2D (v3a),malc,115,0.979693114774514,0.029693114774514084,0.011371316869648896,0.30786131820514673,0.02876506924174924,0.3364032689517706,0.03188574501474046,0.027306851220526986,0.005829341710260962
ComplexMech,rho>0.99,n20,UWYK 2D (v3a),malc,113,0.9709575439784373,0.0209575439784373,0.013373481033037031,0.27218685622829614,0.02563251048335969,0.4707297675789257,0.14385884867659032,0.024784857085213538,0.005539397342006017
ComplexMech,rho>0.99,n30,UWYK 2D (v3a),malc,139,0.982731620227487,0.03273162022748699,0.008064333567228028,0.24065938950218546,0.02003802147827485,0.28562792581200275,0.031172435974518437,0.018019626568561986,0.001777483303144625
ComplexMech,rho>0.99,n40,UWYK 2D (v3a),malc,123,0.9804046524937299,0.030404652493729922,0.011469360126238805,0.25367206975384815,0.027014757784276106,0.33859421977144855,0.08309944984149496,0.018304267153961835,0.0027738059476646038
ComplexMech,rho>0.99,n50,UWYK 2D (v3a),malc,122,0.9931133396809627,0.04311333968096276,0.0027673946971362062,0.2700612783462223,0.0253139549143827,0.29014344017258903,0.027525572173940832,0.018058253596900702,0.0018616064418904895
ComplexMech,rho>0.99,n5,CausalPFN 1D,malc,109,0.8686914247768748,0.08130857522312518,0.02664951703996069,0.5153761965778781,0.05126128165950125,1.7665544429265132,0.6998689330110199,0.0799627436245441,0.019697585154461524
ComplexMech,rho>0.99,n10,CausalPFN 1D,malc,115,0.9132409592234131,0.03675904077658687,0.018693806945516478,0.4479783928749427,0.04173937082640976,0.6865246825586575,0.12188841866237875,0.040001107114667735,0.006950022482725759
ComplexMech,rho>0.99,n20,CausalPFN 1D,malc,113,0.9342528745165366,0.015747125483463353,0.01583109845590721,0.41616364783408705,0.03970136841912144,0.623650349765976,0.13646192372509824,0.035891961012407464,0.006987742346688183
ComplexMech,rho>0.99,n30,CausalPFN 1D,malc,139,0.9527612519781672,0.002761251978167234,0.010049088092127342,0.5179730609165363,0.05252487703544448,0.559747842233189,0.05257900921565801,0.03655181238538778,0.004673347752303688
ComplexMech,rho>0.99,n40,CausalPFN 1D,malc,123,0.9643203896352304,0.014320389635230413,0.010545389961779625,0.41629337267721067,0.04745477640328971,0.48366904635256425,0.06844929210997468,0.028088016896211848,0.0038814460039187375
ComplexMech,rho>0.99,n50,CausalPFN 1D,malc,122,0.9546226100539517,0.0046226100539517034,0.011458829518673764,0.4195790660430573,0.04217405964232707,0.4580685732078623,0.044951215701200004,0.02652444761891272,0.0028091614188076996
ComplexMech,rho>0.99,n5,CausalPFN 2D,malc,109,0.9664303897321762,0.016430389732176254,0.014390981077045577,0.5919593305573425,0.04443703821247843,1.2950660213435945,0.6051962228253669,0.07378457853011947,0.017348174270033705
ComplexMech,rho>0.99,n10,CausalPFN 2D,malc,115,0.992695652173913,0.042695652173913023,0.002734980450485437,0.5847678361370615,0.03766616778537088,0.6033041791553875,0.0383526851968937,0.04958399286986915,0.006245431667174432
ComplexMech,rho>0.99,n20,CausalPFN 2D,malc,113,0.9822999910610529,0.03229999106105297,0.010004740598237003,0.5606366658005656,0.03924955095322431,0.6167173955003761,0.05410236743528497,0.04475928749463691,0.005183837386612609
ComplexMech,rho>0.99,n30,CausalPFN 2D,malc,139,0.9981021608615971,0.04810216086159713,0.000979112307546372,0.6117887322514816,0.04317647797866509,0.6155543303099205,0.04310593136800678,0.05183799920837933,0.006770819658700755
ComplexMech,rho>0.99,n40,CausalPFN 2D,malc,123,0.9907988688582539,0.0407988688582539,0.008132086754025004,0.5269554805358068,0.040455880110891074,0.5829125801081416,0.06624340609021544,0.04030322795706484,0.0038895833282289434
ComplexMech,rho>0.99,n50,CausalPFN 2D,malc,122,0.9993702628819108,0.04937026288191082,0.00032893813046259513,0.5239481468524405,0.03788801903303861,0.5245089081987484,0.037915769172075245,0.03908618601235293,0.003176970014806824
ComplexMech,rho>0.99,n5,Do-PFN (matched resolution),malc,109,0.9127796213156353,0.037220378684364674,0.022711212717169717,5.354412359409027,0.45871911659494446,10.897004465034446,1.8567421272311577,0.6125542392307953,0.07715769663458692
ComplexMech,rho>0.99,n10,Do-PFN (matched resolution),malc,115,0.9645002241147468,0.01450022411474683,0.012217439730176428,5.178263141380462,0.4021517733547647,6.787905454924016,0.8524343725546659,0.4231560546565912,0.04113721558797473
ComplexMech,rho>0.99,n20,Do-PFN (matched resolution),malc,113,0.9789317958344507,0.028931795834450713,0.011035590836079147,6.034123377608704,0.3952110019969971,7.37319911179554,0.9806037864922604,0.3375967665052311,0.03175725307930924
ComplexMech,rho>0.99,n30,Do-PFN (matched resolution),malc,139,0.9966187050359713,0.04661870503597132,0.002719949041889532,6.736356242014995,0.3850076859679499,6.747581921625408,0.3843925574570043,0.3096804786670985,0.024123547692255942
ComplexMech,rho>0.99,n40,Do-PFN (matched resolution),malc,123,0.9995121951219512,0.049512195121951263,0.00041390045709781964,6.8621690742671335,0.4351404328944039,6.867975544736244,0.4347125146635976,0.31945213478300094,0.021999874419945196
ComplexMech,rho>0.99,n50,Do-PFN (matched resolution),malc,122,0.9967883755588673,0.04678837555886739,0.002231604717006873,6.7961416700258965,0.3742226089819835,6.817354065522906,0.37373315961000386,0.30381407087037315,0.019898282143287687
ComplexMech,rho>0.99,n5,UWYK No-Anc (matched resolution),malc,109,0.8829095674967234,0.06709043250327651,0.027704081189340774,0.6092003710954768,0.03712103409881699,3.811867219485127,1.1764130704980194,0.15290371579148898,0.033916595201911245
ComplexMech,rho>0.99,n10,UWYK No-Anc (matched resolution),malc,115,0.947304347826087,0.002695652173912988,0.015974007175718064,0.5847474881760037,0.0426611119031872,1.4573717818699037,0.6587207403863837,0.07641140835602994,0.018989852324363767
ComplexMech,rho>0.99,n20,UWYK No-Anc (matched resolution),malc,113,0.9543845534995977,0.004384553499597765,0.017248015784468714,0.515981189778762,0.03537468837693185,1.2468918221504663,0.42736317977152893,0.055128598191465344,0.013259964250947753
ComplexMech,rho>0.99,n30,UWYK No-Anc (matched resolution),malc,139,0.9838826971817722,0.03388269718177228,0.00898189909891681,0.6295353116427533,0.04841527698010825,0.694585694570581,0.05842681114923148,0.03790776327176724,0.0031702637143431844
ComplexMech,rho>0.99,n40,UWYK No-Anc (matched resolution),malc,123,0.9853658536585366,0.03536585365853662,0.008971716990449578,0.5633088501831974,0.04611434902227181,0.6013960392024326,0.05031769052850861,0.034458343082196086,0.003316299101971311
ComplexMech,rho>0.99,n50,UWYK No-Anc (matched resolution),malc,122,0.9771510183805266,0.027151018380526692,0.01037801849344727,0.583433469516102,0.041587954135983554,0.8156199803078101,0.16129930763650763,0.04205221081568078,0.006379615860284232
ComplexMech,rho>0.99,n5,UWYK Anc (matched resolution),malc,109,0.9653334634654174,0.015333463465417418,0.0161317278195888,0.6501564044880433,0.041542278517531867,1.45044705591857,0.6238798307447969,0.07483660725374137,0.0179253778566043
ComplexMech,rho>0.99,n10,UWYK Anc (matched resolution),malc,115,0.992,0.04200000000000004,0.006793454919868366,0.5657279574270264,0.03255427774945391,0.6714287507743139,0.10209352763104501,0.0433820010634883,0.007477792545650283
ComplexMech,rho>0.99,n20,UWYK Anc (matched resolution),malc,113,0.9700858138911237,0.02008581389112374,0.01260574506969193,0.5054614435679603,0.03218980750963657,0.856753376147012,0.20241672402340616,0.0443322840691279,0.009753104629686619
ComplexMech,rho>0.99,n30,UWYK Anc (matched resolution),malc,139,0.9871201072537146,0.03712010725371462,0.00813633444997475,0.6294337311402706,0.049923470583919306,0.6747761223179638,0.05679244371108781,0.03693242962733463,0.0030857720469953686
ComplexMech,rho>0.99,n40,UWYK Anc (matched resolution),malc,123,0.9902439024390245,0.04024390243902454,0.008248169449969598,0.558689305528236,0.04730016694949222,0.5957706415608535,0.054095047362991124,0.033279073470651385,0.003334394603444487
ComplexMech,rho>0.99,n50,UWYK Anc (matched resolution),malc,122,0.9977049180327868,0.04770491803278687,0.0016939162291512377,0.5730652317256283,0.04241352759892016,0.5768821886708743,0.04257725856069546,0.03314626059406565,0.00272215698583003
ComplexMech,rho>0.99,n5,CausalPFN-C (matched resolution),malc,109,0.9581177936843007,0.008117793684300767,0.01571224490516207,0.8909540551684958,0.10894858507786678,1.71974142652396,0.6252084278176725,0.09328009332997458,0.01983085754351321
ComplexMech,rho>0.99,n10,CausalPFN-C (matched resolution),malc,115,0.9989565217391304,0.048956521739130454,0.00046827520062039214,0.7390945496635916,0.05259495301984065,0.7471974099241399,0.05241282581474898,0.052383730289483454,0.00577793811487594
ComplexMech,rho>0.99,n20,CausalPFN-C (matched resolution),malc,113,0.9890256547778673,0.03902565477786735,0.009008146745671564,0.7041381584083378,0.0570062497756036,0.7201197708908313,0.05767659317716703,0.048551430455995845,0.006736541344628996
ComplexMech,rho>0.99,n30,CausalPFN-C (matched resolution),malc,139,0.9997122302158274,0.04971223021582749,0.00022700688164940466,0.7475011506682121,0.05588407636161673,0.7489373023743299,0.05588057004792846,0.048368468053718416,0.004347992803791823
ComplexMech,rho>0.99,n40,CausalPFN-C (matched resolution),malc,123,0.9916260162601626,0.0416260162601626,0.008130101292791628,0.6307714671777757,0.05159243298430461,0.6836410703062284,0.07243359870533042,0.04124878776082795,0.004066500215270255
ComplexMech,rho>0.99,n50,CausalPFN-C (matched resolution),malc,122,0.9997516145057128,0.04975161450571286,0.0002483854942871334,0.6271226519633818,0.04557457623530263,0.6272392494213692,0.04557384301736307,0.03855731569001695,0.0029638001492692154
