benchmark,case,slice,model,stage,n_real,coverage,abs_dev,se,length,length_se
RealCause,IHDP,all,Do-PFN 1D,raw,100,0.9698666666666667,0.0198666666666667,0.002539881666075321,25.99130109904913,3.198593676689756
RealCause,ACIC,all,Do-PFN 1D,raw,10,0.9848232848232849,0.034823284823284895,0.007168789875079699,26.410683025540067,0.859548833151711
RealCause,CPS,all,Do-PFN 1D,raw,100,0.9468665018541409,0.0031334981458590594,0.0022785581456232938,48986.60280408318,117.6751769646307
RealCause,PSID,all,Do-PFN 1D,raw,100,0.9786567164179104,0.028656716417910455,0.0009001588604349485,86319.36470627098,298.43382096022845
RealCause,PSID_bal,all,Do-PFN 1D,raw,100,0.9722388059701492,0.022238805970149267,0.001212079020712066,86525.87659236895,546.3707565125476
RealCause,IHDP,all,Do-PFN 2D,raw,100,0.8440000000000001,0.10599999999999987,0.012083510389971809,18.03481541937084,2.2679144706031935
RealCause,ACIC,all,Do-PFN 2D,raw,10,0.8261954261954262,0.12380457380457377,0.06289545400609103,12.424598500579824,1.3996839169129425
RealCause,CPS,all,Do-PFN 2D,raw,100,0.54057478368356,0.4094252163164399,0.0048352583347520016,19000.037757559727,100.14567236226762
RealCause,PSID,all,Do-PFN 2D,raw,100,0.8909328358208956,0.0590671641791044,0.002070305465721252,45978.43951542921,138.6033716253311
RealCause,PSID_bal,all,Do-PFN 2D,raw,100,0.9046641791044775,0.04533582089552246,0.0028289961876542162,47740.817093023696,291.1678251392774
RealCause,IHDP,all,UWYK 1D (noanc),raw,100,0.9782666666666665,0.02826666666666655,0.0021411892391903836,25.223538065717534,2.6182924958340044
RealCause,ACIC,all,UWYK 1D (noanc),raw,10,0.9925155925155924,0.04251559251559245,0.0034119289328042,22.99935525151315,1.519705067755166
RealCause,CPS,all,UWYK 1D (noanc),raw,100,0.9498516687268231,0.00014833127317681605,0.0021929699229502903,44817.87987420872,94.25674585357459
RealCause,PSID,all,UWYK 1D (noanc),raw,100,0.8824626865671644,0.06753731343283553,0.002613555099464504,59930.89727247988,247.34296428904426
RealCause,PSID_bal,all,UWYK 1D (noanc),raw,100,0.8965298507462687,0.05347014925373128,0.0028222670972403562,59966.60588937056,317.4379842394843
RealCause,IHDP,all,UWYK 1D (v3a),raw,100,0.9798666666666666,0.029866666666666597,0.0019648539268821716,23.11108515503888,2.4733094647858325
RealCause,ACIC,all,UWYK 1D (v3a),raw,10,0.9906444906444907,0.040644490644490716,0.005857803315039265,20.03112284569177,1.3671664891768287
RealCause,CPS,all,UWYK 1D (v3a),raw,100,0.9773856613102596,0.027385661310259657,0.001002750008417161,44641.66060903383,119.62236034805412
RealCause,PSID,all,UWYK 1D (v3a),raw,100,0.9241417910447762,0.025858208955223727,0.0018885637610759245,70949.47100741425,462.9086955649965
RealCause,PSID_bal,all,UWYK 1D (v3a),raw,100,0.9605597014925373,0.010559701492537377,0.0016638586212535428,69246.82763586959,557.4872430357974
RealCause,IHDP,all,UWYK 2D (noanc),raw,100,0.9846666666666666,0.03466666666666662,0.002079238399807084,26.79189852298396,2.8881690458711127
RealCause,ACIC,all,UWYK 2D (noanc),raw,10,0.968814968814969,0.018814968814969024,0.014969456622370732,18.504904890273533,2.5568014519601183
RealCause,CPS,all,UWYK 2D (noanc),raw,100,0.9022126081582202,0.047787391841779714,0.002851033403900044,41215.10393108036,394.05377826199015
RealCause,PSID,all,UWYK 2D (noanc),raw,100,0.7503358208955224,0.19966417910447753,0.015265432452208927,41661.505893547874,1069.969037349208
RealCause,PSID_bal,all,UWYK 2D (noanc),raw,100,0.9373880597014925,0.01261194029850743,0.00241619702427317,58550.121536682534,455.1430955053946
RealCause,IHDP,all,UWYK 2D (v3a),raw,100,0.9761333333333332,0.02613333333333323,0.002384348515867143,23.194296298021253,2.4921571784823198
RealCause,ACIC,all,UWYK 2D (v3a),raw,10,0.9646569646569647,0.014656964656964755,0.014736656070420014,16.924934586259894,2.216085019044631
RealCause,CPS,all,UWYK 2D (v3a),raw,100,0.864505562422744,0.08549443757725594,0.0067696521245210195,36550.64653425843,572.1961851806818
RealCause,PSID,all,UWYK 2D (v3a),raw,100,0.6408582089552239,0.309141791044776,0.01686115945492886,35062.219322326375,1010.831437490169
RealCause,PSID_bal,all,UWYK 2D (v3a),raw,100,0.7889925373134328,0.16100746268656718,0.008135019030231602,42983.43960605759,533.6013760071606
RealCause,IHDP,all,CausalPFN 1D,raw,100,0.8458666666666665,0.10413333333333341,0.00550341593748104,4.715333014359569,0.1286176466268156
RealCause,ACIC,all,CausalPFN 1D,raw,10,0.9623700623700625,0.012370062370062551,0.005883979916043619,8.761578190104803,0.8188872426528337
RealCause,CPS,all,CausalPFN 1D,raw,100,0.9767737948084058,0.026773794808405804,0.0027127893804292755,47788.77223915288,263.2217134681707
RealCause,PSID,all,CausalPFN 1D,raw,100,0.9492910447761195,0.0007089552238804808,0.0016679445542155933,76384.5317606416,1242.6004582514247
RealCause,PSID_bal,all,CausalPFN 1D,raw,100,0.934402985074627,0.01559701492537291,0.0020272834084855717,71299.56194976003,1217.2590991634015
RealCause,IHDP,all,CausalPFN 2D,raw,100,0.9754666666666668,0.02546666666666686,0.003095023339573194,14.903480720944344,1.6500766184251483
RealCause,ACIC,all,CausalPFN 2D,raw,10,0.9981288981288982,0.0481288981288982,0.0010018594798891839,13.578911447115942,0.5056917781965109
RealCause,CPS,all,CausalPFN 2D,raw,100,0.9621631644004945,0.012163164400494586,0.0045965343872594365,44061.09037661579,160.99606533346636
RealCause,PSID,all,CausalPFN 2D,raw,100,0.9675373134328358,0.01753731343283582,0.00108235595113344,61319.64327546034,1046.31207338152
RealCause,PSID_bal,all,CausalPFN 2D,raw,100,0.9590671641791046,0.009067164179104692,0.0015079624671383149,61936.9901349918,995.1721033036632
RealCause,IHDP,all,Do-PFN (matched label),raw,100,0.9763999999999997,0.026399999999999757,0.0023121598242227376,22.411113080632475,2.640247017374027
RealCause,ACIC,all,Do-PFN (matched label),raw,10,0.9877338877338877,0.03773388773388775,0.006474644318570413,27.310771533385907,0.9371472630170053
RealCause,CPS,all,Do-PFN (matched label),raw,100,0.9911804697156984,0.04118046971569844,0.00033437311047373547,49379.6957031347,60.1893057973537
RealCause,PSID,all,Do-PFN (matched label),raw,100,0.9675373134328359,0.017537313432835933,0.001091413481018921,68068.1350116021,169.0968081674361
RealCause,PSID_bal,all,Do-PFN (matched label),raw,100,0.9651865671641789,0.015186567164178988,0.0013972031308254022,67701.13096234387,413.80648102082785
RealCause,IHDP,all,Do-PFN (matched resolution),raw,100,0.9866666666666666,0.036666666666666625,0.002218178138393666,31.083028952418744,2.1401603746478424
RealCause,ACIC,all,Do-PFN (matched resolution),raw,10,0.9956340956340958,0.04563409563409582,0.0027274662029320006,36.99337721807622,0.9847585068089899
RealCause,CPS,all,Do-PFN (matched resolution),raw,100,0.8889493201483313,0.06105067985166868,0.000767171286716646,39751.44530147493,23.333351423032497
RealCause,PSID,all,Do-PFN (matched resolution),raw,100,0.9181343283582089,0.031865671641791105,0.0019142771482701451,52175.32087498952,181.38851859924603
RealCause,PSID_bal,all,Do-PFN (matched resolution),raw,100,0.915820895522388,0.034179104477611966,0.002278234639818477,54983.8463782207,387.85584130495687
RealCause,IHDP,all,UWYK No-Anc (matched label),raw,100,0.8233333333333335,0.12666666666666648,0.008248388612485554,19.344167662376083,1.784080948514622
RealCause,ACIC,all,UWYK No-Anc (matched label),raw,10,0.9571725571725571,0.007172557172557159,0.013591296656555802,19.920058929055187,1.2799747209375723
RealCause,CPS,all,UWYK No-Anc (matched label),raw,100,0.910203955500618,0.03979604449938201,0.002360218854969959,45477.348450446894,206.41556625241478
RealCause,PSID,all,UWYK No-Anc (matched label),raw,100,0.8145149253731344,0.13548507462686554,0.0033810782188773217,55347.092368359445,242.91086529906062
RealCause,PSID_bal,all,UWYK No-Anc (matched label),raw,100,0.898731343283582,0.051268656716418004,0.0030387807789792705,59029.88920284178,347.4826739548566
RealCause,IHDP,all,UWYK Anc (matched label),raw,100,0.8461333333333334,0.10386666666666655,0.008065767821475143,20.174323992393212,1.9727536286091056
RealCause,ACIC,all,UWYK Anc (matched label),raw,10,0.9586278586278587,0.008627858627858753,0.01448172487138534,19.952422130781727,1.3260604626291914
RealCause,CPS,all,UWYK Anc (matched label),raw,100,0.9035352286773795,0.0464647713226205,0.0020042741104985837,44206.7251689431,199.32581938265193
RealCause,PSID,all,UWYK Anc (matched label),raw,100,0.8237686567164179,0.1262313432835821,0.0034659318576602247,56049.0345712221,262.41469299482344
RealCause,PSID_bal,all,UWYK Anc (matched label),raw,100,0.9258208955223881,0.024179104477611846,0.002588564607107782,59335.35939088181,368.26351525604883
RealCause,IHDP,all,UWYK No-Anc (matched resolution),raw,100,0.8632,0.08679999999999999,0.006235541300371764,17.903609745575007,1.8706839419783923
RealCause,ACIC,all,UWYK No-Anc (matched resolution),raw,10,0.9825363825363824,0.03253638253638247,0.008533762593963764,20.43700033393587,1.9562476238408075
RealCause,CPS,all,UWYK No-Anc (matched resolution),raw,100,0.9242088998763908,0.02579110012360919,0.001411324267073983,45271.87958907105,107.68609229660447
RealCause,PSID,all,UWYK No-Anc (matched resolution),raw,100,0.8299253731343285,0.1200746268656715,0.002937191335058654,54653.95882496976,280.23683633944444
RealCause,PSID_bal,all,UWYK No-Anc (matched resolution),raw,100,0.8544029850746268,0.0955970149253732,0.0031643636395162532,55977.98026799936,320.65379193302846
RealCause,IHDP,all,UWYK Anc (matched resolution),raw,100,0.893333333333333,0.056666666666666976,0.0075257880631080295,16.58837121854072,1.7509401969951939
RealCause,ACIC,all,UWYK Anc (matched resolution),raw,10,0.9879417879417881,0.03794178794178815,0.006387647191574726,19.6469099998503,1.967266812503678
RealCause,CPS,all,UWYK Anc (matched resolution),raw,100,0.9348145859085293,0.015185414091470673,0.001556436917706408,44976.665186700964,112.21941814903099
RealCause,PSID,all,UWYK Anc (matched resolution),raw,100,0.8952238805970149,0.0547761194029851,0.0024243900871072526,65303.93512342834,584.2737840195811
RealCause,PSID_bal,all,UWYK Anc (matched resolution),raw,100,0.9191791044776122,0.03082089552238776,0.002275702299571928,60997.54603943299,401.38906290713777
RealCause,IHDP,all,UWYK-B No-Anc,raw,100,0.9782666666666665,0.02826666666666655,0.0021411892391903836,25.234954460773405,2.620466587401605
RealCause,ACIC,all,UWYK-B No-Anc,raw,10,0.9925155925155924,0.04251559251559245,0.0034119289328042,22.99935525151315,1.519705067755166
RealCause,CPS,all,UWYK-B No-Anc,raw,100,0.9407972805933252,0.00920271940667472,0.0016578889865811104,44494.5354645781,79.81033570666003
RealCause,PSID,all,UWYK-B No-Anc,raw,100,0.8744029850746267,0.0755970149253733,0.0026476208649828274,59094.106579515494,235.7667471944315
RealCause,PSID_bal,all,UWYK-B No-Anc,raw,100,0.8780970149253732,0.07190298507462678,0.0026342198761408054,59768.19513846834,320.24317117051
RealCause,IHDP,all,UWYK-B Anc,raw,100,0.9797333333333333,0.02973333333333339,0.001964716832891083,23.069904353239693,2.465055454618143
RealCause,ACIC,all,UWYK-B Anc,raw,10,0.9906444906444907,0.040644490644490716,0.005857803315039265,20.03112284569177,1.3671664891768287
RealCause,CPS,all,UWYK-B Anc,raw,100,0.9092707045735478,0.040729295426452206,0.001341534292852582,43248.34780829446,116.30739435872337
RealCause,PSID,all,UWYK-B Anc,raw,100,0.875410447761194,0.07458955223880592,0.002596492731750193,62104.97868453592,290.5639742218542
RealCause,PSID_bal,all,UWYK-B Anc,raw,100,0.9568656716417909,0.006865671641790971,0.0016409342226459019,64099.751219920305,513.4818748692443
RealCause,IHDP,all,CausalPFN-C (matched label),raw,100,0.8403999999999999,0.10960000000000003,0.0051881069209414035,4.718379297291492,0.14173820031289253
RealCause,ACIC,all,CausalPFN-C (matched label),raw,10,0.9686070686070687,0.018607068607068733,0.004735279364062785,8.978330035576393,0.8566748714239554
RealCause,CPS,all,CausalPFN-C (matched label),raw,100,0.9778182941903585,0.027818294190358528,0.003314424546681279,53239.222221929376,567.0022188492967
RealCause,PSID,all,CausalPFN-C (matched label),raw,100,0.9451492537313432,0.00485074626865678,0.0015737193566815438,63926.44121104054,945.9347477324139
RealCause,PSID_bal,all,CausalPFN-C (matched label),raw,100,0.9351119402985074,0.01488805970149254,0.0018832243796712933,67597.62815961108,1251.3983716617556
RealCause,IHDP,all,CausalPFN-C (matched resolution),raw,100,0.9932,0.043200000000000016,0.0011909874803922907,15.427053823398156,1.6039086635576048
RealCause,ACIC,all,CausalPFN-C (matched resolution),raw,10,0.9991683991683992,0.04916839916839921,0.0005544005544005544,14.822540347490357,0.5316856704848617
RealCause,CPS,all,CausalPFN-C (matched resolution),raw,100,0.9937886279357232,0.043788627935723246,0.0009906829672056915,58437.89612775977,653.2661041421493
RealCause,PSID,all,CausalPFN-C (matched resolution),raw,100,0.9819029850746267,0.031902985074626744,0.0008524871695583828,91449.57988363238,1186.1714877495633
RealCause,PSID_bal,all,CausalPFN-C (matched resolution),raw,100,0.9801492537313432,0.03014925373134325,0.0010336793042772176,83097.69836397596,1465.2000211349439
RealCause,IHDP,all,"CausalPFN (two-stage, published)",raw,100,0.9957333333333334,0.045733333333333404,0.0008864613316328905,18.118447353188525,1.9706594576802736
RealCause,ACIC,all,"CausalPFN (two-stage, published)",raw,10,0.9997920997920998,0.049792099792099864,0.00020790020790020236,16.884799423577096,0.5704429021024228
RealCause,CPS,all,"CausalPFN (two-stage, published)",raw,100,0.9910197775030902,0.04101977750309027,0.0007600251875080295,48784.74187449203,176.04120079139943
RealCause,PSID,all,"CausalPFN (two-stage, published)",raw,100,0.9823880597014925,0.0323880597014925,0.0008251673998760164,78178.45160540182,1089.018973357389
RealCause,PSID_bal,all,"CausalPFN (two-stage, published)",raw,100,0.9825,0.032500000000000084,0.0008885460587025904,80112.59847967983,1287.967110863478
CaseStudy,Observed_Confounder,pooled,Do-PFN 1D,raw,1800,0.9962722222222222,0.04627222222222227,0.00059714559204905,5.7179227944579365,0.09986792143883812
CaseStudy,Observed_Confounder,shift-2,Do-PFN 1D,raw,600,0.9954333333333333,0.045433333333333326,0.0012971087807191557,6.75132549860118,0.175369025176728
CaseStudy,Observed_Confounder,shift0,Do-PFN 1D,raw,600,0.9999833333333333,0.04998333333333338,1.666666666666668e-05,4.440297788959588,0.15900331267460635
CaseStudy,Observed_Confounder,shift+2,Do-PFN 1D,raw,600,0.9934,0.043399999999999994,0.0012215191650863872,5.962145095813042,0.1709341148639338
CaseStudy,Observed_Confounder,d5,Do-PFN 1D,raw,300,0.9978666666666667,0.047866666666666724,0.0007302560344718635,1.0943727766797628,0.07680392509420753
CaseStudy,Observed_Confounder,d10,Do-PFN 1D,raw,300,0.9943666666666666,0.044366666666666665,0.0010148269078602181,5.077763157293066,0.22305430468852255
CaseStudy,Observed_Confounder,d20,Do-PFN 1D,raw,300,0.9981666666666669,0.04816666666666691,0.00041557828866491825,6.192985648168834,0.18581490499759817
CaseStudy,Observed_Confounder,d30,Do-PFN 1D,raw,300,0.9911666666666665,0.041166666666666574,0.0030343475340285186,6.576991329945616,0.1818138893489179
CaseStudy,Observed_Confounder,d40,Do-PFN 1D,raw,300,0.9989333333333331,0.04893333333333316,0.0004231150957408346,7.451533724861991,0.2343498785716381
CaseStudy,Observed_Confounder,d50,Do-PFN 1D,raw,300,0.9971333333333333,0.04713333333333336,0.001266737074848893,7.913890129798349,0.28218100840062943
CaseStudy,Observed_Confounder,pooled,Do-PFN 2D,raw,1800,0.9925166666666668,0.04251666666666687,0.0017139034698810088,2.9855378731369275,0.054642421086214185
CaseStudy,Observed_Confounder,shift-2,Do-PFN 2D,raw,600,0.9965500000000002,0.0465500000000002,0.0015047305299368335,3.6102224010847728,0.1048013958871506
CaseStudy,Observed_Confounder,shift0,Do-PFN 2D,raw,600,0.9929333333333333,0.04293333333333338,0.0031694130374629995,1.829587202195867,0.06996388059370388
CaseStudy,Observed_Confounder,shift+2,Do-PFN 2D,raw,600,0.9880666666666668,0.038066666666666804,0.0037545584734247285,3.516804016130143,0.08758060203590075
CaseStudy,Observed_Confounder,d5,Do-PFN 2D,raw,300,0.9967666666666666,0.04676666666666662,0.0008052480223849124,1.4933863372506315,0.037816117208513814
CaseStudy,Observed_Confounder,d10,Do-PFN 2D,raw,300,0.9753666666666667,0.02536666666666676,0.008600808643807138,2.485118066958895,0.11910764118972003
CaseStudy,Observed_Confounder,d20,Do-PFN 2D,raw,300,0.9993000000000001,0.04930000000000012,0.0006042676173685159,2.872732935594229,0.1198827559672869
CaseStudy,Observed_Confounder,d30,Do-PFN 2D,raw,300,0.9973333333333335,0.04733333333333356,0.001700110386168478,3.237452288097152,0.11923528350669903
CaseStudy,Observed_Confounder,d40,Do-PFN 2D,raw,300,1.0,0.050000000000000044,0.0,3.786649229247202,0.14227245702812497
CaseStudy,Observed_Confounder,d50,Do-PFN 2D,raw,300,0.9863333333333333,0.03633333333333333,0.005155082853558528,4.037888381673454,0.1701528505593002
CaseStudy,Observed_Confounder,pooled,UWYK 1D (noanc),raw,1800,0.9602944444444446,0.010294444444444606,0.0024041597127769394,5.372282530644443,0.11094057718797867
CaseStudy,Observed_Confounder,shift-2,UWYK 1D (noanc),raw,600,0.9429,0.007099999999999995,0.00455735537736689,6.068420504700207,0.17694558076012945
CaseStudy,Observed_Confounder,shift0,UWYK 1D (noanc),raw,600,0.9985999999999999,0.04859999999999998,0.0006739116620252906,4.008848723436582,0.21003949645118142
CaseStudy,Observed_Confounder,shift+2,UWYK 1D (noanc),raw,600,0.9393833333333333,0.010616666666666608,0.005212424647939127,6.039578363796538,0.17553184229413404
CaseStudy,Observed_Confounder,d5,UWYK 1D (noanc),raw,300,0.8637666666666667,0.08623333333333327,0.01086218711316725,3.4582180843390007,0.13512373967944816
CaseStudy,Observed_Confounder,d10,UWYK 1D (noanc),raw,300,0.9310666666666666,0.018933333333333358,0.005799760371271979,5.068517458086891,0.2789304605088994
CaseStudy,Observed_Confounder,d20,UWYK 1D (noanc),raw,300,0.9807333333333335,0.0307333333333335,0.0024532159101364396,5.346572484088197,0.22432458271681052
CaseStudy,Observed_Confounder,d30,UWYK 1D (noanc),raw,300,0.9904999999999999,0.04049999999999998,0.0016200561532858455,5.5973819672658855,0.21704589068626273
CaseStudy,Observed_Confounder,d40,UWYK 1D (noanc),raw,300,0.9958,0.04580000000000006,0.0006769661484219528,6.146405104589196,0.2943694414635985
CaseStudy,Observed_Confounder,d50,UWYK 1D (noanc),raw,300,0.9999000000000001,0.049900000000000166,5.754160919975792e-05,6.6166000854974865,0.37981026485600217
CaseStudy,Observed_Confounder,pooled,UWYK 1D (v3a),raw,1800,0.9977499999999999,0.04774999999999996,0.00045635511404822315,4.249901353716259,0.1025269614330217
CaseStudy,Observed_Confounder,shift-2,UWYK 1D (v3a),raw,600,0.9980833333333333,0.04808333333333337,0.0006619809593763912,4.4449466425274595,0.16548055979474216
CaseStudy,Observed_Confounder,shift0,UWYK 1D (v3a),raw,600,0.9992166666666666,0.049216666666666686,0.0003786594156625863,3.8747983969547075,0.1991923585127007
CaseStudy,Observed_Confounder,shift+2,UWYK 1D (v3a),raw,600,0.9959499999999999,0.045949999999999935,0.0011338600285193008,4.429959021666609,0.16521910295649794
CaseStudy,Observed_Confounder,d5,UWYK 1D (v3a),raw,300,0.9874666666666667,0.03746666666666676,0.0026389473482151555,2.2900829150207542,0.13056979172187566
CaseStudy,Observed_Confounder,d10,UWYK 1D (v3a),raw,300,0.9990666666666668,0.049066666666666814,0.0003555369746166829,3.9480044915632044,0.2773122228129511
CaseStudy,Observed_Confounder,d20,UWYK 1D (v3a),raw,300,1.0,0.050000000000000044,0.0,4.215904398053771,0.2210583513748033
CaseStudy,Observed_Confounder,d30,UWYK 1D (v3a),raw,300,1.0,0.050000000000000044,0.0,4.491746422035834,0.20478639879133226
CaseStudy,Observed_Confounder,d40,UWYK 1D (v3a),raw,300,1.0,0.050000000000000044,0.0,5.108351968108327,0.26873873408977444
CaseStudy,Observed_Confounder,d50,UWYK 1D (v3a),raw,300,0.9999666666666667,0.049966666666666715,3.333333333333335e-05,5.445317927515663,0.3192323508990883
CaseStudy,Observed_Confounder,pooled,UWYK 2D (noanc),raw,1800,0.999538888888889,0.04953888888888902,0.00014588553186129709,3.672821196384664,0.058856031177913354
CaseStudy,Observed_Confounder,shift-2,UWYK 2D (noanc),raw,600,0.9999833333333333,0.04998333333333338,1.666666666666668e-05,4.450621876478516,0.10983998105389887
CaseStudy,Observed_Confounder,shift0,UWYK 2D (noanc),raw,600,0.9991333333333333,0.04913333333333336,0.0003215040705365101,2.597214284609826,0.06775941656761326
CaseStudy,Observed_Confounder,shift+2,UWYK 2D (noanc),raw,600,0.9995,0.0495000000000001,0.00029581574677126456,3.970627428065649,0.10707641939042001
CaseStudy,Observed_Confounder,d5,UWYK 2D (noanc),raw,300,0.9990666666666668,0.049066666666666814,0.0005834838155956502,3.3728432498977337,0.11564362334285108
CaseStudy,Observed_Confounder,d10,UWYK 2D (noanc),raw,300,0.9997,0.04970000000000008,0.00015918549650186122,3.598692435256325,0.14421924991934607
CaseStudy,Observed_Confounder,d20,UWYK 2D (noanc),raw,300,0.9995333333333334,0.04953333333333343,0.000278045950074855,3.3912670548261956,0.14122655627681716
CaseStudy,Observed_Confounder,d30,UWYK 2D (noanc),raw,300,0.9994,0.0494,0.00047796484200150193,3.455621405081356,0.13621895456429384
CaseStudy,Observed_Confounder,d40,UWYK 2D (noanc),raw,300,0.9995666666666667,0.04956666666666676,0.0003068098642937429,3.9014029937728725,0.14860475311476926
CaseStudy,Observed_Confounder,d50,UWYK 2D (noanc),raw,300,0.9999666666666667,0.049966666666666715,3.3333333333333355e-05,4.317100039473502,0.167304823905807
CaseStudy,Observed_Confounder,pooled,UWYK 2D (v3a),raw,1800,0.9963388888888889,0.04633888888888893,0.0008187199852425845,2.7203291636349816,0.05404786004969604
CaseStudy,Observed_Confounder,shift-2,UWYK 2D (v3a),raw,600,0.9995833333333334,0.049583333333333424,0.00023350319757089007,3.368714244318746,0.10065480723881348
CaseStudy,Observed_Confounder,shift0,UWYK 2D (v3a),raw,600,0.99875,0.04875000000000007,0.00045548197396080094,1.822286799069964,0.06579652016582327
CaseStudy,Observed_Confounder,shift+2,UWYK 2D (v3a),raw,600,0.9906833333333332,0.040683333333333294,0.0023867911376377264,2.9699864475162343,0.09852387977246667
CaseStudy,Observed_Confounder,d5,UWYK 2D (v3a),raw,300,0.9938666666666668,0.04386666666666683,0.002012543349115706,2.087091413343731,0.08749610878020068
CaseStudy,Observed_Confounder,d10,UWYK 2D (v3a),raw,300,0.9883333333333333,0.03833333333333333,0.004215709150518909,2.4818493835458844,0.14043087642290356
CaseStudy,Observed_Confounder,d20,UWYK 2D (v3a),raw,300,0.9969666666666668,0.04696666666666682,0.0013419717380298117,2.508101982023247,0.13119799182387368
CaseStudy,Observed_Confounder,d30,UWYK 2D (v3a),raw,300,0.9993333333333334,0.04933333333333345,0.0003667730665528335,2.6607428391569594,0.12498174005144484
CaseStudy,Observed_Confounder,d40,UWYK 2D (v3a),raw,300,0.9995666666666667,0.04956666666666676,0.0003068098642937429,2.9909410417223494,0.13063039533214296
CaseStudy,Observed_Confounder,d50,UWYK 2D (v3a),raw,300,0.9999666666666667,0.049966666666666715,3.3333333333333355e-05,3.593248322017718,0.15392858644173332
CaseStudy,Observed_Confounder,pooled,CausalPFN 1D,raw,1800,0.9891777777777778,0.03917777777777787,0.000715590241572184,1.4944875416456485,0.06842673400437331
CaseStudy,Observed_Confounder,shift-2,CausalPFN 1D,raw,600,0.981,0.031000000000000028,0.001667389937665833,1.6237099645657096,0.1267357059050273
CaseStudy,Observed_Confounder,shift0,CausalPFN 1D,raw,600,0.9980999999999999,0.04809999999999992,0.000349233997609418,1.212211983929467,0.09630333659741255
CaseStudy,Observed_Confounder,shift+2,CausalPFN 1D,raw,600,0.9884333333333333,0.03843333333333332,0.0012108387952229915,1.6475406764417684,0.129037144161083
CaseStudy,Observed_Confounder,d5,CausalPFN 1D,raw,300,0.9849000000000001,0.03490000000000015,0.002727491241541709,0.5561319082534708,0.023800950168345006
CaseStudy,Observed_Confounder,d10,CausalPFN 1D,raw,300,0.9927333333333335,0.04273333333333351,0.0010980811614296026,0.784640185762637,0.058235711912052776
CaseStudy,Observed_Confounder,d20,CausalPFN 1D,raw,300,0.9940333333333334,0.04403333333333348,0.0013472779720063656,1.1283507490126685,0.09066063183656545
CaseStudy,Observed_Confounder,d30,CausalPFN 1D,raw,300,0.9932666666666667,0.043266666666666787,0.0008219309094554398,1.4361976997907888,0.1197933416207704
CaseStudy,Observed_Confounder,d40,CausalPFN 1D,raw,300,0.9884333333333333,0.03843333333333332,0.0014870817443757396,2.1148883380492705,0.18744849467116712
CaseStudy,Observed_Confounder,d50,CausalPFN 1D,raw,300,0.9817,0.03170000000000006,0.002170628399269346,2.9467163690050544,0.30648741354528675
CaseStudy,Observed_Confounder,pooled,CausalPFN 2D,raw,1800,0.9994611111111112,0.04946111111111129,0.00013449704985443812,3.131273942377467,0.04194923140003458
CaseStudy,Observed_Confounder,shift-2,CausalPFN 2D,raw,600,0.9994166666666668,0.049416666666666886,0.00018345470763458905,3.494309744609016,0.06566057658854306
CaseStudy,Observed_Confounder,shift0,CausalPFN 2D,raw,600,0.9992999999999999,0.0492999999999999,0.0002941934826452491,2.4599615991373254,0.07702627187091587
CaseStudy,Observed_Confounder,shift+2,CausalPFN 2D,raw,600,0.9996666666666668,0.04966666666666686,0.00020655192750780105,3.439550483386059,0.06693187947736087
CaseStudy,Observed_Confounder,d5,CausalPFN 2D,raw,300,0.9986000000000002,0.0486000000000002,0.0007193146744588642,2.671975585750596,0.06918769055895127
CaseStudy,Observed_Confounder,d10,CausalPFN 2D,raw,300,0.9998000000000001,0.04980000000000018,8.09640904752737e-05,3.12329517588863,0.10735760916737912
CaseStudy,Observed_Confounder,d20,CausalPFN 2D,raw,300,0.9994333333333335,0.04943333333333355,0.00023141430959000258,3.0370833742574095,0.08648709532894402
CaseStudy,Observed_Confounder,d30,CausalPFN 2D,raw,300,0.9994000000000002,0.04940000000000022,0.00021874273359487277,3.061228703463248,0.08259956945701442
CaseStudy,Observed_Confounder,d40,CausalPFN 2D,raw,300,0.9997333333333334,0.04973333333333341,0.00010445306225664263,3.328558519980134,0.1091618189856601
CaseStudy,Observed_Confounder,d50,CausalPFN 2D,raw,300,0.9998000000000001,0.04980000000000018,0.00011508321839951581,3.5655022949247845,0.13958120377349112
CaseStudy,Observed_Confounder,pooled,Do-PFN (matched label),raw,1800,0.9970277777777778,0.04702777777777789,0.0005709493341900537,5.351876954937069,0.10165574482633308
CaseStudy,Observed_Confounder,shift-2,Do-PFN (matched label),raw,600,0.9971333333333333,0.04713333333333336,0.0009204129951372432,5.613563686532739,0.17122978641162998
CaseStudy,Observed_Confounder,shift0,Do-PFN (matched label),raw,600,0.9991166666666668,0.04911666666666681,0.00017199469176022047,4.761136812121294,0.1796068039513233
CaseStudy,Observed_Confounder,shift+2,Do-PFN (matched label),raw,600,0.9948333333333335,0.0448333333333335,0.0014300450173414388,5.680930366157172,0.17507884586079675
CaseStudy,Observed_Confounder,d5,Do-PFN (matched label),raw,300,0.9838333333333332,0.03383333333333327,0.003285201552142792,0.5995549260536556,0.02131054749401736
CaseStudy,Observed_Confounder,d10,Do-PFN (matched label),raw,300,0.9987999999999999,0.048799999999999955,0.0004993641441823624,4.130166385141626,0.2012996974788867
CaseStudy,Observed_Confounder,d20,Do-PFN (matched label),raw,300,0.9997666666666667,0.04976666666666674,0.00012860917379331024,5.724976840490526,0.1810290490835058
CaseStudy,Observed_Confounder,d30,Do-PFN (matched label),raw,300,0.9999000000000001,0.049900000000000166,5.754160919975793e-05,6.454734879653711,0.17931830145983207
CaseStudy,Observed_Confounder,d40,Do-PFN (matched label),raw,300,0.9999333333333333,0.049933333333333385,4.7061555869701135e-05,7.24531791268223,0.23834137148633086
CaseStudy,Observed_Confounder,d50,Do-PFN (matched label),raw,300,0.9999333333333333,0.049933333333333385,4.7061555869701135e-05,7.956510785600664,0.3010137823589145
CaseStudy,Observed_Confounder,pooled,Do-PFN (matched resolution),raw,1800,0.9653333333333333,0.01533333333333331,0.002565912048059977,15.766747877118734,0.18498672717788942
CaseStudy,Observed_Confounder,shift-2,Do-PFN (matched resolution),raw,600,0.9561833333333334,0.0061833333333334295,0.004709348448393296,15.247580707262246,0.30517349546163064
CaseStudy,Observed_Confounder,shift0,Do-PFN (matched resolution),raw,600,0.9932333333333334,0.04323333333333346,0.0011855268609546094,16.435326108709408,0.33605533003487875
CaseStudy,Observed_Confounder,shift+2,Do-PFN (matched resolution),raw,600,0.9465833333333334,0.0034166666666665124,0.00580615638412929,15.617336815384542,0.3178459488120296
CaseStudy,Observed_Confounder,d5,Do-PFN (matched resolution),raw,300,0.7963333333333332,0.15366666666666673,0.011044637649561335,2.839630240173715,0.06797256747310783
CaseStudy,Observed_Confounder,d10,Do-PFN (matched resolution),raw,300,0.9956666666666668,0.045666666666666855,0.0010103514773417365,11.61979868573578,0.2228854092784483
CaseStudy,Observed_Confounder,d20,Do-PFN (matched resolution),raw,300,1.0,0.050000000000000044,0.0,16.912685044829225,0.23565857776262822
CaseStudy,Observed_Confounder,d30,Do-PFN (matched resolution),raw,300,1.0,0.050000000000000044,0.0,19.400564927496436,0.2311176201055447
CaseStudy,Observed_Confounder,d40,Do-PFN (matched resolution),raw,300,1.0,0.050000000000000044,0.0,21.146817465066853,0.25804863979440534
CaseStudy,Observed_Confounder,d50,Do-PFN (matched resolution),raw,300,1.0,0.050000000000000044,0.0,22.680990899410396,0.2895789838116037
CaseStudy,Observed_Confounder,pooled,UWYK No-Anc (matched label),raw,1800,0.8846277777777778,0.06537222222222216,0.004952487199182502,4.822189779022806,0.09885524805231369
CaseStudy,Observed_Confounder,shift-2,UWYK No-Anc (matched label),raw,600,0.8588166666666666,0.0911833333333334,0.008720998496955441,5.702486936820916,0.1523169871823636
CaseStudy,Observed_Confounder,shift0,UWYK No-Anc (matched label),raw,600,0.9849333333333334,0.03493333333333348,0.0027576964355900853,3.2208444600641934,0.18145929075313724
CaseStudy,Observed_Confounder,shift+2,UWYK No-Anc (matched label),raw,600,0.8101333333333334,0.13986666666666658,0.010495512639625573,5.543237940183311,0.15962001824628283
CaseStudy,Observed_Confounder,d5,UWYK No-Anc (matched label),raw,300,0.7515666666666667,0.19843333333333324,0.014317534395129077,3.216355398272629,0.12380752510543681
CaseStudy,Observed_Confounder,d10,UWYK No-Anc (matched label),raw,300,0.7497333333333333,0.2002666666666667,0.01707044185531345,4.323607589392539,0.2439986304081785
CaseStudy,Observed_Confounder,d20,UWYK No-Anc (matched label),raw,300,0.8716666666666667,0.07833333333333325,0.0116365274018492,4.549107333752616,0.211502576957758
CaseStudy,Observed_Confounder,d30,UWYK No-Anc (matched label),raw,300,0.9572666666666667,0.0072666666666667545,0.0057871562965538794,4.8359089957393575,0.19404506815957812
CaseStudy,Observed_Confounder,d40,UWYK No-Anc (matched label),raw,300,0.9856666666666668,0.035666666666666846,0.0020608541990467747,5.410465014625388,0.24382096641494067
CaseStudy,Observed_Confounder,d50,UWYK No-Anc (matched label),raw,300,0.9918666666666669,0.04186666666666694,0.0022386955377826944,6.597694342354308,0.33864416293071464
CaseStudy,Observed_Confounder,pooled,UWYK Anc (matched label),raw,1800,0.8834166666666667,0.06658333333333322,0.004496283695931623,4.916377208838483,0.10693965325242916
CaseStudy,Observed_Confounder,shift-2,UWYK Anc (matched label),raw,600,0.8498,0.10019999999999996,0.008164041575529071,5.765197948545765,0.1672872813126605
CaseStudy,Observed_Confounder,shift0,UWYK Anc (matched label),raw,600,0.9887999999999999,0.038799999999999946,0.0021697161879185374,3.4829530106847946,0.19943424633812123
CaseStudy,Observed_Confounder,shift+2,UWYK Anc (matched label),raw,600,0.81165,0.13834999999999997,0.009042511744099722,5.500980667284887,0.17342633305015312
CaseStudy,Observed_Confounder,d5,UWYK Anc (matched label),raw,300,0.7921666666666666,0.15783333333333338,0.01202018539501405,3.2014789498404697,0.12094060396264002
CaseStudy,Observed_Confounder,d10,UWYK Anc (matched label),raw,300,0.7700333333333333,0.1799666666666666,0.015327091332845277,4.373581561113954,0.2568140153881222
CaseStudy,Observed_Confounder,d20,UWYK Anc (matched label),raw,300,0.8569,0.09309999999999996,0.011638275855252062,4.628163239096595,0.22823718766782766
CaseStudy,Observed_Confounder,d30,UWYK Anc (matched label),raw,300,0.9367333333333333,0.013266666666666649,0.0070256725174045395,4.903208942673024,0.20863261117763623
CaseStudy,Observed_Confounder,d40,UWYK Anc (matched label),raw,300,0.9638333333333334,0.013833333333333475,0.004362978520253138,5.61293143271425,0.275583880075573
CaseStudy,Observed_Confounder,d50,UWYK Anc (matched label),raw,300,0.9808333333333333,0.03083333333333338,0.003241130022097418,6.778899127592602,0.36929146274629965
CaseStudy,Observed_Confounder,pooled,UWYK No-Anc (matched resolution),raw,1800,0.9878055555555556,0.03780555555555565,0.000892953761954302,4.75610464140588,0.10893628059649885
CaseStudy,Observed_Confounder,shift-2,UWYK No-Anc (matched resolution),raw,600,0.9840166666666668,0.034016666666666806,0.0014971869684181193,5.641670503545524,0.17715859977086323
CaseStudy,Observed_Confounder,shift0,UWYK No-Anc (matched resolution),raw,600,0.9987666666666667,0.048766666666666736,0.00044411483789818173,3.0114870088602848,0.18958306890010698
CaseStudy,Observed_Confounder,shift+2,UWYK No-Anc (matched resolution),raw,600,0.9806333333333335,0.030633333333333512,0.00210595740122502,5.61515641181183,0.17881124712455035
CaseStudy,Observed_Confounder,d5,UWYK No-Anc (matched resolution),raw,300,0.9604333333333334,0.010433333333333406,0.004241646872414515,3.0860468507340086,0.10808310032699361
CaseStudy,Observed_Confounder,d10,UWYK No-Anc (matched resolution),raw,300,0.9856666666666668,0.035666666666666846,0.00178050469047561,4.354740344543706,0.24466358149830367
CaseStudy,Observed_Confounder,d20,UWYK No-Anc (matched resolution),raw,300,0.9925333333333333,0.04253333333333331,0.0016298315247164333,4.804330173838705,0.2433144910468328
CaseStudy,Observed_Confounder,d30,UWYK No-Anc (matched resolution),raw,300,0.9956666666666666,0.04566666666666663,0.0009006789626894199,4.840706970045907,0.23182439436118515
CaseStudy,Observed_Confounder,d40,UWYK No-Anc (matched resolution),raw,300,0.9956,0.045600000000000085,0.0007390373080554746,5.45899148639251,0.30546267689651224
CaseStudy,Observed_Confounder,d50,UWYK No-Anc (matched resolution),raw,300,0.9969333333333334,0.04693333333333349,0.0005703435044933889,5.991812022880441,0.3659983059597826
CaseStudy,Observed_Confounder,pooled,UWYK Anc (matched resolution),raw,1800,0.99945,0.049449999999999994,0.00011191106940778503,3.467817186343883,0.10103737083647188
CaseStudy,Observed_Confounder,shift-2,UWYK Anc (matched resolution),raw,600,0.9994666666666667,0.04946666666666677,0.00018142247964201782,3.6879262007457845,0.1717995036903612
CaseStudy,Observed_Confounder,shift0,UWYK Anc (matched resolution),raw,600,0.9999000000000001,0.049900000000000166,5.259011927653633e-05,3.03309278064477,0.179141063478777
CaseStudy,Observed_Confounder,shift+2,UWYK Anc (matched resolution),raw,600,0.9989833333333334,0.04898333333333349,0.00027651456419277735,3.682432577641094,0.1729142601679016
CaseStudy,Observed_Confounder,d5,UWYK Anc (matched resolution),raw,300,0.9975,0.0475000000000001,0.0006266561112989457,1.8642717958857338,0.09675675249565026
CaseStudy,Observed_Confounder,d10,UWYK Anc (matched resolution),raw,300,0.9996333333333333,0.04963333333333331,0.0001439863530425876,3.0740403486452257,0.24000039765514158
CaseStudy,Observed_Confounder,d20,UWYK Anc (matched resolution),raw,300,0.9997666666666667,0.04976666666666674,0.00012860917379331022,3.312477776974344,0.22638122049699008
CaseStudy,Observed_Confounder,d30,UWYK Anc (matched resolution),raw,300,0.9999000000000001,0.049900000000000166,5.754160919975792e-05,3.5453378804988036,0.2213934777852338
CaseStudy,Observed_Confounder,d40,UWYK Anc (matched resolution),raw,300,1.0,0.050000000000000044,0.0,4.2255256591210495,0.28609906036002264
CaseStudy,Observed_Confounder,d50,UWYK Anc (matched resolution),raw,300,0.9999000000000001,0.049900000000000166,5.754160919975793e-05,4.78524965693814,0.32017127313372334
CaseStudy,Observed_Confounder,pooled,UWYK-B No-Anc,raw,1800,0.9592444444444445,0.0092444444444445,0.0024343249585802094,5.346761984316126,0.11205021043673732
CaseStudy,Observed_Confounder,shift-2,UWYK-B No-Anc,raw,600,0.9395666666666667,0.010433333333333294,0.004678562427940344,5.994687394507341,0.18373875247181842
CaseStudy,Observed_Confounder,shift0,UWYK-B No-Anc,raw,600,0.9987833333333334,0.0487833333333334,0.0006477816976463612,4.006020194644497,0.20987733620452229
CaseStudy,Observed_Confounder,shift+2,UWYK-B No-Anc,raw,600,0.9393833333333333,0.010616666666666608,0.005212424647939127,6.039578363796538,0.17553184229413404
CaseStudy,Observed_Confounder,d5,UWYK-B No-Anc,raw,300,0.8698333333333333,0.08016666666666661,0.01085091618316726,3.4320507096798543,0.13606553933630208
CaseStudy,Observed_Confounder,d10,UWYK-B No-Anc,raw,300,0.9256,0.024399999999999977,0.006368463269479986,5.028782893863926,0.2809018511362738
CaseStudy,Observed_Confounder,d20,UWYK-B No-Anc,raw,300,0.9773000000000002,0.027300000000000213,0.002746261267178183,5.290267188462546,0.22572629868761063
CaseStudy,Observed_Confounder,d30,UWYK-B No-Anc,raw,300,0.9887,0.03870000000000007,0.0016727636529327808,5.5381626976571,0.2185568260005531
CaseStudy,Observed_Confounder,d40,UWYK-B No-Anc,raw,300,0.9941666666666666,0.04416666666666669,0.0010824003357389899,6.118977171259127,0.29546963827928946
CaseStudy,Observed_Confounder,d50,UWYK-B No-Anc,raw,300,0.9998666666666668,0.04986666666666684,6.633137535414974e-05,6.672331244974202,0.38626878785991514
CaseStudy,Observed_Confounder,pooled,UWYK-B Anc,raw,1800,0.9962000000000001,0.04620000000000013,0.0006164644441048741,4.272511128950586,0.10425616755989153
CaseStudy,Observed_Confounder,shift-2,UWYK-B Anc,raw,600,0.9931166666666666,0.04311666666666669,0.0014411781735499947,4.536790173991562,0.1755892748363663
CaseStudy,Observed_Confounder,shift0,UWYK-B Anc,raw,600,0.9995333333333334,0.04953333333333343,0.00016402469151005156,3.8507841911935867,0.1983662341468114
CaseStudy,Observed_Confounder,shift+2,UWYK-B Anc,raw,600,0.9959499999999999,0.045949999999999935,0.0011338600285193008,4.429959021666609,0.16521910295649794
CaseStudy,Observed_Confounder,d5,UWYK-B Anc,raw,300,0.9814666666666668,0.031466666666666865,0.003451777476074169,2.2950544397311408,0.12720439415982404
CaseStudy,Observed_Confounder,d10,UWYK-B Anc,raw,300,0.9960333333333335,0.04603333333333359,0.0009335781650530619,3.969939488530228,0.28129450457580735
CaseStudy,Observed_Confounder,d20,UWYK-B Anc,raw,300,0.9997666666666667,0.04976666666666674,0.00013700355465229844,4.234631854396853,0.2267323161619522
CaseStudy,Observed_Confounder,d30,UWYK-B Anc,raw,300,1.0,0.050000000000000044,0.0,4.496204380038921,0.2093520815641291
CaseStudy,Observed_Confounder,d40,UWYK-B Anc,raw,300,0.9999666666666667,0.049966666666666715,3.3333333333333355e-05,5.133545629445063,0.27302930906720646
CaseStudy,Observed_Confounder,d50,UWYK-B Anc,raw,300,0.9999666666666667,0.049966666666666715,3.333333333333335e-05,5.505690981561311,0.3258477273613882
CaseStudy,Observed_Confounder,pooled,CausalPFN-C (matched label),raw,1800,0.9939277777777779,0.0439277777777779,0.0004253743119484462,1.4095205504410173,0.05901916696417082
CaseStudy,Observed_Confounder,shift-2,CausalPFN-C (matched label),raw,600,0.9914333333333335,0.041433333333333544,0.000866053248091034,1.5365482352456792,0.11079592094011359
CaseStudy,Observed_Confounder,shift0,CausalPFN-C (matched label),raw,600,0.9985833333333335,0.048583333333333534,0.0004478845140586948,1.1744463669383627,0.08607708239643866
CaseStudy,Observed_Confounder,shift+2,CausalPFN-C (matched label),raw,600,0.9917666666666666,0.04176666666666662,0.0007907494760134962,1.5175670491390099,0.10752008245492159
CaseStudy,Observed_Confounder,d5,CausalPFN-C (matched label),raw,300,0.9904333333333333,0.04043333333333332,0.0017719594262005768,0.637915093768841,0.026564606145769207
CaseStudy,Observed_Confounder,d10,CausalPFN-C (matched label),raw,300,0.9958666666666667,0.04586666666666672,0.00082919597237893,0.8599015980010098,0.059764528892147215
CaseStudy,Observed_Confounder,d20,CausalPFN-C (matched label),raw,300,0.9974000000000001,0.04740000000000011,0.0005951494758047968,1.0419209131646627,0.07708330700544974
CaseStudy,Observed_Confounder,d30,CausalPFN-C (matched label),raw,300,0.9960333333333333,0.04603333333333337,0.0006045135570473437,1.3270052228631213,0.10303459282990632
CaseStudy,Observed_Confounder,d40,CausalPFN-C (matched label),raw,300,0.9933666666666666,0.043366666666666664,0.0008373903473478123,1.9470530316439059,0.16345579907427463
CaseStudy,Observed_Confounder,d50,CausalPFN-C (matched label),raw,300,0.9904666666666666,0.04046666666666665,0.0010649721769342142,2.6433274432045626,0.26203026101915244
CaseStudy,Observed_Confounder,pooled,CausalPFN-C (matched resolution),raw,1800,1.0,0.050000000000000044,0.0,3.8714897980872855,0.08382978218324212
CaseStudy,Observed_Confounder,shift-2,CausalPFN-C (matched resolution),raw,600,1.0,0.050000000000000044,0.0,4.255790631176931,0.1359518833224143
CaseStudy,Observed_Confounder,shift0,CausalPFN-C (matched resolution),raw,600,1.0,0.050000000000000044,0.0,3.0349684200178273,0.14201527930097013
CaseStudy,Observed_Confounder,shift+2,CausalPFN-C (matched resolution),raw,600,1.0,0.050000000000000044,0.0,4.323710343067098,0.15135996059933868
CaseStudy,Observed_Confounder,d5,CausalPFN-C (matched resolution),raw,300,1.0,0.050000000000000044,0.0,2.768702019365261,0.07080007019307806
CaseStudy,Observed_Confounder,d10,CausalPFN-C (matched resolution),raw,300,1.0,0.050000000000000044,0.0,3.30954556420403,0.11988875533250226
CaseStudy,Observed_Confounder,d20,CausalPFN-C (matched resolution),raw,300,1.0,0.050000000000000044,0.0,3.4556397999264163,0.12220927632147426
CaseStudy,Observed_Confounder,d30,CausalPFN-C (matched resolution),raw,300,1.0,0.050000000000000044,0.0,3.7779458065698375,0.15504411047605204
CaseStudy,Observed_Confounder,d40,CausalPFN-C (matched resolution),raw,300,1.0,0.050000000000000044,0.0,4.534222056050395,0.2353026779490402
CaseStudy,Observed_Confounder,d50,CausalPFN-C (matched resolution),raw,300,1.0,0.050000000000000044,0.0,5.3828835424077734,0.3537310640532679
CaseStudy,Observed_Confounder,pooled,"CausalPFN (two-stage, published)",raw,1800,1.0,0.050000000000000044,0.0,4.04566299159743,0.059603802927544594
CaseStudy,Observed_Confounder,shift-2,"CausalPFN (two-stage, published)",raw,600,1.0,0.050000000000000044,0.0,4.510353548252021,0.09455684834320804
CaseStudy,Observed_Confounder,shift0,"CausalPFN (two-stage, published)",raw,600,1.0,0.050000000000000044,0.0,3.15279908539748,0.10770101240215756
CaseStudy,Observed_Confounder,shift+2,"CausalPFN (two-stage, published)",raw,600,1.0,0.050000000000000044,0.0,4.47383634114279,0.09731980516418111
CaseStudy,Observed_Confounder,d5,"CausalPFN (two-stage, published)",raw,300,1.0,0.050000000000000044,0.0,3.296261555252234,0.08145446509427222
CaseStudy,Observed_Confounder,d10,"CausalPFN (two-stage, published)",raw,300,1.0,0.050000000000000044,0.0,3.8355770773849,0.12655577311817068
CaseStudy,Observed_Confounder,d20,"CausalPFN (two-stage, published)",raw,300,1.0,0.050000000000000044,0.0,3.7622408621178725,0.10333257129621279
CaseStudy,Observed_Confounder,d30,"CausalPFN (two-stage, published)",raw,300,1.0,0.050000000000000044,0.0,3.916647011257781,0.10998346601540042
CaseStudy,Observed_Confounder,d40,"CausalPFN (two-stage, published)",raw,300,1.0,0.050000000000000044,0.0,4.514777114614942,0.16553036811350152
CaseStudy,Observed_Confounder,d50,"CausalPFN (two-stage, published)",raw,300,1.0,0.050000000000000044,0.0,4.948474328956853,0.2227394180366569
CaseStudy,Observed_Mediator,pooled,Do-PFN 1D,raw,1800,0.6657555555555557,0.2842444444444443,0.009041374650762839,0.7697517950259513,0.012794398627039402
CaseStudy,Observed_Mediator,shift-2,Do-PFN 1D,raw,600,0.52105,0.42894999999999994,0.01583256494342635,0.9087073411386812,0.0232318903967701
CaseStudy,Observed_Mediator,shift0,Do-PFN 1D,raw,600,0.8758999999999999,0.07410000000000005,0.011506659415619605,0.43873202146987694,0.009090021709178334
CaseStudy,Observed_Mediator,shift+2,Do-PFN 1D,raw,600,0.6003166666666666,0.34968333333333335,0.015415344045296977,0.9618160224692955,0.023996109783274218
CaseStudy,Observed_Mediator,d5,Do-PFN 1D,raw,300,1.0,0.050000000000000044,0.0,0.46770193940588894,0.012856015236925285
CaseStudy,Observed_Mediator,d10,Do-PFN 1D,raw,300,0.8860333333333336,0.0639666666666664,0.014013283897925737,0.6519394128748873,0.025228220530587687
CaseStudy,Observed_Mediator,d20,Do-PFN 1D,raw,300,0.6247,0.3252999999999999,0.0211281256222054,0.8042965466149653,0.030947581882375615
CaseStudy,Observed_Mediator,d30,Do-PFN 1D,raw,300,0.6247333333333333,0.3252666666666667,0.02001885361817216,0.943667982466391,0.03617507791256621
CaseStudy,Observed_Mediator,d40,Do-PFN 1D,raw,300,0.47859999999999997,0.4714,0.021326890401101656,0.920281513237343,0.033592152222349014
CaseStudy,Observed_Mediator,d50,Do-PFN 1D,raw,300,0.3804666666666667,0.5695333333333332,0.022719346940017867,0.8306233755562317,0.0341769373252321
CaseStudy,Observed_Mediator,pooled,Do-PFN 2D,raw,1800,0.9906555555555555,0.040655555555555556,0.0014769371943797872,1.3757431444760935,0.03382730386603399
CaseStudy,Observed_Mediator,shift-2,Do-PFN 2D,raw,600,0.9911833333333334,0.04118333333333346,0.0029960370009397106,2.1869494650013137,0.06292334254864625
CaseStudy,Observed_Mediator,shift0,Do-PFN 2D,raw,600,0.9829666666666667,0.0329666666666667,0.003123821684733541,0.22336049964532492,0.009042295933128336
CaseStudy,Observed_Mediator,shift+2,Do-PFN 2D,raw,600,0.9978166666666668,0.04781666666666684,0.0008571280119462436,1.716919468781642,0.052526270537965485
CaseStudy,Observed_Mediator,d5,Do-PFN 2D,raw,300,0.9987999999999999,0.048799999999999955,0.00034324180789132333,0.7194174568581653,0.024246709447808372
CaseStudy,Observed_Mediator,d10,Do-PFN 2D,raw,300,0.9972666666666666,0.04726666666666668,0.0008391126243144656,0.7271574414940469,0.02652034251595325
CaseStudy,Observed_Mediator,d20,Do-PFN 2D,raw,300,0.9952333333333333,0.04523333333333335,0.0014927683972816095,0.8901353430215658,0.04668301073609154
CaseStudy,Observed_Mediator,d30,Do-PFN 2D,raw,300,0.9966999999999999,0.046699999999999964,0.0009315060149909525,1.6563411130579238,0.09154088890439525
CaseStudy,Observed_Mediator,d40,Do-PFN 2D,raw,300,0.9834333333333333,0.033433333333333315,0.004754817619876769,2.080295959605529,0.1013756296136819
CaseStudy,Observed_Mediator,d50,Do-PFN 2D,raw,300,0.9725,0.022500000000000075,0.00709815322913038,2.1811115528193303,0.10701763405189882
CaseStudy,Observed_Mediator,pooled,UWYK 1D (noanc),raw,1800,0.22469444444444445,0.7253055555555555,0.008963062707373065,0.6881237130984241,0.011999147675492218
CaseStudy,Observed_Mediator,shift-2,UWYK 1D (noanc),raw,600,0.035300000000000005,0.9147,0.0037626972944055244,0.7557466791344117,0.02062926186039813
CaseStudy,Observed_Mediator,shift0,UWYK 1D (noanc),raw,600,0.583,0.367,0.019328444299602832,0.33848585241289403,0.011381250680234047
CaseStudy,Observed_Mediator,shift+2,UWYK 1D (noanc),raw,600,0.05578333333333333,0.8942166666666667,0.003774025921541144,0.9701386077479662,0.019941534586983105
CaseStudy,Observed_Mediator,d5,UWYK 1D (noanc),raw,300,0.2922,0.6577999999999999,0.020354042490569657,1.0551047913580063,0.04012767101953444
CaseStudy,Observed_Mediator,d10,UWYK 1D (noanc),raw,300,0.25706666666666667,0.6929333333333333,0.022018290427296243,0.8405003173001044,0.02707727448374994
CaseStudy,Observed_Mediator,d20,UWYK 1D (noanc),raw,300,0.18796666666666667,0.7620333333333333,0.021247613720476167,0.6279876200805897,0.02230360977802655
CaseStudy,Observed_Mediator,d30,UWYK 1D (noanc),raw,300,0.20450000000000002,0.7454999999999999,0.02258945428327239,0.5469563468082543,0.020354652584744514
CaseStudy,Observed_Mediator,d40,UWYK 1D (noanc),raw,300,0.1931,0.7568999999999999,0.022513371970959546,0.4933575044078869,0.02120079869451745
CaseStudy,Observed_Mediator,d50,UWYK 1D (noanc),raw,300,0.21333333333333335,0.7366666666666666,0.02245204642572886,0.5648356986357028,0.026618452836111604
CaseStudy,Observed_Mediator,pooled,UWYK 1D (v3a),raw,1800,0.4921888888888889,0.45781111111111106,0.00827259271239794,1.0645112503900098,0.017053655664816737
CaseStudy,Observed_Mediator,shift-2,UWYK 1D (v3a),raw,600,0.29610000000000003,0.6538999999999999,0.01189165450456205,1.3260682158333486,0.026621735949826968
CaseStudy,Observed_Mediator,shift0,UWYK 1D (v3a),raw,600,0.7598333333333332,0.1901666666666667,0.01397821893917663,0.382748348745773,0.011867173053793962
CaseStudy,Observed_Mediator,shift+2,UWYK 1D (v3a),raw,600,0.4206333333333333,0.5293666666666667,0.009352932656971652,1.4847171865909081,0.024204543288931533
CaseStudy,Observed_Mediator,d5,UWYK 1D (v3a),raw,300,0.7888333333333334,0.16116666666666657,0.010726503536205351,1.5839207837257083,0.0519924992343651
CaseStudy,Observed_Mediator,d10,UWYK 1D (v3a),raw,300,0.6369333333333332,0.3130666666666667,0.013443875102729038,1.2464889641198351,0.04404992016253633
CaseStudy,Observed_Mediator,d20,UWYK 1D (v3a),raw,300,0.4453333333333333,0.5046666666666666,0.01765621996088972,1.0047901595211712,0.034685609009733734
CaseStudy,Observed_Mediator,d30,UWYK 1D (v3a),raw,300,0.3920666666666667,0.5579333333333333,0.020321419102066012,0.8997242641646938,0.031678986200464186
CaseStudy,Observed_Mediator,d40,UWYK 1D (v3a),raw,300,0.3324666666666667,0.6175333333333333,0.02125955085168684,0.81819338900803,0.03211210713364996
CaseStudy,Observed_Mediator,d50,UWYK 1D (v3a),raw,300,0.3575,0.5925,0.021138768823660375,0.8339499418006207,0.03348137170267911
CaseStudy,Observed_Mediator,pooled,UWYK 2D (noanc),raw,1800,0.9708555555555556,0.020855555555555627,0.0038894965070546857,1.5673130557093466,0.02028990579682798
CaseStudy,Observed_Mediator,shift-2,UWYK 2D (noanc),raw,600,0.9570000000000001,0.007000000000000117,0.008142511948700139,2.0889841450189945,0.011747745319675483
CaseStudy,Observed_Mediator,shift0,UWYK 2D (noanc),raw,600,0.9983333333333333,0.04833333333333334,0.0016666666666666668,0.42278928401164695,0.012271607605381443
CaseStudy,Observed_Mediator,shift+2,UWYK 2D (noanc),raw,600,0.9572333333333332,0.007233333333333203,0.008083077146288248,2.1901657380973982,0.011480191316800274
CaseStudy,Observed_Mediator,d5,UWYK 2D (noanc),raw,300,0.9796333333333332,0.02963333333333329,0.008101680783173878,1.5757742015648797,0.049747302727337
CaseStudy,Observed_Mediator,d10,UWYK 2D (noanc),raw,300,0.9806666666666666,0.03066666666666662,0.007823346892223363,1.52778953224221,0.04897121950617532
CaseStudy,Observed_Mediator,d20,UWYK 2D (noanc),raw,300,0.985,0.03500000000000003,0.006779123965464154,1.5184034998155862,0.04849022531711929
CaseStudy,Observed_Mediator,d30,UWYK 2D (noanc),raw,300,0.9574333333333334,0.007433333333333403,0.011590044774156996,1.5432862936170189,0.04888286958180582
CaseStudy,Observed_Mediator,d40,UWYK 2D (noanc),raw,300,0.9431333333333335,0.0068666666666664655,0.013169952738973117,1.5955476741894659,0.04985967419118924
CaseStudy,Observed_Mediator,d50,UWYK 2D (noanc),raw,300,0.9792666666666666,0.029266666666666663,0.007803779968140805,1.6430771328269198,0.052199022641914304
CaseStudy,Observed_Mediator,pooled,UWYK 2D (v3a),raw,1800,0.9728111111111111,0.022811111111111115,0.003763751504810443,1.5524748383402216,0.020414943670279104
CaseStudy,Observed_Mediator,shift-2,UWYK 2D (v3a),raw,600,0.9586833333333334,0.008683333333333487,0.007992981728345453,2.1123300150385713,0.011103005771006366
CaseStudy,Observed_Mediator,shift0,UWYK 2D (v3a),raw,600,0.9983333333333333,0.04833333333333334,0.0016666666666666668,0.39041291398639805,0.011363952705388257
CaseStudy,Observed_Mediator,shift+2,UWYK 2D (v3a),raw,600,0.9614166666666665,0.01141666666666652,0.007702686158045224,2.154681585995696,0.010935484271513153
CaseStudy,Observed_Mediator,d5,UWYK 2D (v3a),raw,300,0.9795333333333334,0.02953333333333341,0.00810599697257289,1.5417964001294466,0.049482053675331095
CaseStudy,Observed_Mediator,d10,UWYK 2D (v3a),raw,300,0.9804999999999999,0.03049999999999997,0.007886475023374789,1.5327283128571298,0.04986601846833778
CaseStudy,Observed_Mediator,d20,UWYK 2D (v3a),raw,300,0.985,0.03500000000000003,0.006773365768582527,1.5498615592059362,0.0502075911276517
CaseStudy,Observed_Mediator,d30,UWYK 2D (v3a),raw,300,0.9597333333333334,0.009733333333333483,0.011332601458433183,1.551859412660015,0.05022668329071629
CaseStudy,Observed_Mediator,d40,UWYK 2D (v3a),raw,300,0.9462,0.0037999999999999146,0.012900125741525046,1.5556518884227568,0.04973922225093817
CaseStudy,Observed_Mediator,d50,UWYK 2D (v3a),raw,300,0.9858999999999999,0.03589999999999993,0.006197472243371313,1.582951456766046,0.05087315923826528
CaseStudy,Observed_Mediator,pooled,CausalPFN 1D,raw,1800,0.8116611111111113,0.13833888888888868,0.005720000280679587,1.8638049021507899,0.02727533340434804
CaseStudy,Observed_Mediator,shift-2,CausalPFN 1D,raw,600,0.7864333333333333,0.16356666666666664,0.00989277057574142,2.605533453222584,0.03324418332293581
CaseStudy,Observed_Mediator,shift0,CausalPFN 1D,raw,600,0.9421166666666666,0.007883333333333353,0.006165725499325812,0.4971600483995536,0.013935392853445215
CaseStudy,Observed_Mediator,shift+2,CausalPFN 1D,raw,600,0.7064333333333334,0.2435666666666666,0.010533298729189513,2.4887212048302323,0.026741257026693936
CaseStudy,Observed_Mediator,d5,CausalPFN 1D,raw,300,0.8384,0.11159999999999992,0.01589921995239893,1.3369575159948404,0.04761909922667972
CaseStudy,Observed_Mediator,d10,CausalPFN 1D,raw,300,0.8689666666666667,0.08103333333333329,0.012332887243732892,1.604507684982029,0.055855525323119916
CaseStudy,Observed_Mediator,d20,CausalPFN 1D,raw,300,0.8004666666666667,0.1495333333333333,0.014186736259374489,1.8916338010604374,0.06433281817886968
CaseStudy,Observed_Mediator,d30,CausalPFN 1D,raw,300,0.8148,0.1352,0.013022614752163927,2.0767463763733107,0.0708383782791429
CaseStudy,Observed_Mediator,d40,CausalPFN 1D,raw,300,0.7943666666666667,0.1556333333333333,0.013740783742820636,2.14362869289146,0.0727222920639108
CaseStudy,Observed_Mediator,d50,CausalPFN 1D,raw,300,0.7529666666666667,0.19703333333333328,0.013793128233777497,2.129355341602662,0.07224079251888056
CaseStudy,Observed_Mediator,pooled,CausalPFN 2D,raw,1800,0.9366944444444445,0.01330555555555546,0.004144830010845069,1.9735012614109448,0.02780862254930897
CaseStudy,Observed_Mediator,shift-2,CausalPFN 2D,raw,600,0.9330166666666666,0.01698333333333335,0.007135160619459068,2.5937247629882774,0.020136321046094276
CaseStudy,Observed_Mediator,shift0,CausalPFN 2D,raw,600,0.9578000000000001,0.00780000000000014,0.006066982814170957,0.4287650503348384,0.011705634708797921
CaseStudy,Observed_Mediator,shift+2,CausalPFN 2D,raw,600,0.9192666666666668,0.030733333333333168,0.00811150678884369,2.8980139709097186,0.01929651249394237
CaseStudy,Observed_Mediator,d5,CausalPFN 2D,raw,300,1.0,0.050000000000000044,0.0,1.684637265723708,0.05432041164191069
CaseStudy,Observed_Mediator,d10,CausalPFN 2D,raw,300,1.0,0.050000000000000044,0.0,1.7965554234574677,0.06101832260213077
CaseStudy,Observed_Mediator,d20,CausalPFN 2D,raw,300,0.9971999999999999,0.04719999999999991,0.0013977526156591302,1.9915316304153396,0.06842280742661597
CaseStudy,Observed_Mediator,d30,CausalPFN 2D,raw,300,0.9859666666666668,0.03596666666666681,0.0036955178894439535,2.1198888085266003,0.07312071576986418
CaseStudy,Observed_Mediator,d40,CausalPFN 2D,raw,300,0.8750666666666667,0.0749333333333333,0.012014251415988634,2.1396480481651747,0.0729854452244225
CaseStudy,Observed_Mediator,d50,CausalPFN 2D,raw,300,0.7619333333333332,0.18806666666666672,0.017269029594304024,2.108746392177378,0.07264924075213301
CaseStudy,Observed_Mediator,pooled,Do-PFN (matched label),raw,1800,0.6425611111111111,0.3074388888888888,0.010117222481850447,0.6580686433330273,0.014466578029608063
CaseStudy,Observed_Mediator,shift-2,Do-PFN (matched label),raw,600,0.5705833333333333,0.3794166666666666,0.017829269439025363,0.7446818137026286,0.026794162261838544
CaseStudy,Observed_Mediator,shift0,Do-PFN (matched label),raw,600,0.7974333333333334,0.15256666666666652,0.014921389946808665,0.4841152843416986,0.016346399052907176
CaseStudy,Observed_Mediator,shift+2,Do-PFN (matched label),raw,600,0.5596666666666666,0.3903333333333333,0.01793195986407706,0.7454088319547547,0.028718028771077094
CaseStudy,Observed_Mediator,d5,Do-PFN (matched label),raw,300,1.0,0.050000000000000044,0.0,0.3854128050248031,0.018986749432422047
CaseStudy,Observed_Mediator,d10,Do-PFN (matched label),raw,300,0.9854999999999999,0.035499999999999976,0.005002814146742315,0.4924705176801759,0.02433748633908982
CaseStudy,Observed_Mediator,d20,Do-PFN (matched label),raw,300,0.7668333333333334,0.1831666666666666,0.018936993361595416,0.9132337271240953,0.04023226391307929
CaseStudy,Observed_Mediator,d30,Do-PFN (matched label),raw,300,0.46976666666666667,0.4802333333333333,0.023855866825879982,0.8288966657336259,0.03848582825342013
CaseStudy,Observed_Mediator,d40,Do-PFN (matched label),raw,300,0.35746666666666665,0.5925333333333334,0.023329847167505406,0.7492264742346451,0.04103261930532599
CaseStudy,Observed_Mediator,d50,Do-PFN (matched label),raw,300,0.27580000000000005,0.6741999999999999,0.022456276853535427,0.5791716702008185,0.033384909207578674
CaseStudy,Observed_Mediator,pooled,Do-PFN (matched resolution),raw,1800,0.7546333333333333,0.1953666666666667,0.00874896003948982,5.46501611464468,0.14578275083266384
CaseStudy,Observed_Mediator,shift-2,Do-PFN (matched resolution),raw,600,0.6613,0.28869999999999996,0.016668490662572914,2.2409752057624104,0.06882484264102161
CaseStudy,Observed_Mediator,shift0,Do-PFN (matched resolution),raw,600,0.9305499999999999,0.01945000000000008,0.008801261877073413,12.021540687947526,0.2756371123109946
CaseStudy,Observed_Mediator,shift+2,Do-PFN (matched resolution),raw,600,0.67205,0.2779499999999999,0.016024117405333816,2.1325324502241036,0.055807078829342764
CaseStudy,Observed_Mediator,d5,Do-PFN (matched resolution),raw,300,0.9967333333333332,0.04673333333333329,0.003266666666666666,5.159913043676865,0.34577921924912536
CaseStudy,Observed_Mediator,d10,Do-PFN (matched resolution),raw,300,0.9904333333333333,0.04043333333333332,0.005211088925447928,5.613881338205008,0.37702877487971953
CaseStudy,Observed_Mediator,d20,Do-PFN (matched resolution),raw,300,0.9257666666666667,0.024233333333333218,0.011982113977497919,5.331341200421093,0.3464674282557379
CaseStudy,Observed_Mediator,d30,Do-PFN (matched resolution),raw,300,0.6553666666666668,0.2946333333333332,0.021455733295955813,5.800309823795263,0.35979497808073724
CaseStudy,Observed_Mediator,d40,Do-PFN (matched resolution),raw,300,0.5200333333333333,0.4299666666666666,0.02293918567247406,5.549868913244143,0.36071457498551524
CaseStudy,Observed_Mediator,d50,Do-PFN (matched resolution),raw,300,0.43946666666666667,0.5105333333333333,0.023793967614389868,5.334782368525709,0.3535580029497575
CaseStudy,Observed_Mediator,pooled,UWYK No-Anc (matched label),raw,1800,0.27770555555555554,0.6722944444444444,0.009011292470603166,0.7988016776356016,0.01722183407782874
CaseStudy,Observed_Mediator,shift-2,UWYK No-Anc (matched label),raw,600,0.07536666666666667,0.8746333333333333,0.007049613378406795,0.7985958574522276,0.03149827217863614
CaseStudy,Observed_Mediator,shift0,UWYK No-Anc (matched label),raw,600,0.59785,0.35214999999999996,0.018559678779685805,0.33403152496188276,0.011204089503761352
CaseStudy,Observed_Mediator,shift+2,UWYK No-Anc (matched label),raw,600,0.1599,0.7901,0.00865224936254842,1.2637776504926945,0.028862830134675988
CaseStudy,Observed_Mediator,d5,UWYK No-Anc (matched label),raw,300,0.4947666666666667,0.45523333333333327,0.01761235113980723,1.509847727145084,0.05684001412500894
CaseStudy,Observed_Mediator,d10,UWYK No-Anc (matched label),raw,300,0.367,0.583,0.021498774951487717,0.9972415808695609,0.04149130681062454
CaseStudy,Observed_Mediator,d20,UWYK No-Anc (matched label),raw,300,0.21586666666666662,0.7341333333333333,0.021028322639445443,0.6401530302776941,0.03126981498177016
CaseStudy,Observed_Mediator,d30,UWYK No-Anc (matched label),raw,300,0.2064,0.7435999999999999,0.02210709516497411,0.5822342764765281,0.028633105309752646
CaseStudy,Observed_Mediator,d40,UWYK No-Anc (matched label),raw,300,0.19556666666666667,0.7544333333333333,0.022085827229240275,0.5556672307559538,0.027276832266320276
CaseStudy,Observed_Mediator,d50,UWYK No-Anc (matched label),raw,300,0.18663333333333332,0.7633666666666666,0.02181826724516794,0.5076662202887887,0.02584972361153222
CaseStudy,Observed_Mediator,pooled,UWYK Anc (matched label),raw,1800,0.29410555555555556,0.6558944444444443,0.009086643649455684,0.8221122942636596,0.01975072371600319
CaseStudy,Observed_Mediator,shift-2,UWYK Anc (matched label),raw,600,0.08846666666666668,0.8615333333333333,0.007590593520808836,0.9419206673831255,0.0381630182511387
CaseStudy,Observed_Mediator,shift0,UWYK Anc (matched label),raw,600,0.6221166666666667,0.3278833333333333,0.017873886704171525,0.34570347810588836,0.01181190802313223
CaseStudy,Observed_Mediator,shift+2,UWYK Anc (matched label),raw,600,0.17173333333333332,0.7782666666666667,0.009572003634076103,1.1787127373019648,0.036105761291281326
CaseStudy,Observed_Mediator,d5,UWYK Anc (matched label),raw,300,0.5324333333333334,0.41756666666666653,0.016172675962527847,1.7349828994472698,0.06247730215528365
CaseStudy,Observed_Mediator,d10,UWYK Anc (matched label),raw,300,0.4455666666666667,0.5044333333333333,0.020040038981827414,1.2458220517366116,0.04898103254596677
CaseStudy,Observed_Mediator,d20,UWYK Anc (matched label),raw,300,0.2154,0.7345999999999999,0.0212338080484011,0.7172255115057627,0.03415454246123677
CaseStudy,Observed_Mediator,d30,UWYK Anc (matched label),raw,300,0.2013333333333333,0.7486666666666666,0.022203544733589927,0.486695481436177,0.02581871403480783
CaseStudy,Observed_Mediator,d40,UWYK Anc (matched label),raw,300,0.18636666666666665,0.7636333333333333,0.022221430411385683,0.4056664900825641,0.021403201439625253
CaseStudy,Observed_Mediator,d50,UWYK Anc (matched label),raw,300,0.18353333333333335,0.7664666666666666,0.021999355079902316,0.3422813313735725,0.018385191171242734
CaseStudy,Observed_Mediator,pooled,UWYK No-Anc (matched resolution),raw,1800,0.21745555555555554,0.7325444444444444,0.009300179781608745,0.8326082039964086,0.013791023113067435
CaseStudy,Observed_Mediator,shift-2,UWYK No-Anc (matched resolution),raw,600,0.016866666666666665,0.9331333333333333,0.002824247765432251,1.097829979355642,0.022302406393519953
CaseStudy,Observed_Mediator,shift0,UWYK No-Anc (matched resolution),raw,600,0.6223666666666666,0.32763333333333333,0.01877511223794398,0.3623539609658435,0.012123182020005847
CaseStudy,Observed_Mediator,shift+2,UWYK No-Anc (matched resolution),raw,600,0.013133333333333334,0.9368666666666666,0.002871728781030888,1.03764067166774,0.022637855625825095
CaseStudy,Observed_Mediator,d5,UWYK No-Anc (matched resolution),raw,300,0.24300000000000002,0.707,0.02240279386144095,1.213603073387947,0.046164553923640245
CaseStudy,Observed_Mediator,d10,UWYK No-Anc (matched resolution),raw,300,0.24623333333333336,0.7037666666666667,0.023341783069500483,0.9905687366275655,0.03663432916500984
CaseStudy,Observed_Mediator,d20,UWYK No-Anc (matched resolution),raw,300,0.1952,0.7547999999999999,0.021845736645568024,0.7604530001889916,0.02896773060778899
CaseStudy,Observed_Mediator,d30,UWYK No-Anc (matched resolution),raw,300,0.2127,0.7373,0.023285995858487906,0.6610366933264759,0.02236541916161988
CaseStudy,Observed_Mediator,d40,UWYK No-Anc (matched resolution),raw,300,0.19566666666666666,0.7543333333333333,0.02271287669460504,0.5679849061503562,0.020771711327898363
CaseStudy,Observed_Mediator,d50,UWYK No-Anc (matched resolution),raw,300,0.21193333333333333,0.7380666666666666,0.02306495086445632,0.8020028142971153,0.02645449973517556
CaseStudy,Observed_Mediator,pooled,UWYK Anc (matched resolution),raw,1800,0.2982388888888889,0.651761111111111,0.009328612541220768,0.8240015883948294,0.015264685538169807
CaseStudy,Observed_Mediator,shift-2,UWYK Anc (matched resolution),raw,600,0.15,0.7999999999999999,0.010644924279223702,1.0566497972069604,0.02727792101985283
CaseStudy,Observed_Mediator,shift0,UWYK Anc (matched resolution),raw,600,0.6360666666666667,0.3139333333333333,0.017851573579947565,0.34642556712326134,0.011430640843537497
CaseStudy,Observed_Mediator,shift+2,UWYK Anc (matched resolution),raw,600,0.10865,0.8413499999999999,0.008053764539703811,1.0689294008542662,0.02556188901210551
CaseStudy,Observed_Mediator,d5,UWYK Anc (matched resolution),raw,300,0.5910333333333333,0.35896666666666666,0.01725272171398819,1.4413319221155714,0.04909555484416932
CaseStudy,Observed_Mediator,d10,UWYK Anc (matched resolution),raw,300,0.38060000000000005,0.5693999999999999,0.02106561708010093,1.1057475534821424,0.037861141589641295
CaseStudy,Observed_Mediator,d20,UWYK Anc (matched resolution),raw,300,0.21243333333333334,0.7375666666666666,0.021086519140992976,0.7471804605083245,0.02838077793950629
CaseStudy,Observed_Mediator,d30,UWYK Anc (matched resolution),raw,300,0.21083333333333332,0.7391666666666666,0.022830550164420208,0.6715428714982012,0.023515423909214534
CaseStudy,Observed_Mediator,d40,UWYK Anc (matched resolution),raw,300,0.19390000000000002,0.7561,0.022611136895470018,0.5312270507184581,0.020659246418400484
CaseStudy,Observed_Mediator,d50,UWYK Anc (matched resolution),raw,300,0.20063333333333336,0.7493666666666666,0.02225202248437461,0.4469796720462787,0.019571865661828607
CaseStudy,Observed_Mediator,pooled,UWYK-B No-Anc,raw,1800,0.21276111111111112,0.7372388888888888,0.008982228717503735,0.6183445750269841,0.011735050756009967
CaseStudy,Observed_Mediator,shift-2,UWYK-B No-Anc,raw,600,0.009333333333333332,0.9406666666666667,0.0023447530392478734,0.548418831616454,0.019101061325484905
CaseStudy,Observed_Mediator,shift0,UWYK-B No-Anc,raw,600,0.5731666666666666,0.37683333333333335,0.01949659897379971,0.3364762857165324,0.011439281384023219
CaseStudy,Observed_Mediator,shift+2,UWYK-B No-Anc,raw,600,0.05578333333333333,0.8942166666666667,0.003774025921541144,0.9701386077479662,0.019941534586983105
CaseStudy,Observed_Mediator,d5,UWYK-B No-Anc,raw,300,0.2527666666666667,0.6972333333333333,0.021088126303143478,0.9792553616218614,0.03840717205576874
CaseStudy,Observed_Mediator,d10,UWYK-B No-Anc,raw,300,0.2441,0.7059,0.022394720123483158,0.7303390447675326,0.026923525578924353
CaseStudy,Observed_Mediator,d20,UWYK-B No-Anc,raw,300,0.1867,0.7633,0.02125767826393085,0.5441542603901011,0.023170394568344528
CaseStudy,Observed_Mediator,d30,UWYK-B No-Anc,raw,300,0.2032,0.7467999999999999,0.0225727433034902,0.5029095984587292,0.020814959732899777
CaseStudy,Observed_Mediator,d40,UWYK-B No-Anc,raw,300,0.19123333333333334,0.7587666666666666,0.022400391098539352,0.46626467365303625,0.021344874552065386
CaseStudy,Observed_Mediator,d50,UWYK-B No-Anc,raw,300,0.19856666666666667,0.7514333333333333,0.02212971883221105,0.4871445112706449,0.025888625056207402
CaseStudy,Observed_Mediator,pooled,UWYK-B Anc,raw,1800,0.4025388888888889,0.5474611111111111,0.00899225397825637,0.8839229733747582,0.017057753513128927
CaseStudy,Observed_Mediator,shift-2,UWYK-B Anc,raw,600,0.07485,0.87515,0.007485988860221402,0.7988451682903376,0.028923580099460566
CaseStudy,Observed_Mediator,shift0,UWYK-B Anc,raw,600,0.7121333333333333,0.23786666666666667,0.015659235500639163,0.36820656524302897,0.011853003039412214
CaseStudy,Observed_Mediator,shift+2,UWYK-B Anc,raw,600,0.4206333333333333,0.5293666666666667,0.009352932656971652,1.4847171865909081,0.024204543288931533
CaseStudy,Observed_Mediator,d5,UWYK-B Anc,raw,300,0.6397666666666667,0.31023333333333325,0.016777740358425667,1.5425294149493742,0.050469925029421756
CaseStudy,Observed_Mediator,d10,UWYK-B Anc,raw,300,0.46573333333333333,0.4842666666666666,0.021734574654553147,1.1005511572202078,0.03941189713003092
CaseStudy,Observed_Mediator,d20,UWYK-B Anc,raw,300,0.3526333333333333,0.5973666666666666,0.02123395706736638,0.7334629088666968,0.03319790090548661
CaseStudy,Observed_Mediator,d30,UWYK-B Anc,raw,300,0.3458333333333333,0.6041666666666666,0.02185425822923091,0.6698812241037729,0.03162005417589219
CaseStudy,Observed_Mediator,d40,UWYK-B Anc,raw,300,0.3077666666666667,0.6422333333333332,0.021805976205861506,0.6373864511411252,0.03145244052436249
CaseStudy,Observed_Mediator,d50,UWYK-B Anc,raw,300,0.3035,0.6465,0.0218567916733438,0.6197266839673726,0.03223337373202559
CaseStudy,Observed_Mediator,pooled,CausalPFN-C (matched label),raw,1800,0.9789166666666668,0.028916666666666813,0.0019794500031236665,2.534839483635079,0.04415928072824464
CaseStudy,Observed_Mediator,shift-2,CausalPFN-C (matched label),raw,600,0.9809333333333334,0.03093333333333348,0.003217698229441689,3.761326360245195,0.06887574422247672
CaseStudy,Observed_Mediator,shift0,CausalPFN-C (matched label),raw,600,0.9823833333333333,0.03238333333333332,0.0032040996247761455,0.5195494997073129,0.014693690022119286
CaseStudy,Observed_Mediator,shift+2,CausalPFN-C (matched label),raw,600,0.9734333333333333,0.023433333333333306,0.0038218273523130944,3.3236425909527294,0.04774723247614031
CaseStudy,Observed_Mediator,d5,CausalPFN-C (matched label),raw,300,0.9783333333333334,0.028333333333333433,0.005410224708916089,2.140440099507602,0.09384932713999213
CaseStudy,Observed_Mediator,d10,CausalPFN-C (matched label),raw,300,0.9897333333333334,0.0397333333333334,0.003444056270907281,2.5348577673629022,0.11428203452017828
CaseStudy,Observed_Mediator,d20,CausalPFN-C (matched label),raw,300,0.9880666666666665,0.03806666666666658,0.003874679354039293,2.5508912691644983,0.108490648404436
CaseStudy,Observed_Mediator,d30,CausalPFN-C (matched label),raw,300,0.9883000000000001,0.03830000000000011,0.003355278375424106,2.576545944480907,0.10565100458052386
CaseStudy,Observed_Mediator,d40,CausalPFN-C (matched label),raw,300,0.9733,0.0233000000000001,0.005048077660986302,2.6633892901527116,0.11051407733562435
CaseStudy,Observed_Mediator,d50,CausalPFN-C (matched label),raw,300,0.9557666666666668,0.005766666666666809,0.0067600403601424126,2.742912531141853,0.11250063691243649
CaseStudy,Observed_Mediator,pooled,CausalPFN-C (matched resolution),raw,1800,0.9003222222222221,0.04967777777777782,0.005275587568781686,6.561551413023133,0.11498871406446755
CaseStudy,Observed_Mediator,shift-2,CausalPFN-C (matched resolution),raw,600,0.9996499999999999,0.04964999999999997,0.00019328242762353415,10.555991235179123,0.12785274963659482
CaseStudy,Observed_Mediator,shift0,CausalPFN-C (matched resolution),raw,600,0.95955,0.009550000000000058,0.005932419091025491,0.9166932260302925,0.035174808824558056
CaseStudy,Observed_Mediator,shift+2,CausalPFN-C (matched resolution),raw,600,0.7417666666666666,0.20823333333333338,0.012297862255847967,8.211969777859982,0.13103472919706163
CaseStudy,Observed_Mediator,d5,CausalPFN-C (matched resolution),raw,300,0.9998333333333332,0.049833333333333285,0.00011999938064995637,5.5023002176512,0.2355662627498225
CaseStudy,Observed_Mediator,d10,CausalPFN-C (matched resolution),raw,300,1.0,0.050000000000000044,0.0,6.826649155958468,0.28232047110191016
CaseStudy,Observed_Mediator,d20,CausalPFN-C (matched resolution),raw,300,0.9513666666666666,0.0013666666666666272,0.007370539799126594,7.393127568232997,0.2852533900623834
CaseStudy,Observed_Mediator,d30,CausalPFN-C (matched resolution),raw,300,0.8840666666666668,0.06593333333333318,0.011272463596118944,7.197344399203905,0.2804287627055013
CaseStudy,Observed_Mediator,d40,CausalPFN-C (matched resolution),raw,300,0.8282333333333334,0.12176666666666658,0.014528702866610302,6.586834449052199,0.2860588638752234
CaseStudy,Observed_Mediator,d50,CausalPFN-C (matched resolution),raw,300,0.7384333333333334,0.21156666666666657,0.02076699950165518,5.863052688040028,0.30168066093528195
CaseStudy,Observed_Mediator,pooled,"CausalPFN (two-stage, published)",raw,1800,1.0,0.050000000000000044,0.0,4.550319244474316,0.0690893542562852
CaseStudy,Observed_Mediator,shift-2,"CausalPFN (two-stage, published)",raw,600,1.0,0.050000000000000044,0.0,6.200943548424495,0.05740399125838145
CaseStudy,Observed_Mediator,shift0,"CausalPFN (two-stage, published)",raw,600,1.0,0.050000000000000044,0.0,0.8288018063104632,0.026154781773385108
CaseStudy,Observed_Mediator,shift+2,"CausalPFN (two-stage, published)",raw,600,1.0,0.050000000000000044,0.0,6.621212378687992,0.06480049875493968
CaseStudy,Observed_Mediator,d5,"CausalPFN (two-stage, published)",raw,300,1.0,0.050000000000000044,0.0,4.046720151986736,0.15709609455362958
CaseStudy,Observed_Mediator,d10,"CausalPFN (two-stage, published)",raw,300,1.0,0.050000000000000044,0.0,4.5152875734463755,0.17603980094696067
CaseStudy,Observed_Mediator,d20,"CausalPFN (two-stage, published)",raw,300,1.0,0.050000000000000044,0.0,4.678274942765928,0.1701441018717456
CaseStudy,Observed_Mediator,d30,"CausalPFN (two-stage, published)",raw,300,1.0,0.050000000000000044,0.0,4.71958009398852,0.17147617084055253
CaseStudy,Observed_Mediator,d40,"CausalPFN (two-stage, published)",raw,300,1.0,0.050000000000000044,0.0,4.681401177215765,0.16958285002838924
CaseStudy,Observed_Mediator,d50,"CausalPFN (two-stage, published)",raw,300,1.0,0.050000000000000044,0.0,4.660651527442578,0.16863404158132445
CaseStudy,Observed_Mediator_and_Confounder,pooled,Do-PFN 1D,raw,1800,0.9255111111111112,0.024488888888888782,0.004008234135654531,4.065588478439815,0.182613203472847
CaseStudy,Observed_Mediator_and_Confounder,shift-2,Do-PFN 1D,raw,600,0.8886333333333334,0.06136666666666657,0.007919756038392907,5.437352595601913,0.5162789744839219
CaseStudy,Observed_Mediator_and_Confounder,shift0,Do-PFN 1D,raw,600,0.9881333333333333,0.03813333333333335,0.0028834286254562536,2.5314941535528153,0.08499418626493067
CaseStudy,Observed_Mediator_and_Confounder,shift+2,Do-PFN 1D,raw,600,0.8997666666666667,0.05023333333333324,0.007987115273218685,4.227918686164716,0.1399280788798231
CaseStudy,Observed_Mediator_and_Confounder,d5,Do-PFN 1D,raw,300,0.9406,0.009399999999999964,0.011288203805322689,1.2429025214685547,0.07160348697572458
CaseStudy,Observed_Mediator_and_Confounder,d10,Do-PFN 1D,raw,300,0.8346,0.11539999999999995,0.014214808489003332,1.5894184024115465,0.0795918597593821
CaseStudy,Observed_Mediator_and_Confounder,d20,Do-PFN 1D,raw,300,0.9323,0.017699999999999938,0.007963484808863726,4.029844367115014,0.13436602907677636
CaseStudy,Observed_Mediator_and_Confounder,d30,Do-PFN 1D,raw,300,0.9489666666666666,0.0010333333333333306,0.006910302575117314,5.190764142231619,0.24326050287316597
CaseStudy,Observed_Mediator_and_Confounder,d40,Do-PFN 1D,raw,300,0.9518333333333334,0.0018333333333334645,0.006170461937347372,6.111775101798847,0.8842090608643708
CaseStudy,Observed_Mediator_and_Confounder,d50,Do-PFN 1D,raw,300,0.9447666666666665,0.005233333333333423,0.00820384366686995,6.228826335613309,0.502290146341362
CaseStudy,Observed_Mediator_and_Confounder,pooled,Do-PFN 2D,raw,1800,0.975038888888889,0.025038888888889055,0.0027588184770111633,2.761067286069213,0.04228805867971144
CaseStudy,Observed_Mediator_and_Confounder,shift-2,Do-PFN 2D,raw,600,0.9821666666666666,0.03216666666666668,0.004215330730808475,3.3801784677633306,0.07709279999680209
CaseStudy,Observed_Mediator_and_Confounder,shift0,Do-PFN 2D,raw,600,0.9818666666666667,0.03186666666666671,0.0033124734050793813,1.5933871690086099,0.04581565480926161
CaseStudy,Observed_Mediator_and_Confounder,shift+2,Do-PFN 2D,raw,600,0.9610833333333333,0.011083333333333334,0.006272692988867808,3.3096362214356976,0.06820206182992451
CaseStudy,Observed_Mediator_and_Confounder,d5,Do-PFN 2D,raw,300,0.9489666666666668,0.0010333333333331085,0.008876446396601255,1.5924115307149571,0.05363646442098196
CaseStudy,Observed_Mediator_and_Confounder,d10,Do-PFN 2D,raw,300,0.9826333333333332,0.03263333333333329,0.005324288246921479,1.7460279907743173,0.058510719503258535
CaseStudy,Observed_Mediator_and_Confounder,d20,Do-PFN 2D,raw,300,0.9767,0.026700000000000057,0.007260430930882694,2.275506068675167,0.08401541931914963
CaseStudy,Observed_Mediator_and_Confounder,d30,Do-PFN 2D,raw,300,0.9931,0.04310000000000003,0.003460587135470664,3.2678447227622685,0.09969051649310748
CaseStudy,Observed_Mediator_and_Confounder,d40,Do-PFN 2D,raw,300,0.9746999999999999,0.024699999999999944,0.006446307698453728,3.6360988000213,0.10169810442112606
CaseStudy,Observed_Mediator_and_Confounder,d50,Do-PFN 2D,raw,300,0.9741333333333334,0.02413333333333345,0.007603228401514968,4.048514603467265,0.1146840575170883
CaseStudy,Observed_Mediator_and_Confounder,pooled,UWYK 1D (noanc),raw,1800,0.48269444444444437,0.4673055555555556,0.010772735436119186,2.9438502332378946,0.05964077078462914
CaseStudy,Observed_Mediator_and_Confounder,shift-2,UWYK 1D (noanc),raw,600,0.23378333333333334,0.7162166666666666,0.01454935298644734,3.2705703240328736,0.09772530395851968
CaseStudy,Observed_Mediator_and_Confounder,shift0,UWYK 1D (noanc),raw,600,0.9726999999999998,0.02269999999999983,0.00449788981624824,2.2894924700953987,0.11110226135147641
CaseStudy,Observed_Mediator_and_Confounder,shift+2,UWYK 1D (noanc),raw,600,0.24159999999999995,0.7084,0.014573863830708652,3.271487905585413,0.09530282240236124
CaseStudy,Observed_Mediator_and_Confounder,d5,UWYK 1D (noanc),raw,300,0.42879999999999996,0.5212,0.0235567030984721,2.017505276194798,0.10565605042667907
CaseStudy,Observed_Mediator_and_Confounder,d10,UWYK 1D (noanc),raw,300,0.43183333333333335,0.5181666666666667,0.026471054776651425,2.4352356713635483,0.1285627953453096
CaseStudy,Observed_Mediator_and_Confounder,d20,UWYK 1D (noanc),raw,300,0.4227666666666667,0.5272333333333332,0.027233906433086204,2.6667591394958396,0.1410190209364102
CaseStudy,Observed_Mediator_and_Confounder,d30,UWYK 1D (noanc),raw,300,0.4883,0.46169999999999994,0.027114200247701642,3.13987462422926,0.14048252727566407
CaseStudy,Observed_Mediator_and_Confounder,d40,UWYK 1D (noanc),raw,300,0.47879999999999995,0.4712,0.027362704398016732,3.1955541777329985,0.14286589753588663
CaseStudy,Observed_Mediator_and_Confounder,d50,UWYK 1D (noanc),raw,300,0.6456666666666666,0.30433333333333334,0.024267867526365398,4.208172510410925,0.176088598414067
CaseStudy,Observed_Mediator_and_Confounder,pooled,UWYK 1D (v3a),raw,1800,0.6394444444444445,0.3105555555555555,0.009224209948653616,3.1856361602900263,0.05524035281666286
CaseStudy,Observed_Mediator_and_Confounder,shift-2,UWYK 1D (v3a),raw,600,0.48465,0.46534999999999993,0.01496351772902795,3.7367314083163943,0.08714904084446422
CaseStudy,Observed_Mediator_and_Confounder,shift0,UWYK 1D (v3a),raw,600,0.9864333333333335,0.03643333333333354,0.0023264270955646897,2.1486485331518193,0.09878458900558798
CaseStudy,Observed_Mediator_and_Confounder,shift+2,UWYK 1D (v3a),raw,600,0.44725000000000004,0.5027499999999999,0.015317776807047344,3.6715285394018657,0.08628029667011311
CaseStudy,Observed_Mediator_and_Confounder,d5,UWYK 1D (v3a),raw,300,0.8074333333333334,0.1425666666666665,0.014616206268832243,2.774648099554115,0.12095481285864969
CaseStudy,Observed_Mediator_and_Confounder,d10,UWYK 1D (v3a),raw,300,0.6889000000000001,0.2610999999999999,0.01921356155435846,3.045043377862604,0.1323081690851819
CaseStudy,Observed_Mediator_and_Confounder,d20,UWYK 1D (v3a),raw,300,0.5554666666666667,0.3945333333333333,0.02320276447861372,2.958421787158922,0.13693815421412106
CaseStudy,Observed_Mediator_and_Confounder,d30,UWYK 1D (v3a),raw,300,0.5800333333333334,0.36996666666666655,0.024214044513274136,3.2395717382698814,0.13048160988165827
CaseStudy,Observed_Mediator_and_Confounder,d40,UWYK 1D (v3a),raw,300,0.5459666666666666,0.40403333333333336,0.025684350059490442,3.2416678432336212,0.13202705612810614
CaseStudy,Observed_Mediator_and_Confounder,d50,UWYK 1D (v3a),raw,300,0.6588666666666667,0.29113333333333324,0.02315225516792764,3.8544641156610124,0.14998621762325914
CaseStudy,Observed_Mediator_and_Confounder,pooled,UWYK 2D (noanc),raw,1800,0.9985222222222223,0.048522222222222355,0.0006070909480103018,3.8699473432419413,0.04844474252082981
CaseStudy,Observed_Mediator_and_Confounder,shift-2,UWYK 2D (noanc),raw,600,0.9983166666666666,0.048316666666666674,0.0009127182632575311,4.532208628476085,0.07930626268209552
CaseStudy,Observed_Mediator_and_Confounder,shift0,UWYK 2D (noanc),raw,600,0.9992166666666669,0.04921666666666691,0.0002777795399684412,2.53427894957477,0.055354870404811525
CaseStudy,Observed_Mediator_and_Confounder,shift+2,UWYK 2D (noanc),raw,600,0.9980333333333332,0.04803333333333326,0.001552171306044929,4.5433544516749675,0.08558227741314538
CaseStudy,Observed_Mediator_and_Confounder,d5,UWYK 2D (noanc),raw,300,0.9927333333333335,0.04273333333333351,0.0035864209818337275,3.321081642692846,0.10985100839116835
CaseStudy,Observed_Mediator_and_Confounder,d10,UWYK 2D (noanc),raw,300,0.9988666666666668,0.048866666666666836,0.0005195687546622257,3.4111132176618497,0.09991044743199948
CaseStudy,Observed_Mediator_and_Confounder,d20,UWYK 2D (noanc),raw,300,0.9998666666666668,0.04986666666666684,9.412311173940226e-05,3.5218130239161867,0.09532437833573155
CaseStudy,Observed_Mediator_and_Confounder,d30,UWYK 2D (noanc),raw,300,0.9998666666666668,0.04986666666666684,8.142177693922279e-05,3.768181864502739,0.10371863721713497
CaseStudy,Observed_Mediator_and_Confounder,d40,UWYK 2D (noanc),raw,300,0.9998,0.049800000000000066,0.0001411846676091034,4.106216619624435,0.12143420201294797
CaseStudy,Observed_Mediator_and_Confounder,d50,UWYK 2D (noanc),raw,300,1.0,0.050000000000000044,0.0,5.091277691053589,0.14407154983599876
CaseStudy,Observed_Mediator_and_Confounder,pooled,UWYK 2D (v3a),raw,1800,0.9975555555555556,0.047555555555555684,0.0006447778768077743,3.548533131860301,0.04146871851633074
CaseStudy,Observed_Mediator_and_Confounder,shift-2,UWYK 2D (v3a),raw,600,0.9964500000000001,0.0464500000000001,0.0012917900294726124,4.125311118966637,0.0686491856222384
CaseStudy,Observed_Mediator_and_Confounder,shift0,UWYK 2D (v3a),raw,600,0.9989666666666667,0.048966666666666714,0.00047461824079414396,2.5775867434805946,0.055712124773289025
CaseStudy,Observed_Mediator_and_Confounder,shift+2,UWYK 2D (v3a),raw,600,0.9972500000000001,0.047250000000000125,0.0013587885574681997,3.9427015331336723,0.07272519141891917
CaseStudy,Observed_Mediator_and_Confounder,d5,UWYK 2D (v3a),raw,300,0.9882000000000001,0.03820000000000012,0.0037533010368681623,3.0271885092342914,0.11105049319536237
CaseStudy,Observed_Mediator_and_Confounder,d10,UWYK 2D (v3a),raw,300,0.9976333333333334,0.047633333333333416,0.0007052887219750681,3.0739472121076443,0.08891858110973991
CaseStudy,Observed_Mediator_and_Confounder,d20,UWYK 2D (v3a),raw,300,0.9999666666666667,0.049966666666666715,3.333333333333335e-05,3.3432492399244387,0.08215019653727752
CaseStudy,Observed_Mediator_and_Confounder,d30,UWYK 2D (v3a),raw,300,0.9999000000000001,0.049900000000000166,7.443581928658485e-05,3.5799161039385567,0.08792605770702248
CaseStudy,Observed_Mediator_and_Confounder,d40,UWYK 2D (v3a),raw,300,0.9996333333333333,0.04963333333333331,0.00022791935308886995,3.726645459205847,0.09685824026743421
CaseStudy,Observed_Mediator_and_Confounder,d50,UWYK 2D (v3a),raw,300,1.0,0.050000000000000044,0.0,4.540252266751031,0.11304089915415218
CaseStudy,Observed_Mediator_and_Confounder,pooled,CausalPFN 1D,raw,1800,0.9200944444444444,0.02990555555555552,0.004587495253380127,3.338742980869569,0.08721698506414653
CaseStudy,Observed_Mediator_and_Confounder,shift-2,CausalPFN 1D,raw,600,0.8932333333333334,0.05676666666666652,0.008725474784831955,4.006248793910901,0.15586868149138547
CaseStudy,Observed_Mediator_and_Confounder,shift0,CausalPFN 1D,raw,600,0.9849666666666667,0.0349666666666667,0.0026451198927256534,2.2157036473223486,0.12901852672544065
CaseStudy,Observed_Mediator_and_Confounder,shift+2,CausalPFN 1D,raw,600,0.8820833333333333,0.06791666666666663,0.009789989525911405,3.7942765013754585,0.15620748381626215
CaseStudy,Observed_Mediator_and_Confounder,d5,CausalPFN 1D,raw,300,0.9942999999999999,0.044299999999999895,0.0021131667708822128,2.837924488518516,0.22541404489604308
CaseStudy,Observed_Mediator_and_Confounder,d10,CausalPFN 1D,raw,300,0.9866666666666667,0.036666666666666736,0.002838394718537876,3.3082396863081183,0.19209267568826383
CaseStudy,Observed_Mediator_and_Confounder,d20,CausalPFN 1D,raw,300,0.9299000000000001,0.020099999999999896,0.009472660302130233,3.0255215445752217,0.20799865475914833
CaseStudy,Observed_Mediator_and_Confounder,d30,CausalPFN 1D,raw,300,0.9034,0.046599999999999975,0.012013988502260249,3.4496622531591297,0.18690171393768254
CaseStudy,Observed_Mediator_and_Confounder,d40,CausalPFN 1D,raw,300,0.8673,0.0827,0.013909611460062412,3.369714193725257,0.21106574603518996
CaseStudy,Observed_Mediator_and_Confounder,d50,CausalPFN 1D,raw,300,0.8390000000000001,0.11099999999999988,0.015933004945702395,4.041395718931174,0.2475619088547284
CaseStudy,Observed_Mediator_and_Confounder,pooled,CausalPFN 2D,raw,1800,0.9792277777777778,0.029227777777777852,0.0016986760014311235,2.7462537903859627,0.03411921039707205
CaseStudy,Observed_Mediator_and_Confounder,shift-2,CausalPFN 2D,raw,600,0.9894499999999999,0.039449999999999985,0.0017540147921067616,3.1078176996845044,0.054422156443766835
CaseStudy,Observed_Mediator_and_Confounder,shift0,CausalPFN 2D,raw,600,0.9896166666666666,0.03961666666666663,0.0018525290158066328,1.8224490424297937,0.04996134718207629
CaseStudy,Observed_Mediator_and_Confounder,shift+2,CausalPFN 2D,raw,600,0.9586166666666668,0.008616666666666828,0.0042925670617038275,3.30849462904359,0.05348011528122507
CaseStudy,Observed_Mediator_and_Confounder,d5,CausalPFN 2D,raw,300,0.9859666666666665,0.03596666666666659,0.0043613531118431095,2.550053934266456,0.07503880253749019
CaseStudy,Observed_Mediator_and_Confounder,d10,CausalPFN 2D,raw,300,0.9931333333333333,0.04313333333333336,0.0021427710693902144,2.506044092272281,0.06175889103514635
CaseStudy,Observed_Mediator_and_Confounder,d20,CausalPFN 2D,raw,300,0.9892333333333333,0.03923333333333334,0.002631012340965525,2.5593714699065413,0.06466190223752434
CaseStudy,Observed_Mediator_and_Confounder,d30,CausalPFN 2D,raw,300,0.9834333333333334,0.033433333333333426,0.003013465999782791,2.709107726506191,0.06574687879444431
CaseStudy,Observed_Mediator_and_Confounder,d40,CausalPFN 2D,raw,300,0.9640333333333334,0.014033333333333453,0.005294472061594019,2.9141631472568172,0.09972497629399998
CaseStudy,Observed_Mediator_and_Confounder,d50,CausalPFN 2D,raw,300,0.9595666666666667,0.009566666666666723,0.005767362586165125,3.2387823721074906,0.11305979632827776
CaseStudy,Observed_Mediator_and_Confounder,pooled,Do-PFN (matched label),raw,1800,0.9153444444444444,0.03465555555555555,0.004680073730777705,3.3651116572502353,0.05734219864157279
CaseStudy,Observed_Mediator_and_Confounder,shift-2,Do-PFN (matched label),raw,600,0.9004666666666666,0.04953333333333332,0.008461650260704669,3.643791036396536,0.09508108005816188
CaseStudy,Observed_Mediator_and_Confounder,shift0,Do-PFN (matched label),raw,600,0.9426666666666667,0.007333333333333303,0.007469904993762718,2.724816225713457,0.09612599723423089
CaseStudy,Observed_Mediator_and_Confounder,shift+2,Do-PFN (matched label),raw,600,0.9029,0.04709999999999992,0.008250689925789862,3.726727709640714,0.10155327866555068
CaseStudy,Observed_Mediator_and_Confounder,d5,Do-PFN (matched label),raw,300,0.7410666666666667,0.2089333333333333,0.018629838650553867,0.7983920894459438,0.031858172365410026
CaseStudy,Observed_Mediator_and_Confounder,d10,Do-PFN (matched label),raw,300,0.8719666666666666,0.0780333333333334,0.013497982700207545,1.4448503679000653,0.06013328606392021
CaseStudy,Observed_Mediator_and_Confounder,d20,Do-PFN (matched label),raw,300,0.9648,0.014800000000000035,0.0054945883988012055,3.285398293900661,0.1057879394775369
CaseStudy,Observed_Mediator_and_Confounder,d30,Do-PFN (matched label),raw,300,0.984,0.03400000000000003,0.002579829140592227,4.487962728885017,0.11594411457172436
CaseStudy,Observed_Mediator_and_Confounder,d40,Do-PFN (matched label),raw,300,0.9599333333333332,0.009933333333333239,0.00629026487370327,4.806899950723582,0.11468106957107257
CaseStudy,Observed_Mediator_and_Confounder,d50,Do-PFN (matched label),raw,300,0.9703,0.020300000000000096,0.006038221810350477,5.367166512646145,0.13162021519264933
CaseStudy,Observed_Mediator_and_Confounder,pooled,Do-PFN (matched resolution),raw,1800,0.9573111111111111,0.007311111111111157,0.0022527980514286208,11.998198465062794,0.16134137419718264
CaseStudy,Observed_Mediator_and_Confounder,shift-2,Do-PFN (matched resolution),raw,600,0.9450833333333333,0.00491666666666668,0.004349376097274265,11.43531640874712,0.25637080057213396
CaseStudy,Observed_Mediator_and_Confounder,shift0,Do-PFN (matched resolution),raw,600,0.9832000000000001,0.03320000000000012,0.002343045214937856,12.884500101224004,0.3083026361569152
CaseStudy,Observed_Mediator_and_Confounder,shift+2,Do-PFN (matched resolution),raw,600,0.9436500000000001,0.006349999999999856,0.0044316695866842976,11.674778885217256,0.2678593350587234
CaseStudy,Observed_Mediator_and_Confounder,d5,Do-PFN (matched resolution),raw,300,0.8464999999999999,0.10350000000000004,0.008046565287872554,3.628737073481751,0.08061341234642548
CaseStudy,Observed_Mediator_and_Confounder,d10,Do-PFN (matched resolution),raw,300,0.9033333333333333,0.046666666666666634,0.006560299727588167,4.742960245934022,0.11817347093661837
CaseStudy,Observed_Mediator_and_Confounder,d20,Do-PFN (matched resolution),raw,300,0.9972666666666666,0.04726666666666668,0.0007095358341640254,11.323258302119685,0.20526966919106715
CaseStudy,Observed_Mediator_and_Confounder,d30,Do-PFN (matched resolution),raw,300,0.9992333333333333,0.04923333333333335,0.00033925070997932927,16.1004501848458,0.24119141372675879
CaseStudy,Observed_Mediator_and_Confounder,d40,Do-PFN (matched resolution),raw,300,0.9979666666666667,0.04796666666666671,0.0011137113758123772,17.53719985977404,0.22129087391501312
CaseStudy,Observed_Mediator_and_Confounder,d50,Do-PFN (matched resolution),raw,300,0.9995666666666667,0.04956666666666676,0.00020154549645756497,18.656585124221454,0.2257734809173562
CaseStudy,Observed_Mediator_and_Confounder,pooled,UWYK No-Anc (matched label),raw,1800,0.4388555555555556,0.5111444444444444,0.010630204530561613,2.446922280735649,0.05390470931596871
CaseStudy,Observed_Mediator_and_Confounder,shift-2,UWYK No-Anc (matched label),raw,600,0.20475,0.74525,0.013572018017458621,2.7736686058778286,0.090132951951029
CaseStudy,Observed_Mediator_and_Confounder,shift0,UWYK No-Anc (matched label),raw,600,0.9376666666666668,0.012333333333333196,0.006687710248897945,1.8062707948196957,0.09113963370259057
CaseStudy,Observed_Mediator_and_Confounder,shift+2,UWYK No-Anc (matched label),raw,600,0.17415,0.7758499999999999,0.012859495678449536,2.760827441509423,0.09339296841348829
CaseStudy,Observed_Mediator_and_Confounder,d5,UWYK No-Anc (matched label),raw,300,0.46903333333333325,0.4809666666666667,0.021262866041884484,2.2627349362287545,0.10452202893390124
CaseStudy,Observed_Mediator_and_Confounder,d10,UWYK No-Anc (matched label),raw,300,0.41589999999999994,0.5341,0.024175560274877522,2.105428904624166,0.10450355977084848
CaseStudy,Observed_Mediator_and_Confounder,d20,UWYK No-Anc (matched label),raw,300,0.39093333333333335,0.5590666666666666,0.027150215659009633,2.050617947702853,0.12600683799823142
CaseStudy,Observed_Mediator_and_Confounder,d30,UWYK No-Anc (matched label),raw,300,0.4531666666666666,0.49683333333333335,0.027084592630014826,2.438667640911758,0.12111730312598852
CaseStudy,Observed_Mediator_and_Confounder,d40,UWYK No-Anc (matched label),raw,300,0.4213666666666667,0.5286333333333333,0.027662107520821634,2.5211505617975765,0.13663773231977047
CaseStudy,Observed_Mediator_and_Confounder,d50,UWYK No-Anc (matched label),raw,300,0.4827333333333333,0.46726666666666666,0.028040653451822453,3.302933693148786,0.17417357060194016
CaseStudy,Observed_Mediator_and_Confounder,pooled,UWYK Anc (matched label),raw,1800,0.4833944444444444,0.46660555555555555,0.010471907591382154,2.725056600686329,0.056665817100710454
CaseStudy,Observed_Mediator_and_Confounder,shift-2,UWYK Anc (matched label),raw,600,0.25755,0.69245,0.014137639104696606,3.1070148947410896,0.09354537091050821
CaseStudy,Observed_Mediator_and_Confounder,shift0,UWYK Anc (matched label),raw,600,0.9604166666666667,0.01041666666666674,0.004654864986154249,1.9682520169143185,0.09617540757485557
CaseStudy,Observed_Mediator_and_Confounder,shift+2,UWYK Anc (matched label),raw,600,0.23221666666666663,0.7177833333333333,0.0140051616044738,3.099902890403579,0.09745017260730902
CaseStudy,Observed_Mediator_and_Confounder,d5,UWYK Anc (matched label),raw,300,0.5866333333333332,0.3633666666666667,0.019129990016281753,2.6249755839973727,0.10502997449424738
CaseStudy,Observed_Mediator_and_Confounder,d10,UWYK Anc (matched label),raw,300,0.5061,0.44389999999999996,0.023192937311542143,2.5957929192061058,0.11071801860051349
CaseStudy,Observed_Mediator_and_Confounder,d20,UWYK Anc (matched label),raw,300,0.41169999999999995,0.5383,0.02692837707027284,2.287219694143981,0.1294780852565641
CaseStudy,Observed_Mediator_and_Confounder,d30,UWYK Anc (matched label),raw,300,0.46930000000000005,0.4806999999999999,0.02702085428575896,2.6302411383586577,0.12848331598012822
CaseStudy,Observed_Mediator_and_Confounder,d40,UWYK Anc (matched label),raw,300,0.4323666666666666,0.5176333333333334,0.02749987730116879,2.7059814720621578,0.14743929056476116
CaseStudy,Observed_Mediator_and_Confounder,d50,UWYK Anc (matched label),raw,300,0.4942666666666667,0.45573333333333327,0.027912136922640964,3.5061287963497003,0.18659009895335646
CaseStudy,Observed_Mediator_and_Confounder,pooled,UWYK No-Anc (matched resolution),raw,1800,0.5615833333333333,0.38841666666666663,0.00946832856014896,2.869482253194364,0.06340709950304353
CaseStudy,Observed_Mediator_and_Confounder,shift-2,UWYK No-Anc (matched resolution),raw,600,0.3602333333333333,0.5897666666666667,0.01359645434538327,3.4204863774567675,0.1084245448149905
CaseStudy,Observed_Mediator_and_Confounder,shift0,UWYK No-Anc (matched resolution),raw,600,0.96845,0.018450000000000077,0.004147079783292427,1.7374924589107983,0.09639139690488653
CaseStudy,Observed_Mediator_and_Confounder,shift+2,UWYK No-Anc (matched resolution),raw,600,0.35606666666666664,0.5939333333333333,0.013824715285894372,3.4504679232155255,0.10939666432395087
CaseStudy,Observed_Mediator_and_Confounder,d5,UWYK No-Anc (matched resolution),raw,300,0.5914333333333334,0.3585666666666666,0.020894405556868063,2.2140293415540913,0.08068719596804229
CaseStudy,Observed_Mediator_and_Confounder,d10,UWYK No-Anc (matched resolution),raw,300,0.5413666666666668,0.4086333333333332,0.022055251302043322,2.397074312033205,0.11165486626477182
CaseStudy,Observed_Mediator_and_Confounder,d20,UWYK No-Anc (matched resolution),raw,300,0.5160666666666667,0.4339333333333333,0.022874812879854746,2.5614067597836847,0.14645730528301576
CaseStudy,Observed_Mediator_and_Confounder,d30,UWYK No-Anc (matched resolution),raw,300,0.5585333333333333,0.39146666666666663,0.024631091885598054,3.0140589200955628,0.15899643566251093
CaseStudy,Observed_Mediator_and_Confounder,d40,UWYK No-Anc (matched resolution),raw,300,0.5094,0.4406,0.025320265655059966,3.012867188698546,0.1706838003982072
CaseStudy,Observed_Mediator_and_Confounder,d50,UWYK No-Anc (matched resolution),raw,300,0.6527000000000001,0.2972999999999999,0.02222864688807927,4.017456997001093,0.20797431650948595
CaseStudy,Observed_Mediator_and_Confounder,pooled,UWYK Anc (matched resolution),raw,1800,0.6075222222222222,0.34247777777777777,0.009594054094939544,2.736224682972484,0.05544913275811416
CaseStudy,Observed_Mediator_and_Confounder,shift-2,UWYK Anc (matched resolution),raw,600,0.4543833333333333,0.49561666666666665,0.01568149275085748,3.3021146676355566,0.09397687214708303
CaseStudy,Observed_Mediator_and_Confounder,shift0,UWYK Anc (matched resolution),raw,600,0.9733666666666666,0.023366666666666647,0.0038512258140521623,1.6382133482574124,0.08247996164432352
CaseStudy,Observed_Mediator_and_Confounder,shift+2,UWYK Anc (matched resolution),raw,600,0.3948166666666667,0.5551833333333333,0.015181170775467009,3.268346033024484,0.09511888251965775
CaseStudy,Observed_Mediator_and_Confounder,d5,UWYK Anc (matched resolution),raw,300,0.8708999999999999,0.07910000000000006,0.011493906582066856,2.4491032451419907,0.0809506294423421
CaseStudy,Observed_Mediator_and_Confounder,d10,UWYK Anc (matched resolution),raw,300,0.6524000000000001,0.29759999999999986,0.019351605558225893,2.421840723005925,0.10285090612792074
CaseStudy,Observed_Mediator_and_Confounder,d20,UWYK Anc (matched resolution),raw,300,0.5037666666666667,0.44623333333333326,0.023251147744213888,2.3709779980957704,0.12839965527881259
CaseStudy,Observed_Mediator_and_Confounder,d30,UWYK Anc (matched resolution),raw,300,0.5395,0.4105,0.0251193860653236,2.7945937196184243,0.14040557209108548
CaseStudy,Observed_Mediator_and_Confounder,d40,UWYK Anc (matched resolution),raw,300,0.46586666666666665,0.4841333333333333,0.026384405267561518,2.765048337376308,0.15326243642900866
CaseStudy,Observed_Mediator_and_Confounder,d50,UWYK Anc (matched resolution),raw,300,0.6127,0.33729999999999993,0.024313383416442905,3.615784074596486,0.1746981417112228
CaseStudy,Observed_Mediator_and_Confounder,pooled,UWYK-B No-Anc,raw,1800,0.47594444444444445,0.4740555555555555,0.010830979126543265,2.9174642240881337,0.05988685836869063
CaseStudy,Observed_Mediator_and_Confounder,shift-2,UWYK-B No-Anc,raw,600,0.21275000000000002,0.73725,0.014287605730775388,3.1947740441798405,0.09989306104701333
CaseStudy,Observed_Mediator_and_Confounder,shift0,UWYK-B No-Anc,raw,600,0.97345,0.023450000000000082,0.004464775417930252,2.28616323282564,0.11067698485097877
CaseStudy,Observed_Mediator_and_Confounder,shift+2,UWYK-B No-Anc,raw,600,0.2416333333333333,0.7083666666666666,0.014573514000817883,3.271455395258921,0.09530427031206255
CaseStudy,Observed_Mediator_and_Confounder,d5,UWYK-B No-Anc,raw,300,0.42903333333333327,0.5209666666666667,0.023836777666623826,1.9921069840662884,0.1063489672911648
CaseStudy,Observed_Mediator_and_Confounder,d10,UWYK-B No-Anc,raw,300,0.4298,0.5202,0.026537995310399017,2.4128637050465085,0.12952652516544427
CaseStudy,Observed_Mediator_and_Confounder,d20,UWYK-B No-Anc,raw,300,0.4200333333333333,0.5299666666666667,0.027289214400451896,2.642559252440738,0.14121160285441017
CaseStudy,Observed_Mediator_and_Confounder,d30,UWYK-B No-Anc,raw,300,0.4823333333333333,0.4676666666666667,0.027086995293122893,3.1227916940863354,0.1406277108188067
CaseStudy,Observed_Mediator_and_Confounder,d40,UWYK-B No-Anc,raw,300,0.47370000000000007,0.4762999999999999,0.02735928690061466,3.190025326877847,0.14462864745155116
CaseStudy,Observed_Mediator_and_Confounder,d50,UWYK-B No-Anc,raw,300,0.6207666666666666,0.3292333333333334,0.025304240981869515,4.144438382011083,0.17708011664312784
CaseStudy,Observed_Mediator_and_Confounder,pooled,UWYK-B Anc,raw,1800,0.5859833333333333,0.36401666666666666,0.009908351248528107,3.063084886110672,0.05497714337594468
CaseStudy,Observed_Mediator_and_Confounder,shift-2,UWYK-B Anc,raw,600,0.3243166666666667,0.6256833333333333,0.015147238759970988,3.372751543688246,0.0890442700673074
CaseStudy,Observed_Mediator_and_Confounder,shift0,UWYK-B Anc,raw,600,0.98625,0.036250000000000004,0.002551671083815025,2.1445972588249447,0.09835299969356318
CaseStudy,Observed_Mediator_and_Confounder,shift+2,UWYK-B Anc,raw,600,0.44738333333333336,0.5026166666666666,0.015322138357767575,3.671905855818824,0.08627389742084382
CaseStudy,Observed_Mediator_and_Confounder,d5,UWYK-B Anc,raw,300,0.7638666666666667,0.18613333333333326,0.016417597577576607,2.703976993433335,0.12123376231225372
CaseStudy,Observed_Mediator_and_Confounder,d10,UWYK-B Anc,raw,300,0.6152,0.3348,0.02156726740714667,2.9036149464372647,0.13139234782644502
CaseStudy,Observed_Mediator_and_Confounder,d20,UWYK-B Anc,raw,300,0.4938666666666667,0.4561333333333333,0.025218888946929783,2.799288002462704,0.13582982281343048
CaseStudy,Observed_Mediator_and_Confounder,d30,UWYK-B Anc,raw,300,0.5292666666666667,0.4207333333333333,0.025642521182695343,3.106114961991646,0.1294239586169078
CaseStudy,Observed_Mediator_and_Confounder,d40,UWYK-B Anc,raw,300,0.5077333333333333,0.4422666666666667,0.02662197872101029,3.125711288648354,0.13123758747900766
CaseStudy,Observed_Mediator_and_Confounder,d50,UWYK-B Anc,raw,300,0.6059666666666668,0.3440333333333332,0.025250455511342484,3.739803123690727,0.14975843375769587
CaseStudy,Observed_Mediator_and_Confounder,pooled,CausalPFN-C (matched label),raw,1800,0.9189444444444446,0.031055555555555392,0.00462766579722327,3.8746313336146705,0.099454056691479
CaseStudy,Observed_Mediator_and_Confounder,shift-2,CausalPFN-C (matched label),raw,600,0.8972166666666668,0.05278333333333318,0.008816980984558302,4.7805849994379255,0.1744032270400786
CaseStudy,Observed_Mediator_and_Confounder,shift0,CausalPFN-C (matched label),raw,600,0.9925666666666666,0.04256666666666664,0.0015088749999702265,2.38210056721386,0.1265305303355122
CaseStudy,Observed_Mediator_and_Confounder,shift+2,CausalPFN-C (matched label),raw,600,0.86705,0.08294999999999997,0.009929926788307473,4.4612084341922245,0.19242931012566042
CaseStudy,Observed_Mediator_and_Confounder,d5,CausalPFN-C (matched label),raw,300,0.9977666666666668,0.047766666666666846,0.0009046126481022981,3.8312781723740854,0.2707511818636505
CaseStudy,Observed_Mediator_and_Confounder,d10,CausalPFN-C (matched label),raw,300,0.9921666666666668,0.0421666666666668,0.0018088462994318817,4.344310977124085,0.26028636834977714
CaseStudy,Observed_Mediator_and_Confounder,d20,CausalPFN-C (matched label),raw,300,0.9429666666666666,0.007033333333333336,0.00792527789599364,3.466388202756009,0.2460163156897373
CaseStudy,Observed_Mediator_and_Confounder,d30,CausalPFN-C (matched label),raw,300,0.9077999999999999,0.042200000000000015,0.011568297508552277,3.7204062548479215,0.19755739270831832
CaseStudy,Observed_Mediator_and_Confounder,d40,CausalPFN-C (matched label),raw,300,0.8496666666666666,0.10033333333333339,0.014711406879765578,3.618507262281974,0.22045016258049427
CaseStudy,Observed_Mediator_and_Confounder,d50,CausalPFN-C (matched label),raw,300,0.8233,0.12669999999999992,0.016378205941963514,4.266897132303946,0.25641936641239343
CaseStudy,Observed_Mediator_and_Confounder,pooled,CausalPFN-C (matched resolution),raw,1800,0.9901388888888889,0.040138888888888946,0.001425638656950636,5.877878369051475,0.10648532967142933
CaseStudy,Observed_Mediator_and_Confounder,shift-2,CausalPFN-C (matched resolution),raw,600,0.99245,0.0424500000000001,0.0016913298992351387,7.480007919824658,0.17912869878488089
CaseStudy,Observed_Mediator_and_Confounder,shift0,CausalPFN-C (matched resolution),raw,600,0.9993833333333333,0.049383333333333335,0.0002598736547889151,3.315011516096354,0.14784674267016984
CaseStudy,Observed_Mediator_and_Confounder,shift+2,CausalPFN-C (matched resolution),raw,600,0.9785833333333335,0.028583333333333516,0.0038742388748734618,6.838615671233416,0.17728067372629225
CaseStudy,Observed_Mediator_and_Confounder,d5,CausalPFN-C (matched resolution),raw,300,0.9997,0.04970000000000008,0.0002686312803294887,4.661391643686494,0.2369676457980613
CaseStudy,Observed_Mediator_and_Confounder,d10,CausalPFN-C (matched resolution),raw,300,0.9999333333333333,0.049933333333333385,6.66666666666667e-05,6.021952538434564,0.26340393276672247
CaseStudy,Observed_Mediator_and_Confounder,d20,CausalPFN-C (matched resolution),raw,300,0.9984333333333333,0.04843333333333333,0.0008730044399295755,5.976927371135692,0.29090418909306803
CaseStudy,Observed_Mediator_and_Confounder,d30,CausalPFN-C (matched resolution),raw,300,0.9932333333333332,0.043233333333333235,0.00236464969715682,6.1111280554116005,0.22172623025843555
CaseStudy,Observed_Mediator_and_Confounder,d40,CausalPFN-C (matched resolution),raw,300,0.986,0.03600000000000003,0.003281310883599297,5.95688231879449,0.2544204939504613
CaseStudy,Observed_Mediator_and_Confounder,d50,CausalPFN-C (matched resolution),raw,300,0.9635333333333334,0.013533333333333397,0.007270574670454002,6.538988286846011,0.2803163256186406
CaseStudy,Observed_Mediator_and_Confounder,pooled,"CausalPFN (two-stage, published)",raw,1800,0.9997777777777778,0.04977777777777781,9.416145609113168e-05,5.388318502715124,0.0904421917570154
CaseStudy,Observed_Mediator_and_Confounder,shift-2,"CausalPFN (two-stage, published)",raw,600,0.9995999999999999,0.04959999999999998,0.00025244491732394494,6.226820098583948,0.1439474953137197
CaseStudy,Observed_Mediator_and_Confounder,shift0,"CausalPFN (two-stage, published)",raw,600,0.9998333333333335,0.04983333333333351,9.411352108319543e-05,3.296931094438823,0.13121884265036582
CaseStudy,Observed_Mediator_and_Confounder,shift+2,"CausalPFN (two-stage, published)",raw,600,0.9999000000000001,0.049900000000000166,8.495637035362134e-05,6.641204315122597,0.15704915303029843
CaseStudy,Observed_Mediator_and_Confounder,d5,"CausalPFN (two-stage, published)",raw,300,0.9999666666666667,0.049966666666666715,3.3333333333333355e-05,5.14917020631284,0.24161173199428856
CaseStudy,Observed_Mediator_and_Confounder,d10,"CausalPFN (two-stage, published)",raw,300,1.0,0.050000000000000044,0.0,5.5558216534544025,0.20800417573546523
CaseStudy,Observed_Mediator_and_Confounder,d20,"CausalPFN (two-stage, published)",raw,300,1.0,0.050000000000000044,0.0,4.843227363602855,0.1766237553113136
CaseStudy,Observed_Mediator_and_Confounder,d30,"CausalPFN (two-stage, published)",raw,300,1.0,0.050000000000000044,0.0,5.259850782416345,0.1841777695391512
CaseStudy,Observed_Mediator_and_Confounder,d40,"CausalPFN (two-stage, published)",raw,300,0.9999333333333333,0.049933333333333385,4.7061555869701135e-05,5.427023458329117,0.23661631295888672
CaseStudy,Observed_Mediator_and_Confounder,d50,"CausalPFN (two-stage, published)",raw,300,0.9987666666666667,0.048766666666666736,0.0005591407911944495,6.094817552175173,0.26370076351532795
CaseStudy,Unobserved_Confounder,pooled,Do-PFN 1D,raw,1800,0.9958,0.04580000000000006,0.0008212949248543435,6.193109905354081,0.10082654351088334
CaseStudy,Unobserved_Confounder,shift-2,Do-PFN 1D,raw,600,0.9928000000000001,0.04280000000000017,0.002186043656243067,7.177101505471565,0.17626878323542697
CaseStudy,Unobserved_Confounder,shift0,Do-PFN 1D,raw,600,0.9998833333333335,0.0498833333333335,4.981416029361279e-05,4.965940524797039,0.16390076182000676
CaseStudy,Unobserved_Confounder,shift+2,Do-PFN 1D,raw,600,0.9947166666666666,0.04471666666666663,0.0011186582626801563,6.436287685793639,0.17155863367697186
CaseStudy,Unobserved_Confounder,d5,Do-PFN 1D,raw,300,0.996,0.04600000000000004,0.001742638602137248,2.910031282560047,0.16858571381455612
CaseStudy,Unobserved_Confounder,d10,Do-PFN 1D,raw,300,0.9959333333333332,0.04593333333333327,0.0005709296011233528,4.913835482579449,0.1928428297018638
CaseStudy,Unobserved_Confounder,d20,Do-PFN 1D,raw,300,0.9979333333333333,0.04793333333333338,0.0005736568012356036,6.809913843793974,0.22275301568085462
CaseStudy,Unobserved_Confounder,d30,Do-PFN 1D,raw,300,0.9990666666666668,0.049066666666666814,0.00046909703182754903,7.410479309376499,0.26659055491962347
CaseStudy,Unobserved_Confounder,d40,Do-PFN 1D,raw,300,0.9905666666666667,0.04056666666666675,0.003912082399833156,7.429954926413536,0.24808554988241635
CaseStudy,Unobserved_Confounder,d50,Do-PFN 1D,raw,300,0.9953000000000001,0.04530000000000012,0.0022340054563588802,7.684444587400986,0.24257883121994522
CaseStudy,Unobserved_Confounder,pooled,Do-PFN 2D,raw,1800,0.9947833333333334,0.0447833333333334,0.0013427860563698885,3.205319752014865,0.05820337896656785
CaseStudy,Unobserved_Confounder,shift-2,Do-PFN 2D,raw,600,0.99815,0.048150000000000026,0.0010312945492982856,3.8685176833559582,0.1115918144597519
CaseStudy,Unobserved_Confounder,shift0,Do-PFN 2D,raw,600,0.9979166666666667,0.04791666666666672,0.0007994430332553507,2.010984281348335,0.07636775921073155
CaseStudy,Unobserved_Confounder,shift+2,Do-PFN 2D,raw,600,0.9882833333333334,0.03828333333333345,0.0037996323495132077,3.736457291340304,0.09301215560902122
CaseStudy,Unobserved_Confounder,d5,Do-PFN 2D,raw,300,0.9962666666666666,0.04626666666666668,0.0011777322021990476,2.3476246518263784,0.1189378126423186
CaseStudy,Unobserved_Confounder,d10,Do-PFN 2D,raw,300,0.9971666666666666,0.04716666666666669,0.0010668391025615653,2.278549673039429,0.10491630278118644
CaseStudy,Unobserved_Confounder,d20,Do-PFN 2D,raw,300,0.9957000000000001,0.045700000000000185,0.003395440906872394,3.07425609993146,0.132786921153893
CaseStudy,Unobserved_Confounder,d30,Do-PFN 2D,raw,300,0.9984,0.0484,0.0016,3.6981287027231775,0.15459920342413283
CaseStudy,Unobserved_Confounder,d40,Do-PFN 2D,raw,300,0.9986000000000002,0.0486000000000002,0.0010453059059491927,3.832579653270979,0.15224345949065685
CaseStudy,Unobserved_Confounder,d50,Do-PFN 2D,raw,300,0.9825666666666666,0.03256666666666663,0.006838415055819557,4.000779731297768,0.15097996522430462
CaseStudy,Unobserved_Confounder,pooled,UWYK 1D (noanc),raw,1800,0.9867444444444445,0.03674444444444458,0.0010946953306072548,6.1149662841078944,0.12195791920789861
CaseStudy,Unobserved_Confounder,shift-2,UWYK 1D (noanc),raw,600,0.9791833333333333,0.02918333333333334,0.002355270811091985,6.769123299708998,0.19719977885637202
CaseStudy,Unobserved_Confounder,shift0,UWYK 1D (noanc),raw,600,1.0,0.050000000000000044,0.0,4.853863219956066,0.2298685709525086
CaseStudy,Unobserved_Confounder,shift+2,UWYK 1D (noanc),raw,600,0.98105,0.031050000000000022,0.002192488885381376,6.721912332658615,0.1957059758461527
CaseStudy,Unobserved_Confounder,d5,UWYK 1D (noanc),raw,300,0.9657333333333334,0.015733333333333488,0.005105725758971669,5.6888080160280605,0.2852633612878322
CaseStudy,Unobserved_Confounder,d10,UWYK 1D (noanc),raw,300,0.9730333333333332,0.02303333333333324,0.003212884572483975,4.946590366620911,0.22586299137741245
CaseStudy,Unobserved_Confounder,d20,UWYK 1D (noanc),raw,300,0.9893666666666667,0.03936666666666677,0.0016593361645172347,6.173755388826865,0.29488087254264544
CaseStudy,Unobserved_Confounder,d30,UWYK 1D (noanc),raw,300,0.9954999999999999,0.045499999999999985,0.0007332294443489032,6.854788286945856,0.33315022893121465
CaseStudy,Unobserved_Confounder,d40,UWYK 1D (noanc),raw,300,0.9968333333333333,0.04683333333333339,0.0005160918512818188,6.459116519936642,0.3105351494658021
CaseStudy,Unobserved_Confounder,d50,UWYK 1D (noanc),raw,300,1.0,0.050000000000000044,0.0,6.566739126289025,0.31951184969639634
CaseStudy,Unobserved_Confounder,pooled,UWYK 1D (v3a),raw,1800,0.9996222222222223,0.049622222222222345,0.00013167290077382583,5.2775820016014565,0.12381272002414662
CaseStudy,Unobserved_Confounder,shift-2,UWYK 1D (v3a),raw,600,0.9994666666666667,0.04946666666666677,0.00027117775924658384,5.472134156503291,0.2041272652031317
CaseStudy,Unobserved_Confounder,shift0,UWYK 1D (v3a),raw,600,0.9999833333333333,0.04998333333333338,1.6666666666666678e-05,4.889141660501327,0.23372355492337432
CaseStudy,Unobserved_Confounder,shift+2,UWYK 1D (v3a),raw,600,0.9994166666666668,0.049416666666666886,0.00028647801508244864,5.471470187799751,0.20358627948236663
CaseStudy,Unobserved_Confounder,d5,UWYK 1D (v3a),raw,300,0.9980666666666665,0.04806666666666659,0.0007634243883514859,4.639557461749034,0.3088048617164303
CaseStudy,Unobserved_Confounder,d10,UWYK 1D (v3a),raw,300,0.9997333333333334,0.04973333333333341,0.000176003783615288,3.933068560026794,0.22629462654310714
CaseStudy,Unobserved_Confounder,d20,UWYK 1D (v3a),raw,300,0.9999333333333333,0.049933333333333385,4.7061555869701135e-05,5.238182882288921,0.29003097540508266
CaseStudy,Unobserved_Confounder,d30,UWYK 1D (v3a),raw,300,1.0,0.050000000000000044,0.0,5.971260712888763,0.333717122827541
CaseStudy,Unobserved_Confounder,d40,UWYK 1D (v3a),raw,300,1.0,0.050000000000000044,0.0,5.681255173208193,0.31181995096966314
CaseStudy,Unobserved_Confounder,d50,UWYK 1D (v3a),raw,300,1.0,0.050000000000000044,0.0,6.202167219447036,0.31889017866726554
CaseStudy,Unobserved_Confounder,pooled,UWYK 2D (noanc),raw,1800,0.999211111111111,0.049211111111111094,0.00027409503642568796,4.1401571760583,0.06309680566978433
CaseStudy,Unobserved_Confounder,shift-2,UWYK 2D (noanc),raw,600,0.9999833333333333,0.04998333333333338,1.6666666666666678e-05,5.091138630184708,0.11595979086953273
CaseStudy,Unobserved_Confounder,shift0,UWYK 2D (noanc),raw,600,0.9977333333333334,0.047733333333333405,0.0008180581084607628,2.787593567607978,0.07135769856349052
CaseStudy,Unobserved_Confounder,shift+2,UWYK 2D (noanc),raw,600,0.9999166666666668,0.04991666666666683,4.4001104520630304e-05,4.541739330382213,0.11179886948153508
CaseStudy,Unobserved_Confounder,d5,UWYK 2D (noanc),raw,300,0.9995,0.0495000000000001,0.00026763342039925466,4.450476653840845,0.16677056591485856
CaseStudy,Unobserved_Confounder,d10,UWYK 2D (noanc),raw,300,0.9983666666666666,0.04836666666666667,0.0011950271668017748,3.7125810350679496,0.12891768860633437
CaseStudy,Unobserved_Confounder,d20,UWYK 2D (noanc),raw,300,0.9980000000000001,0.048000000000000154,0.0010027831949174849,3.9226036238207445,0.15019161187661426
CaseStudy,Unobserved_Confounder,d30,UWYK 2D (noanc),raw,300,0.9995,0.0495000000000001,0.000435659650534312,4.232745423107797,0.1764059125999213
CaseStudy,Unobserved_Confounder,d40,UWYK 2D (noanc),raw,300,0.9999000000000001,0.049900000000000166,7.443581928658485e-05,4.060437722215371,0.1505686513363282
CaseStudy,Unobserved_Confounder,d50,UWYK 2D (noanc),raw,300,1.0,0.050000000000000044,0.0,4.462098598297091,0.14647474612434
CaseStudy,Unobserved_Confounder,pooled,UWYK 2D (v3a),raw,1800,0.9992833333333333,0.049283333333333346,0.00025825599385025414,4.111250609934105,0.06353871349810919
CaseStudy,Unobserved_Confounder,shift-2,UWYK 2D (v3a),raw,600,0.9999833333333333,0.04998333333333338,1.6666666666666678e-05,5.044027183814084,0.116919544922548
CaseStudy,Unobserved_Confounder,shift0,UWYK 2D (v3a),raw,600,0.9979666666666667,0.04796666666666671,0.0007707784538812293,2.7489303196416772,0.0693310907595212
CaseStudy,Unobserved_Confounder,shift+2,UWYK 2D (v3a),raw,600,0.9999000000000001,0.049900000000000166,4.700252778577603e-05,4.540794326346556,0.11418864318372723
CaseStudy,Unobserved_Confounder,d5,UWYK 2D (v3a),raw,300,0.9993666666666668,0.04936666666666689,0.000319902205420771,4.380715069001783,0.16572158307319593
CaseStudy,Unobserved_Confounder,d10,UWYK 2D (v3a),raw,300,0.9984,0.0484,0.0012260276557684291,3.662450824156005,0.12797783468407595
CaseStudy,Unobserved_Confounder,d20,UWYK 2D (v3a),raw,300,0.9984333333333333,0.04843333333333333,0.00081897553174102,3.907619333194084,0.15043414426442467
CaseStudy,Unobserved_Confounder,d30,UWYK 2D (v3a),raw,300,0.9995333333333334,0.04953333333333343,0.00034914558342384556,4.2158751212561185,0.17754953999353276
CaseStudy,Unobserved_Confounder,d40,UWYK 2D (v3a),raw,300,0.9999666666666667,0.049966666666666715,3.3333333333333355e-05,4.049534936521549,0.15283716696667565
CaseStudy,Unobserved_Confounder,d50,UWYK 2D (v3a),raw,300,1.0,0.050000000000000044,0.0,4.451308375475093,0.15131556518458725
CaseStudy,Unobserved_Confounder,pooled,CausalPFN 1D,raw,1800,0.9883222222222222,0.03832222222222226,0.0011998102076343146,2.7507359423866995,0.07964177384110739
CaseStudy,Unobserved_Confounder,shift-2,CausalPFN 1D,raw,600,0.9849333333333334,0.03493333333333348,0.002123743750133418,2.85063557044837,0.14586885002041752
CaseStudy,Unobserved_Confounder,shift0,CausalPFN 1D,raw,600,0.9947333333333332,0.04473333333333329,0.0011189138014043366,2.4943886648638376,0.11722541044204336
CaseStudy,Unobserved_Confounder,shift+2,CausalPFN 1D,raw,600,0.9853000000000001,0.03530000000000011,0.0026655252843925956,2.9071835918478914,0.1481961428448392
CaseStudy,Unobserved_Confounder,d5,CausalPFN 1D,raw,300,0.9519333333333333,0.0019333333333333425,0.0063657376735012814,2.4686819060429177,0.17411376295026543
CaseStudy,Unobserved_Confounder,d10,CausalPFN 1D,raw,300,0.9902666666666666,0.04026666666666667,0.0018827938474164378,1.8235677599410633,0.10950370756617785
CaseStudy,Unobserved_Confounder,d20,CausalPFN 1D,raw,300,0.9979999999999999,0.04799999999999993,0.00046982527172681704,2.365283100318329,0.14466376424388908
CaseStudy,Unobserved_Confounder,d30,CausalPFN 1D,raw,300,0.9981666666666669,0.04816666666666691,0.0009294612305607858,3.011124089766195,0.19041959577103842
CaseStudy,Unobserved_Confounder,d40,CausalPFN 1D,raw,300,0.9951333333333334,0.04513333333333347,0.0010371831045049528,3.0226045102311616,0.21452470960624914
CaseStudy,Unobserved_Confounder,d50,CausalPFN 1D,raw,300,0.9964333333333334,0.04643333333333344,0.0005350967224861869,3.813154288020531,0.27491068633425336
CaseStudy,Unobserved_Confounder,pooled,CausalPFN 2D,raw,1800,0.9982000000000001,0.04820000000000013,0.00026216790728727466,3.451947243708166,0.05162670507427655
CaseStudy,Unobserved_Confounder,shift-2,CausalPFN 2D,raw,600,0.9989166666666669,0.04891666666666694,0.00029837173285421245,3.7821314295141066,0.08338222042020968
CaseStudy,Unobserved_Confounder,shift0,CausalPFN 2D,raw,600,0.9967166666666666,0.04671666666666663,0.0006546606025602973,2.821045226939223,0.09509579556968623
CaseStudy,Unobserved_Confounder,shift+2,CausalPFN 2D,raw,600,0.9989666666666667,0.048966666666666714,0.00031009419886290825,3.7526650746711696,0.08379297899842447
CaseStudy,Unobserved_Confounder,d5,CausalPFN 2D,raw,300,0.9934666666666665,0.04346666666666654,0.0013562468158459882,3.7168951254577056,0.1596270879669849
CaseStudy,Unobserved_Confounder,d10,CausalPFN 2D,raw,300,0.9989333333333333,0.048933333333333384,0.000511393778976408,3.1655851842277767,0.10462461253585623
CaseStudy,Unobserved_Confounder,d20,CausalPFN 2D,raw,300,0.9995333333333334,0.04953333333333343,0.00015426550057420462,3.4180693151802717,0.11298055196346353
CaseStudy,Unobserved_Confounder,d30,CausalPFN 2D,raw,300,0.9984666666666667,0.04846666666666677,0.0004466481967595131,3.5433845850105765,0.13109900572798464
CaseStudy,Unobserved_Confounder,d40,CausalPFN 2D,raw,300,0.9993666666666666,0.04936666666666667,0.00018225842785035318,3.3645817459114347,0.12003565500890333
CaseStudy,Unobserved_Confounder,d50,CausalPFN 2D,raw,300,0.9994333333333335,0.04943333333333355,0.00017679377434554378,3.503167506461234,0.12188707402388453
CaseStudy,Unobserved_Confounder,pooled,Do-PFN (matched label),raw,1800,0.9985277777777777,0.048527777777777725,0.00021364038023203403,5.851892967003892,0.10336981344304312
CaseStudy,Unobserved_Confounder,shift-2,Do-PFN (matched label),raw,600,0.9975,0.0475000000000001,0.0005115526791764667,6.078704907923631,0.17252066337503666
CaseStudy,Unobserved_Confounder,shift0,Do-PFN (matched label),raw,600,0.9993666666666666,0.04936666666666667,0.00018693656455863678,5.312318547542823,0.1855281696907612
CaseStudy,Unobserved_Confounder,shift+2,Do-PFN (matched label),raw,600,0.9987166666666667,0.04871666666666674,0.00033407749432272084,6.164655445545224,0.17707507586012297
CaseStudy,Unobserved_Confounder,d5,Do-PFN (matched label),raw,300,0.9927666666666666,0.04276666666666662,0.00115084994361405,2.5780235143435184,0.1581927702701288
CaseStudy,Unobserved_Confounder,d10,Do-PFN (matched label),raw,300,0.9992,0.04920000000000002,0.000397988252124898,3.884135255628296,0.17139033854120542
CaseStudy,Unobserved_Confounder,d20,Do-PFN (matched label),raw,300,0.9996333333333333,0.04963333333333331,0.00011850361450944156,6.348068315169428,0.22335707795211135
CaseStudy,Unobserved_Confounder,d30,Do-PFN (matched label),raw,300,0.9996999999999999,0.049699999999999966,0.00010937136679743638,7.224532891625672,0.2707541114267663
CaseStudy,Unobserved_Confounder,d40,Do-PFN (matched label),raw,300,0.9999000000000001,0.049900000000000166,5.754160919975792e-05,7.320737161196371,0.2576202687665223
CaseStudy,Unobserved_Confounder,d50,Do-PFN (matched label),raw,300,0.9999666666666667,0.049966666666666715,3.3333333333333355e-05,7.755860664060068,0.2579108167435228
CaseStudy,Unobserved_Confounder,pooled,Do-PFN (matched resolution),raw,1800,0.9898111111111112,0.03981111111111124,0.001161066228850221,16.994988919751513,0.16618491363292698
CaseStudy,Unobserved_Confounder,shift-2,Do-PFN (matched resolution),raw,600,0.9866833333333334,0.0366833333333334,0.002219268476119247,16.293471183758513,0.27966921525927124
CaseStudy,Unobserved_Confounder,shift0,Do-PFN (matched resolution),raw,600,0.9987666666666667,0.048766666666666736,0.00030249994059581436,17.92623441580987,0.28874259960328214
CaseStudy,Unobserved_Confounder,shift+2,Do-PFN (matched resolution),raw,600,0.9839833333333333,0.033983333333333365,0.0026310820487341724,16.765261159686162,0.29135690056499425
CaseStudy,Unobserved_Confounder,d5,Do-PFN (matched resolution),raw,300,0.9406333333333333,0.009366666666666634,0.00621070000082002,7.524760257150225,0.23087357058491756
CaseStudy,Unobserved_Confounder,d10,Do-PFN (matched resolution),raw,300,0.9982333333333334,0.04823333333333346,0.0006153342138408618,12.107296282979872,0.2095988545545712
CaseStudy,Unobserved_Confounder,d20,Do-PFN (matched resolution),raw,300,1.0,0.050000000000000044,0.0,17.79178518186796,0.2661366075098682
CaseStudy,Unobserved_Confounder,d30,Do-PFN (matched resolution),raw,300,1.0,0.050000000000000044,0.0,20.272767866226793,0.3101610671735892
CaseStudy,Unobserved_Confounder,d40,Do-PFN (matched resolution),raw,300,1.0,0.050000000000000044,0.0,21.793525241872874,0.2646221714926671
CaseStudy,Unobserved_Confounder,d50,Do-PFN (matched resolution),raw,300,1.0,0.050000000000000044,0.0,22.479798688411353,0.2591978382542232
CaseStudy,Unobserved_Confounder,pooled,UWYK No-Anc (matched label),raw,1800,0.9407444444444445,0.009255555555555461,0.0034328395159658664,5.458521336418043,0.10635794956489658
CaseStudy,Unobserved_Confounder,shift-2,UWYK No-Anc (matched label),raw,600,0.9215166666666667,0.028483333333333305,0.00648818965427166,6.316036731004334,0.1667798561537947
CaseStudy,Unobserved_Confounder,shift0,UWYK No-Anc (matched label),raw,600,0.9990666666666668,0.049066666666666814,0.00035650147777286777,3.916894116397321,0.1956668879348588
CaseStudy,Unobserved_Confounder,shift+2,UWYK No-Anc (matched label),raw,600,0.9016500000000001,0.04834999999999989,0.007423373443981833,6.142633161852475,0.17275365113746938
CaseStudy,Unobserved_Confounder,d5,UWYK No-Anc (matched label),raw,300,0.9052333333333333,0.04476666666666662,0.010463230553147723,5.219175228046918,0.25019560370826543
CaseStudy,Unobserved_Confounder,d10,UWYK No-Anc (matched label),raw,300,0.8498,0.10019999999999996,0.012976605310934121,4.214438682891133,0.20029735906636412
CaseStudy,Unobserved_Confounder,d20,UWYK No-Anc (matched label),raw,300,0.9197333333333334,0.030266666666666553,0.008722003254156391,5.142410242716001,0.2565231464085705
CaseStudy,Unobserved_Confounder,d30,UWYK No-Anc (matched label),raw,300,0.9797666666666667,0.02976666666666672,0.0030911166037607403,5.980177995830655,0.29602412988382354
CaseStudy,Unobserved_Confounder,d40,UWYK No-Anc (matched label),raw,300,0.9927000000000002,0.04270000000000029,0.0017113725446617617,5.649639660531185,0.2528145634872068
CaseStudy,Unobserved_Confounder,d50,UWYK No-Anc (matched label),raw,300,0.9972333333333334,0.04723333333333346,0.0009180687564370622,6.545286208492368,0.2785973561504024
CaseStudy,Unobserved_Confounder,pooled,UWYK Anc (matched label),raw,1800,0.9531833333333334,0.003183333333333427,0.002958113465146723,5.594203589306917,0.11013194742280712
CaseStudy,Unobserved_Confounder,shift-2,UWYK Anc (matched label),raw,600,0.9501166666666666,0.00011666666666665382,0.005003085256614803,6.4959732311839256,0.17376177511528038
CaseStudy,Unobserved_Confounder,shift0,UWYK Anc (matched label),raw,600,0.9994,0.0494,0.00025067521504740974,4.008494307396542,0.19957814001818047
CaseStudy,Unobserved_Confounder,shift+2,UWYK Anc (matched label),raw,600,0.9100333333333332,0.039966666666666706,0.006859874079011393,6.278143229340283,0.18144428947806707
CaseStudy,Unobserved_Confounder,d5,UWYK Anc (matched label),raw,300,0.9160333333333331,0.03396666666666681,0.009928383277260491,5.360819633174769,0.26101651716405255
CaseStudy,Unobserved_Confounder,d10,UWYK Anc (matched label),raw,300,0.8778333333333332,0.07216666666666671,0.011063156922866222,4.349550996158018,0.20975869366723587
CaseStudy,Unobserved_Confounder,d20,UWYK Anc (matched label),raw,300,0.9419000000000002,0.008099999999999774,0.006928860522354203,5.315069988376119,0.26810947060316587
CaseStudy,Unobserved_Confounder,d30,UWYK Anc (matched label),raw,300,0.9884666666666667,0.03846666666666676,0.0018925856233947096,6.142643118351621,0.307914137811586
CaseStudy,Unobserved_Confounder,d40,UWYK Anc (matched label),raw,300,0.9959333333333334,0.04593333333333349,0.0012671946326774687,5.774740905817797,0.26230098287437165
CaseStudy,Unobserved_Confounder,d50,UWYK Anc (matched label),raw,300,0.9989333333333333,0.048933333333333384,0.0006513742155137819,6.622396893963178,0.28277919209253494
CaseStudy,Unobserved_Confounder,pooled,UWYK No-Anc (matched resolution),raw,1800,0.9959833333333334,0.04598333333333349,0.0004304006676681282,5.63528910892145,0.11976392726788083
CaseStudy,Unobserved_Confounder,shift-2,UWYK No-Anc (matched resolution),raw,600,0.9943333333333334,0.04433333333333345,0.000832247483988882,6.49709273132556,0.1959150270833768
CaseStudy,Unobserved_Confounder,shift0,UWYK No-Anc (matched resolution),raw,600,0.9998166666666667,0.04981666666666673,0.0001091250340099469,3.9512004888213377,0.21041174074769264
CaseStudy,Unobserved_Confounder,shift+2,UWYK No-Anc (matched resolution),raw,600,0.9937999999999999,0.04379999999999995,0.0009630571799672528,6.45757410661745,0.19868299519969332
CaseStudy,Unobserved_Confounder,d5,UWYK No-Anc (matched resolution),raw,300,0.9903000000000001,0.040300000000000114,0.001909528416570457,5.085611885354729,0.24421606992337652
CaseStudy,Unobserved_Confounder,d10,UWYK No-Anc (matched resolution),raw,300,0.9929999999999999,0.04299999999999993,0.0012515319486557789,4.48146660473655,0.2132765146274745
CaseStudy,Unobserved_Confounder,d20,UWYK No-Anc (matched resolution),raw,300,0.9961666666666665,0.04616666666666658,0.0009543169921941485,5.667785542171661,0.29956228147888236
CaseStudy,Unobserved_Confounder,d30,UWYK No-Anc (matched resolution),raw,300,0.9986666666666667,0.04866666666666675,0.0003544063553807967,6.393881577759509,0.33970742463675424
CaseStudy,Unobserved_Confounder,d40,UWYK No-Anc (matched resolution),raw,300,0.9984999999999998,0.04849999999999988,0.0003691715392850054,5.893525963478836,0.3136333023599869
CaseStudy,Unobserved_Confounder,d50,UWYK No-Anc (matched resolution),raw,300,0.9992666666666665,0.04926666666666657,0.000287972706085175,6.289463080027409,0.3164223234311104
CaseStudy,Unobserved_Confounder,pooled,UWYK Anc (matched resolution),raw,1800,0.9994111111111111,0.04941111111111118,9.393927319110983e-05,4.369877671478965,0.117489999110912
CaseStudy,Unobserved_Confounder,shift-2,UWYK Anc (matched resolution),raw,600,0.9995666666666667,0.04956666666666676,0.00013226477775232263,4.595542985272382,0.19933981777079404
CaseStudy,Unobserved_Confounder,shift0,UWYK Anc (matched resolution),raw,600,0.9995833333333334,0.049583333333333424,0.00014345131094731185,3.905812218066457,0.2075767894970881
CaseStudy,Unobserved_Confounder,shift+2,UWYK Anc (matched resolution),raw,600,0.9990833333333334,0.04908333333333348,0.0002028993608205953,4.608277811098056,0.20250791571782806
CaseStudy,Unobserved_Confounder,d5,UWYK Anc (matched resolution),raw,300,0.9980666666666668,0.04806666666666681,0.0004100013142250831,3.925896813922806,0.24789414763045334
CaseStudy,Unobserved_Confounder,d10,UWYK Anc (matched resolution),raw,300,0.9988666666666666,0.048866666666666614,0.00032397108660691494,3.1568526209860557,0.2099826022138944
CaseStudy,Unobserved_Confounder,d20,UWYK Anc (matched resolution),raw,300,0.9995999999999999,0.04959999999999998,0.00018141030565173405,4.245871322384619,0.2876327778002578
CaseStudy,Unobserved_Confounder,d30,UWYK Anc (matched resolution),raw,300,1.0,0.050000000000000044,0.0,5.082042872654686,0.3336246779616808
CaseStudy,Unobserved_Confounder,d40,UWYK Anc (matched resolution),raw,300,0.9999666666666667,0.049966666666666715,3.3333333333333355e-05,4.66357179438022,0.30519491513409175
CaseStudy,Unobserved_Confounder,d50,UWYK Anc (matched resolution),raw,300,0.9999666666666667,0.049966666666666715,3.3333333333333355e-05,5.1450306045454015,0.30979518599940015
CaseStudy,Unobserved_Confounder,pooled,UWYK-B No-Anc,raw,1800,0.9855111111111111,0.03551111111111116,0.0011721040841139476,6.101795749398679,0.12303454169089388
CaseStudy,Unobserved_Confounder,shift-2,UWYK-B No-Anc,raw,600,0.9754833333333333,0.025483333333333302,0.002649460961615908,6.7320066462202535,0.20355306891643432
CaseStudy,Unobserved_Confounder,shift0,UWYK-B No-Anc,raw,600,1.0,0.050000000000000044,0.0,4.851468269317168,0.2296508787617379
CaseStudy,Unobserved_Confounder,shift+2,UWYK-B No-Anc,raw,600,0.98105,0.031050000000000022,0.002192488885381376,6.721912332658615,0.1957059758461527
CaseStudy,Unobserved_Confounder,d5,UWYK-B No-Anc,raw,300,0.9658333333333333,0.015833333333333366,0.0051170160822521845,5.691080843176771,0.28974052298283587
CaseStudy,Unobserved_Confounder,d10,UWYK-B No-Anc,raw,300,0.9695666666666667,0.019566666666666732,0.003940815870949235,4.907417569469905,0.2267786672201177
CaseStudy,Unobserved_Confounder,d20,UWYK-B No-Anc,raw,300,0.9876333333333333,0.037633333333333296,0.001802449920343823,6.139024474049023,0.2965446010008893
CaseStudy,Unobserved_Confounder,d30,UWYK-B No-Anc,raw,300,0.9943000000000001,0.04430000000000012,0.0008754868051789038,6.827327797013732,0.3341050036943589
CaseStudy,Unobserved_Confounder,d40,UWYK-B No-Anc,raw,300,0.9959333333333332,0.04593333333333327,0.0006249964697038909,6.42887605625035,0.31232026568499066
CaseStudy,Unobserved_Confounder,d50,UWYK-B No-Anc,raw,300,0.9998,0.049800000000000066,0.0001049499535665605,6.617047756432294,0.32501653828725263
CaseStudy,Unobserved_Confounder,pooled,UWYK-B Anc,raw,1800,0.9994722222222223,0.04947222222222236,0.0001606747736931268,5.295274917919603,0.12580606219180562
CaseStudy,Unobserved_Confounder,shift-2,UWYK-B Anc,raw,600,0.9990500000000001,0.04905000000000015,0.00038531220854303263,5.5349237152179205,0.2157459058121126
CaseStudy,Unobserved_Confounder,shift0,UWYK-B Anc,raw,600,0.99995,0.04995000000000005,3.7242904632488934e-05,4.8794308507411355,0.23275084538224008
CaseStudy,Unobserved_Confounder,shift+2,UWYK-B Anc,raw,600,0.9994166666666668,0.049416666666666886,0.00028647801508244864,5.471470187799751,0.20358627948236663
CaseStudy,Unobserved_Confounder,d5,UWYK-B Anc,raw,300,0.9983333333333333,0.04833333333333334,0.0006607879039691619,4.683357008250727,0.31589834064351113
CaseStudy,Unobserved_Confounder,d10,UWYK-B Anc,raw,300,0.9987666666666667,0.048766666666666736,0.0006878761090737278,3.9219052654193365,0.22851645773642415
CaseStudy,Unobserved_Confounder,d20,UWYK-B Anc,raw,300,0.9998666666666668,0.04986666666666684,8.142177693922279e-05,5.24465152785128,0.2950102567764256
CaseStudy,Unobserved_Confounder,d30,UWYK-B Anc,raw,300,0.9999000000000001,0.049900000000000166,7.443581928658484e-05,5.990939452182243,0.3388083023439471
CaseStudy,Unobserved_Confounder,d40,UWYK-B Anc,raw,300,0.9999666666666667,0.049966666666666715,3.3333333333333355e-05,5.7175551186021485,0.31793640567001474
CaseStudy,Unobserved_Confounder,d50,UWYK-B Anc,raw,300,1.0,0.050000000000000044,0.0,6.213241135211878,0.3222521842153042
CaseStudy,Unobserved_Confounder,pooled,CausalPFN-C (matched label),raw,1800,0.9910499999999999,0.04104999999999992,0.0009347687914514916,2.6067236491075185,0.07104466935250317
CaseStudy,Unobserved_Confounder,shift-2,CausalPFN-C (matched label),raw,600,0.9901166666666665,0.04011666666666658,0.0017018205523373002,2.6982530292226534,0.12940109995224058
CaseStudy,Unobserved_Confounder,shift0,CausalPFN-C (matched label),raw,600,0.9958999999999999,0.04589999999999994,0.0009659103214202419,2.435256966410366,0.10990454088901523
CaseStudy,Unobserved_Confounder,shift+2,CausalPFN-C (matched label),raw,600,0.9871333333333333,0.03713333333333335,0.0019943362580061934,2.686660951689537,0.12876052731244317
CaseStudy,Unobserved_Confounder,d5,CausalPFN-C (matched label),raw,300,0.9610000000000001,0.01100000000000012,0.00505984255574847,2.4667649241876433,0.17355113331967711
CaseStudy,Unobserved_Confounder,d10,CausalPFN-C (matched label),raw,300,0.9941333333333333,0.04413333333333336,0.0011949105500387181,1.8404427141546587,0.10948020951739612
CaseStudy,Unobserved_Confounder,d20,CausalPFN-C (matched label),raw,300,0.9986333333333335,0.04863333333333353,0.00038851497658500065,2.266926637861086,0.1304559339814788
CaseStudy,Unobserved_Confounder,d30,CausalPFN-C (matched label),raw,300,0.9987666666666667,0.048766666666666736,0.0003104222080191954,2.804119531037766,0.1682183716826227
CaseStudy,Unobserved_Confounder,d40,CausalPFN-C (matched label),raw,300,0.9964999999999999,0.046499999999999986,0.0006337321985212577,2.7963883862626577,0.18621615238670777
CaseStudy,Unobserved_Confounder,d50,CausalPFN-C (matched label),raw,300,0.9972666666666665,0.04726666666666657,0.00043990810161551275,3.465699701141301,0.23447489653518466
CaseStudy,Unobserved_Confounder,pooled,CausalPFN-C (matched resolution),raw,1800,0.9999666666666667,0.049966666666666715,1.5698191094251833e-05,4.684344253994938,0.09647482927319657
CaseStudy,Unobserved_Confounder,shift-2,CausalPFN-C (matched resolution),raw,600,1.0,0.050000000000000044,0.0,5.00601856472609,0.16198525193715285
CaseStudy,Unobserved_Confounder,shift0,CausalPFN-C (matched resolution),raw,600,0.9999000000000001,0.049900000000000166,4.700252778577603e-05,3.9329695505104025,0.16534976706211332
CaseStudy,Unobserved_Confounder,shift+2,CausalPFN-C (matched resolution),raw,600,1.0,0.050000000000000044,0.0,5.114044646748323,0.1698719784905784
CaseStudy,Unobserved_Confounder,d5,CausalPFN-C (matched resolution),raw,300,0.9998666666666668,0.04986666666666684,8.142177693922279e-05,4.2415825593976075,0.2053540911055848
CaseStudy,Unobserved_Confounder,d10,CausalPFN-C (matched resolution),raw,300,0.9999333333333333,0.049933333333333385,4.706155586970113e-05,3.588986338113956,0.13369445735540306
CaseStudy,Unobserved_Confounder,d20,CausalPFN-C (matched resolution),raw,300,1.0,0.050000000000000044,0.0,4.326980589771502,0.17797438267575505
CaseStudy,Unobserved_Confounder,d30,CausalPFN-C (matched resolution),raw,300,1.0,0.050000000000000044,0.0,5.077710638458991,0.24374309901284746
CaseStudy,Unobserved_Confounder,d40,CausalPFN-C (matched resolution),raw,300,1.0,0.050000000000000044,0.0,5.122372037886436,0.27310131433849977
CaseStudy,Unobserved_Confounder,d50,CausalPFN-C (matched resolution),raw,300,1.0,0.050000000000000044,0.0,5.7484333603411395,0.3166132388657913
CaseStudy,Unobserved_Confounder,pooled,"CausalPFN (two-stage, published)",raw,1800,0.9999833333333333,0.04998333333333338,9.617154191675635e-06,4.76821264315693,0.07713180722659323
CaseStudy,Unobserved_Confounder,shift-2,"CausalPFN (two-stage, published)",raw,600,1.0,0.050000000000000044,0.0,5.163482990442783,0.1263354748011542
CaseStudy,Unobserved_Confounder,shift0,"CausalPFN (two-stage, published)",raw,600,0.99995,0.04995000000000005,2.8819280320594343e-05,3.9551765686803857,0.1403312467933557
CaseStudy,Unobserved_Confounder,shift+2,"CausalPFN (two-stage, published)",raw,600,1.0,0.050000000000000044,0.0,5.18597837034762,0.12764862788291526
CaseStudy,Unobserved_Confounder,d5,"CausalPFN (two-stage, published)",raw,300,0.9999666666666667,0.049966666666666715,3.3333333333333355e-05,4.752638048451661,0.21462177495462575
CaseStudy,Unobserved_Confounder,d10,"CausalPFN (two-stage, published)",raw,300,0.9999333333333333,0.049933333333333385,4.706155586970113e-05,4.042675710180613,0.13803456088409477
CaseStudy,Unobserved_Confounder,d20,"CausalPFN (two-stage, published)",raw,300,1.0,0.050000000000000044,0.0,4.571733015515398,0.15587583301143604
CaseStudy,Unobserved_Confounder,d30,"CausalPFN (two-stage, published)",raw,300,1.0,0.050000000000000044,0.0,5.000761196696054,0.19394883011259492
CaseStudy,Unobserved_Confounder,d40,"CausalPFN (two-stage, published)",raw,300,1.0,0.050000000000000044,0.0,4.876791870348922,0.19214154643444703
CaseStudy,Unobserved_Confounder,d50,"CausalPFN (two-stage, published)",raw,300,1.0,0.050000000000000044,0.0,5.364676017748926,0.21799957518915114
CaseStudy,Frontdoor_Criterion,pooled,Do-PFN 1D,raw,1800,1.0,0.050000000000000044,0.0,4.368805604623228,0.09342476298821067
CaseStudy,Frontdoor_Criterion,shift-2,Do-PFN 1D,raw,600,1.0,0.050000000000000044,0.0,4.368805604623228,0.16190645923974206
CaseStudy,Frontdoor_Criterion,shift0,Do-PFN 1D,raw,600,1.0,0.050000000000000044,0.0,4.368805604623228,0.16190645923974206
CaseStudy,Frontdoor_Criterion,shift+2,Do-PFN 1D,raw,600,1.0,0.050000000000000044,0.0,4.368805604623228,0.16190645923974206
CaseStudy,Frontdoor_Criterion,d5,Do-PFN 1D,raw,300,1.0,0.050000000000000044,0.0,0.5732159605277836,0.021727371886712626
CaseStudy,Frontdoor_Criterion,d10,Do-PFN 1D,raw,300,1.0,0.050000000000000044,0.0,3.926944443913466,0.2129705414806948
CaseStudy,Frontdoor_Criterion,d20,Do-PFN 1D,raw,300,1.0,0.050000000000000044,0.0,5.629599303345796,0.25868228688449657
CaseStudy,Frontdoor_Criterion,d30,Do-PFN 1D,raw,300,1.0,0.050000000000000044,0.0,4.9216627645836395,0.15428314173260216
CaseStudy,Frontdoor_Criterion,d40,Do-PFN 1D,raw,300,1.0,0.050000000000000044,0.0,6.016984430603609,0.26235641903435736
CaseStudy,Frontdoor_Criterion,d50,Do-PFN 1D,raw,300,1.0,0.050000000000000044,0.0,5.144426724765073,0.20842278338437126
CaseStudy,Frontdoor_Criterion,pooled,Do-PFN 2D,raw,1800,0.9982666666666667,0.04826666666666679,0.0008766827612229993,1.8102052004742304,0.039902463803607055
CaseStudy,Frontdoor_Criterion,shift-2,Do-PFN 2D,raw,600,0.9982666666666667,0.04826666666666679,0.0015193038462837484,1.8102052004742306,0.06915154422387179
CaseStudy,Frontdoor_Criterion,shift0,Do-PFN 2D,raw,600,0.9982666666666667,0.04826666666666679,0.0015193038462837484,1.8102052004742306,0.06915154422387179
CaseStudy,Frontdoor_Criterion,shift+2,Do-PFN 2D,raw,600,0.9982666666666667,0.04826666666666679,0.0015193038462837484,1.8102052004742306,0.06915154422387179
CaseStudy,Frontdoor_Criterion,d5,Do-PFN 2D,raw,300,0.9994000000000002,0.04940000000000022,0.00015984942747749518,1.0970712369370113,0.050053440115808215
CaseStudy,Frontdoor_Criterion,d10,Do-PFN 2D,raw,300,0.9902,0.040200000000000014,0.00524004391209357,1.5718364690648676,0.08787812813728645
CaseStudy,Frontdoor_Criterion,d20,Do-PFN 2D,raw,300,1.0,0.050000000000000044,0.0,2.108722297051225,0.11441246655663334
CaseStudy,Frontdoor_Criterion,d30,Do-PFN 2D,raw,300,1.0,0.050000000000000044,0.0,1.7996623024623342,0.0725724589535312
CaseStudy,Frontdoor_Criterion,d40,Do-PFN 2D,raw,300,1.0,0.050000000000000044,0.0,2.361906066813569,0.12242285589551952
CaseStudy,Frontdoor_Criterion,d50,Do-PFN 2D,raw,300,1.0,0.050000000000000044,0.0,1.9220328305163739,0.10323683247199014
CaseStudy,Frontdoor_Criterion,pooled,UWYK 1D (noanc),raw,1800,0.9996833333333334,0.04968333333333341,0.00017335968143980274,4.231616523615909,0.12596627459397136
CaseStudy,Frontdoor_Criterion,shift-2,UWYK 1D (noanc),raw,600,0.9996833333333333,0.0496833333333333,0.0003004348236921942,4.23161652361591,0.21830136733346178
CaseStudy,Frontdoor_Criterion,shift0,UWYK 1D (noanc),raw,600,0.9996833333333333,0.0496833333333333,0.0003004348236921942,4.23161652361591,0.21830136733346178
CaseStudy,Frontdoor_Criterion,shift+2,UWYK 1D (noanc),raw,600,0.9996833333333333,0.0496833333333333,0.0003004348236921942,4.23161652361591,0.21830136733346178
CaseStudy,Frontdoor_Criterion,d5,UWYK 1D (noanc),raw,300,0.9981,0.04810000000000003,0.0010367656163009138,2.7358826361237343,0.2329530011073471
CaseStudy,Frontdoor_Criterion,d10,UWYK 1D (noanc),raw,300,1.0,0.050000000000000044,0.0,3.4716062070577687,0.3089148949098434
CaseStudy,Frontdoor_Criterion,d20,UWYK 1D (noanc),raw,300,1.0,0.050000000000000044,0.0,5.234915609256356,0.3649090565915191
CaseStudy,Frontdoor_Criterion,d30,UWYK 1D (noanc),raw,300,1.0,0.050000000000000044,0.0,3.92090396254541,0.22642668708473335
CaseStudy,Frontdoor_Criterion,d40,UWYK 1D (noanc),raw,300,1.0,0.050000000000000044,0.0,5.615589294320101,0.3683626328865183
CaseStudy,Frontdoor_Criterion,d50,UWYK 1D (noanc),raw,300,1.0,0.050000000000000044,0.0,4.410801432392085,0.28877493345141636
CaseStudy,Frontdoor_Criterion,pooled,UWYK 1D (v3a),raw,1800,0.9995333333333333,0.04953333333333332,0.00026928031736691763,3.798952817022473,0.11650908996305527
CaseStudy,Frontdoor_Criterion,shift-2,UWYK 1D (v3a),raw,600,0.9995333333333334,0.04953333333333343,0.00046666666666666677,3.798952817022473,0.20191193021857878
CaseStudy,Frontdoor_Criterion,shift0,UWYK 1D (v3a),raw,600,0.9995333333333334,0.04953333333333343,0.00046666666666666677,3.798952817022473,0.20191193021857878
CaseStudy,Frontdoor_Criterion,shift+2,UWYK 1D (v3a),raw,600,0.9995333333333334,0.04953333333333343,0.00046666666666666677,3.798952817022473,0.20191193021857878
CaseStudy,Frontdoor_Criterion,d5,UWYK 1D (v3a),raw,300,0.9971999999999999,0.04719999999999991,0.0016111650575932196,2.1554586888400857,0.1744270067587939
CaseStudy,Frontdoor_Criterion,d10,UWYK 1D (v3a),raw,300,1.0,0.050000000000000044,0.0,3.0419777299203514,0.28090636758750126
CaseStudy,Frontdoor_Criterion,d20,UWYK 1D (v3a),raw,300,1.0,0.050000000000000044,0.0,4.855492381306375,0.34937785986881353
CaseStudy,Frontdoor_Criterion,d30,UWYK 1D (v3a),raw,300,1.0,0.050000000000000044,0.0,3.5668696998058076,0.21004843194571524
CaseStudy,Frontdoor_Criterion,d40,UWYK 1D (v3a),raw,300,1.0,0.050000000000000044,0.0,5.182366915229638,0.34659538844298954
CaseStudy,Frontdoor_Criterion,d50,UWYK 1D (v3a),raw,300,1.0,0.050000000000000044,0.0,3.991551487032582,0.2701925161739796
CaseStudy,Frontdoor_Criterion,pooled,UWYK 2D (noanc),raw,1800,0.99955,0.049550000000000094,0.00015573318735541324,2.533104981852545,0.04148247434646903
CaseStudy,Frontdoor_Criterion,shift-2,UWYK 2D (noanc),raw,600,0.99955,0.049550000000000094,0.000269887855685715,2.533104981852545,0.07188972524113084
CaseStudy,Frontdoor_Criterion,shift0,UWYK 2D (noanc),raw,600,0.99955,0.049550000000000094,0.000269887855685715,2.533104981852545,0.07188972524113084
CaseStudy,Frontdoor_Criterion,shift+2,UWYK 2D (noanc),raw,600,0.99955,0.049550000000000094,0.000269887855685715,2.533104981852545,0.07188972524113084
CaseStudy,Frontdoor_Criterion,d5,UWYK 2D (noanc),raw,300,1.0,0.050000000000000044,0.0,2.9604918353523235,0.11241193740642352
CaseStudy,Frontdoor_Criterion,d10,UWYK 2D (noanc),raw,300,1.0,0.050000000000000044,0.0,2.508043682866728,0.1104316043645651
CaseStudy,Frontdoor_Criterion,d20,UWYK 2D (noanc),raw,300,0.9995999999999999,0.04959999999999998,0.0001619281809505474,2.247147440303363,0.08977156514229362
CaseStudy,Frontdoor_Criterion,d30,UWYK 2D (noanc),raw,300,0.9998000000000001,0.04980000000000018,0.00011508321839951581,2.1942334352214954,0.06895037320290838
CaseStudy,Frontdoor_Criterion,d40,UWYK 2D (noanc),raw,300,0.9994,0.0494,0.000292835292205711,2.6725910622499494,0.12431783852740193
CaseStudy,Frontdoor_Criterion,d50,UWYK 2D (noanc),raw,300,0.9984999999999998,0.04849999999999988,0.000863124137996368,2.6161224351214103,0.08753877149716087
CaseStudy,Frontdoor_Criterion,pooled,UWYK 2D (v3a),raw,1800,0.9994833333333334,0.049483333333333435,0.0001303486343434494,3.0039366081167187,0.04688968160246945
CaseStudy,Frontdoor_Criterion,shift-2,UWYK 2D (v3a),raw,600,0.9994833333333334,0.049483333333333435,0.000225896059869554,3.0039366081167183,0.08126049326015106
CaseStudy,Frontdoor_Criterion,shift0,UWYK 2D (v3a),raw,600,0.9994833333333334,0.049483333333333435,0.000225896059869554,3.0039366081167183,0.08126049326015106
CaseStudy,Frontdoor_Criterion,shift+2,UWYK 2D (v3a),raw,600,0.9994833333333334,0.049483333333333435,0.000225896059869554,3.0039366081167183,0.08126049326015106
CaseStudy,Frontdoor_Criterion,d5,UWYK 2D (v3a),raw,300,0.9991000000000001,0.049100000000000144,0.00038443808622516635,3.011868489190437,0.11514072715983671
CaseStudy,Frontdoor_Criterion,d10,UWYK 2D (v3a),raw,300,1.0,0.050000000000000044,0.0,2.8844869465752905,0.11799174271927056
CaseStudy,Frontdoor_Criterion,d20,UWYK 2D (v3a),raw,300,0.9997,0.04970000000000008,0.0001281460287417221,2.7914014802286355,0.10840010247366914
CaseStudy,Frontdoor_Criterion,d30,UWYK 2D (v3a),raw,300,0.9999000000000001,0.049900000000000166,5.754160919975792e-05,2.859635674115892,0.08668276097901262
CaseStudy,Frontdoor_Criterion,d40,UWYK 2D (v3a),raw,300,0.9988999999999999,0.048899999999999944,0.0005293714326561023,3.2440913515687275,0.14121273882523627
CaseStudy,Frontdoor_Criterion,d50,UWYK 2D (v3a),raw,300,0.9993000000000001,0.04930000000000012,0.0004027912643983047,3.2321357070213264,0.11113532860264921
CaseStudy,Frontdoor_Criterion,pooled,CausalPFN 1D,raw,1800,0.9983666666666667,0.04836666666666678,0.00021990812282427427,1.2410022373703304,0.050783792554271054
CaseStudy,Frontdoor_Criterion,shift-2,CausalPFN 1D,raw,600,0.9983666666666666,0.04836666666666667,0.00038110394274192076,1.2410022373703304,0.08800904360084029
CaseStudy,Frontdoor_Criterion,shift0,CausalPFN 1D,raw,600,0.9983666666666666,0.04836666666666667,0.00038110394274192076,1.2410022373703304,0.08800904360084029
CaseStudy,Frontdoor_Criterion,shift+2,CausalPFN 1D,raw,600,0.9983666666666666,0.04836666666666667,0.00038110394274192076,1.2410022373703304,0.08800904360084029
CaseStudy,Frontdoor_Criterion,d5,CausalPFN 1D,raw,300,0.9971999999999999,0.04719999999999991,0.0006748219138295788,0.5865436424733061,0.03272189629597177
CaseStudy,Frontdoor_Criterion,d10,CausalPFN 1D,raw,300,0.996,0.04600000000000004,0.0010345212002237432,0.6973027441544427,0.06171759039911645
CaseStudy,Frontdoor_Criterion,d20,CausalPFN 1D,raw,300,1.0,0.050000000000000044,0.0,1.49952164912736,0.1195325683697423
CaseStudy,Frontdoor_Criterion,d30,CausalPFN 1D,raw,300,0.9993000000000001,0.04930000000000012,0.00022029168866220437,1.0107163489573212,0.08064307843851133
CaseStudy,Frontdoor_Criterion,d40,CausalPFN 1D,raw,300,0.9998000000000001,0.04980000000000018,8.096409047527371e-05,2.011997415865559,0.17522388371259998
CaseStudy,Frontdoor_Criterion,d50,CausalPFN 1D,raw,300,0.9979,0.047900000000000054,0.00034982078545992587,1.6399316236439943,0.17715990404598858
CaseStudy,Frontdoor_Criterion,pooled,CausalPFN 2D,raw,1800,0.9994666666666666,0.04946666666666666,0.00014732917561040523,2.4705565556523106,0.04773709376218476
CaseStudy,Frontdoor_Criterion,shift-2,CausalPFN 2D,raw,600,0.9994666666666667,0.04946666666666677,0.00025532358234401915,2.4705565556523106,0.0827290707326304
CaseStudy,Frontdoor_Criterion,shift0,CausalPFN 2D,raw,600,0.9994666666666667,0.04946666666666677,0.00025532358234401915,2.4705565556523106,0.0827290707326304
CaseStudy,Frontdoor_Criterion,shift+2,CausalPFN 2D,raw,600,0.9994666666666667,0.04946666666666677,0.00025532358234401915,2.4705565556523106,0.0827290707326304
CaseStudy,Frontdoor_Criterion,d5,CausalPFN 2D,raw,300,0.9981,0.04810000000000003,0.0007346876113611998,2.273495479717503,0.11046522601851005
CaseStudy,Frontdoor_Criterion,d10,CausalPFN 2D,raw,300,0.9998000000000001,0.04980000000000018,8.09640904752737e-05,2.2948010278582616,0.1142560066350732
CaseStudy,Frontdoor_Criterion,d20,CausalPFN 2D,raw,300,1.0,0.050000000000000044,0.0,2.7189517746305962,0.1314290114619177
CaseStudy,Frontdoor_Criterion,d30,CausalPFN 2D,raw,300,0.9992,0.04920000000000002,0.00046033287359806263,2.2894906659176466,0.08060842785826236
CaseStudy,Frontdoor_Criterion,d40,CausalPFN 2D,raw,300,0.9998000000000001,0.04980000000000018,0.00011508321839951581,2.878382021265318,0.14289081512541466
CaseStudy,Frontdoor_Criterion,d50,CausalPFN 2D,raw,300,0.9999000000000001,0.049900000000000166,5.754160919975792e-05,2.3682183645245374,0.10807387226446692
CaseStudy,Frontdoor_Criterion,pooled,Do-PFN (matched label),raw,1800,0.9989,0.048900000000000055,0.00022873523405971384,4.6712801668296295,0.1057879920459879
CaseStudy,Frontdoor_Criterion,shift-2,Do-PFN (matched label),raw,600,0.9989,0.048900000000000055,0.0003964014535916482,4.6712801668296295,0.1833321131829819
CaseStudy,Frontdoor_Criterion,shift0,Do-PFN (matched label),raw,600,0.9989,0.048900000000000055,0.0003964014535916482,4.6712801668296295,0.1833321131829819
CaseStudy,Frontdoor_Criterion,shift+2,Do-PFN (matched label),raw,600,0.9989,0.048900000000000055,0.0003964014535916482,4.6712801668296295,0.1833321131829819
CaseStudy,Frontdoor_Criterion,d5,Do-PFN (matched label),raw,300,0.9938999999999999,0.04389999999999994,0.0013235580909302356,0.4416139557065249,0.015190440693037953
CaseStudy,Frontdoor_Criterion,d10,Do-PFN (matched label),raw,300,0.9995999999999999,0.04959999999999998,0.00018141030565173405,3.6745851990444196,0.218165213509542
CaseStudy,Frontdoor_Criterion,d20,Do-PFN (matched label),raw,300,0.9999000000000001,0.049900000000000166,5.754160919975792e-05,6.011222453226881,0.27794783628485903
CaseStudy,Frontdoor_Criterion,d30,Do-PFN (matched label),raw,300,1.0,0.050000000000000044,0.0,5.26454980832864,0.17597505921780054
CaseStudy,Frontdoor_Criterion,d40,Do-PFN (matched label),raw,300,1.0,0.050000000000000044,0.0,6.807027831320187,0.30897007268654136
CaseStudy,Frontdoor_Criterion,d50,Do-PFN (matched label),raw,300,1.0,0.050000000000000044,0.0,5.828681753351125,0.24983531747949664
CaseStudy,Frontdoor_Criterion,pooled,Do-PFN (matched resolution),raw,1800,0.9972166666666666,0.047216666666666685,0.00048111629173343284,16.34662123935713,0.1944984598156108
CaseStudy,Frontdoor_Criterion,shift-2,Do-PFN (matched resolution),raw,600,0.9972166666666668,0.047216666666666796,0.000833781459921334,16.34662123935713,0.33706863093998557
CaseStudy,Frontdoor_Criterion,shift0,Do-PFN (matched resolution),raw,600,0.9972166666666668,0.047216666666666796,0.000833781459921334,16.34662123935713,0.33706863093998557
CaseStudy,Frontdoor_Criterion,shift+2,Do-PFN (matched resolution),raw,600,0.9972166666666668,0.047216666666666796,0.000833781459921334,16.34662123935713,0.33706863093998557
CaseStudy,Frontdoor_Criterion,d5,Do-PFN (matched resolution),raw,300,0.9835000000000003,0.03350000000000031,0.0027558087026045854,2.27656748326735,0.07544953408273934
CaseStudy,Frontdoor_Criterion,d10,Do-PFN (matched resolution),raw,300,0.9998000000000001,0.04980000000000018,8.096409047527371e-05,12.08174551428212,0.27371481462662844
CaseStudy,Frontdoor_Criterion,d20,Do-PFN (matched resolution),raw,300,1.0,0.050000000000000044,0.0,19.36498870524943,0.30176134415062117
CaseStudy,Frontdoor_Criterion,d30,Do-PFN (matched resolution),raw,300,1.0,0.050000000000000044,0.0,20.104945113538427,0.2154277746847281
CaseStudy,Frontdoor_Criterion,d40,Do-PFN (matched resolution),raw,300,1.0,0.050000000000000044,0.0,22.45987064241467,0.26860506336529283
CaseStudy,Frontdoor_Criterion,d50,Do-PFN (matched resolution),raw,300,1.0,0.050000000000000044,0.0,21.79160997739079,0.22504996688708873
CaseStudy,Frontdoor_Criterion,pooled,UWYK No-Anc (matched label),raw,1800,0.9973833333333333,0.04738333333333333,0.0006387463353971297,3.354283957034266,0.10675117397294918
CaseStudy,Frontdoor_Criterion,shift-2,UWYK No-Anc (matched label),raw,600,0.9973833333333333,0.04738333333333333,0.001106956594897225,3.3542839570342657,0.18500132132876757
CaseStudy,Frontdoor_Criterion,shift0,UWYK No-Anc (matched label),raw,600,0.9973833333333333,0.04738333333333333,0.001106956594897225,3.3542839570342657,0.18500132132876757
CaseStudy,Frontdoor_Criterion,shift+2,UWYK No-Anc (matched label),raw,600,0.9973833333333333,0.04738333333333333,0.001106956594897225,3.3542839570342657,0.18500132132876757
CaseStudy,Frontdoor_Criterion,d5,UWYK No-Anc (matched label),raw,300,0.9858999999999999,0.03589999999999993,0.0037157308188826925,1.9264366247517561,0.15898119555840795
CaseStudy,Frontdoor_Criterion,d10,UWYK No-Anc (matched label),raw,300,0.9993000000000001,0.04930000000000012,0.00034943815391478276,2.6219218711825354,0.2520209891423069
CaseStudy,Frontdoor_Criterion,d20,UWYK No-Anc (matched label),raw,300,1.0,0.050000000000000044,0.0,4.123188100026463,0.31304286360742056
CaseStudy,Frontdoor_Criterion,d30,UWYK No-Anc (matched label),raw,300,0.9991000000000001,0.049100000000000144,0.0005178744827978207,2.9891909033754964,0.1898562206808976
CaseStudy,Frontdoor_Criterion,d40,UWYK No-Anc (matched label),raw,300,1.0,0.050000000000000044,0.0,4.486411211779453,0.3130719117656347
CaseStudy,Frontdoor_Criterion,d50,UWYK No-Anc (matched label),raw,300,1.0,0.050000000000000044,0.0,3.9785550310898916,0.27188653785493055
CaseStudy,Frontdoor_Criterion,pooled,UWYK Anc (matched label),raw,1800,0.9985499999999999,0.04854999999999998,0.00039409023720960714,3.663264750930263,0.11352061146407892
CaseStudy,Frontdoor_Criterion,shift-2,UWYK Anc (matched label),raw,600,0.9985500000000002,0.048550000000000204,0.0006829640545688002,3.663264750930263,0.1967328539564916
CaseStudy,Frontdoor_Criterion,shift0,UWYK Anc (matched label),raw,600,0.9985500000000002,0.048550000000000204,0.0006829640545688002,3.663264750930263,0.1967328539564916
CaseStudy,Frontdoor_Criterion,shift+2,UWYK Anc (matched label),raw,600,0.9985500000000002,0.048550000000000204,0.0006829640545688002,3.663264750930263,0.1967328539564916
CaseStudy,Frontdoor_Criterion,d5,UWYK Anc (matched label),raw,300,0.9921,0.042100000000000026,0.0023180187018963278,2.1878409766690723,0.17376190491524307
CaseStudy,Frontdoor_Criterion,d10,UWYK Anc (matched label),raw,300,0.9995999999999999,0.04959999999999998,0.00018141030565173405,2.8722522192691105,0.25761473016709047
CaseStudy,Frontdoor_Criterion,d20,UWYK Anc (matched label),raw,300,0.9999000000000001,0.049900000000000166,5.754160919975792e-05,4.442616201916747,0.3305229487636557
CaseStudy,Frontdoor_Criterion,d30,UWYK Anc (matched label),raw,300,0.9996999999999999,0.049699999999999966,0.00017262482759927372,3.264607807142987,0.20221018933516097
CaseStudy,Frontdoor_Criterion,d40,UWYK Anc (matched label),raw,300,1.0,0.050000000000000044,0.0,4.915951665300587,0.33906339663703805
CaseStudy,Frontdoor_Criterion,d50,UWYK Anc (matched label),raw,300,1.0,0.050000000000000044,0.0,4.2963196352830755,0.29161768277854616
CaseStudy,Frontdoor_Criterion,pooled,UWYK No-Anc (matched resolution),raw,1800,0.9998166666666667,0.04981666666666673,6.860148626834684e-05,3.189299509231412,0.11426606242857065
CaseStudy,Frontdoor_Criterion,shift-2,UWYK No-Anc (matched resolution),raw,600,0.9998166666666667,0.04981666666666673,0.00011888736331815397,3.1892995092314127,0.19802473120977335
CaseStudy,Frontdoor_Criterion,shift0,UWYK No-Anc (matched resolution),raw,600,0.9998166666666667,0.04981666666666673,0.00011888736331815397,3.1892995092314127,0.19802473120977335
CaseStudy,Frontdoor_Criterion,shift+2,UWYK No-Anc (matched resolution),raw,600,0.9998166666666667,0.04981666666666673,0.00011888736331815397,3.1892995092314127,0.19802473120977335
CaseStudy,Frontdoor_Criterion,d5,UWYK No-Anc (matched resolution),raw,300,0.9995,0.0495000000000001,0.0002877080459987895,1.5372792484531521,0.10794324281881398
CaseStudy,Frontdoor_Criterion,d10,UWYK No-Anc (matched resolution),raw,300,1.0,0.050000000000000044,0.0,2.306032521437052,0.225508275059053
CaseStudy,Frontdoor_Criterion,d20,UWYK No-Anc (matched resolution),raw,300,1.0,0.050000000000000044,0.0,4.4267177902485715,0.3525895536856189
CaseStudy,Frontdoor_Criterion,d30,UWYK No-Anc (matched resolution),raw,300,0.9995,0.0495000000000001,0.0002877080459987895,3.0163022745741035,0.22856843647130404
CaseStudy,Frontdoor_Criterion,d40,UWYK No-Anc (matched resolution),raw,300,1.0,0.050000000000000044,0.0,4.675371214302714,0.37070710156323855
CaseStudy,Frontdoor_Criterion,d50,UWYK No-Anc (matched resolution),raw,300,0.9999000000000001,0.049900000000000166,5.754160919975792e-05,3.1740940063728793,0.2655469740783761
CaseStudy,Frontdoor_Criterion,pooled,UWYK Anc (matched resolution),raw,1800,0.9998666666666668,0.04986666666666684,5.2625467335135114e-05,3.0035839838988956,0.10377657510078521
CaseStudy,Frontdoor_Criterion,shift-2,UWYK Anc (matched resolution),raw,600,0.9998666666666668,0.04986666666666684,9.120069250958258e-05,3.0035839838988956,0.1798462986597631
CaseStudy,Frontdoor_Criterion,shift0,UWYK Anc (matched resolution),raw,600,0.9998666666666668,0.04986666666666684,9.120069250958258e-05,3.0035839838988956,0.1798462986597631
CaseStudy,Frontdoor_Criterion,shift+2,UWYK Anc (matched resolution),raw,600,0.9998666666666668,0.04986666666666684,9.120069250958258e-05,3.0035839838988956,0.1798462986597631
CaseStudy,Frontdoor_Criterion,d5,UWYK Anc (matched resolution),raw,300,1.0,0.050000000000000044,0.0,1.3919206088017892,0.09272128762423465
CaseStudy,Frontdoor_Criterion,d10,UWYK Anc (matched resolution),raw,300,0.9998000000000001,0.04980000000000018,0.00011508321839951581,2.045813072967109,0.18877609815998844
CaseStudy,Frontdoor_Criterion,d20,UWYK Anc (matched resolution),raw,300,1.0,0.050000000000000044,0.0,4.059645006660071,0.31473946386251844
CaseStudy,Frontdoor_Criterion,d30,UWYK Anc (matched resolution),raw,300,0.9995,0.0495000000000001,0.0002877080459987895,2.8987519067538137,0.21077812426017067
CaseStudy,Frontdoor_Criterion,d40,UWYK Anc (matched resolution),raw,300,1.0,0.050000000000000044,0.0,4.451491147142493,0.34485571508123153
CaseStudy,Frontdoor_Criterion,d50,UWYK Anc (matched resolution),raw,300,0.9999000000000001,0.049900000000000166,5.754160919975792e-05,3.1738821610680996,0.2439416625164167
CaseStudy,Frontdoor_Criterion,pooled,UWYK-B No-Anc,raw,1800,0.9996333333333334,0.04963333333333342,0.00017726885806320877,4.227123398718371,0.12573484179680197
CaseStudy,Frontdoor_Criterion,shift-2,UWYK-B No-Anc,raw,600,0.9996333333333333,0.04963333333333331,0.00030720948305866535,4.227123398718371,0.21790029096416583
CaseStudy,Frontdoor_Criterion,shift0,UWYK-B No-Anc,raw,600,0.9996333333333333,0.04963333333333331,0.00030720948305866535,4.227123398718371,0.21790029096416583
CaseStudy,Frontdoor_Criterion,shift+2,UWYK-B No-Anc,raw,600,0.9996333333333333,0.04963333333333331,0.00030720948305866535,4.227123398718371,0.21790029096416583
CaseStudy,Frontdoor_Criterion,d5,UWYK-B No-Anc,raw,300,0.9978000000000001,0.047800000000000176,0.0010587428653122055,2.7315563583445717,0.2324506434898335
CaseStudy,Frontdoor_Criterion,d10,UWYK-B No-Anc,raw,300,1.0,0.050000000000000044,0.0,3.461740988693817,0.30701099974564605
CaseStudy,Frontdoor_Criterion,d20,UWYK-B No-Anc,raw,300,1.0,0.050000000000000044,0.0,5.22786671760636,0.36426043981378564
CaseStudy,Frontdoor_Criterion,d30,UWYK-B No-Anc,raw,300,1.0,0.050000000000000044,0.0,3.9183068130512977,0.22634586244256405
CaseStudy,Frontdoor_Criterion,d40,UWYK-B No-Anc,raw,300,1.0,0.050000000000000044,0.0,5.612709584335942,0.3681175059253318
CaseStudy,Frontdoor_Criterion,d50,UWYK-B No-Anc,raw,300,1.0,0.050000000000000044,0.0,4.410559930278237,0.28872098093532084
CaseStudy,Frontdoor_Criterion,pooled,UWYK-B Anc,raw,1800,0.9995166666666667,0.049516666666666764,0.000269435951938303,3.7931539148581246,0.1161291505241705
CaseStudy,Frontdoor_Criterion,shift-2,UWYK-B Anc,raw,600,0.9995166666666667,0.049516666666666764,0.00046693638361945667,3.7931539148581246,0.20125348970122758
CaseStudy,Frontdoor_Criterion,shift0,UWYK-B Anc,raw,600,0.9995166666666667,0.049516666666666764,0.00046693638361945667,3.7931539148581246,0.20125348970122758
CaseStudy,Frontdoor_Criterion,shift+2,UWYK-B Anc,raw,600,0.9995166666666667,0.049516666666666764,0.00046693638361945667,3.7931539148581246,0.20125348970122758
CaseStudy,Frontdoor_Criterion,d5,UWYK-B Anc,raw,300,0.9971,0.04710000000000003,0.001611611296156634,2.155823466851939,0.17410602926507218
CaseStudy,Frontdoor_Criterion,d10,UWYK-B Anc,raw,300,1.0,0.050000000000000044,0.0,3.015786884194833,0.2760762222748046
CaseStudy,Frontdoor_Criterion,d20,UWYK-B Anc,raw,300,1.0,0.050000000000000044,0.0,4.849295451380172,0.34868178385255744
CaseStudy,Frontdoor_Criterion,d30,UWYK-B Anc,raw,300,1.0,0.050000000000000044,0.0,3.5642959977329487,0.2099421069056149
CaseStudy,Frontdoor_Criterion,d40,UWYK-B Anc,raw,300,1.0,0.050000000000000044,0.0,5.17949700513548,0.34646666928813985
CaseStudy,Frontdoor_Criterion,d50,UWYK-B Anc,raw,300,1.0,0.050000000000000044,0.0,3.9942246838533735,0.27049505821584113
CaseStudy,Frontdoor_Criterion,pooled,CausalPFN-C (matched label),raw,1800,0.9992166666666668,0.0492166666666668,0.00012744489969455732,1.214982505581308,0.04707479552003253
CaseStudy,Frontdoor_Criterion,shift-2,CausalPFN-C (matched label),raw,600,0.9992166666666666,0.049216666666666686,0.0002208638459196701,1.2149825055813082,0.08158129834426368
CaseStudy,Frontdoor_Criterion,shift0,CausalPFN-C (matched label),raw,600,0.9992166666666666,0.049216666666666686,0.0002208638459196701,1.2149825055813082,0.08158129834426368
CaseStudy,Frontdoor_Criterion,shift+2,CausalPFN-C (matched label),raw,600,0.9992166666666666,0.049216666666666686,0.0002208638459196701,1.2149825055813082,0.08158129834426368
CaseStudy,Frontdoor_Criterion,d5,CausalPFN-C (matched label),raw,300,0.9992,0.04920000000000002,0.00019491872931247362,0.6301018534881204,0.03300827195223858
CaseStudy,Frontdoor_Criterion,d10,CausalPFN-C (matched label),raw,300,0.9979,0.047900000000000054,0.0006808169399226334,0.7678875802609104,0.06652048560223435
CaseStudy,Frontdoor_Criterion,d20,CausalPFN-C (matched label),raw,300,0.9995,0.0495000000000001,0.00012604081729907212,1.4922950738873377,0.11680194889187988
CaseStudy,Frontdoor_Criterion,d30,CausalPFN-C (matched label),raw,300,0.9998000000000001,0.04980000000000018,0.00011508321839951581,0.9808415760015127,0.07413214611059735
CaseStudy,Frontdoor_Criterion,d40,CausalPFN-C (matched label),raw,300,0.9997,0.04970000000000008,9.8653137160315e-05,1.8986766506070614,0.16122635154118478
CaseStudy,Frontdoor_Criterion,d50,CausalPFN-C (matched label),raw,300,0.9992,0.04920000000000002,0.00019491872931247362,1.5200922992429062,0.15882397909269322
CaseStudy,Frontdoor_Criterion,pooled,CausalPFN-C (matched resolution),raw,1800,1.0,0.050000000000000044,0.0,3.0422958502509823,0.07990945035239738
CaseStudy,Frontdoor_Criterion,shift-2,CausalPFN-C (matched resolution),raw,600,1.0,0.050000000000000044,0.0,3.042295850250982,0.13848422786989845
CaseStudy,Frontdoor_Criterion,shift0,CausalPFN-C (matched resolution),raw,600,1.0,0.050000000000000044,0.0,3.042295850250982,0.13848422786989845
CaseStudy,Frontdoor_Criterion,shift+2,CausalPFN-C (matched resolution),raw,600,1.0,0.050000000000000044,0.0,3.042295850250982,0.13848422786989845
CaseStudy,Frontdoor_Criterion,d5,CausalPFN-C (matched resolution),raw,300,1.0,0.050000000000000044,0.0,2.327894769284156,0.11278673863741306
CaseStudy,Frontdoor_Criterion,d10,CausalPFN-C (matched resolution),raw,300,1.0,0.050000000000000044,0.0,2.414026537506509,0.1263027841062551
CaseStudy,Frontdoor_Criterion,d20,CausalPFN-C (matched resolution),raw,300,1.0,0.050000000000000044,0.0,3.240069601908575,0.18672358742574308
CaseStudy,Frontdoor_Criterion,d30,CausalPFN-C (matched resolution),raw,300,1.0,0.050000000000000044,0.0,2.6815978069148003,0.12222683951409002
CaseStudy,Frontdoor_Criterion,d40,CausalPFN-C (matched resolution),raw,300,1.0,0.050000000000000044,0.0,4.214252643294952,0.2851734889859379
CaseStudy,Frontdoor_Criterion,d50,CausalPFN-C (matched resolution),raw,300,1.0,0.050000000000000044,0.0,3.3759337425968994,0.24931561500427474
CaseStudy,Frontdoor_Criterion,pooled,"CausalPFN (two-stage, published)",raw,1800,1.0,0.050000000000000044,0.0,3.152358419295188,0.06411499398070182
CaseStudy,Frontdoor_Criterion,shift-2,"CausalPFN (two-stage, published)",raw,600,1.0,0.050000000000000044,0.0,3.152358419295188,0.11111220759428361
CaseStudy,Frontdoor_Criterion,shift0,"CausalPFN (two-stage, published)",raw,600,1.0,0.050000000000000044,0.0,3.152358419295188,0.11111220759428361
CaseStudy,Frontdoor_Criterion,shift+2,"CausalPFN (two-stage, published)",raw,600,1.0,0.050000000000000044,0.0,3.152358419295188,0.11111220759428361
CaseStudy,Frontdoor_Criterion,d5,"CausalPFN (two-stage, published)",raw,300,1.0,0.050000000000000044,0.0,2.7696265134206004,0.13139826171211583
CaseStudy,Frontdoor_Criterion,d10,"CausalPFN (two-stage, published)",raw,300,1.0,0.050000000000000044,0.0,2.823986973967652,0.13853967205166579
CaseStudy,Frontdoor_Criterion,d20,"CausalPFN (two-stage, published)",raw,300,1.0,0.050000000000000044,0.0,3.3419444104638374,0.1588771875798282
CaseStudy,Frontdoor_Criterion,d30,"CausalPFN (two-stage, published)",raw,300,1.0,0.050000000000000044,0.0,2.8616189125291096,0.10004688656541835
CaseStudy,Frontdoor_Criterion,d40,"CausalPFN (two-stage, published)",raw,300,1.0,0.050000000000000044,0.0,3.8834308223779908,0.20910636609017388
CaseStudy,Frontdoor_Criterion,d50,"CausalPFN (two-stage, published)",raw,300,1.0,0.050000000000000044,0.0,3.2335428830119386,0.17291687163330396
CaseStudy,Backdoor_Criterion,pooled,Do-PFN 1D,raw,1800,1.0,0.050000000000000044,0.0,4.5542103184681135,0.12685175837573237
CaseStudy,Backdoor_Criterion,shift-2,Do-PFN 1D,raw,600,1.0,0.050000000000000044,0.0,4.554210318468114,0.21983592347504097
CaseStudy,Backdoor_Criterion,shift0,Do-PFN 1D,raw,600,1.0,0.050000000000000044,0.0,4.554210318468114,0.21983592347504097
CaseStudy,Backdoor_Criterion,shift+2,Do-PFN 1D,raw,600,1.0,0.050000000000000044,0.0,4.554210318468114,0.21983592347504097
CaseStudy,Backdoor_Criterion,d5,Do-PFN 1D,raw,300,1.0,0.050000000000000044,0.0,1.5387377775619504,0.5566039488082978
CaseStudy,Backdoor_Criterion,d10,Do-PFN 1D,raw,300,1.0,0.050000000000000044,0.0,4.546520060204504,0.20367662764977756
CaseStudy,Backdoor_Criterion,d20,Do-PFN 1D,raw,300,1.0,0.050000000000000044,0.0,4.7800317752468695,0.22521811601810007
CaseStudy,Backdoor_Criterion,d30,Do-PFN 1D,raw,300,1.0,0.050000000000000044,0.0,5.515630225623154,0.23698188979892965
CaseStudy,Backdoor_Criterion,d40,Do-PFN 1D,raw,300,1.0,0.050000000000000044,0.0,5.5175954750008165,0.21539802455081133
CaseStudy,Backdoor_Criterion,d50,Do-PFN 1D,raw,300,1.0,0.050000000000000044,0.0,5.426746597171392,0.19237385285028827
CaseStudy,Backdoor_Criterion,pooled,Do-PFN 2D,raw,1800,0.9945333333333334,0.044533333333333425,0.0015503618175052509,1.8747303460825226,0.0399628604184919
CaseStudy,Backdoor_Criterion,shift-2,Do-PFN 2D,raw,600,0.9945333333333334,0.044533333333333425,0.0026867993493806547,1.8747303460825226,0.06925621242696163
CaseStudy,Backdoor_Criterion,shift0,Do-PFN 2D,raw,600,0.9945333333333334,0.044533333333333425,0.0026867993493806547,1.8747303460825226,0.06925621242696163
CaseStudy,Backdoor_Criterion,shift+2,Do-PFN 2D,raw,600,0.9945333333333334,0.044533333333333425,0.0026867993493806547,1.8747303460825226,0.06925621242696163
CaseStudy,Backdoor_Criterion,d5,Do-PFN 2D,raw,300,0.9994,0.0494,0.00021358541405486946,1.1675921058831504,0.04940104761539331
CaseStudy,Backdoor_Criterion,d10,Do-PFN 2D,raw,300,0.9759999999999999,0.025999999999999912,0.008278189904420257,1.9156891803353877,0.09761421435826403
CaseStudy,Backdoor_Criterion,d20,Do-PFN 2D,raw,300,0.9918,0.04180000000000006,0.0040797894889623276,1.812357203123037,0.10553583509400925
CaseStudy,Backdoor_Criterion,d30,Do-PFN 2D,raw,300,1.0,0.050000000000000044,0.0,2.078863421607147,0.10908613563567056
CaseStudy,Backdoor_Criterion,d40,Do-PFN 2D,raw,300,1.0,0.050000000000000044,0.0,2.172337345477524,0.10534985352622518
CaseStudy,Backdoor_Criterion,d50,Do-PFN 2D,raw,300,1.0,0.050000000000000044,0.0,2.1015428200688895,0.09617424964929612
CaseStudy,Backdoor_Criterion,pooled,UWYK 1D (noanc),raw,1800,0.9994333333333334,0.04943333333333344,0.00026813911619529555,4.237772963597769,0.12421472328003265
CaseStudy,Backdoor_Criterion,shift-2,UWYK 1D (noanc),raw,600,0.9994333333333333,0.04943333333333333,0.000464688948607046,4.237772963597769,0.2152659036903555
CaseStudy,Backdoor_Criterion,shift0,UWYK 1D (noanc),raw,600,0.9994333333333333,0.04943333333333333,0.000464688948607046,4.237772963597769,0.2152659036903555
CaseStudy,Backdoor_Criterion,shift+2,UWYK 1D (noanc),raw,600,0.9994333333333333,0.04943333333333333,0.000464688948607046,4.237772963597769,0.2152659036903555
CaseStudy,Backdoor_Criterion,d5,UWYK 1D (noanc),raw,300,0.9966,0.046600000000000086,0.0016010448093683543,2.7226592992261858,0.23871117023994665
CaseStudy,Backdoor_Criterion,d10,UWYK 1D (noanc),raw,300,1.0,0.050000000000000044,0.0,4.286424392675975,0.3245029483527218
CaseStudy,Backdoor_Criterion,d20,UWYK 1D (noanc),raw,300,1.0,0.050000000000000044,0.0,3.8263336994649526,0.31698476249653035
CaseStudy,Backdoor_Criterion,d30,UWYK 1D (noanc),raw,300,1.0,0.050000000000000044,0.0,4.8144285542436505,0.3284706697348349
CaseStudy,Backdoor_Criterion,d40,UWYK 1D (noanc),raw,300,1.0,0.050000000000000044,0.0,4.950329979605746,0.31737144582512244
CaseStudy,Backdoor_Criterion,d50,UWYK 1D (noanc),raw,300,1.0,0.050000000000000044,0.0,4.826461856370103,0.27092393799397196
CaseStudy,Backdoor_Criterion,pooled,UWYK 1D (v3a),raw,1800,0.99975,0.04975000000000007,7.494362033813624e-05,4.131976563458581,0.12207764307944068
CaseStudy,Backdoor_Criterion,shift-2,UWYK 1D (v3a),raw,600,0.99975,0.04975000000000007,0.00012987837296505998,4.131976563458581,0.2115623129364473
CaseStudy,Backdoor_Criterion,shift0,UWYK 1D (v3a),raw,600,0.99975,0.04975000000000007,0.00012987837296505998,4.131976563458581,0.2115623129364473
CaseStudy,Backdoor_Criterion,shift+2,UWYK 1D (v3a),raw,600,0.99975,0.04975000000000007,0.00012987837296505998,4.131976563458581,0.2115623129364473
CaseStudy,Backdoor_Criterion,d5,UWYK 1D (v3a),raw,300,0.9990000000000001,0.049000000000000155,0.0003421357277270106,2.7664003102273385,0.2446756839720397
CaseStudy,Backdoor_Criterion,d10,UWYK 1D (v3a),raw,300,0.9995,0.0495000000000001,0.00028770804599878943,4.2450205219753325,0.32838798283590137
CaseStudy,Backdoor_Criterion,d20,UWYK 1D (v3a),raw,300,1.0,0.050000000000000044,0.0,3.8590122240725773,0.32098342621246045
CaseStudy,Backdoor_Criterion,d30,UWYK 1D (v3a),raw,300,1.0,0.050000000000000044,0.0,4.7974412401158695,0.32549685947388374
CaseStudy,Backdoor_Criterion,d40,UWYK 1D (v3a),raw,300,1.0,0.050000000000000044,0.0,4.816086239626024,0.30173472213204383
CaseStudy,Backdoor_Criterion,d50,UWYK 1D (v3a),raw,300,1.0,0.050000000000000044,0.0,4.307898844734344,0.246161944241272
CaseStudy,Backdoor_Criterion,pooled,UWYK 2D (noanc),raw,1800,0.9986499999999999,0.04864999999999997,0.0003505025640901355,2.6915486137049873,0.04397554727338273
CaseStudy,Backdoor_Criterion,shift-2,UWYK 2D (noanc),raw,600,0.99865,0.04865000000000008,0.0006074259895467516,2.6915486137049873,0.07621025651477177
CaseStudy,Backdoor_Criterion,shift0,UWYK 2D (noanc),raw,600,0.99865,0.04865000000000008,0.0006074259895467516,2.6915486137049873,0.07621025651477177
CaseStudy,Backdoor_Criterion,shift+2,UWYK 2D (noanc),raw,600,0.99865,0.04865000000000008,0.0006074259895467516,2.6915486137049873,0.07621025651477177
CaseStudy,Backdoor_Criterion,d5,UWYK 2D (noanc),raw,300,0.9996999999999999,0.049699999999999966,0.00017262482759927372,3.352401424634168,0.11913377030285267
CaseStudy,Backdoor_Criterion,d10,UWYK 2D (noanc),raw,300,0.9970000000000001,0.04700000000000015,0.001726248275992736,2.935961506742071,0.13219955402105665
CaseStudy,Backdoor_Criterion,d20,UWYK 2D (noanc),raw,300,1.0,0.050000000000000044,0.0,2.3744734042024755,0.09282151592047384
CaseStudy,Backdoor_Criterion,d30,UWYK 2D (noanc),raw,300,0.9977000000000001,0.04770000000000019,0.0008374790967291028,2.2698438035560966,0.09105627825492557
CaseStudy,Backdoor_Criterion,d40,UWYK 2D (noanc),raw,300,0.9975,0.0475000000000001,0.0008315476967115919,2.4105822036895925,0.09110598465857632
CaseStudy,Backdoor_Criterion,d50,UWYK 2D (noanc),raw,300,1.0,0.050000000000000044,0.0,2.8060293394055194,0.10018160002819046
CaseStudy,Backdoor_Criterion,pooled,UWYK 2D (v3a),raw,1800,0.9988833333333335,0.0488833333333335,0.0002673510649572774,1.9208177699581515,0.042760315235681225
CaseStudy,Backdoor_Criterion,shift-2,UWYK 2D (v3a),raw,600,0.9988833333333335,0.0488833333333335,0.00046332324446645193,1.9208177699581515,0.07410424189845666
CaseStudy,Backdoor_Criterion,shift0,UWYK 2D (v3a),raw,600,0.9988833333333335,0.0488833333333335,0.00046332324446645193,1.9208177699581515,0.07410424189845666
CaseStudy,Backdoor_Criterion,shift+2,UWYK 2D (v3a),raw,600,0.9988833333333335,0.0488833333333335,0.00046332324446645193,1.9208177699581515,0.07410424189845666
CaseStudy,Backdoor_Criterion,d5,UWYK 2D (v3a),raw,300,0.9974000000000001,0.04740000000000011,0.0012202856181921322,2.1528145075210854,0.10633047387101768
CaseStudy,Backdoor_Criterion,d10,UWYK 2D (v3a),raw,300,0.9999000000000001,0.049900000000000166,5.754160919975792e-05,2.009627582057011,0.13371495503480352
CaseStudy,Backdoor_Criterion,d20,UWYK 2D (v3a),raw,300,0.9998000000000001,0.04980000000000018,0.00011508321839951581,1.5531044095709843,0.09637899873541797
CaseStudy,Backdoor_Criterion,d30,UWYK 2D (v3a),raw,300,0.9987,0.04870000000000008,0.0005465305592315154,1.6579686291717666,0.0944162921766636
CaseStudy,Backdoor_Criterion,d40,UWYK 2D (v3a),raw,300,0.9975,0.0475000000000001,0.0008669903348957675,1.7641848347061242,0.08722617496074771
CaseStudy,Backdoor_Criterion,d50,UWYK 2D (v3a),raw,300,1.0,0.050000000000000044,0.0,2.387206656721938,0.09649162765413873
CaseStudy,Backdoor_Criterion,pooled,CausalPFN 1D,raw,1800,0.99865,0.04865000000000008,0.00015281467653973578,1.2407602941683276,0.04999357274837557
CaseStudy,Backdoor_Criterion,shift-2,CausalPFN 1D,raw,600,0.99865,0.04865000000000008,0.00026483003442606825,1.2407602941683276,0.08663958130089527
CaseStudy,Backdoor_Criterion,shift0,CausalPFN 1D,raw,600,0.99865,0.04865000000000008,0.00026483003442606825,1.2407602941683276,0.08663958130089527
CaseStudy,Backdoor_Criterion,shift+2,CausalPFN 1D,raw,600,0.99865,0.04865000000000008,0.00026483003442606825,1.2407602941683276,0.08663958130089527
CaseStudy,Backdoor_Criterion,d5,CausalPFN 1D,raw,300,0.9992,0.04920000000000002,0.00022665223903194526,0.5611116544285221,0.030927668161318
CaseStudy,Backdoor_Criterion,d10,CausalPFN 1D,raw,300,0.9971999999999999,0.04719999999999991,0.0006648358361003194,0.8206463827636575,0.05730314996992974
CaseStudy,Backdoor_Criterion,d20,CausalPFN 1D,raw,300,0.9991000000000001,0.049100000000000144,0.00023269541721021396,1.000758335596288,0.10627066682148491
CaseStudy,Backdoor_Criterion,d30,CausalPFN 1D,raw,300,0.9994,0.0494,0.00019730627432062997,1.4959758284430864,0.13552751211369157
CaseStudy,Backdoor_Criterion,d40,CausalPFN 1D,raw,300,0.9987,0.04870000000000008,0.0003436475599869,1.691970475576315,0.14316372736872002
CaseStudy,Backdoor_Criterion,d50,CausalPFN 1D,raw,300,0.9983000000000001,0.04830000000000012,0.00035701287649037716,1.8740990882020976,0.1768116150970661
CaseStudy,Backdoor_Criterion,pooled,CausalPFN 2D,raw,1800,0.9994666666666666,0.04946666666666666,8.296286002505304e-05,2.5567516373330585,0.04653379220157967
CaseStudy,Backdoor_Criterion,shift-2,CausalPFN 2D,raw,600,0.9994666666666667,0.04946666666666677,0.00014377583079074762,2.556751637333059,0.08064373180487942
CaseStudy,Backdoor_Criterion,shift0,CausalPFN 2D,raw,600,0.9994666666666667,0.04946666666666677,0.00014377583079074762,2.556751637333059,0.08064373180487942
CaseStudy,Backdoor_Criterion,shift+2,CausalPFN 2D,raw,600,0.9994666666666667,0.04946666666666677,0.00014377583079074762,2.556751637333059,0.08064373180487942
CaseStudy,Backdoor_Criterion,d5,CausalPFN 2D,raw,300,0.9998000000000001,0.04980000000000018,0.00011508321839951581,2.4542919536740744,0.1084604533958228
CaseStudy,Backdoor_Criterion,d10,CausalPFN 2D,raw,300,0.9987,0.04870000000000008,0.00038927941319630787,2.7197981358158327,0.11680091404461926
CaseStudy,Backdoor_Criterion,d20,CausalPFN 2D,raw,300,0.9999000000000001,0.049900000000000166,5.754160919975792e-05,2.37794313267658,0.11694506072791015
CaseStudy,Backdoor_Criterion,d30,CausalPFN 2D,raw,300,0.9996999999999999,0.049699999999999966,9.8653137160315e-05,2.651696174979213,0.12283727664980892
CaseStudy,Backdoor_Criterion,d40,CausalPFN 2D,raw,300,0.9994000000000002,0.04940000000000022,0.00017955724066599302,2.603702939706878,0.11489525525745295
CaseStudy,Backdoor_Criterion,d50,CausalPFN 2D,raw,300,0.9993000000000001,0.04930000000000012,0.00018748467049932603,2.5330774871457753,0.1026104590362301
CaseStudy,Backdoor_Criterion,pooled,Do-PFN (matched label),raw,1800,0.9994000000000001,0.04940000000000011,7.569087635989049e-05,4.716684903651259,0.10216810665580486
CaseStudy,Backdoor_Criterion,shift-2,Do-PFN (matched label),raw,600,0.9994,0.0494,0.00013117337840856403,4.716684903651258,0.17705879968844124
CaseStudy,Backdoor_Criterion,shift0,Do-PFN (matched label),raw,600,0.9994,0.0494,0.00013117337840856403,4.716684903651258,0.17705879968844124
CaseStudy,Backdoor_Criterion,shift+2,Do-PFN (matched label),raw,600,0.9994,0.0494,0.00013117337840856403,4.716684903651258,0.17705879968844124
CaseStudy,Backdoor_Criterion,d5,Do-PFN (matched label),raw,300,0.9964999999999999,0.046499999999999986,0.00041198597242087285,0.4100814063446653,0.014785633945404863
CaseStudy,Backdoor_Criterion,d10,Do-PFN (matched label),raw,300,0.9999000000000001,0.049900000000000166,5.754160919975792e-05,4.307469169148017,0.19940153004130146
CaseStudy,Backdoor_Criterion,d20,Do-PFN (matched label),raw,300,1.0,0.050000000000000044,0.0,5.1167515730743105,0.2466037168806309
CaseStudy,Backdoor_Criterion,d30,Do-PFN (matched label),raw,300,1.0,0.050000000000000044,0.0,6.137913157724411,0.2681034305593829
CaseStudy,Backdoor_Criterion,d40,Do-PFN (matched label),raw,300,1.0,0.050000000000000044,0.0,6.141819114807602,0.2567352910180769
CaseStudy,Backdoor_Criterion,d50,Do-PFN (matched label),raw,300,1.0,0.050000000000000044,0.0,6.186075000808545,0.23312514752576466
CaseStudy,Backdoor_Criterion,pooled,Do-PFN (matched resolution),raw,1800,0.9974333333333334,0.04743333333333344,0.0003607161126016316,16.19774879830149,0.19149721966304675
CaseStudy,Backdoor_Criterion,shift-2,Do-PFN (matched resolution),raw,600,0.9974333333333334,0.04743333333333344,0.0006251262161556042,16.19774879830149,0.3318674385485089
CaseStudy,Backdoor_Criterion,shift0,Do-PFN (matched resolution),raw,600,0.9974333333333334,0.04743333333333344,0.0006251262161556042,16.19774879830149,0.3318674385485089
CaseStudy,Backdoor_Criterion,shift+2,Do-PFN (matched resolution),raw,600,0.9974333333333334,0.04743333333333344,0.0006251262161556042,16.19774879830149,0.3318674385485089
CaseStudy,Backdoor_Criterion,d5,Do-PFN (matched resolution),raw,300,0.9847000000000001,0.034700000000000175,0.0020107653412382766,2.3698211708406833,0.08851975083186081
CaseStudy,Backdoor_Criterion,d10,Do-PFN (matched resolution),raw,300,0.9999000000000001,0.049900000000000166,5.754160919975792e-05,12.56445631838222,0.24335925454900292
CaseStudy,Backdoor_Criterion,d20,Do-PFN (matched resolution),raw,300,1.0,0.050000000000000044,0.0,17.87185210028258,0.290582899944502
CaseStudy,Backdoor_Criterion,d30,Do-PFN (matched resolution),raw,300,1.0,0.050000000000000044,0.0,20.628035566056216,0.2865090406315324
CaseStudy,Backdoor_Criterion,d40,Do-PFN (matched resolution),raw,300,1.0,0.050000000000000044,0.0,21.61621594345175,0.26699575959262095
CaseStudy,Backdoor_Criterion,d50,Do-PFN (matched resolution),raw,300,1.0,0.050000000000000044,0.0,22.136111690795502,0.21015702629489466
CaseStudy,Backdoor_Criterion,pooled,UWYK No-Anc (matched label),raw,1800,0.9968333333333335,0.046833333333333504,0.0007279482063942722,3.3444870258398574,0.10412858909684886
CaseStudy,Backdoor_Criterion,shift-2,UWYK No-Anc (matched label),raw,600,0.9968333333333333,0.04683333333333339,0.0012615447215219623,3.3444870258398574,0.18045634398267907
CaseStudy,Backdoor_Criterion,shift0,UWYK No-Anc (matched label),raw,600,0.9968333333333333,0.04683333333333339,0.0012615447215219623,3.3444870258398574,0.18045634398267907
CaseStudy,Backdoor_Criterion,shift+2,UWYK No-Anc (matched label),raw,600,0.9968333333333333,0.04683333333333339,0.0012615447215219623,3.3444870258398574,0.18045634398267907
CaseStudy,Backdoor_Criterion,d5,UWYK No-Anc (matched label),raw,300,0.9837,0.03370000000000006,0.004222613909348657,1.928588072902454,0.16257068555578744
CaseStudy,Backdoor_Criterion,d10,UWYK No-Anc (matched label),raw,300,0.9976000000000002,0.0476000000000002,0.0007633757101954372,3.1539351438988388,0.25671325210494567
CaseStudy,Backdoor_Criterion,d20,UWYK No-Anc (matched label),raw,300,0.9998000000000001,0.04980000000000018,8.09640904752737e-05,2.890702892202821,0.2681211110322972
CaseStudy,Backdoor_Criterion,d30,UWYK No-Anc (matched label),raw,300,0.9999000000000001,0.049900000000000166,5.754160919975792e-05,3.8326011232183776,0.2875755094839684
CaseStudy,Backdoor_Criterion,d40,UWYK No-Anc (matched label),raw,300,1.0,0.050000000000000044,0.0,3.9370611362206667,0.26107023387415157
CaseStudy,Backdoor_Criterion,d50,UWYK No-Anc (matched label),raw,300,1.0,0.050000000000000044,0.0,4.324033786595984,0.2522990792621789
CaseStudy,Backdoor_Criterion,pooled,UWYK Anc (matched label),raw,1800,0.9973666666666666,0.04736666666666667,0.0006464218107653406,3.613684497359899,0.11422085091073161
CaseStudy,Backdoor_Criterion,shift-2,UWYK Anc (matched label),raw,600,0.9973666666666667,0.04736666666666678,0.0011202583042096233,3.613684497359899,0.19794637899847475
CaseStudy,Backdoor_Criterion,shift0,UWYK Anc (matched label),raw,600,0.9973666666666667,0.04736666666666678,0.0011202583042096233,3.613684497359899,0.19794637899847475
CaseStudy,Backdoor_Criterion,shift+2,UWYK Anc (matched label),raw,600,0.9973666666666667,0.04736666666666678,0.0011202583042096233,3.613684497359899,0.19794637899847475
CaseStudy,Backdoor_Criterion,d5,UWYK Anc (matched label),raw,300,0.9858999999999999,0.03589999999999993,0.0037852866006194866,1.9628767615723992,0.16124331521226867
CaseStudy,Backdoor_Criterion,d10,UWYK Anc (matched label),raw,300,0.9984,0.0484,0.00046782782757568087,3.35861125514753,0.2754774865793823
CaseStudy,Backdoor_Criterion,d20,UWYK Anc (matched label),raw,300,1.0,0.050000000000000044,0.0,3.1096715504504653,0.2937577261863459
CaseStudy,Backdoor_Criterion,d30,UWYK Anc (matched label),raw,300,0.9999000000000001,0.049900000000000166,5.754160919975792e-05,4.205256992204284,0.3193127448024554
CaseStudy,Backdoor_Criterion,d40,UWYK Anc (matched label),raw,300,1.0,0.050000000000000044,0.0,4.417285671247441,0.29858739249224325
CaseStudy,Backdoor_Criterion,d50,UWYK Anc (matched label),raw,300,1.0,0.050000000000000044,0.0,4.628404753537276,0.2733646768169127
CaseStudy,Backdoor_Criterion,pooled,UWYK No-Anc (matched resolution),raw,1800,0.9996333333333334,0.04963333333333342,0.00011191451867313747,3.180454191138838,0.11238079185414221
CaseStudy,Backdoor_Criterion,shift-2,UWYK No-Anc (matched resolution),raw,600,0.9996333333333333,0.04963333333333331,0.0001939494720278201,3.1804541911388386,0.1947575301631611
CaseStudy,Backdoor_Criterion,shift0,UWYK No-Anc (matched resolution),raw,600,0.9996333333333333,0.04963333333333331,0.0001939494720278201,3.1804541911388386,0.1947575301631611
CaseStudy,Backdoor_Criterion,shift+2,UWYK No-Anc (matched resolution),raw,600,0.9996333333333333,0.04963333333333331,0.0001939494720278201,3.1804541911388386,0.1947575301631611
CaseStudy,Backdoor_Criterion,d5,UWYK No-Anc (matched resolution),raw,300,0.9984000000000002,0.04840000000000022,0.0006425284502374571,1.7013604496833934,0.1376645180329293
CaseStudy,Backdoor_Criterion,d10,UWYK No-Anc (matched resolution),raw,300,0.9995999999999999,0.04959999999999998,0.00013975611820328608,2.939296382586082,0.25621940006236993
CaseStudy,Backdoor_Criterion,d20,UWYK No-Anc (matched resolution),raw,300,0.9998000000000001,0.04980000000000018,0.00011508321839951581,2.9602075222542985,0.2987025499072597
CaseStudy,Backdoor_Criterion,d30,UWYK No-Anc (matched resolution),raw,300,1.0,0.050000000000000044,0.0,3.9362894782271396,0.32810794384862896
CaseStudy,Backdoor_Criterion,d40,UWYK No-Anc (matched resolution),raw,300,1.0,0.050000000000000044,0.0,4.0062736955751115,0.31379182075202616
CaseStudy,Backdoor_Criterion,d50,UWYK No-Anc (matched resolution),raw,300,1.0,0.050000000000000044,0.0,3.539297618507006,0.2523650924617935
CaseStudy,Backdoor_Criterion,pooled,UWYK Anc (matched resolution),raw,1800,0.9999,0.049900000000000055,2.7121833426859555e-05,3.2045855043365927,0.1057911659466047
CaseStudy,Backdoor_Criterion,shift-2,UWYK Anc (matched resolution),raw,600,0.9999000000000001,0.049900000000000166,4.700252778577603e-05,3.2045855043365927,0.1833376135984436
CaseStudy,Backdoor_Criterion,shift0,UWYK Anc (matched resolution),raw,600,0.9999000000000001,0.049900000000000166,4.700252778577603e-05,3.2045855043365927,0.1833376135984436
CaseStudy,Backdoor_Criterion,shift+2,UWYK Anc (matched resolution),raw,600,0.9999000000000001,0.049900000000000166,4.700252778577603e-05,3.2045855043365927,0.1833376135984436
CaseStudy,Backdoor_Criterion,d5,UWYK Anc (matched resolution),raw,300,0.9998000000000001,0.04980000000000018,0.00011508321839951578,1.9919717892609035,0.161909791487297
CaseStudy,Backdoor_Criterion,d10,UWYK Anc (matched resolution),raw,300,0.9996999999999999,0.049699999999999966,9.8653137160315e-05,3.0386607389467417,0.24777480175963354
CaseStudy,Backdoor_Criterion,d20,UWYK Anc (matched resolution),raw,300,0.9999000000000001,0.049900000000000166,5.754160919975792e-05,2.8757444212729,0.2746282629516944
CaseStudy,Backdoor_Criterion,d30,UWYK Anc (matched resolution),raw,300,1.0,0.050000000000000044,0.0,3.8215283189884373,0.30761833322358073
CaseStudy,Backdoor_Criterion,d40,UWYK Anc (matched resolution),raw,300,1.0,0.050000000000000044,0.0,3.9222851330297255,0.29787585019885404
CaseStudy,Backdoor_Criterion,d50,UWYK Anc (matched resolution),raw,300,1.0,0.050000000000000044,0.0,3.577322624520848,0.22092503982882533
CaseStudy,Backdoor_Criterion,pooled,UWYK-B No-Anc,raw,1800,0.9994333333333334,0.04943333333333344,0.00026813911619529555,4.233915756616835,0.12408689938516178
CaseStudy,Backdoor_Criterion,shift-2,UWYK-B No-Anc,raw,600,0.9994333333333333,0.04943333333333333,0.000464688948607046,4.233915756616835,0.21504438304033907
CaseStudy,Backdoor_Criterion,shift0,UWYK-B No-Anc,raw,600,0.9994333333333333,0.04943333333333333,0.000464688948607046,4.233915756616835,0.21504438304033907
CaseStudy,Backdoor_Criterion,shift+2,UWYK-B No-Anc,raw,600,0.9994333333333333,0.04943333333333333,0.000464688948607046,4.233915756616835,0.21504438304033907
CaseStudy,Backdoor_Criterion,d5,UWYK-B No-Anc,raw,300,0.9966,0.046600000000000086,0.0016010448093683543,2.7180528507116835,0.23823808822117248
CaseStudy,Backdoor_Criterion,d10,UWYK-B No-Anc,raw,300,1.0,0.050000000000000044,0.0,4.278701168540493,0.3238996529403466
CaseStudy,Backdoor_Criterion,d20,UWYK-B No-Anc,raw,300,1.0,0.050000000000000044,0.0,3.82378114128991,0.31700769968968734
CaseStudy,Backdoor_Criterion,d30,UWYK-B No-Anc,raw,300,1.0,0.050000000000000044,0.0,4.810842260971973,0.32830224499047017
CaseStudy,Backdoor_Criterion,d40,UWYK-B No-Anc,raw,300,1.0,0.050000000000000044,0.0,4.947140471127053,0.3169982727253599
CaseStudy,Backdoor_Criterion,d50,UWYK-B No-Anc,raw,300,1.0,0.050000000000000044,0.0,4.824976647059892,0.27053137446254444
CaseStudy,Backdoor_Criterion,pooled,UWYK-B Anc,raw,1800,0.9999833333333333,0.04998333333333338,9.617154191675635e-06,4.106955314871807,0.12128284994790352
CaseStudy,Backdoor_Criterion,shift-2,UWYK-B Anc,raw,600,0.9999833333333333,0.04998333333333338,1.6666666666666678e-05,4.106955314871808,0.21018492499732577
CaseStudy,Backdoor_Criterion,shift0,UWYK-B Anc,raw,600,0.9999833333333333,0.04998333333333338,1.6666666666666678e-05,4.106955314871808,0.21018492499732577
CaseStudy,Backdoor_Criterion,shift+2,UWYK-B Anc,raw,600,0.9999833333333333,0.04998333333333338,1.6666666666666678e-05,4.106955314871808,0.21018492499732577
CaseStudy,Backdoor_Criterion,d5,UWYK-B Anc,raw,300,0.9999000000000001,0.049900000000000166,5.754160919975792e-05,2.7371780935451775,0.23844714707602813
CaseStudy,Backdoor_Criterion,d10,UWYK-B Anc,raw,300,1.0,0.050000000000000044,0.0,4.203155271968903,0.32470279994250084
CaseStudy,Backdoor_Criterion,d20,UWYK-B Anc,raw,300,1.0,0.050000000000000044,0.0,3.8237263251890483,0.32078248419683253
CaseStudy,Backdoor_Criterion,d30,UWYK-B Anc,raw,300,1.0,0.050000000000000044,0.0,4.770895696819184,0.32421263552091695
CaseStudy,Backdoor_Criterion,d40,UWYK-B Anc,raw,300,1.0,0.050000000000000044,0.0,4.8021667543589395,0.30053916039339257
CaseStudy,Backdoor_Criterion,d50,UWYK-B Anc,raw,300,1.0,0.050000000000000044,0.0,4.304609747349591,0.24616071355438113
CaseStudy,Backdoor_Criterion,pooled,CausalPFN-C (matched label),raw,1800,0.9993833333333333,0.049383333333333335,0.000108349901100531,1.210591212825859,0.045232594976755726
CaseStudy,Backdoor_Criterion,shift-2,CausalPFN-C (matched label),raw,600,0.9993833333333333,0.049383333333333335,0.00018777193845679772,1.2105912128258594,0.07838873828169106
CaseStudy,Backdoor_Criterion,shift0,CausalPFN-C (matched label),raw,600,0.9993833333333333,0.049383333333333335,0.00018777193845679772,1.2105912128258594,0.07838873828169106
CaseStudy,Backdoor_Criterion,shift+2,CausalPFN-C (matched label),raw,600,0.9993833333333333,0.049383333333333335,0.00018777193845679772,1.2105912128258594,0.07838873828169106
CaseStudy,Backdoor_Criterion,d5,CausalPFN-C (matched label),raw,300,0.9998000000000001,0.04980000000000018,8.096409047527371e-05,0.6215909607840782,0.0321385184481621
CaseStudy,Backdoor_Criterion,d10,CausalPFN-C (matched label),raw,300,0.9978000000000001,0.047800000000000176,0.0005930477937053041,0.9014989096583182,0.061227703026011285
CaseStudy,Backdoor_Criterion,d20,CausalPFN-C (matched label),raw,300,0.9999000000000001,0.049900000000000166,5.754160919975792e-05,0.9914395510608296,0.09977194876281606
CaseStudy,Backdoor_Criterion,d30,CausalPFN-C (matched label),raw,300,0.9998000000000001,0.04980000000000018,8.096409047527371e-05,1.4213579440438935,0.1228783834510562
CaseStudy,Backdoor_Criterion,d40,CausalPFN-C (matched label),raw,300,0.9994000000000002,0.04940000000000022,0.00015984942747749518,1.608240409725101,0.12968248557451634
CaseStudy,Backdoor_Criterion,d50,CausalPFN-C (matched label),raw,300,0.9995999999999999,0.04959999999999998,0.0001397561182032861,1.7194195016829348,0.1549977060248098
CaseStudy,Backdoor_Criterion,pooled,CausalPFN-C (matched resolution),raw,1800,0.9999833333333333,0.04998333333333338,9.617154191675635e-06,3.095663215913771,0.07344979720470214
CaseStudy,Backdoor_Criterion,shift-2,CausalPFN-C (matched resolution),raw,600,0.9999833333333333,0.04998333333333338,1.6666666666666678e-05,3.0956632159137714,0.12728955596912875
CaseStudy,Backdoor_Criterion,shift0,CausalPFN-C (matched resolution),raw,600,0.9999833333333333,0.04998333333333338,1.6666666666666678e-05,3.0956632159137714,0.12728955596912875
CaseStudy,Backdoor_Criterion,shift+2,CausalPFN-C (matched resolution),raw,600,0.9999833333333333,0.04998333333333338,1.6666666666666678e-05,3.0956632159137714,0.12728955596912875
CaseStudy,Backdoor_Criterion,d5,CausalPFN-C (matched resolution),raw,300,1.0,0.050000000000000044,0.0,2.5086779851268224,0.1106298379874444
CaseStudy,Backdoor_Criterion,d10,CausalPFN-C (matched resolution),raw,300,1.0,0.050000000000000044,0.0,2.8335721831539247,0.12465141942348949
CaseStudy,Backdoor_Criterion,d20,CausalPFN-C (matched resolution),raw,300,0.9999000000000001,0.049900000000000166,5.754160919975792e-05,2.6414546767057345,0.15206000814312748
CaseStudy,Backdoor_Criterion,d30,CausalPFN-C (matched resolution),raw,300,1.0,0.050000000000000044,0.0,3.3899022252555344,0.21344983153753033
CaseStudy,Backdoor_Criterion,d40,CausalPFN-C (matched resolution),raw,300,1.0,0.050000000000000044,0.0,3.5359582059548234,0.20633069847313806
CaseStudy,Backdoor_Criterion,d50,CausalPFN-C (matched resolution),raw,300,1.0,0.050000000000000044,0.0,3.6644140192857875,0.22722783725293189
CaseStudy,Backdoor_Criterion,pooled,"CausalPFN (two-stage, published)",raw,1800,1.0,0.050000000000000044,0.0,3.2601785554982468,0.061211802100114544
CaseStudy,Backdoor_Criterion,shift-2,"CausalPFN (two-stage, published)",raw,600,1.0,0.050000000000000044,0.0,3.2601785554982468,0.10608093426968584
CaseStudy,Backdoor_Criterion,shift0,"CausalPFN (two-stage, published)",raw,600,1.0,0.050000000000000044,0.0,3.2601785554982468,0.10608093426968584
CaseStudy,Backdoor_Criterion,shift+2,"CausalPFN (two-stage, published)",raw,600,1.0,0.050000000000000044,0.0,3.2601785554982468,0.10608093426968584
CaseStudy,Backdoor_Criterion,d5,"CausalPFN (two-stage, published)",raw,300,1.0,0.050000000000000044,0.0,3.0125336529278646,0.13116992455167895
CaseStudy,Backdoor_Criterion,d10,"CausalPFN (two-stage, published)",raw,300,1.0,0.050000000000000044,0.0,3.317936985589497,0.13854676072295566
CaseStudy,Backdoor_Criterion,d20,"CausalPFN (two-stage, published)",raw,300,1.0,0.050000000000000044,0.0,2.9375970033164465,0.1418512056940598
CaseStudy,Backdoor_Criterion,d30,"CausalPFN (two-stage, published)",raw,300,1.0,0.050000000000000044,0.0,3.3490460628968153,0.16123081856362118
CaseStudy,Backdoor_Criterion,d40,"CausalPFN (two-stage, published)",raw,300,1.0,0.050000000000000044,0.0,3.4593309195354336,0.16037260973289244
CaseStudy,Backdoor_Criterion,d50,"CausalPFN (two-stage, published)",raw,300,1.0,0.050000000000000044,0.0,3.4846267087234235,0.16166225911849047
ComplexMech,all-rho,n5,Do-PFN 1D,raw,115,0.8955544604442809,0.05444553955571907,0.021030212969116988,7.928994169313272,3.797564974431526
ComplexMech,all-rho,n10,Do-PFN 1D,raw,116,0.928718283486472,0.02128171651352795,0.016162101210692968,5.608523156051022,2.8082564911410786
ComplexMech,all-rho,n20,Do-PFN 1D,raw,127,0.9191554800657629,0.03084451993423709,0.015813306048290093,4.452900586780675,2.323171943772402
ComplexMech,all-rho,n30,Do-PFN 1D,raw,127,0.9411483153110548,0.00885168468894515,0.013317070697005296,5.252462994501106,2.3487026161405424
ComplexMech,all-rho,n40,Do-PFN 1D,raw,115,0.975923948723805,0.02592394872380499,0.008412808025943156,3.1775624172260084,1.579214171364275
ComplexMech,all-rho,n50,Do-PFN 1D,raw,129,0.955634862255196,0.005634862255196049,0.011029010431959349,4.285877818888148,2.2706611431599892
ComplexMech,all-rho,n5,Do-PFN 2D,raw,115,0.8025682241285408,0.14743177587145917,0.02936208403247735,0.4794277542219132,0.033780443649036616
ComplexMech,all-rho,n10,Do-PFN 2D,raw,116,0.8490463236805824,0.10095367631941754,0.0216065500386783,0.50482672321616,0.03180174717527275
ComplexMech,all-rho,n20,Do-PFN 2D,raw,127,0.8405492478701224,0.10945075212987754,0.02332777323660697,0.5572897886860878,0.03250500867823971
ComplexMech,all-rho,n30,Do-PFN 2D,raw,127,0.8305626019437302,0.11943739805626974,0.022462721452294214,0.6838801935238219,0.051112065276391276
ComplexMech,all-rho,n40,Do-PFN 2D,raw,115,0.8591284571807459,0.09087154281925403,0.019603346824078046,0.5211064664517268,0.04242097059315143
ComplexMech,all-rho,n50,Do-PFN 2D,raw,129,0.8722176399602439,0.07778236003975603,0.020302403209506305,0.8238375475607216,0.0761691324372027
ComplexMech,all-rho,n5,UWYK 1D (noanc),raw,115,0.852591691714486,0.09740830828551394,0.024275494083055536,1.0409197652320044,0.06412680152738535
ComplexMech,all-rho,n10,UWYK 1D (noanc),raw,116,0.8053043706382086,0.14469562936179137,0.025869690562280053,0.8873801794426072,0.061622425059004775
ComplexMech,all-rho,n20,UWYK 1D (noanc),raw,127,0.8199020439701675,0.13009795602983243,0.024935462946374904,0.8702046878170865,0.0668443991112865
ComplexMech,all-rho,n30,UWYK 1D (noanc),raw,127,0.8365731708005653,0.1134268291994347,0.022443870505161456,0.9773144545961536,0.06879990457175117
ComplexMech,all-rho,n40,UWYK 1D (noanc),raw,115,0.9006190399860501,0.04938096001394987,0.01779040703791365,0.7656784287210917,0.05434641379834491
ComplexMech,all-rho,n50,UWYK 1D (noanc),raw,129,0.9067530856612384,0.0432469143387616,0.0171844928740608,1.0182933888174968,0.07519912156843209
ComplexMech,all-rho,n5,UWYK 1D (v3a),raw,115,0.9267184356235038,0.0232815643764962,0.017351432278917844,1.0252903702520013,0.0556302353550196
ComplexMech,all-rho,n10,UWYK 1D (v3a),raw,116,0.9341878455409356,0.015812154459064365,0.012603510854343367,1.0020205754754536,0.0608230241746547
ComplexMech,all-rho,n20,UWYK 1D (v3a),raw,127,0.8976607470127275,0.05233925298727249,0.016900736150506756,0.9795686918016668,0.06536771501768225
ComplexMech,all-rho,n30,UWYK 1D (v3a),raw,127,0.8697615148868608,0.08023848511313914,0.019683906043774388,1.0085411379066003,0.06737501202601195
ComplexMech,all-rho,n40,UWYK 1D (v3a),raw,115,0.9308643328896941,0.0191356671103059,0.015972638884593042,0.7693530379630505,0.054914206276585845
ComplexMech,all-rho,n50,UWYK 1D (v3a),raw,129,0.9073939672204495,0.04260603277955044,0.016695840032091225,0.9775308578094275,0.07342830533528581
ComplexMech,all-rho,n5,UWYK 2D (noanc),raw,115,0.9448089142244765,0.0051910857755234074,0.016279918394416573,0.9863011970944524,0.07242265029533737
ComplexMech,all-rho,n10,UWYK 2D (noanc),raw,116,0.9644199538488333,0.014419953848833322,0.009598949698076092,1.0004493155873302,0.07826022837592303
ComplexMech,all-rho,n20,UWYK 2D (noanc),raw,127,0.9532496883118085,0.0032496883118084963,0.012924092992914719,0.8425243162563574,0.05956056903603716
ComplexMech,all-rho,n30,UWYK 2D (noanc),raw,127,0.9347701127422493,0.015229887257750652,0.014751593204943401,1.0049343299797775,0.07401889547094512
ComplexMech,all-rho,n40,UWYK 2D (noanc),raw,115,0.9584270305107643,0.008427030510764322,0.008726170187414797,0.7265985410189859,0.06091171090682436
ComplexMech,all-rho,n50,UWYK 2D (noanc),raw,129,0.9377618759061288,0.01223812409387115,0.013495735984301852,0.9421661548025434,0.07675175907897
ComplexMech,all-rho,n5,UWYK 2D (v3a),raw,115,0.9318681260875136,0.018131873912486385,0.01733296500721702,0.8032662281082519,0.06532443444178027
ComplexMech,all-rho,n10,UWYK 2D (v3a),raw,116,0.9355262756879138,0.014473724312086156,0.013482273960701344,0.8013443579562971,0.06856252422685298
ComplexMech,all-rho,n20,UWYK 2D (v3a),raw,127,0.9072447279850929,0.04275527201490703,0.017970511845863686,0.6143746658599288,0.049720745699122416
ComplexMech,all-rho,n30,UWYK 2D (v3a),raw,127,0.877613117343223,0.07238688265677695,0.019558081466332262,0.7191681526909848,0.062095123799443326
ComplexMech,all-rho,n40,UWYK 2D (v3a),raw,115,0.9295336047512068,0.020466395248793123,0.011914571665075566,0.5541300936949086,0.050456809012374315
ComplexMech,all-rho,n50,UWYK 2D (v3a),raw,129,0.8974336977515481,0.052566302248451824,0.01857349264681712,0.7824142627152503,0.07016998026931318
ComplexMech,all-rho,n5,CausalPFN 1D,raw,115,0.8170926412065932,0.13290735879340676,0.026125475980784615,0.7904636172581131,0.06172390234096421
ComplexMech,all-rho,n10,CausalPFN 1D,raw,116,0.8497825229971382,0.10021747700286177,0.021242830730810673,0.8495464280312399,0.07417622019461202
ComplexMech,all-rho,n20,CausalPFN 1D,raw,127,0.8201059018540567,0.12989409814594322,0.022377569002067003,0.7087592651062975,0.0587567930979094
ComplexMech,all-rho,n30,CausalPFN 1D,raw,127,0.8170007615563178,0.1329992384436821,0.020963726817489505,0.6923003570524542,0.052301846886398586
ComplexMech,all-rho,n40,CausalPFN 1D,raw,115,0.8402077190699088,0.10979228093009119,0.020777655739939022,0.5736532493508925,0.052010597073208195
ComplexMech,all-rho,n50,CausalPFN 1D,raw,129,0.8560556849244887,0.09394431507551126,0.019242394971492844,0.7064624695334115,0.06752197877764257
ComplexMech,all-rho,n5,CausalPFN 2D,raw,115,0.9223828578151843,0.0276171421848157,0.017714960877613192,0.8919147705853995,0.05339066894753543
ComplexMech,all-rho,n10,CausalPFN 2D,raw,116,0.9249918583485135,0.02500814165148646,0.014779046104581878,0.9174280358884096,0.059329164999914294
ComplexMech,all-rho,n20,CausalPFN 2D,raw,127,0.9233934390560546,0.026606560943945312,0.013876728477589195,0.9179180816494694,0.05448884990748809
ComplexMech,all-rho,n30,CausalPFN 2D,raw,127,0.8976202291985272,0.052379770801472714,0.016474146720022863,0.95732544765771,0.051170226400135105
ComplexMech,all-rho,n40,CausalPFN 2D,raw,115,0.9365806662482973,0.013419333751702678,0.01142071584252669,0.711223660608155,0.04293988686118448
ComplexMech,all-rho,n50,CausalPFN 2D,raw,129,0.9089602132635165,0.04103978673648345,0.015561101148140946,0.92490797598206,0.058636183232183114
ComplexMech,all-rho,n5,Do-PFN (matched label),raw,115,0.862880522867792,0.08711947713220791,0.02469388489204087,1.2108011151342053,0.12155716139860802
ComplexMech,all-rho,n10,Do-PFN (matched label),raw,116,0.9025737131129138,0.047426286887086166,0.018839966185970093,1.1621913655925216,0.08990450392310016
ComplexMech,all-rho,n20,Do-PFN (matched label),raw,127,0.9032958525674623,0.0467041474325377,0.018131640081637593,1.3527729955892591,0.11965410981316466
ComplexMech,all-rho,n30,Do-PFN (matched label),raw,127,0.9367097057485327,0.013290294251467216,0.013693570539944145,1.5779721612369169,0.10417962186891712
ComplexMech,all-rho,n40,Do-PFN (matched label),raw,115,0.9750635020182309,0.025063502018230932,0.007788259115533667,1.3335252807157407,0.08800464876235371
ComplexMech,all-rho,n50,Do-PFN (matched label),raw,129,0.9505382096031698,0.0005382096031698591,0.01154341846104336,1.6988370807062687,0.11885488863830566
ComplexMech,all-rho,n5,Do-PFN (matched resolution),raw,115,0.9075274043221683,0.04247259567783168,0.02097811396872776,8.505223751205499,0.5580969701913406
ComplexMech,all-rho,n10,Do-PFN (matched resolution),raw,116,0.9645499387253141,0.014549938725314182,0.008910648923349357,9.229530427952135,0.5568453022047447
ComplexMech,all-rho,n20,Do-PFN (matched resolution),raw,127,0.9768692867875391,0.026869286787539193,0.008036375171680096,9.348756370021658,0.5034613601493322
ComplexMech,all-rho,n30,Do-PFN (matched resolution),raw,127,0.9786096775382271,0.028609677538227185,0.00891301954298197,11.598214864121092,0.5629321996398299
ComplexMech,all-rho,n40,Do-PFN (matched resolution),raw,115,0.9950517598343684,0.04505175983436849,0.002892117582775542,12.409104325130182,0.5812020571880576
ComplexMech,all-rho,n50,Do-PFN (matched resolution),raw,129,0.9861714025341731,0.03617140253417317,0.006899394338447814,13.402682360682242,0.6051461528919588
ComplexMech,all-rho,n5,UWYK No-Anc (matched label),raw,115,0.852331541174569,0.09766845882543096,0.022134901482959966,1.047439693026762,0.07123964695907621
ComplexMech,all-rho,n10,UWYK No-Anc (matched label),raw,116,0.777922929141517,0.172077070858483,0.025997196844081142,0.8430614941292504,0.06530004508509082
ComplexMech,all-rho,n20,UWYK No-Anc (matched label),raw,127,0.7884436153439067,0.16155638465609323,0.025829774270810516,0.7841025953247595,0.06571317143348983
ComplexMech,all-rho,n30,UWYK No-Anc (matched label),raw,127,0.8269082014480106,0.12309179855198937,0.022893209127627837,0.8865584231007396,0.06730946479395179
ComplexMech,all-rho,n40,UWYK No-Anc (matched label),raw,115,0.890843531250535,0.05915646874946501,0.01774539738938144,0.7160423123044115,0.05411862165417673
ComplexMech,all-rho,n50,UWYK No-Anc (matched label),raw,129,0.8944355843754628,0.05556441562453718,0.01778242062458302,0.9591766338768813,0.07716823087908427
ComplexMech,all-rho,n5,UWYK Anc (matched label),raw,115,0.9135558291582073,0.036444170841792634,0.018534280213490368,1.231938049188637,0.07111806797874055
ComplexMech,all-rho,n10,UWYK Anc (matched label),raw,116,0.8301543379504108,0.11984566204958913,0.02296537610721331,0.9295074556564653,0.06561866030631991
ComplexMech,all-rho,n20,UWYK Anc (matched label),raw,127,0.8083752450988024,0.14162475490119752,0.02481657594788308,0.8006020598540281,0.06593896426276907
ComplexMech,all-rho,n30,UWYK Anc (matched label),raw,127,0.8247881788836532,0.12521182111634677,0.02357043225479999,0.8786581360556236,0.06906789572906234
ComplexMech,all-rho,n40,UWYK Anc (matched label),raw,115,0.8940523017140559,0.055947698285944036,0.017594752309796492,0.7205879695321025,0.05630369230297874
ComplexMech,all-rho,n50,UWYK Anc (matched label),raw,129,0.8923053180147639,0.057694681985236085,0.018293281099283416,0.9528370598513649,0.08017989661002912
ComplexMech,all-rho,n5,UWYK No-Anc (matched resolution),raw,115,0.8656816936061946,0.08431830639380533,0.02404954160924659,0.9605925842632577,0.06174722947847475
ComplexMech,all-rho,n10,UWYK No-Anc (matched resolution),raw,116,0.8152804198149723,0.1347195801850276,0.02451097860704609,0.825329664132672,0.05961846828348246
ComplexMech,all-rho,n20,UWYK No-Anc (matched resolution),raw,127,0.8262534314665886,0.12374656853341137,0.02380426197406722,0.7323919225512397,0.0583241342427292
ComplexMech,all-rho,n30,UWYK No-Anc (matched resolution),raw,127,0.823173340572492,0.12682665942750793,0.023425863072811966,0.7971844252999699,0.062213722066209454
ComplexMech,all-rho,n40,UWYK No-Anc (matched resolution),raw,115,0.9074825919478677,0.04251740805213222,0.017283528005231325,0.6737800088421831,0.048803963665065786
ComplexMech,all-rho,n50,UWYK No-Anc (matched resolution),raw,129,0.8797734394917038,0.07022656050829612,0.019933591029035903,0.8845724253481422,0.07284850775681707
ComplexMech,all-rho,n5,UWYK Anc (matched resolution),raw,115,0.9264377806326383,0.023562219367361692,0.017551796307597862,0.9593878690073198,0.057094774837903074
ComplexMech,all-rho,n10,UWYK Anc (matched resolution),raw,116,0.9382158326764456,0.011784167323554362,0.01205365527451668,0.9181827983627824,0.05917194543862979
ComplexMech,all-rho,n20,UWYK Anc (matched resolution),raw,127,0.8746307590619211,0.07536924093807884,0.019257530868002366,0.7759366775025307,0.05839239644688169
ComplexMech,all-rho,n30,UWYK Anc (matched resolution),raw,127,0.8537642656065824,0.0962357343934176,0.021024166310920266,0.8222355283354921,0.06259905765120996
ComplexMech,all-rho,n40,UWYK Anc (matched resolution),raw,115,0.9257467376024697,0.02425326239753023,0.0158077654136621,0.6840563317612188,0.04859605513850776
ComplexMech,all-rho,n50,UWYK Anc (matched resolution),raw,129,0.8979181882817864,0.05208181171821358,0.017814725272556092,0.9105580316489212,0.07480468710970874
ComplexMech,all-rho,n5,UWYK-B No-Anc,raw,115,0.8136871329948946,0.13631286700510536,0.02492622505576074,0.8667369853749813,0.05902495935648987
ComplexMech,all-rho,n10,UWYK-B No-Anc,raw,116,0.7653932543778434,0.1846067456221565,0.027254235669303892,0.7682862901774186,0.06040763434841568
ComplexMech,all-rho,n20,UWYK-B No-Anc,raw,127,0.7942951513496966,0.15570484865030332,0.025201633482206075,0.7703766301169375,0.06618365138987793
ComplexMech,all-rho,n30,UWYK-B No-Anc,raw,127,0.8173099613655421,0.13269003863445783,0.023626034448551797,0.8784017666638259,0.0657045604447125
ComplexMech,all-rho,n40,UWYK-B No-Anc,raw,115,0.886576783067426,0.06342321693257391,0.01893095403205151,0.7077653334130353,0.0538857041806095
ComplexMech,all-rho,n50,UWYK-B No-Anc,raw,129,0.8817070410700992,0.06829295892990073,0.020638312683902007,0.9357396540319672,0.07482601372652103
ComplexMech,all-rho,n5,UWYK-B Anc,raw,115,0.8924613477648182,0.05753865223518173,0.019621018369642772,0.9373093987497794,0.05566950533934697
ComplexMech,all-rho,n10,UWYK-B Anc,raw,116,0.8409738957885212,0.10902610421147874,0.02113829350250954,0.8245841408777607,0.05890954248651107
ComplexMech,all-rho,n20,UWYK-B Anc,raw,127,0.8178007616115246,0.13219923838847536,0.023690948334010437,0.7847300033781599,0.0652551882090748
ComplexMech,all-rho,n30,UWYK-B Anc,raw,127,0.8224734860833763,0.12752651391662362,0.023294965734063124,0.8535058968060831,0.06591138257023195
ComplexMech,all-rho,n40,UWYK-B Anc,raw,115,0.8922506544917379,0.05774934550826205,0.01850746142035408,0.692567738139223,0.05282549703083846
ComplexMech,all-rho,n50,UWYK-B Anc,raw,129,0.880567777700443,0.06943222229955692,0.020746249362123347,0.9135808255042669,0.07503423273803429
ComplexMech,all-rho,n5,CausalPFN-C (matched label),raw,115,0.8400687790979733,0.10993122090202667,0.025882321610405344,0.9579471283153964,0.0700998150241692
ComplexMech,all-rho,n10,CausalPFN-C (matched label),raw,116,0.8640589457748079,0.08594105422519205,0.02122168051800084,0.9973145206526246,0.08672470776199542
ComplexMech,all-rho,n20,CausalPFN-C (matched label),raw,127,0.8223120793235763,0.12768792067642365,0.022713613003292783,0.8384648106813689,0.07129027613604427
ComplexMech,all-rho,n30,CausalPFN-C (matched label),raw,127,0.835036953439945,0.11496304656005496,0.020147090637959022,0.749541579917286,0.05386618518852003
ComplexMech,all-rho,n40,CausalPFN-C (matched label),raw,115,0.8491426008268825,0.10085739917311742,0.020593059439392995,0.6165101427269319,0.056323008116035925
ComplexMech,all-rho,n50,CausalPFN-C (matched label),raw,129,0.8488898850343473,0.1011101149656527,0.02014121951131934,0.7274900564136318,0.06626304270475167
ComplexMech,all-rho,n5,CausalPFN-C (matched resolution),raw,115,0.924635201524882,0.025364798475117967,0.018382524888008987,1.169742341519225,0.08486762241815107
ComplexMech,all-rho,n10,CausalPFN-C (matched resolution),raw,116,0.9448952917526823,0.00510470824731768,0.011910607365284109,1.1646143098706154,0.07535429132499127
ComplexMech,all-rho,n20,CausalPFN-C (matched resolution),raw,127,0.9415923880340962,0.008407611965903783,0.011453491936752913,1.0818559275821769,0.06416163080699781
ComplexMech,all-rho,n30,CausalPFN-C (matched resolution),raw,127,0.9198646964529266,0.03013530354707339,0.014046459271485637,1.111597977838966,0.06005762589617546
ComplexMech,all-rho,n40,CausalPFN-C (matched resolution),raw,115,0.9541078680035484,0.004107868003548454,0.009530412782683965,0.8662596667412518,0.060596972669105624
ComplexMech,all-rho,n50,CausalPFN-C (matched resolution),raw,129,0.9257153193321016,0.02428468066789835,0.015072216637227761,1.073822213702221,0.07194779575161511
ComplexMech,all-rho,n5,"CausalPFN (two-stage, published)",raw,115,0.9261590070081505,0.023840992991849497,0.0197763423289507,1.1987808679780454,0.08418345591953137
ComplexMech,all-rho,n10,"CausalPFN (two-stage, published)",raw,116,0.9530157581548305,0.0030157581548305723,0.012110378984873842,1.2603625264309204,0.08268133097734823
ComplexMech,all-rho,n20,"CausalPFN (two-stage, published)",raw,127,0.9562711249538286,0.006271124953828644,0.010063405348259695,1.1850365531342189,0.06537190163020744
ComplexMech,all-rho,n30,"CausalPFN (two-stage, published)",raw,127,0.9378939626882452,0.012106037311754747,0.012335219355542366,1.2404811170551384,0.0660830685306147
ComplexMech,all-rho,n40,"CausalPFN (two-stage, published)",raw,115,0.9664930794962812,0.016493079496281204,0.008460284916667178,0.9504731240515496,0.06129817669671529
ComplexMech,all-rho,n50,"CausalPFN (two-stage, published)",raw,129,0.9370042177764266,0.012995782223573338,0.014111267003554466,1.1976938447648255,0.0761315436250556
ComplexMech,rho>0.99,n5,Do-PFN 1D,raw,109,0.9662385321100917,0.01623853211009174,0.016265711707456262,6.665779008968924,1.857835941783328
ComplexMech,rho>0.99,n10,Do-PFN 1D,raw,115,0.9894782608695651,0.039478260869565185,0.005841595079939128,7.188841001271426,2.031790693367746
ComplexMech,rho>0.99,n20,Do-PFN 1D,raw,113,0.9851327433628319,0.0351327433628319,0.009154450676984489,2.0003410734112266,0.3467025106829106
ComplexMech,rho>0.99,n30,Do-PFN 1D,raw,139,0.9916546762589928,0.041654676258992884,0.0069469271564428945,6.614874042953294,4.2160498868070535
ComplexMech,rho>0.99,n40,Do-PFN 1D,raw,123,0.9917073170731707,0.04170731707317077,0.008129554827682578,3.3170774071316944,1.1871645369471706
ComplexMech,rho>0.99,n50,Do-PFN 1D,raw,122,0.9933060109289618,0.0433060109289618,0.0036370871737620666,3.1605207946154534,0.9548332607471011
ComplexMech,rho>0.99,n5,Do-PFN 2D,raw,109,0.9288313820957677,0.0211686179042323,0.02054375512085927,0.32522118907679415,0.029719445563901166
ComplexMech,rho>0.99,n10,Do-PFN 2D,raw,115,0.9653138478607586,0.015313847860758623,0.014965194980044536,0.2934444063891571,0.02187976961545037
ComplexMech,rho>0.99,n20,Do-PFN 2D,raw,113,0.9807865720428443,0.030786572042844296,0.009595338301958235,0.2986663703693485,0.02529817168211898
ComplexMech,rho>0.99,n30,Do-PFN 2D,raw,139,0.9902002402334745,0.04020024023347457,0.0037344747723112768,0.3118017034120712,0.024037217128777853
ComplexMech,rho>0.99,n40,Do-PFN 2D,raw,123,0.980311063980205,0.030311063980205,0.011464154459216221,0.29824183571463414,0.025147682800271996
ComplexMech,rho>0.99,n50,Do-PFN 2D,raw,122,0.9907181858226538,0.04071818582265385,0.00474382726622959,0.3205453927277471,0.02856399390819737
ComplexMech,rho>0.99,n5,UWYK 1D (noanc),raw,109,0.8802340114346496,0.06976598856535032,0.025964778231961767,0.7418550997564464,0.055044343341033725
ComplexMech,rho>0.99,n10,UWYK 1D (noanc),raw,115,0.9246615867324071,0.025338413267592896,0.01673751608884344,0.7311178356658922,0.06122187256858676
ComplexMech,rho>0.99,n20,UWYK 1D (noanc),raw,113,0.9263144721551801,0.02368552784481981,0.02105040449764474,0.61141971323846,0.043522015418444616
ComplexMech,rho>0.99,n30,UWYK 1D (noanc),raw,139,0.9717156441822423,0.021715644182242366,0.010700188969117976,0.7775476941295943,0.06689397236762139
ComplexMech,rho>0.99,n40,UWYK 1D (noanc),raw,123,0.9639924487238208,0.013992448723820883,0.013882891048708233,0.6238381163773181,0.0548363974958174
ComplexMech,rho>0.99,n50,UWYK 1D (noanc),raw,122,0.9710726346165653,0.02107263461656539,0.011849267697746331,0.6642421342791621,0.05144627159614938
ComplexMech,rho>0.99,n5,UWYK 1D (v3a),raw,109,0.9591677248283297,0.009167724828329726,0.014976797070898015,0.8025296740282639,0.04987439343324206
ComplexMech,rho>0.99,n10,UWYK 1D (v3a),raw,115,0.9931277454056476,0.04312774540564768,0.0025081875789953914,0.8097335483172642,0.050322975572525755
ComplexMech,rho>0.99,n20,UWYK 1D (v3a),raw,113,0.9604317511397158,0.010431751139715839,0.014936322763859478,0.6617333509395504,0.041451262826377504
ComplexMech,rho>0.99,n30,UWYK 1D (v3a),raw,139,0.9798255495788898,0.02982554957888983,0.009004488968939494,0.8078932812030785,0.06839365218155795
ComplexMech,rho>0.99,n40,UWYK 1D (v3a),raw,123,0.9734233430327638,0.023423343032763833,0.012820784719808532,0.624118075656131,0.05612250686547168
ComplexMech,rho>0.99,n50,UWYK 1D (v3a),raw,122,0.9863185362559097,0.03631853625590975,0.006683027923916206,0.6221697716694763,0.050940109047750586
ComplexMech,rho>0.99,n5,UWYK 2D (noanc),raw,109,0.9820807717771683,0.03208077177716839,0.011544916274290764,0.5760482459575236,0.05780977159551334
ComplexMech,rho>0.99,n10,UWYK 2D (noanc),raw,115,0.9776956521739131,0.02769565217391312,0.012628936382733182,0.48806707344398176,0.04785848918122947
ComplexMech,rho>0.99,n20,UWYK 2D (noanc),raw,113,0.9717604284476159,0.021760428447615943,0.013250264511745966,0.37669700016493163,0.0402212876546682
ComplexMech,rho>0.99,n30,UWYK 2D (noanc),raw,139,0.9951889555549236,0.04518895555492364,0.0025866119989063803,0.3772304470354956,0.03620902325306526
ComplexMech,rho>0.99,n40,UWYK 2D (noanc),raw,123,0.9816048073524213,0.03160480735242133,0.011464012278210563,0.381715675675759,0.042677239461039906
ComplexMech,rho>0.99,n50,UWYK 2D (noanc),raw,122,0.9949212410995197,0.04492124109951978,0.0021015061769450124,0.3667461078672741,0.039115866939959686
ComplexMech,rho>0.99,n5,UWYK 2D (v3a),raw,109,0.9786862763643243,0.028686276364324304,0.011912068494947635,0.4804730152986046,0.049146469558348296
ComplexMech,rho>0.99,n10,UWYK 2D (v3a),raw,115,0.9766326896095221,0.026632689609522142,0.01261757326336495,0.32081791632967416,0.0327669228615657
ComplexMech,rho>0.99,n20,UWYK 2D (v3a),raw,113,0.9704228832114756,0.020422883211475673,0.013388491156589154,0.2829171631278953,0.0292427309430387
ComplexMech,rho>0.99,n30,UWYK 2D (v3a),raw,139,0.9834097050019901,0.03340970500199014,0.007983446337416926,0.25600735228926724,0.024555621166511873
ComplexMech,rho>0.99,n40,UWYK 2D (v3a),raw,123,0.9798897473446784,0.02988974734467842,0.011523033646880544,0.26780439800363726,0.030878594694809972
ComplexMech,rho>0.99,n50,UWYK 2D (v3a),raw,122,0.9927544571397031,0.04275445713970316,0.002857898376512857,0.2919965693346835,0.030274949669160882
ComplexMech,rho>0.99,n5,CausalPFN 1D,raw,109,0.8651134431254984,0.08488655687450153,0.0272133067102449,0.5436631998140752,0.054580091842307187
ComplexMech,rho>0.99,n10,CausalPFN 1D,raw,115,0.9120986667332945,0.03790133326670542,0.018789014780463326,0.4744873732224143,0.04652449109170878
ComplexMech,rho>0.99,n20,CausalPFN 1D,raw,113,0.9332776353997045,0.016722364600295414,0.015976966054512747,0.4254323352160794,0.04114619294882443
ComplexMech,rho>0.99,n30,CausalPFN 1D,raw,139,0.9521130432724046,0.002113043272404691,0.01014134932931836,0.5431263077210247,0.05494724023350039
ComplexMech,rho>0.99,n40,CausalPFN 1D,raw,123,0.9635878610978238,0.013587861097823839,0.010702316423319374,0.43294856035705176,0.0489523820255357
ComplexMech,rho>0.99,n50,CausalPFN 1D,raw,122,0.9541960821796743,0.004196082179674376,0.011548754604601967,0.43460494922283216,0.04429455768861923
ComplexMech,rho>0.99,n5,CausalPFN 2D,raw,109,0.9665247891558385,0.01652478915583855,0.014416385802038597,0.5996443621041514,0.04468701554138575
ComplexMech,rho>0.99,n10,CausalPFN 2D,raw,115,0.9923478260869566,0.04234782608695664,0.002897513162886682,0.5932424397619931,0.03827373165863053
ComplexMech,rho>0.99,n20,CausalPFN 2D,raw,113,0.9825645838920175,0.03256458389201755,0.00990773159943871,0.5647487237239879,0.04005330038753296
ComplexMech,rho>0.99,n30,CausalPFN 2D,raw,139,0.9982007121575468,0.04820071215754684,0.0009807878876308793,0.6155307740311751,0.044492692206748
ComplexMech,rho>0.99,n40,CausalPFN 2D,raw,123,0.9909614704842701,0.040961470484270124,0.008131122972394732,0.5294423184487905,0.040768251347210356
ComplexMech,rho>0.99,n50,CausalPFN 2D,raw,122,0.9994781144781144,0.049478114478114454,0.00031224778151303585,0.5259683168641989,0.03806269189293439
ComplexMech,rho>0.99,n5,Do-PFN (matched label),raw,109,0.9167188603649199,0.03328113963508006,0.02170607065360803,0.687016318180523,0.08707816383858408
ComplexMech,rho>0.99,n10,Do-PFN (matched label),raw,115,0.9534719856566561,0.0034719856566561846,0.01436459421644822,0.7388763593184017,0.0674118210259757
ComplexMech,rho>0.99,n20,Do-PFN (matched label),raw,113,0.9661651364479573,0.016165136447957362,0.012756045600437582,0.9071498025597725,0.0991332743838633
ComplexMech,rho>0.99,n30,Do-PFN (matched label),raw,139,0.9879797683189255,0.03797976831892558,0.005294206941431421,1.0996335185572421,0.10958382520259183
ComplexMech,rho>0.99,n40,Do-PFN (matched label),raw,123,0.9881059552341576,0.03810595523415761,0.008236742266226789,0.9601497263778941,0.08544996980665583
ComplexMech,rho>0.99,n50,Do-PFN (matched label),raw,122,0.9807796382338331,0.030779638233833118,0.007854646831809609,0.8610089733424416,0.07710256416096922
ComplexMech,rho>0.99,n5,Do-PFN (matched resolution),raw,109,0.9218914698418895,0.028108530158110434,0.02232640875625026,7.915760562013219,0.6936438553690171
ComplexMech,rho>0.99,n10,Do-PFN (matched resolution),raw,115,0.9715356342447333,0.02153563424473337,0.011734686904278714,7.8532880174245365,0.6232487746497178
ComplexMech,rho>0.99,n20,Do-PFN (matched resolution),raw,113,0.9804371145079109,0.03043711450791098,0.010474273065202488,10.259653826297438,0.6848344275957655
ComplexMech,rho>0.99,n30,Do-PFN (matched resolution),raw,139,0.9966187050359713,0.04661870503597132,0.002719949041889532,11.092602868284468,0.6235015715221763
ComplexMech,rho>0.99,n40,Do-PFN (matched resolution),raw,123,0.9994308943089432,0.04943089430894321,0.0004938757685880956,10.874332203578577,0.663233910216515
ComplexMech,rho>0.99,n50,Do-PFN (matched resolution),raw,122,0.9965424739195231,0.04654247391952315,0.0023884908621333396,11.741649041395595,0.6377060105627638
ComplexMech,rho>0.99,n5,UWYK No-Anc (matched label),raw,109,0.8691014849144046,0.08089851508559531,0.025275878614935347,0.7738110784735556,0.06436734947903437
ComplexMech,rho>0.99,n10,UWYK No-Anc (matched label),raw,115,0.8980475123263111,0.051952487673688874,0.021271607392654254,0.6774889335067263,0.05763411347166319
ComplexMech,rho>0.99,n20,UWYK No-Anc (matched label),raw,113,0.9203393447751854,0.029660655224814536,0.0214677764178474,0.5600282525864014,0.049671466710713305
ComplexMech,rho>0.99,n30,UWYK No-Anc (matched label),raw,139,0.9575633296702156,0.007563329670215668,0.014279209143419364,0.698765344966695,0.06492004895925202
ComplexMech,rho>0.99,n40,UWYK No-Anc (matched label),raw,123,0.9560307651983339,0.006030765198333898,0.01618379758697398,0.5816174758174525,0.05424820532034141
ComplexMech,rho>0.99,n50,UWYK No-Anc (matched label),raw,122,0.9686136182231228,0.018613618223122796,0.011840419940470751,0.59401950812024,0.049802859452561854
ComplexMech,rho>0.99,n5,UWYK Anc (matched label),raw,109,0.9303669724770642,0.01963302752293572,0.019181309659577962,0.93974965679094,0.06686733270656169
ComplexMech,rho>0.99,n10,UWYK Anc (matched label),raw,115,0.9404464365755266,0.009553563424473333,0.014881844280225709,0.7444719151195557,0.056953134898118714
ComplexMech,rho>0.99,n20,UWYK Anc (matched label),raw,113,0.9244310360239563,0.02556896397604369,0.02112119409858864,0.55727090238077,0.04883220738332439
ComplexMech,rho>0.99,n30,UWYK Anc (matched label),raw,139,0.9590564876484712,0.009056487648471223,0.013455082378445265,0.6894967260480633,0.0657860760055049
ComplexMech,rho>0.99,n40,UWYK Anc (matched label),raw,123,0.9557860415389761,0.0057860415389761055,0.01638848618025559,0.562009918277396,0.055341500529696594
ComplexMech,rho>0.99,n50,UWYK Anc (matched label),raw,122,0.9609457626551013,0.010945762655101388,0.013771614907207332,0.5783047147192764,0.05123214295868503
ComplexMech,rho>0.99,n5,UWYK No-Anc (matched resolution),raw,109,0.9025070211570867,0.04749297884291326,0.024101344515540857,0.6790126456570785,0.04465715148477566
ComplexMech,rho>0.99,n10,UWYK No-Anc (matched resolution),raw,115,0.9534782608695652,0.003478260869565264,0.015505735007652796,0.6472206689188171,0.05336015514190203
ComplexMech,rho>0.99,n20,UWYK No-Anc (matched resolution),raw,113,0.954473049074819,0.004473049074819047,0.017312106326360464,0.540510745961185,0.03866676936599349
ComplexMech,rho>0.99,n30,UWYK No-Anc (matched resolution),raw,139,0.9841697402745706,0.03416974027457065,0.008983862732385207,0.6608244482077748,0.052234084928816475
ComplexMech,rho>0.99,n40,UWYK No-Anc (matched resolution),raw,123,0.9834146341463414,0.03341463414634149,0.009195138390252542,0.5775165180664427,0.048665452885971586
ComplexMech,rho>0.99,n50,UWYK No-Anc (matched resolution),raw,122,0.9773969200198709,0.02739692001987093,0.010165875325101067,0.6015368498641968,0.04474122883740791
ComplexMech,rho>0.99,n5,UWYK Anc (matched resolution),raw,109,0.9663543496649099,0.016354349664909895,0.01586200169671596,0.7123105339241121,0.04916246697765549
ComplexMech,rho>0.99,n10,UWYK Anc (matched resolution),raw,115,0.992695652173913,0.042695652173913023,0.006266788879065102,0.6109616843063148,0.04058371578421105
ComplexMech,rho>0.99,n20,UWYK Anc (matched resolution),raw,113,0.9703521945114865,0.02035219451148651,0.012401896901631496,0.5304738142634492,0.03625646779518204
ComplexMech,rho>0.99,n30,UWYK Anc (matched resolution),raw,139,0.9870474381162975,0.037047438116297515,0.0082617243781719,0.6675989703816952,0.05790673938029103
ComplexMech,rho>0.99,n40,UWYK Anc (matched resolution),raw,123,0.9897560975609757,0.039756097560975756,0.008265118711802865,0.5706842899467467,0.049671074623674025
ComplexMech,rho>0.99,n50,UWYK Anc (matched resolution),raw,122,0.9963859910581222,0.046385991058122245,0.001991905673933255,0.5851520080633978,0.04568809910496041
ComplexMech,rho>0.99,n5,UWYK-B No-Anc,raw,109,0.8475938711813109,0.10240612881868905,0.025960074127205295,0.6042382035833882,0.04820391799923655
ComplexMech,rho>0.99,n10,UWYK-B No-Anc,raw,115,0.885362617660242,0.06463738233975791,0.01976485545556875,0.581767815952526,0.048156385698292795
ComplexMech,rho>0.99,n20,UWYK-B No-Anc,raw,113,0.9250620139447573,0.024937986055242667,0.020720152200603362,0.5324876895518327,0.04438908678759802
ComplexMech,rho>0.99,n30,UWYK-B No-Anc,raw,139,0.959069412373626,0.009069412373626018,0.01280082932773884,0.6986012463677463,0.06561482182482956
ComplexMech,rho>0.99,n40,UWYK-B No-Anc,raw,123,0.9558623674230079,0.0058623674230079414,0.01622354659417403,0.5772937219302514,0.05613227509945169
ComplexMech,rho>0.99,n50,UWYK-B No-Anc,raw,122,0.96073522106309,0.010735221063089995,0.013807141394725216,0.5769732727378509,0.04844352789031365
ComplexMech,rho>0.99,n5,UWYK-B Anc,raw,109,0.9066352220655018,0.04336477793449811,0.019836275305073578,0.6711688055507189,0.050048185981723926
ComplexMech,rho>0.99,n10,UWYK-B Anc,raw,115,0.9376584491259524,0.012341550874047535,0.01244640429782758,0.6072435190064278,0.046582737693171526
ComplexMech,rho>0.99,n20,UWYK-B Anc,raw,113,0.933469093590775,0.016530906409224944,0.019488602178185953,0.5325493357213871,0.04215337475728447
ComplexMech,rho>0.99,n30,UWYK-B Anc,raw,139,0.9671011576638504,0.017101157663850453,0.011725557177230422,0.6945764233287652,0.0668751845058335
ComplexMech,rho>0.99,n40,UWYK-B Anc,raw,123,0.9570931029626865,0.007093102962686504,0.016179765579313433,0.5540161252860027,0.05400111551343475
ComplexMech,rho>0.99,n50,UWYK-B Anc,raw,122,0.964492166786673,0.014492166786673089,0.012431337619490104,0.5664486845586862,0.048954157716043785
ComplexMech,rho>0.99,n5,CausalPFN-C (matched label),raw,109,0.9082955482199013,0.04170445178009863,0.021183476392740708,0.8383361772161787,0.09815843556910003
ComplexMech,rho>0.99,n10,CausalPFN-C (matched label),raw,115,0.9400576233211755,0.009942376678824472,0.0156804122344856,0.6407936062180083,0.05760733026624526
ComplexMech,rho>0.99,n20,CausalPFN-C (matched label),raw,113,0.9634002648508625,0.013400264850862542,0.01037086202560678,0.5624107843049773,0.05049140310219268
ComplexMech,rho>0.99,n30,CausalPFN-C (matched label),raw,139,0.9618237727316122,0.011823772731612281,0.008841420327480412,0.6124710988221523,0.057053081522854925
ComplexMech,rho>0.99,n40,CausalPFN-C (matched label),raw,123,0.9727900650967758,0.022790065096775836,0.00916042598681444,0.4808240747356893,0.049286925881044455
ComplexMech,rho>0.99,n50,CausalPFN-C (matched label),raw,122,0.9549659842377413,0.0049659842377413055,0.012756791045080764,0.5050626656220838,0.04648632521512252
ComplexMech,rho>0.99,n5,CausalPFN-C (matched resolution),raw,109,0.9545951181686526,0.0045951181686526565,0.016588026555176858,0.9322884723475465,0.11429786887234307
ComplexMech,rho>0.99,n10,CausalPFN-C (matched resolution),raw,115,0.9990434782608697,0.049043478260869744,0.00040916116760414054,0.7660005257410366,0.0550245813547062
ComplexMech,rho>0.99,n20,CausalPFN-C (matched resolution),raw,113,0.997875212299991,0.04787521229999103,0.001788692419017681,0.7178485664587125,0.05759072766168733
ComplexMech,rho>0.99,n30,CausalPFN-C (matched resolution),raw,139,0.999568345323741,0.04956834532374099,0.0002474034398909629,0.7520775102207403,0.056461738363200516
ComplexMech,rho>0.99,n40,CausalPFN-C (matched resolution),raw,123,0.9916260162601626,0.0416260162601626,0.008130101292791628,0.6421878381553581,0.05258960158083943
ComplexMech,rho>0.99,n50,CausalPFN-C (matched resolution),raw,122,0.9997516145057128,0.04975161450571286,0.0002483854942871334,0.6394460851274266,0.04691722761911034
ComplexMech,rho>0.99,n5,"CausalPFN (two-stage, published)",raw,109,0.9528005967293917,0.0028005967293917022,0.017581680310420168,0.930177006436001,0.09252798632843316
ComplexMech,rho>0.99,n10,"CausalPFN (two-stage, published)",raw,115,0.9993913043478262,0.04939130434782624,0.0002557338350355411,0.8546615355862285,0.059802784522046334
ComplexMech,rho>0.99,n20,"CausalPFN (two-stage, published)",raw,113,0.9980522034504336,0.048052203450433595,0.0011983091759827503,0.7883869754147934,0.0664696587221959
ComplexMech,rho>0.99,n30,"CausalPFN (two-stage, published)",raw,139,0.9997841726618705,0.04978417266187052,0.00016040123744223909,0.8234769847625304,0.05747248875047043
ComplexMech,rho>0.99,n40,"CausalPFN (two-stage, published)",raw,123,0.9913821138211382,0.04138211382113821,0.008140710098776937,0.6926253747975011,0.0547408213825882
ComplexMech,rho>0.99,n50,"CausalPFN (two-stage, published)",raw,122,1.0,0.050000000000000044,0.0,0.7178676071996645,0.048856587882215356
