benchmark,case,slice,model,stage,n_real,coverage,abs_dev,se,length,length_se
RealCause,IHDP,all,Do-PFN 1D,malc,100,0.9667999999999998,0.016799999999999815,0.002594961880354668,25.86002478239669,3.1405965416096064
RealCause,ACIC,all,Do-PFN 1D,malc,10,0.9848232848232849,0.034823284823284895,0.007141942894244229,26.62443890322465,0.9051948932136966
RealCause,CPS,all,Do-PFN 1D,malc,100,0.9528615574783683,0.0028615574783683595,0.002751227488118711,48153.34113348148,305.36322060291343
RealCause,PSID,all,Do-PFN 1D,malc,100,0.9816417910447762,0.03164179104477627,0.0008396967059983581,86044.2094016548,288.5787117816691
RealCause,PSID_bal,all,Do-PFN 1D,malc,100,0.9748507462686569,0.02485074626865691,0.0010851070701391001,85320.695684992,516.9892366965004
RealCause,IHDP,all,Do-PFN 2D,malc,100,0.8375999999999999,0.11240000000000006,0.01235375322949341,17.559273488366937,2.1731989458853587
RealCause,ACIC,all,Do-PFN 2D,malc,10,0.8278586278586278,0.1221413721413721,0.06065462585329824,12.258492851602362,1.2902432992896746
RealCause,CPS,all,Do-PFN 2D,malc,100,0.4582509270704574,0.49174907292954256,0.00238655641606125,18616.43977919959,63.93230079098221
RealCause,PSID,all,Do-PFN 2D,malc,100,0.8991417910447761,0.05085820895522386,0.0021824758001743184,46585.9003629126,132.4718299775651
RealCause,PSID_bal,all,Do-PFN 2D,malc,100,0.9064552238805968,0.043544776119403106,0.002595604295518644,47984.42218129077,273.03414920188476
RealCause,IHDP,all,UWYK 1D (noanc),malc,100,0.9783999999999999,0.02839999999999998,0.0020654172393526305,25.102783805362424,2.5952394424500835
RealCause,ACIC,all,UWYK 1D (noanc),malc,10,0.9914760914760914,0.04147609147609144,0.003962243204136607,22.829060736178107,1.5205869615597778
RealCause,CPS,all,UWYK 1D (noanc),malc,100,0.8841470951792337,0.06585290482076622,0.001801180925101116,39796.79998118801,126.37274534891783
RealCause,PSID,all,UWYK 1D (noanc),malc,100,0.8771268656716417,0.07287313432835829,0.0026327245893212866,59593.545138145564,241.55096972382734
RealCause,PSID_bal,all,UWYK 1D (noanc),malc,100,0.8911567164179105,0.058843283582089456,0.002959550438435629,59556.375137315605,307.62235991911575
RealCause,IHDP,all,UWYK 1D (v3a),malc,100,0.9795999999999999,0.02959999999999996,0.0018899462281319224,23.005024551783222,2.4584231539988846
RealCause,ACIC,all,UWYK 1D (v3a),malc,10,0.9906444906444907,0.040644490644490716,0.005857803315039265,19.925177655636478,1.3672608355179128
RealCause,CPS,all,UWYK 1D (v3a),malc,100,0.9074474660074167,0.0425525339925833,0.0016756231152361696,40175.65417466455,123.40728571714835
RealCause,PSID,all,UWYK 1D (v3a),malc,100,0.9132462686567163,0.036753731343283635,0.002115674599848872,70187.82890948564,444.71922107653455
RealCause,PSID_bal,all,UWYK 1D (v3a),malc,100,0.9632089552238804,0.013208955223880436,0.0015652246187337006,68851.06498941718,534.6159384087653
RealCause,IHDP,all,UWYK 2D (noanc),malc,100,0.9836,0.033600000000000074,0.002100547734671631,26.6286962365682,2.9824181913014742
RealCause,ACIC,all,UWYK 2D (noanc),malc,10,0.9654885654885653,0.015488565488565365,0.015930577174927605,17.79345199308296,2.474226229017761
RealCause,CPS,all,UWYK 2D (noanc),malc,100,0.8079542645241038,0.14204573547589616,0.00784122101812641,32391.612393656233,454.50654543511484
RealCause,PSID,all,UWYK 2D (noanc),malc,100,0.6773507462686568,0.2726492537313432,0.01486527314439633,38717.795255027406,946.5596521229294
RealCause,PSID_bal,all,UWYK 2D (noanc),malc,100,0.8867164179104478,0.0632835820895522,0.004680777040507927,54404.67424122915,490.05844925961657
RealCause,IHDP,all,UWYK 2D (v3a),malc,100,0.9753333333333332,0.025333333333333208,0.002384950947362305,22.860293270028045,2.5817065472865286
RealCause,ACIC,all,UWYK 2D (v3a),malc,10,0.9602910602910603,0.010291060291060306,0.015734168301434193,16.35349728062485,2.179780782797238
RealCause,CPS,all,UWYK 2D (v3a),malc,100,0.6983868974042028,0.25161310259579717,0.012549508388701416,27788.56171396877,513.0092922073022
RealCause,PSID,all,UWYK 2D (v3a),malc,100,0.581455223880597,0.36854477611940295,0.015223176196371976,32867.61198149007,873.0249143744192
RealCause,PSID_bal,all,UWYK 2D (v3a),malc,100,0.6930223880597016,0.25697761194029833,0.008868723748129395,39212.49352652786,506.3367705009724
RealCause,IHDP,all,CausalPFN 1D,malc,100,0.8451999999999998,0.10480000000000012,0.005583027028132451,4.722406432108093,0.130074785195827
RealCause,ACIC,all,CausalPFN 1D,malc,10,0.961954261954262,0.01195426195426208,0.005500959008306621,8.720664495927032,0.7987387266775078
RealCause,CPS,all,CausalPFN 1D,malc,100,0.9566069221260817,0.006606922126081716,0.005838243927764435,45930.53676546257,505.90164118506993
RealCause,PSID,all,CausalPFN 1D,malc,100,0.9578731343283582,0.007873134328358233,0.0016176067478012655,76913.27037259315,1298.887606288488
RealCause,PSID_bal,all,CausalPFN 1D,malc,100,0.9485820895522389,0.0014179104477610727,0.0018581788329841379,71188.18007564658,1226.9845950370936
RealCause,IHDP,all,CausalPFN 2D,malc,100,0.9742666666666666,0.02426666666666666,0.003195142216281948,14.85083035891517,1.6375841487158342
RealCause,ACIC,all,CausalPFN 2D,malc,10,0.9977130977130978,0.04771309771309784,0.0014684421414010408,13.549090182449117,0.5033417306032426
RealCause,CPS,all,CausalPFN 2D,malc,100,0.9554079110012362,0.005407911001236276,0.005076568545611087,42685.49638235199,192.218650225217
RealCause,PSID,all,CausalPFN 2D,malc,100,0.9720895522388059,0.022089552238805932,0.001096529971748568,60584.82813315856,868.8533768870038
RealCause,PSID_bal,all,CausalPFN 2D,malc,100,0.9632462686567161,0.013246268656716187,0.001318829242404201,60737.47769898482,904.5811456805288
RealCause,IHDP,all,Do-PFN (matched resolution),malc,100,0.9821333333333334,0.03213333333333346,0.002805926068143594,29.99944603770573,2.0673994339748796
RealCause,ACIC,all,Do-PFN (matched resolution),malc,10,0.9943866943866944,0.0443866943866944,0.0029895571185201654,33.83436537321573,0.6665100447718031
RealCause,CPS,all,Do-PFN (matched resolution),malc,100,0.8880469715698392,0.061953028430160706,0.000773439460001913,37935.20164571826,24.88684475800548
RealCause,PSID,all,Do-PFN (matched resolution),malc,100,0.9110447761194029,0.03895522388059702,0.0018484201642070008,49040.303507182376,164.54863054049633
RealCause,PSID_bal,all,Do-PFN (matched resolution),malc,100,0.9094029850746268,0.040597014925373154,0.0023913318077387457,51658.0481596679,342.96705019875685
RealCause,IHDP,all,UWYK No-Anc (matched resolution),malc,100,0.86,0.08999999999999997,0.006321005190772532,17.970057342942784,1.8953240498008526
RealCause,ACIC,all,UWYK No-Anc (matched resolution),malc,10,0.9787941787941786,0.02879417879417867,0.01126760309727105,20.14341348196834,1.948542433999983
RealCause,CPS,all,UWYK No-Anc (matched resolution),malc,100,0.877354758961681,0.07264524103831893,0.0018476853402676272,39274.13701926708,108.8627156874805
RealCause,PSID,all,UWYK No-Anc (matched resolution),malc,100,0.8260074626865672,0.12399253731343274,0.0031144938782933698,55840.674564289606,291.9801438151042
RealCause,PSID_bal,all,UWYK No-Anc (matched resolution),malc,100,0.8498507462686569,0.10014925373134309,0.003369338476799754,57266.43485058168,361.3864782625024
RealCause,IHDP,all,UWYK Anc (matched resolution),malc,100,0.8938666666666664,0.05613333333333359,0.007520823318590196,16.68368858000065,1.7773703735209523
RealCause,ACIC,all,UWYK Anc (matched resolution),malc,10,0.9864864864864865,0.03648648648648656,0.005979515829829651,19.4659241313328,1.9469073865233064
RealCause,CPS,all,UWYK Anc (matched resolution),malc,100,0.8958220024721879,0.05417799752781205,0.001554126387550901,39619.097762216836,103.44159362384923
RealCause,PSID,all,UWYK Anc (matched resolution),malc,100,0.9144029850746267,0.03559701492537326,0.0027274742974925125,65658.72718666858,494.3746268246411
RealCause,PSID_bal,all,UWYK Anc (matched resolution),malc,100,0.9432462686567165,0.006753731343283498,0.0020996068479017466,62549.55359602428,406.56462738528813
RealCause,IHDP,all,CausalPFN-C (matched resolution),malc,100,0.9929333333333332,0.04293333333333327,0.0011752020625265054,15.36090814326938,1.5858124108241394
RealCause,ACIC,all,CausalPFN-C (matched resolution),malc,10,0.998960498960499,0.04896049896049903,0.000558715020672109,14.800546718453669,0.5346397775446367
RealCause,CPS,all,CausalPFN-C (matched resolution),malc,100,0.9747775030902353,0.024777503090235298,0.003841231049079171,55947.9445251766,704.2908604425071
RealCause,PSID,all,CausalPFN-C (matched resolution),malc,100,0.9841791044776119,0.034179104477611966,0.000776052717217682,88642.80019723665,1133.6619202535294
RealCause,PSID_bal,all,CausalPFN-C (matched resolution),malc,100,0.9816417910447761,0.03164179104477616,0.0009422933809278214,80405.49165304848,1419.3250861127576
CaseStudy,Observed_Confounder,pooled,Do-PFN 1D,malc,1800,0.9945055555555556,0.04450555555555569,0.0007137271490022749,5.673634003877702,0.0972248662323769
CaseStudy,Observed_Confounder,shift-2,Do-PFN 1D,malc,600,0.9943833333333333,0.04438333333333333,0.0013493458021797593,6.7970251491405,0.1726185412419249
CaseStudy,Observed_Confounder,shift0,Do-PFN 1D,malc,600,0.9965000000000002,0.04650000000000021,0.0009582985525129786,4.270266929386457,0.1492466750998872
CaseStudy,Observed_Confounder,shift+2,Do-PFN 1D,malc,600,0.9926333333333334,0.04263333333333341,0.0013557923442500841,5.953609933106149,0.16604646052543223
CaseStudy,Observed_Confounder,d5,Do-PFN 1D,malc,300,0.9904999999999999,0.04049999999999998,0.002025547533227633,1.0673664718385285,0.07705490466538818
CaseStudy,Observed_Confounder,d10,Do-PFN 1D,malc,300,0.9938666666666666,0.04386666666666661,0.0011610295409446379,5.004376869585048,0.21163373844336217
CaseStudy,Observed_Confounder,d20,Do-PFN 1D,malc,300,0.9977666666666666,0.047766666666666624,0.00046028039860101204,6.131842538065737,0.18072265815933392
CaseStudy,Observed_Confounder,d30,Do-PFN 1D,malc,300,0.9902333333333333,0.04023333333333334,0.0031814044188929313,6.532988107339453,0.1766659267423749
CaseStudy,Observed_Confounder,d40,Do-PFN 1D,malc,300,0.9984,0.0484,0.00048651835677877576,7.416082614921385,0.22753675966652984
CaseStudy,Observed_Confounder,d50,Do-PFN 1D,malc,300,0.9962666666666666,0.04626666666666668,0.0014684290617280043,7.889147421516061,0.26957555184982523
CaseStudy,Observed_Confounder,pooled,Do-PFN 2D,malc,1800,0.9928333333333332,0.04283333333333328,0.0016491716571030613,2.9733052120280576,0.053736393265617924
CaseStudy,Observed_Confounder,shift-2,Do-PFN 2D,malc,600,0.9962333333333333,0.04623333333333335,0.0016109386561063434,3.599948295357476,0.1025930595882731
CaseStudy,Observed_Confounder,shift0,Do-PFN 2D,malc,600,0.9932166666666667,0.04321666666666679,0.002997908672529824,1.8255055567001472,0.0696903894451988
CaseStudy,Observed_Confounder,shift+2,Do-PFN 2D,malc,600,0.9890500000000001,0.03905000000000014,0.0035887501602723413,3.4944617840265506,0.08559696634293645
CaseStudy,Observed_Confounder,d5,Do-PFN 2D,malc,300,0.9968666666666667,0.04686666666666672,0.0007455155165109597,1.495099655964524,0.037796681809617615
CaseStudy,Observed_Confounder,d10,Do-PFN 2D,malc,300,0.9756,0.025600000000000067,0.008415884540412099,2.4865843661227003,0.11819770506025
CaseStudy,Observed_Confounder,d20,Do-PFN 2D,malc,300,0.9992333333333334,0.04923333333333346,0.0006688120441148081,2.857576340770607,0.11863422117938131
CaseStudy,Observed_Confounder,d30,Do-PFN 2D,malc,300,0.9981333333333333,0.04813333333333336,0.0011506125878798595,3.218440344983085,0.11770473197599952
CaseStudy,Observed_Confounder,d40,Do-PFN 2D,malc,300,0.9999000000000001,0.049900000000000166,0.00010000000000000005,3.771813074218428,0.1400286045242496
CaseStudy,Observed_Confounder,d50,Do-PFN 2D,malc,300,0.9872666666666667,0.03726666666666678,0.0048446992797397765,4.010317490109001,0.16502227994399182
CaseStudy,Observed_Confounder,pooled,UWYK 1D (noanc),malc,1800,0.9577111111111112,0.007711111111111224,0.0025002359086876984,5.317966178991289,0.1085081197727875
CaseStudy,Observed_Confounder,shift-2,UWYK 1D (noanc),malc,600,0.9391,0.01089999999999991,0.0047575947543281455,6.0239042296509275,0.17449287517456596
CaseStudy,Observed_Confounder,shift0,UWYK 1D (noanc),malc,600,0.9985833333333333,0.04858333333333331,0.0006794049438458106,3.959719619307203,0.20432094297433423
CaseStudy,Observed_Confounder,shift+2,UWYK 1D (noanc),malc,600,0.93545,0.014549999999999952,0.005388180995026961,5.970274688015733,0.17107615047165392
CaseStudy,Observed_Confounder,d5,UWYK 1D (noanc),malc,300,0.8559666666666665,0.09403333333333341,0.011230045931514776,3.4144748848900015,0.1341715741673401
CaseStudy,Observed_Confounder,d10,UWYK 1D (noanc),malc,300,0.9270333333333334,0.02296666666666658,0.0059829371528624786,5.03863103980438,0.2781592716191242
CaseStudy,Observed_Confounder,d20,UWYK 1D (noanc),malc,300,0.9790666666666668,0.029066666666666796,0.0026080628490510955,5.302972244700902,0.2212917813921341
CaseStudy,Observed_Confounder,d30,UWYK 1D (noanc),malc,300,0.9889666666666667,0.038966666666666705,0.0017749014030953305,5.551617602981807,0.21417452381954297
CaseStudy,Observed_Confounder,d40,UWYK 1D (noanc),malc,300,0.9953666666666667,0.04536666666666678,0.0007455529000136021,6.105958588700738,0.291300136313776
CaseStudy,Observed_Confounder,d50,UWYK 1D (noanc),malc,300,0.9998666666666668,0.04986666666666684,6.633137535414974e-05,6.494142712869899,0.36153688518340565
CaseStudy,Observed_Confounder,pooled,UWYK 1D (v3a),malc,1800,0.9977222222222223,0.04772222222222233,0.00045968369005418454,4.234377341520839,0.1016457940873922
CaseStudy,Observed_Confounder,shift-2,UWYK 1D (v3a),malc,600,0.9980500000000001,0.04805000000000015,0.0006639171878148777,4.44140497052051,0.16502710196156312
CaseStudy,Observed_Confounder,shift0,UWYK 1D (v3a),malc,600,0.9992333333333333,0.04923333333333335,0.0003633430588927734,3.843977674073927,0.19660849210977557
CaseStudy,Observed_Confounder,shift+2,UWYK 1D (v3a),malc,600,0.9958833333333333,0.04588333333333339,0.0011495466592511962,4.417749379968082,0.16376605798401458
CaseStudy,Observed_Confounder,d5,UWYK 1D (v3a),malc,300,0.9873666666666668,0.03736666666666688,0.0026577743320025035,2.2839531517765277,0.12954466586861937
CaseStudy,Observed_Confounder,d10,UWYK 1D (v3a),malc,300,0.9990000000000001,0.049000000000000155,0.00036115755925730764,3.935815746458458,0.27575035252397373
CaseStudy,Observed_Confounder,d20,UWYK 1D (v3a),malc,300,1.0,0.050000000000000044,0.0,4.19630828760486,0.21852785711785866
CaseStudy,Observed_Confounder,d30,UWYK 1D (v3a),malc,300,1.0,0.050000000000000044,0.0,4.474322159365356,0.20291668776802138
CaseStudy,Observed_Confounder,d40,UWYK 1D (v3a),malc,300,1.0,0.050000000000000044,0.0,5.0913310622067085,0.2668289251101803
CaseStudy,Observed_Confounder,d50,UWYK 1D (v3a),malc,300,0.9999666666666667,0.049966666666666715,3.333333333333335e-05,5.424533641713126,0.31563366701961876
CaseStudy,Observed_Confounder,pooled,UWYK 2D (noanc),malc,1800,0.9994444444444445,0.04944444444444451,0.0001530417957806726,3.3544141287152223,0.05316419492436301
CaseStudy,Observed_Confounder,shift-2,UWYK 2D (noanc),malc,600,0.9999833333333333,0.04998333333333338,1.666666666666668e-05,4.177384076786687,0.09827964990309762
CaseStudy,Observed_Confounder,shift0,UWYK 2D (noanc),malc,600,0.9988333333333332,0.048833333333333284,0.00037217992987806825,2.219761112919137,0.057488917831597555
CaseStudy,Observed_Confounder,shift+2,UWYK 2D (noanc),malc,600,0.9995166666666667,0.049516666666666764,0.00026667970891868013,3.6660971964398414,0.09518484641682157
CaseStudy,Observed_Confounder,d5,UWYK 2D (noanc),malc,300,0.9984,0.0484,0.0006974391763317244,3.1382500194746616,0.10671352750526508
CaseStudy,Observed_Confounder,d10,UWYK 2D (noanc),malc,300,0.9997,0.04970000000000008,0.00023781333845368776,3.348438516715527,0.13558249206480258
CaseStudy,Observed_Confounder,d20,UWYK 2D (noanc),malc,300,0.9994666666666667,0.04946666666666677,0.00033910280118766117,3.0966343483849506,0.12572183373996199
CaseStudy,Observed_Confounder,d30,UWYK 2D (noanc),malc,300,0.9993666666666666,0.04936666666666667,0.00039759122364843433,3.129159769575798,0.11906767687500713
CaseStudy,Observed_Confounder,d40,UWYK 2D (noanc),malc,300,0.9997333333333333,0.049733333333333296,0.00015584726059894273,3.5515247901123015,0.13762157249650853
CaseStudy,Observed_Confounder,d50,UWYK 2D (noanc),malc,300,1.0,0.050000000000000044,0.0,3.862477328028091,0.14764947035061946
CaseStudy,Observed_Confounder,pooled,UWYK 2D (v3a),malc,1800,0.9961555555555555,0.046155555555555505,0.0008242503784921533,2.538638340949362,0.04942231654085921
CaseStudy,Observed_Confounder,shift-2,UWYK 2D (v3a),malc,600,0.9995333333333334,0.04953333333333343,0.0002651599056264836,3.2352657152829383,0.09233637855885216
CaseStudy,Observed_Confounder,shift0,UWYK 2D (v3a),malc,600,0.9978000000000001,0.047800000000000176,0.0009082813211025389,1.553351861079154,0.05272439744528564
CaseStudy,Observed_Confounder,shift+2,UWYK 2D (v3a),malc,600,0.9911333333333332,0.041133333333333244,0.00227164009679433,2.8272974464859932,0.09017610874930335
CaseStudy,Observed_Confounder,d5,UWYK 2D (v3a),malc,300,0.9934,0.043399999999999994,0.002048280133433101,1.9932855527402564,0.08274676473349082
CaseStudy,Observed_Confounder,d10,UWYK 2D (v3a),malc,300,0.9887,0.03870000000000007,0.0040200070993908375,2.372759214293579,0.13268114700103625
CaseStudy,Observed_Confounder,d20,UWYK 2D (v3a),malc,300,0.9958,0.04580000000000006,0.0019224311067211712,2.3564419797547727,0.11981503186614138
CaseStudy,Observed_Confounder,d30,UWYK 2D (v3a),malc,300,0.9993666666666666,0.04936666666666667,0.000316398114137088,2.466893038301062,0.11251036363559717
CaseStudy,Observed_Confounder,d40,UWYK 2D (v3a),malc,300,0.9997333333333334,0.04973333333333341,0.00018824622347880454,2.777197419418391,0.1214503725103968
CaseStudy,Observed_Confounder,d50,UWYK 2D (v3a),malc,300,0.9999333333333333,0.049933333333333385,4.7061555869701135e-05,3.2652528411881097,0.13707893459225826
CaseStudy,Observed_Confounder,pooled,CausalPFN 1D,malc,1800,0.9894611111111112,0.03946111111111128,0.0006970510773006073,1.4813008660420912,0.06742324373378737
CaseStudy,Observed_Confounder,shift-2,CausalPFN 1D,malc,600,0.9812000000000001,0.031200000000000117,0.0016446537389309065,1.6080295924440091,0.12499772648796831
CaseStudy,Observed_Confounder,shift0,CausalPFN 1D,malc,600,0.9981166666666667,0.048116666666666696,0.00035530729774392085,1.2078986329833863,0.09501193514275227
CaseStudy,Observed_Confounder,shift+2,CausalPFN 1D,malc,600,0.9890666666666665,0.03906666666666658,0.001143413225605233,1.6279743726988785,0.12696205562463897
CaseStudy,Observed_Confounder,d5,CausalPFN 1D,malc,300,0.9849333333333334,0.03493333333333348,0.00271479424020118,0.5584955900626744,0.02388070478158434
CaseStudy,Observed_Confounder,d10,CausalPFN 1D,malc,300,0.9929666666666667,0.04296666666666671,0.0010945271101923957,0.7874914866068177,0.05826142857124517
CaseStudy,Observed_Confounder,d20,CausalPFN 1D,malc,300,0.9946999999999999,0.04469999999999996,0.0011798805751784323,1.1272218672202912,0.09024284802174067
CaseStudy,Observed_Confounder,d30,CausalPFN 1D,malc,300,0.9933333333333333,0.043333333333333335,0.0008045762830018559,1.4267732512661064,0.11866725673919605
CaseStudy,Observed_Confounder,d40,CausalPFN 1D,malc,300,0.9887999999999999,0.038799999999999946,0.0014398686921428478,2.0884521075332017,0.1849950663883902
CaseStudy,Observed_Confounder,d50,CausalPFN 1D,malc,300,0.9820333333333332,0.03203333333333325,0.0021028718131414106,2.899370893563457,0.3014118720511975
CaseStudy,Observed_Confounder,pooled,CausalPFN 2D,malc,1800,0.9994555555555555,0.049455555555555586,0.00014305235120443344,3.1365626691589354,0.041953174274335474
CaseStudy,Observed_Confounder,shift-2,CausalPFN 2D,malc,600,0.9994000000000002,0.04940000000000022,0.0001944127753313039,3.4980270229818613,0.0657248828353107
CaseStudy,Observed_Confounder,shift0,CausalPFN 2D,malc,600,0.9993166666666667,0.049316666666666786,0.000312153350676735,2.4736306750241126,0.07733787348710991
CaseStudy,Observed_Confounder,shift+2,CausalPFN 2D,malc,600,0.9996500000000001,0.049650000000000194,0.00022145934254546096,3.4380303094708324,0.06673684655185136
CaseStudy,Observed_Confounder,d5,CausalPFN 2D,malc,300,0.9984333333333333,0.04843333333333333,0.0007926900326878755,2.6772227127139763,0.06932879216933867
CaseStudy,Observed_Confounder,d10,CausalPFN 2D,malc,300,0.9998000000000001,0.04980000000000018,8.09640904752737e-05,3.12832125868393,0.10740978741071448
CaseStudy,Observed_Confounder,d20,CausalPFN 2D,malc,300,0.9994333333333335,0.04943333333333355,0.00022654564281718176,3.040746619232625,0.0865187728139361
CaseStudy,Observed_Confounder,d30,CausalPFN 2D,malc,300,0.9995,0.0495000000000001,0.00016442189526719162,3.0679452658048465,0.0826605116051799
CaseStudy,Observed_Confounder,d40,CausalPFN 2D,malc,300,0.9997333333333334,0.04973333333333341,0.00010445306225664263,3.3347556174985864,0.10927804697805181
CaseStudy,Observed_Confounder,d50,CausalPFN 2D,malc,300,0.9998333333333335,0.04983333333333351,9.970226952902435e-05,3.570384541019648,0.13936509319709578
CaseStudy,Observed_Confounder,pooled,Do-PFN (matched resolution),malc,1800,0.9525333333333333,0.0025333333333333874,0.0032311199107982495,12.377139078385957,0.13738410496973147
CaseStudy,Observed_Confounder,shift-2,Do-PFN (matched resolution),malc,600,0.9395166666666668,0.010483333333333178,0.006082570370127222,12.490474184471346,0.23780995234560415
CaseStudy,Observed_Confounder,shift0,Do-PFN (matched resolution),malc,600,0.9906,0.04060000000000008,0.0015066020541545262,11.659200516808399,0.22536059047245188
CaseStudy,Observed_Confounder,shift+2,Do-PFN (matched resolution),malc,600,0.9274833333333333,0.02251666666666663,0.007144836723197394,12.981742533878132,0.24743771660895492
CaseStudy,Observed_Confounder,d5,Do-PFN (matched resolution),malc,300,0.7321666666666666,0.21783333333333332,0.01320589530302154,2.3816523965916083,0.05400240305264911
CaseStudy,Observed_Confounder,d10,Do-PFN (matched resolution),malc,300,0.9830666666666665,0.03306666666666658,0.0026141256506012054,9.606542468557361,0.17592889580779425
CaseStudy,Observed_Confounder,d20,Do-PFN (matched resolution),malc,300,0.9999666666666667,0.049966666666666715,3.333333333333335e-05,13.433069740899665,0.15682531769036104
CaseStudy,Observed_Confounder,d30,Do-PFN (matched resolution),malc,300,1.0,0.050000000000000044,0.0,15.11535175308235,0.15508697264727492
CaseStudy,Observed_Confounder,d40,Do-PFN (matched resolution),malc,300,1.0,0.050000000000000044,0.0,16.293305904973458,0.1754176693142094
CaseStudy,Observed_Confounder,d50,Do-PFN (matched resolution),malc,300,1.0,0.050000000000000044,0.0,17.432912206211313,0.20659761424429135
CaseStudy,Observed_Confounder,pooled,UWYK No-Anc (matched resolution),malc,1800,0.98325,0.03325,0.001134722075280642,4.547539797148251,0.09892758404289007
CaseStudy,Observed_Confounder,shift-2,UWYK No-Anc (matched resolution),malc,600,0.9757666666666668,0.025766666666666826,0.002076880267452801,5.44514649050597,0.16129708209715857
CaseStudy,Observed_Confounder,shift0,UWYK No-Anc (matched resolution),malc,600,0.9987333333333334,0.048733333333333406,0.0004689506078495748,2.7923035184835414,0.16762035558228414
CaseStudy,Observed_Confounder,shift+2,UWYK No-Anc (matched resolution),malc,600,0.97525,0.025249999999999995,0.0025430968134023584,5.405169382455239,0.16232181423031264
CaseStudy,Observed_Confounder,d5,UWYK No-Anc (matched resolution),malc,300,0.9447333333333332,0.005266666666666753,0.005529165264731377,3.022489818294211,0.1063080009884909
CaseStudy,Observed_Confounder,d10,UWYK No-Anc (matched resolution),malc,300,0.9814,0.031400000000000095,0.002109097985960176,4.248922475497954,0.23302723801509231
CaseStudy,Observed_Confounder,d20,UWYK No-Anc (matched resolution),malc,300,0.9906,0.04060000000000008,0.001563562236476554,4.593471194391286,0.22172117213351739
CaseStudy,Observed_Confounder,d30,UWYK No-Anc (matched resolution),malc,300,0.9932333333333332,0.043233333333333235,0.0011041811014811287,4.614251781131307,0.2093781298402029
CaseStudy,Observed_Confounder,d40,UWYK No-Anc (matched resolution),malc,300,0.9930333333333332,0.04303333333333326,0.0010135078034395444,5.167128836524667,0.27532755057825864
CaseStudy,Observed_Confounder,d50,UWYK No-Anc (matched resolution),malc,300,0.9964999999999999,0.046499999999999986,0.000614076787546431,5.638974677050081,0.3248499128450388
CaseStudy,Observed_Confounder,pooled,UWYK Anc (matched resolution),malc,1800,0.9993944444444445,0.04939444444444452,0.00012052622822169168,3.269387167356174,0.09197960647924161
CaseStudy,Observed_Confounder,shift-2,UWYK Anc (matched resolution),malc,600,0.9993500000000001,0.049350000000000116,0.00019909715527813092,3.499744322007291,0.15801010860774117
CaseStudy,Observed_Confounder,shift0,UWYK Anc (matched resolution),malc,600,0.9998666666666668,0.04986666666666684,6.217477057525887e-05,2.8265212661862362,0.1599106014115245
CaseStudy,Observed_Confounder,shift+2,UWYK Anc (matched resolution),malc,600,0.9989666666666669,0.048966666666666936,0.0002944455819075548,3.481895913874993,0.15873553767873758
CaseStudy,Observed_Confounder,d5,UWYK Anc (matched resolution),malc,300,0.9974333333333334,0.04743333333333344,0.0006688120441148085,1.833631389877058,0.09605541742591651
CaseStudy,Observed_Confounder,d10,UWYK Anc (matched resolution),malc,300,0.9994333333333335,0.04943333333333355,0.00017679377434554378,2.994246489887459,0.23333885997923973
CaseStudy,Observed_Confounder,d20,UWYK Anc (matched resolution),malc,300,0.9998000000000001,0.04980000000000018,0.0001411846676091034,3.089497234957172,0.2005407447284467
CaseStudy,Observed_Confounder,d30,UWYK Anc (matched resolution),malc,300,0.9999000000000001,0.049900000000000166,5.754160919975792e-05,3.268877732631796,0.19223472730956584
CaseStudy,Observed_Confounder,d40,UWYK Anc (matched resolution),malc,300,0.9999333333333333,0.049933333333333385,4.7061555869701135e-05,3.9445178067922932,0.2605061278146775
CaseStudy,Observed_Confounder,d50,UWYK Anc (matched resolution),malc,300,0.9998666666666668,0.04986666666666684,6.633137535414972e-05,4.485552349991263,0.2880678398973967
CaseStudy,Observed_Confounder,pooled,CausalPFN-C (matched resolution),malc,1800,1.0,0.050000000000000044,0.0,3.857540194878499,0.0818668172606025
CaseStudy,Observed_Confounder,shift-2,CausalPFN-C (matched resolution),malc,600,1.0,0.050000000000000044,0.0,4.234116535144398,0.1323848097376459
CaseStudy,Observed_Confounder,shift0,CausalPFN-C (matched resolution),malc,600,1.0,0.050000000000000044,0.0,3.0375738195013007,0.1398959664337727
CaseStudy,Observed_Confounder,shift+2,CausalPFN-C (matched resolution),malc,600,1.0,0.050000000000000044,0.0,4.300930229989797,0.14697857586923704
CaseStudy,Observed_Confounder,d5,CausalPFN-C (matched resolution),malc,300,1.0,0.050000000000000044,0.0,2.773465856047094,0.07081318167613217
CaseStudy,Observed_Confounder,d10,CausalPFN-C (matched resolution),malc,300,1.0,0.050000000000000044,0.0,3.3146740422169962,0.11998674181159825
CaseStudy,Observed_Confounder,d20,CausalPFN-C (matched resolution),malc,300,1.0,0.050000000000000044,0.0,3.4613128792119325,0.12252120235145005
CaseStudy,Observed_Confounder,d30,CausalPFN-C (matched resolution),malc,300,1.0,0.050000000000000044,0.0,3.780617177855015,0.15449053288207037
CaseStudy,Observed_Confounder,d40,CausalPFN-C (matched resolution),malc,300,1.0,0.050000000000000044,0.0,4.510396449388603,0.23121168620986524
CaseStudy,Observed_Confounder,d50,CausalPFN-C (matched resolution),malc,300,1.0,0.050000000000000044,0.0,5.304774764551351,0.3410431046424442
CaseStudy,Observed_Mediator,pooled,Do-PFN 1D,malc,1800,0.6121277777777777,0.33787222222222224,0.009394597472998572,0.6960679788939211,0.011636207217604659
CaseStudy,Observed_Mediator,shift-2,Do-PFN 1D,malc,600,0.48071666666666657,0.4692833333333334,0.016236033065646728,0.8251475485889819,0.021261195449900672
CaseStudy,Observed_Mediator,shift0,Do-PFN 1D,malc,600,0.7984833333333334,0.15151666666666652,0.01381011620144126,0.3975585685638353,0.010526214220869051
CaseStudy,Observed_Mediator,shift+2,Do-PFN 1D,malc,600,0.5571833333333335,0.3928166666666665,0.01578085699526807,0.8654978195289464,0.0207997090541946
CaseStudy,Observed_Mediator,d5,Do-PFN 1D,malc,300,0.9733,0.0233000000000001,0.008159388379596658,0.42247382872565575,0.013943247656919844
CaseStudy,Observed_Mediator,d10,Do-PFN 1D,malc,300,0.8368666666666666,0.11313333333333331,0.01666371924885788,0.5877427275798046,0.02317092289445643
CaseStudy,Observed_Mediator,d20,Do-PFN 1D,malc,300,0.5718333333333334,0.37816666666666654,0.021408718794712272,0.7261111863510546,0.02829235823733349
CaseStudy,Observed_Mediator,d30,Do-PFN 1D,malc,300,0.5745000000000001,0.37549999999999983,0.020390946304496636,0.862605451362121,0.033239251118861605
CaseStudy,Observed_Mediator,d40,Do-PFN 1D,malc,300,0.41386666666666666,0.5361333333333334,0.020973975132297682,0.8326006452416196,0.03032206593924807
CaseStudy,Observed_Mediator,d50,Do-PFN 1D,malc,300,0.30240000000000006,0.6476,0.021452514775417836,0.7448740341032716,0.029602583388020926
CaseStudy,Observed_Mediator,pooled,Do-PFN 2D,malc,1800,0.9722444444444445,0.02224444444444451,0.0028160478539163794,1.2125756486993993,0.028120519407957515
CaseStudy,Observed_Mediator,shift-2,Do-PFN 2D,malc,600,0.9510333333333333,0.0010333333333333306,0.006594410740489485,1.969951587234066,0.05444122383428025
CaseStudy,Observed_Mediator,shift0,Do-PFN 2D,malc,600,0.9709333333333332,0.02093333333333325,0.0046430390012102436,0.2111655908241657,0.008251025978852956
CaseStudy,Observed_Mediator,shift+2,Do-PFN 2D,malc,600,0.9947666666666667,0.04476666666666673,0.0021921898939772067,1.4566097680399666,0.03690067664025849
CaseStudy,Observed_Mediator,d5,Do-PFN 2D,malc,300,0.9987333333333334,0.048733333333333406,0.00037058311739347294,0.7191434647247312,0.024207562265149356
CaseStudy,Observed_Mediator,d10,Do-PFN 2D,malc,300,0.9973,0.04730000000000001,0.0008227059249932213,0.7223074474508939,0.025480044748994134
CaseStudy,Observed_Mediator,d20,Do-PFN 2D,malc,300,0.9950999999999999,0.04509999999999992,0.0014232384132059433,0.835458536632369,0.03710546240032105
CaseStudy,Observed_Mediator,d30,Do-PFN 2D,malc,300,0.9786333333333335,0.02863333333333351,0.00459598446548574,1.397371615092886,0.07500848673299204
CaseStudy,Observed_Mediator,d40,Do-PFN 2D,malc,300,0.9479333333333333,0.002066666666666661,0.009287023988720793,1.7310874360468715,0.0849110002907796
CaseStudy,Observed_Mediator,d50,Do-PFN 2D,malc,300,0.9157666666666667,0.03423333333333323,0.012533710916061036,1.8700853922486447,0.09244198137679398
CaseStudy,Observed_Mediator,pooled,UWYK 1D (noanc),malc,1800,0.1984388888888889,0.7515611111111111,0.009143860714755748,0.6473312092708589,0.010899906781489402
CaseStudy,Observed_Mediator,shift-2,UWYK 1D (noanc),malc,600,0.006483333333333333,0.9435166666666667,0.002119601285290924,0.6964372389263899,0.01827737859691018
CaseStudy,Observed_Mediator,shift0,UWYK 1D (noanc),malc,600,0.5794833333333334,0.3705166666666666,0.019526328831143927,0.33842096932355853,0.011442980217995039
CaseStudy,Observed_Mediator,shift+2,UWYK 1D (noanc),malc,600,0.009349999999999999,0.94065,0.001989710943400079,0.907135419562628,0.01815044814083989
CaseStudy,Observed_Mediator,d5,UWYK 1D (noanc),malc,300,0.20366666666666663,0.7463333333333333,0.021968043748060162,0.9161585751791512,0.03552564604243618
CaseStudy,Observed_Mediator,d10,UWYK 1D (noanc),malc,300,0.212,0.738,0.023129319928539723,0.7636772076029041,0.024709012051847043
CaseStudy,Observed_Mediator,d20,UWYK 1D (noanc),malc,300,0.17633333333333334,0.7736666666666666,0.021494850869410075,0.6089447701582964,0.021420837443025594
CaseStudy,Observed_Mediator,d30,UWYK 1D (noanc),malc,300,0.20119999999999996,0.7488,0.022707869954258848,0.5425630784721269,0.019995275679598738
CaseStudy,Observed_Mediator,d40,UWYK 1D (noanc),malc,300,0.19106666666666666,0.7589333333333332,0.02254678244753626,0.49247346273523457,0.02102507782647344
CaseStudy,Observed_Mediator,d50,UWYK 1D (noanc),malc,300,0.20636666666666664,0.7436333333333334,0.022627500672774165,0.5601701614774397,0.026104813620252968
CaseStudy,Observed_Mediator,pooled,UWYK 1D (v3a),malc,1800,0.29818333333333336,0.6518166666666666,0.009340486675803802,0.9622326855160174,0.015651174097908373
CaseStudy,Observed_Mediator,shift-2,UWYK 1D (v3a),malc,600,0.09766666666666667,0.8523333333333333,0.008315919479362338,1.1987785387641356,0.025331876534515373
CaseStudy,Observed_Mediator,shift0,UWYK 1D (v3a),malc,600,0.6848333333333333,0.26516666666666666,0.01715635512686486,0.3770798435376615,0.011884447447780397
CaseStudy,Observed_Mediator,shift+2,UWYK 1D (v3a),malc,600,0.11205000000000001,0.83795,0.006931009593845856,1.3108396742462551,0.02358435866058351
CaseStudy,Observed_Mediator,d5,UWYK 1D (v3a),malc,300,0.5038333333333332,0.4461666666666667,0.020424014672075563,1.4819076425002966,0.048868720260422556
CaseStudy,Observed_Mediator,d10,UWYK 1D (v3a),malc,300,0.36423333333333335,0.5857666666666665,0.022220322651996426,1.139099092253047,0.040638271240079536
CaseStudy,Observed_Mediator,d20,UWYK 1D (v3a),malc,300,0.22913333333333336,0.7208666666666665,0.022106707534661048,0.85911187835089,0.03082076870811116
CaseStudy,Observed_Mediator,d30,UWYK 1D (v3a),malc,300,0.23550000000000001,0.7144999999999999,0.022926236473537902,0.787236042980441,0.027184651251681523
CaseStudy,Observed_Mediator,d40,UWYK 1D (v3a),malc,300,0.21930000000000002,0.7306999999999999,0.022306607996559036,0.7462723104095798,0.028265738703160726
CaseStudy,Observed_Mediator,d50,UWYK 1D (v3a),malc,300,0.23709999999999998,0.7129,0.022546910592307876,0.7597691466018504,0.02960929452258847
CaseStudy,Observed_Mediator,pooled,UWYK 2D (noanc),malc,1800,0.9686388888888889,0.018638888888888983,0.0038799923273201897,1.5332080137099282,0.01986960527121356
CaseStudy,Observed_Mediator,shift-2,UWYK 2D (noanc),malc,600,0.9496166666666667,0.0003833333333332911,0.008410253538932702,2.0533036774573916,0.011701070987136668
CaseStudy,Observed_Mediator,shift0,UWYK 2D (noanc),malc,600,0.9980666666666668,0.04806666666666681,0.0016849503520105548,0.4159679335226549,0.012036588114726694
CaseStudy,Observed_Mediator,shift+2,UWYK 2D (noanc),malc,600,0.9582333333333334,0.008233333333333426,0.007735493600943114,2.130352430149738,0.012026742931086706
CaseStudy,Observed_Mediator,d5,UWYK 2D (noanc),malc,300,0.9801333333333332,0.030133333333333234,0.008043357055139493,1.543891234396435,0.04868001372028049
CaseStudy,Observed_Mediator,d10,UWYK 2D (noanc),malc,300,0.9824333333333334,0.032433333333333425,0.007266179552675058,1.5219278665308922,0.04898394526858194
CaseStudy,Observed_Mediator,d20,UWYK 2D (noanc),malc,300,0.9864,0.0364000000000001,0.006635528171420295,1.5144910887258427,0.04852705685448797
CaseStudy,Observed_Mediator,d30,UWYK 2D (noanc),malc,300,0.9621333333333333,0.01213333333333333,0.01071524334698637,1.526938262893241,0.04848527636754808
CaseStudy,Observed_Mediator,d40,UWYK 2D (noanc),malc,300,0.9449333333333334,0.005066666666666553,0.012725074513240436,1.5274780162219053,0.048140273250192475
CaseStudy,Observed_Mediator,d50,UWYK 2D (noanc),malc,300,0.9558,0.005800000000000027,0.010024667457654957,1.5645216134912523,0.0495439445633435
CaseStudy,Observed_Mediator,pooled,UWYK 2D (v3a),malc,1800,0.9748833333333333,0.02488333333333337,0.0036289593244508726,1.5224484916311127,0.02004073255523883
CaseStudy,Observed_Mediator,shift-2,UWYK 2D (v3a),malc,600,0.9619833333333332,0.011983333333333235,0.007654681996299901,2.041989615156181,0.011002788409279136
CaseStudy,Observed_Mediator,shift0,UWYK 2D (v3a),malc,600,0.9983333333333333,0.04833333333333334,0.0016666666666666668,0.3847609330812433,0.011208579276650373
CaseStudy,Observed_Mediator,shift+2,UWYK 2D (v3a),malc,600,0.9643333333333332,0.014333333333333198,0.007476792759993134,2.140594926655913,0.011075085641389504
CaseStudy,Observed_Mediator,d5,UWYK 2D (v3a),malc,300,0.9803,0.030299999999999994,0.007976325756590612,1.5216082695623352,0.04902670337744117
CaseStudy,Observed_Mediator,d10,UWYK 2D (v3a),malc,300,0.9826999999999998,0.03269999999999984,0.007133160116256128,1.5232525258958325,0.04974220843457325
CaseStudy,Observed_Mediator,d20,UWYK 2D (v3a),malc,300,0.9863666666666667,0.03636666666666677,0.00663538340224848,1.5299195182964156,0.04963012460441485
CaseStudy,Observed_Mediator,d30,UWYK 2D (v3a),malc,300,0.9621,0.0121,0.010906298488087503,1.502899389198167,0.04864000420030151
CaseStudy,Observed_Mediator,d40,UWYK 2D (v3a),malc,300,0.9483,0.0016999999999999238,0.012662690656851962,1.5192105696629616,0.048653694728992905
CaseStudy,Observed_Mediator,d50,UWYK 2D (v3a),malc,300,0.9895333333333334,0.03953333333333342,0.005763970152055499,1.5378006771709631,0.0492202511455826
CaseStudy,Observed_Mediator,pooled,CausalPFN 1D,malc,1800,0.8624777777777778,0.08752222222222217,0.004905441144575976,1.825820453197476,0.026281211227195518
CaseStudy,Observed_Mediator,shift-2,CausalPFN 1D,malc,600,0.8522666666666667,0.09773333333333323,0.00852827914457966,2.5610219138681174,0.03148151774843237
CaseStudy,Observed_Mediator,shift0,CausalPFN 1D,malc,600,0.9538666666666665,0.003866666666666574,0.005360885288618116,0.49352897543568797,0.013778741468895014
CaseStudy,Observed_Mediator,shift+2,CausalPFN 1D,malc,600,0.7813,0.16869999999999996,0.009498526084296863,2.422910470288622,0.024113598468519376
CaseStudy,Observed_Mediator,d5,CausalPFN 1D,malc,300,0.8691666666666666,0.08083333333333331,0.013732957073998442,1.332417297265458,0.04690217849167266
CaseStudy,Observed_Mediator,d10,CausalPFN 1D,malc,300,0.8941333333333333,0.05586666666666662,0.010801892287807664,1.5939257208393405,0.054839342778916375
CaseStudy,Observed_Mediator,d20,CausalPFN 1D,malc,300,0.8473333333333333,0.10266666666666668,0.012548353153002635,1.861141823232353,0.06254782631508789
CaseStudy,Observed_Mediator,d30,CausalPFN 1D,malc,300,0.8847666666666665,0.06523333333333348,0.010398676951832346,2.0260909825555986,0.06813960308862818
CaseStudy,Observed_Mediator,d40,CausalPFN 1D,malc,300,0.8538666666666666,0.0961333333333334,0.011765411708557808,2.0717260605251995,0.06920885376958599
CaseStudy,Observed_Mediator,d50,CausalPFN 1D,malc,300,0.8256,0.12439999999999996,0.012193256172905774,2.0696208347669054,0.06963410361774676
CaseStudy,Observed_Mediator,pooled,CausalPFN 2D,malc,1800,0.9346333333333334,0.015366666666666529,0.004155363880315078,1.979193485095812,0.027833327039066942
CaseStudy,Observed_Mediator,shift-2,CausalPFN 2D,malc,600,0.9298166666666666,0.02018333333333333,0.007234501180249162,2.60525446396337,0.019904346386596352
CaseStudy,Observed_Mediator,shift0,CausalPFN 2D,malc,600,0.9566166666666667,0.006616666666666715,0.006080024637442881,0.4302980977953565,0.01174232076697628
CaseStudy,Observed_Mediator,shift+2,CausalPFN 2D,malc,600,0.9174666666666667,0.0325333333333333,0.008058175601653401,2.90202789352871,0.01909760598547031
CaseStudy,Observed_Mediator,d5,CausalPFN 2D,malc,300,1.0,0.050000000000000044,0.0,1.6967064505247582,0.05477853161507994
CaseStudy,Observed_Mediator,d10,CausalPFN 2D,malc,300,1.0,0.050000000000000044,0.0,1.806802583914421,0.06127252318836015
CaseStudy,Observed_Mediator,d20,CausalPFN 2D,malc,300,0.9971999999999999,0.04719999999999991,0.0013809017460004252,1.9998337229246261,0.06858315799877632
CaseStudy,Observed_Mediator,d30,CausalPFN 2D,malc,300,0.9847666666666667,0.03476666666666672,0.0038216709803599786,2.1234183728240144,0.07312839612937187
CaseStudy,Observed_Mediator,d40,CausalPFN 2D,malc,300,0.8701666666666665,0.07983333333333342,0.0119518224946611,2.1396419386916206,0.07289249380848337
CaseStudy,Observed_Mediator,d50,CausalPFN 2D,malc,300,0.7556666666666666,0.19433333333333336,0.017114007727529985,2.1087578416954313,0.07257729421121689
CaseStudy,Observed_Mediator,pooled,Do-PFN (matched resolution),malc,1800,0.720488888888889,0.229511111111111,0.009461212173111149,4.120932403835813,0.09782995248390228
CaseStudy,Observed_Mediator,shift-2,Do-PFN (matched resolution),malc,600,0.6076833333333334,0.3423166666666666,0.017938455956299195,1.945837965388905,0.05426469347602672
CaseStudy,Observed_Mediator,shift0,Do-PFN (matched resolution),malc,600,0.9322666666666667,0.017733333333333268,0.008493232327132082,8.513902524626623,0.18080867569122405
CaseStudy,Observed_Mediator,shift+2,Do-PFN (matched resolution),malc,600,0.6215166666666667,0.32848333333333324,0.017324340575807503,1.9030567214919094,0.04762553664958528
CaseStudy,Observed_Mediator,d5,Do-PFN (matched resolution),malc,300,0.9950333333333333,0.04503333333333337,0.003344740237119916,3.8374443349766603,0.22601875556917514
CaseStudy,Observed_Mediator,d10,Do-PFN (matched resolution),malc,300,0.9894333333333335,0.03943333333333354,0.00523282205002322,4.148077179516102,0.2510107840405908
CaseStudy,Observed_Mediator,d20,Do-PFN (matched resolution),malc,300,0.9028333333333334,0.04716666666666658,0.013988963505665425,4.066955806252898,0.2316515035644079
CaseStudy,Observed_Mediator,d30,Do-PFN (matched resolution),malc,300,0.5909333333333334,0.35906666666666653,0.023279777365516924,4.396961720650792,0.23809148075347764
CaseStudy,Observed_Mediator,d40,Do-PFN (matched resolution),malc,300,0.45489999999999997,0.4951,0.024069829896776473,4.217981775052085,0.2475358935459388
CaseStudy,Observed_Mediator,d50,Do-PFN (matched resolution),malc,300,0.3898,0.5602,0.02475791102466972,4.058173606566337,0.24333123182348962
CaseStudy,Observed_Mediator,pooled,UWYK No-Anc (matched resolution),malc,1800,0.20868333333333333,0.7413166666666666,0.009348636497065809,0.6831468696576857,0.010512162476001353
CaseStudy,Observed_Mediator,shift-2,UWYK No-Anc (matched resolution),malc,600,0.005016666666666667,0.9449833333333333,0.002087272180800271,0.857056467597633,0.01673701874767744
CaseStudy,Observed_Mediator,shift0,UWYK No-Anc (matched resolution),malc,600,0.6160666666666667,0.3339333333333333,0.019042195869192258,0.3588705894894786,0.012200142507840753
CaseStudy,Observed_Mediator,shift+2,UWYK No-Anc (matched resolution),malc,600,0.004966666666666667,0.9450333333333333,0.0022115441374099027,0.833513551885945,0.017403917998109447
CaseStudy,Observed_Mediator,d5,UWYK No-Anc (matched resolution),malc,300,0.21513333333333332,0.7348666666666667,0.022657769583133036,0.8573717959332751,0.03528941548900737
CaseStudy,Observed_Mediator,d10,UWYK No-Anc (matched resolution),malc,300,0.23196666666666668,0.7180333333333333,0.023670004553662846,0.7626017183336986,0.026843998502286026
CaseStudy,Observed_Mediator,d20,UWYK No-Anc (matched resolution),malc,300,0.19083333333333333,0.7591666666666667,0.021980758705094312,0.6435725564962163,0.022788858296492416
CaseStudy,Observed_Mediator,d30,UWYK No-Anc (matched resolution),malc,300,0.2114333333333333,0.7385666666666666,0.0233020694356775,0.598972128196942,0.019472203413663167
CaseStudy,Observed_Mediator,d40,UWYK No-Anc (matched resolution),malc,300,0.1949,0.7551,0.022715264562561385,0.5492408377705329,0.019889893093127057
CaseStudy,Observed_Mediator,d50,UWYK No-Anc (matched resolution),malc,300,0.20783333333333334,0.7421666666666666,0.023143315710129227,0.6871221812154484,0.022751868515742922
CaseStudy,Observed_Mediator,pooled,UWYK Anc (matched resolution),malc,1800,0.2253,0.7246999999999999,0.009429083450910246,0.6836044426456074,0.01189267990314368
CaseStudy,Observed_Mediator,shift-2,UWYK Anc (matched resolution),malc,600,0.045899999999999996,0.9040999999999999,0.007469305395687448,0.8570015009946484,0.021847696178465652
CaseStudy,Observed_Mediator,shift0,UWYK Anc (matched resolution),malc,600,0.61505,0.33494999999999997,0.018677698552159533,0.34094123119906056,0.01149981467009969
CaseStudy,Observed_Mediator,shift+2,UWYK Anc (matched resolution),malc,600,0.014949999999999998,0.9350499999999999,0.003900757777785894,0.8528705957431131,0.01925414701575417
CaseStudy,Observed_Mediator,d5,UWYK Anc (matched resolution),malc,300,0.3213,0.6287,0.024459871580320133,1.1325631406160963,0.040091137784971094
CaseStudy,Observed_Mediator,d10,UWYK Anc (matched resolution),malc,300,0.2458,0.7041999999999999,0.023657324140892316,0.818658290250793,0.028992305707539367
CaseStudy,Observed_Mediator,d20,UWYK Anc (matched resolution),malc,300,0.18560000000000001,0.7644,0.02161257943290411,0.6084533492252138,0.021541348237949794
CaseStudy,Observed_Mediator,d30,UWYK Anc (matched resolution),malc,300,0.20733333333333334,0.7426666666666666,0.02298020734010633,0.587789089609938,0.019605730402290588
CaseStudy,Observed_Mediator,d40,UWYK Anc (matched resolution),malc,300,0.19313333333333332,0.7568666666666666,0.0226355583632359,0.5128139298535769,0.019509843692349767
CaseStudy,Observed_Mediator,d50,UWYK Anc (matched resolution),malc,300,0.19863333333333336,0.7513666666666666,0.022353085243837056,0.44134885631802623,0.018719543878158613
CaseStudy,Observed_Mediator,pooled,CausalPFN-C (matched resolution),malc,1800,0.91205,0.03794999999999993,0.004829280389110526,5.87182463166538,0.10172899055497614
CaseStudy,Observed_Mediator,shift-2,CausalPFN-C (matched resolution),malc,600,0.9989166666666667,0.04891666666666672,0.0004186652125420909,9.701483717956666,0.10842354107092285
CaseStudy,Observed_Mediator,shift0,CausalPFN-C (matched resolution),malc,600,0.9657833333333333,0.01578333333333337,0.005279034201071828,0.8668809147559965,0.031278033395889304
CaseStudy,Observed_Mediator,shift+2,CausalPFN-C (matched resolution),malc,600,0.77145,0.17855,0.011474662816645375,7.047109262283475,0.10908412272810365
CaseStudy,Observed_Mediator,d5,CausalPFN-C (matched resolution),malc,300,0.9998666666666668,0.04986666666666684,0.00010530344043323302,5.032778626675307,0.2116604475589382
CaseStudy,Observed_Mediator,d10,CausalPFN-C (matched resolution),malc,300,1.0,0.050000000000000044,0.0,6.246264300408263,0.255199761735599
CaseStudy,Observed_Mediator,d20,CausalPFN-C (matched resolution),malc,300,0.9690333333333334,0.019033333333333458,0.005433719063531885,6.639885193794275,0.2532510202412608
CaseStudy,Observed_Mediator,d30,CausalPFN-C (matched resolution),malc,300,0.9067999999999998,0.04320000000000013,0.009745780895443134,6.323407907034105,0.24606551831718346
CaseStudy,Observed_Mediator,d40,CausalPFN-C (matched resolution),malc,300,0.8371666666666667,0.11283333333333323,0.01382301397479777,5.748397460406951,0.2522645879276036
CaseStudy,Observed_Mediator,d50,CausalPFN-C (matched resolution),malc,300,0.7594333333333334,0.19056666666666655,0.019159078135200288,5.240214301673377,0.26169122175450016
CaseStudy,Observed_Mediator_and_Confounder,pooled,Do-PFN 1D,malc,1800,0.9163111111111112,0.03368888888888877,0.0041633581742466265,4.0153600954185915,0.16581462503120326
CaseStudy,Observed_Mediator_and_Confounder,shift-2,Do-PFN 1D,malc,600,0.8740499999999999,0.07595000000000007,0.008262839034117054,5.339228019148661,0.4634552463903026
CaseStudy,Observed_Mediator_and_Confounder,shift0,Do-PFN 1D,malc,600,0.9801166666666665,0.03011666666666657,0.003627513360585729,2.4708452981330766,0.08104631295443147
CaseStudy,Observed_Mediator_and_Confounder,shift+2,Do-PFN 1D,malc,600,0.8947666666666665,0.05523333333333347,0.008011810865031901,4.236006968974036,0.13920068558820917
CaseStudy,Observed_Mediator_and_Confounder,d5,Do-PFN 1D,malc,300,0.9278666666666667,0.022133333333333227,0.011676059922985918,1.2306433677902482,0.0713064931670274
CaseStudy,Observed_Mediator_and_Confounder,d10,Do-PFN 1D,malc,300,0.8210999999999999,0.12890000000000001,0.014539584609757706,1.5792581615499475,0.08056483966441366
CaseStudy,Observed_Mediator_and_Confounder,d20,Do-PFN 1D,malc,300,0.9279999999999999,0.02200000000000002,0.00805291862170227,4.017334922158861,0.13486581625720281
CaseStudy,Observed_Mediator_and_Confounder,d30,Do-PFN 1D,malc,300,0.9411666666666667,0.008833333333333249,0.0075573553226188275,5.165345682983124,0.2374768743549912
CaseStudy,Observed_Mediator_and_Confounder,d40,Do-PFN 1D,malc,300,0.9429,0.007099999999999995,0.006708434099799216,5.95637674424055,0.7939564838732038
CaseStudy,Observed_Mediator_and_Confounder,d50,Do-PFN 1D,malc,300,0.9368333333333332,0.013166666666666771,0.008601736664936745,6.143201693788816,0.4450666225791618
CaseStudy,Observed_Mediator_and_Confounder,pooled,Do-PFN 2D,malc,1800,0.9586055555555556,0.008605555555555644,0.0035264338765253578,2.628749481039266,0.03912130779987371
CaseStudy,Observed_Mediator_and_Confounder,shift-2,Do-PFN 2D,malc,600,0.9610500000000002,0.011050000000000226,0.005555667217390183,3.24253667928827,0.07126345991014213
CaseStudy,Observed_Mediator_and_Confounder,shift0,Do-PFN 2D,malc,600,0.9820666666666666,0.03206666666666669,0.003202773098184866,1.5082525317818871,0.042204319958621825
CaseStudy,Observed_Mediator_and_Confounder,shift+2,Do-PFN 2D,malc,600,0.9327,0.017299999999999982,0.008299021068511863,3.1354592320476424,0.06145194316459385
CaseStudy,Observed_Mediator_and_Confounder,d5,Do-PFN 2D,malc,300,0.9501999999999998,0.00019999999999986695,0.00880836989210125,1.5956749701322839,0.053590287723900544
CaseStudy,Observed_Mediator_and_Confounder,d10,Do-PFN 2D,malc,300,0.9834666666666666,0.033466666666666645,0.005336183742199016,1.7480833652269887,0.05807251251420499
CaseStudy,Observed_Mediator_and_Confounder,d20,Do-PFN 2D,malc,300,0.9767333333333332,0.026733333333333276,0.007101743993156396,2.2549315095626152,0.08226858393677691
CaseStudy,Observed_Mediator_and_Confounder,d30,Do-PFN 2D,malc,300,0.9819333333333334,0.03193333333333348,0.005232475840250331,3.1126057595709025,0.09321488015431191
CaseStudy,Observed_Mediator_and_Confounder,d40,Do-PFN 2D,malc,300,0.9362999999999999,0.013700000000000045,0.01042924507005788,3.3783061735291113,0.09591179087175233
CaseStudy,Observed_Mediator_and_Confounder,d50,Do-PFN 2D,malc,300,0.9229999999999999,0.027000000000000024,0.012048351122517155,3.6828951082136983,0.10649435452164226
CaseStudy,Observed_Mediator_and_Confounder,pooled,UWYK 1D (noanc),malc,1800,0.48115,0.46884999999999993,0.010768450239796888,2.915469099524785,0.058547727041955
CaseStudy,Observed_Mediator_and_Confounder,shift-2,UWYK 1D (noanc),malc,600,0.229,0.721,0.014425021543206828,3.2320529722132862,0.09601580758262528
CaseStudy,Observed_Mediator_and_Confounder,shift0,UWYK 1D (noanc),malc,600,0.9726666666666666,0.022666666666666613,0.004487456497103086,2.269026167438089,0.1087689457428485
CaseStudy,Observed_Mediator_and_Confounder,shift+2,UWYK 1D (noanc),malc,600,0.24178333333333332,0.7082166666666666,0.014541747304660553,3.2453281589229808,0.09374716757199678
CaseStudy,Observed_Mediator_and_Confounder,d5,UWYK 1D (noanc),malc,300,0.4177333333333333,0.5322666666666667,0.023862215662134263,1.9928077216190707,0.10546366999409752
CaseStudy,Observed_Mediator_and_Confounder,d10,UWYK 1D (noanc),malc,300,0.4287,0.5212999999999999,0.026554458671988,2.4191393647360284,0.12769334452024836
CaseStudy,Observed_Mediator_and_Confounder,d20,UWYK 1D (noanc),malc,300,0.42296666666666666,0.5270333333333332,0.027209017880694596,2.6492919864549522,0.13919611982963842
CaseStudy,Observed_Mediator_and_Confounder,d30,UWYK 1D (noanc),malc,300,0.4877333333333333,0.46226666666666666,0.027002014596517264,3.1156178231422715,0.13777184794062552
CaseStudy,Observed_Mediator_and_Confounder,d40,UWYK 1D (noanc),malc,300,0.47846666666666676,0.4715333333333332,0.027279407064590224,3.156845763357834,0.1381294866543384
CaseStudy,Observed_Mediator_and_Confounder,d50,UWYK 1D (noanc),malc,300,0.6513,0.29869999999999997,0.023813000814760628,4.159111937838553,0.1716737493805185
CaseStudy,Observed_Mediator_and_Confounder,pooled,UWYK 1D (v3a),malc,1800,0.6255666666666666,0.32443333333333335,0.009303842838816141,3.148576918745044,0.05469435590593123
CaseStudy,Observed_Mediator_and_Confounder,shift-2,UWYK 1D (v3a),malc,600,0.45893333333333336,0.4910666666666666,0.014904063203752545,3.6797457059871728,0.08679104745900199
CaseStudy,Observed_Mediator_and_Confounder,shift0,UWYK 1D (v3a),malc,600,0.9863500000000001,0.036350000000000104,0.0023398667375453975,2.139830826283609,0.09774729421190335
CaseStudy,Observed_Mediator_and_Confounder,shift+2,UWYK 1D (v3a),malc,600,0.4314166666666666,0.5185833333333334,0.015024233423531333,3.6261542239643503,0.08553030059717508
CaseStudy,Observed_Mediator_and_Confounder,d5,UWYK 1D (v3a),malc,300,0.7769333333333333,0.1730666666666667,0.015732001152904566,2.717123974887909,0.12008340606565274
CaseStudy,Observed_Mediator_and_Confounder,d10,UWYK 1D (v3a),malc,300,0.6459666666666667,0.30403333333333327,0.020569489497289806,2.975634779768075,0.1305842328373711
CaseStudy,Observed_Mediator_and_Confounder,d20,UWYK 1D (v3a),malc,300,0.5396,0.4104,0.023715320159264353,2.9216323644253777,0.13552187999107523
CaseStudy,Observed_Mediator_and_Confounder,d30,UWYK 1D (v3a),malc,300,0.5781333333333333,0.3718666666666667,0.024206275080060936,3.219305759658191,0.12924434748641142
CaseStudy,Observed_Mediator_and_Confounder,d40,UWYK 1D (v3a),malc,300,0.5480666666666667,0.40193333333333325,0.025512206330876076,3.218785024499275,0.12946382458404743
CaseStudy,Observed_Mediator_and_Confounder,d50,UWYK 1D (v3a),malc,300,0.6647000000000001,0.2852999999999999,0.022794626926589696,3.8389796092314343,0.14888748427130508
CaseStudy,Observed_Mediator_and_Confounder,pooled,UWYK 2D (noanc),malc,1800,0.9977555555555556,0.04775555555555566,0.0006267295738643871,3.6500692264275,0.046114122576521914
CaseStudy,Observed_Mediator_and_Confounder,shift-2,UWYK 2D (noanc),malc,600,0.9981166666666669,0.04811666666666692,0.0009884866334565945,4.362634244053847,0.07500567258749155
CaseStudy,Observed_Mediator_and_Confounder,shift0,UWYK 2D (noanc),malc,600,0.9969666666666668,0.04696666666666682,0.00074313652939215,2.303532386115452,0.050070960778638034
CaseStudy,Observed_Mediator_and_Confounder,shift+2,UWYK 2D (noanc),malc,600,0.9981833333333333,0.048183333333333356,0.0014170829857359276,4.284041049113201,0.08050672139593268
CaseStudy,Observed_Mediator_and_Confounder,d5,UWYK 2D (noanc),malc,300,0.9913333333333334,0.041333333333333444,0.0035465791558427803,3.156369713548818,0.10451898320248268
CaseStudy,Observed_Mediator_and_Confounder,d10,UWYK 2D (noanc),malc,300,0.9979999999999999,0.04799999999999993,0.0008205824942547632,3.204678435081415,0.09307053369480532
CaseStudy,Observed_Mediator_and_Confounder,d20,UWYK 2D (noanc),malc,300,0.9991333333333333,0.04913333333333336,0.0005742006869003759,3.306847876482681,0.08987592381573237
CaseStudy,Observed_Mediator_and_Confounder,d30,UWYK 2D (noanc),malc,300,0.9995333333333334,0.04953333333333343,0.00025284703662812393,3.5502288655340672,0.10028413469490477
CaseStudy,Observed_Mediator_and_Confounder,d40,UWYK 2D (noanc),malc,300,0.9986333333333335,0.04863333333333353,0.0005967177659153854,3.8622227776121583,0.11514323696347961
CaseStudy,Observed_Mediator_and_Confounder,d50,UWYK 2D (noanc),malc,300,0.9999000000000001,0.049900000000000166,7.443581928658485e-05,4.820067690305861,0.13839859358152704
CaseStudy,Observed_Mediator_and_Confounder,pooled,UWYK 2D (v3a),malc,1800,0.9969333333333333,0.04693333333333338,0.00066881070832662,3.3761327327600883,0.039501073582211485
CaseStudy,Observed_Mediator_and_Confounder,shift-2,UWYK 2D (v3a),malc,600,0.99635,0.04635,0.0013005568988239092,4.007418313697839,0.06524238040098228
CaseStudy,Observed_Mediator_and_Confounder,shift0,UWYK 2D (v3a),malc,600,0.9970333333333333,0.04703333333333337,0.0008701430640745035,2.377282628459056,0.05072667021989891
CaseStudy,Observed_Mediator_and_Confounder,shift+2,UWYK 2D (v3a),malc,600,0.9974166666666667,0.047416666666666774,0.001257250351186036,3.74369725612337,0.06835501085198724
CaseStudy,Observed_Mediator_and_Confounder,d5,UWYK 2D (v3a),malc,300,0.9869333333333334,0.036933333333333485,0.0037972275673269344,2.9233546474725585,0.10699688328533477
CaseStudy,Observed_Mediator_and_Confounder,d10,UWYK 2D (v3a),malc,300,0.9967333333333332,0.04673333333333329,0.0009607611871397764,2.9372680308686885,0.0844187037762307
CaseStudy,Observed_Mediator_and_Confounder,d20,UWYK 2D (v3a),malc,300,0.9996666666666666,0.04966666666666664,0.00018789055694690452,3.19019922681352,0.07856302547353076
CaseStudy,Observed_Mediator_and_Confounder,d30,UWYK 2D (v3a),malc,300,0.9998000000000001,0.04980000000000018,0.00010494995356656049,3.4056309126451696,0.08590835535838305
CaseStudy,Observed_Mediator_and_Confounder,d40,UWYK 2D (v3a),malc,300,0.9985,0.0485000000000001,0.000576625713034023,3.517987304853708,0.09138098076206008
CaseStudy,Observed_Mediator_and_Confounder,d50,UWYK 2D (v3a),malc,300,0.9999666666666667,0.049966666666666715,3.333333333333335e-05,4.282356273906883,0.10765045687937483
CaseStudy,Observed_Mediator_and_Confounder,pooled,CausalPFN 1D,malc,1800,0.9200277777777779,0.029972222222222067,0.004591391710232909,3.2521016223969057,0.08114297154668848
CaseStudy,Observed_Mediator_and_Confounder,shift-2,CausalPFN 1D,malc,600,0.8927666666666666,0.05723333333333336,0.00875509349060923,3.905323128195918,0.1429495437176618
CaseStudy,Observed_Mediator_and_Confounder,shift0,CausalPFN 1D,malc,600,0.9849666666666667,0.0349666666666667,0.0026422782225111615,2.1574578170018426,0.1223376413606871
CaseStudy,Observed_Mediator_and_Confounder,shift+2,CausalPFN 1D,malc,600,0.8823500000000002,0.06764999999999977,0.00978033450146209,3.693523921992955,0.1445145638874573
CaseStudy,Observed_Mediator_and_Confounder,d5,CausalPFN 1D,malc,300,0.9942666666666667,0.04426666666666679,0.002108904164354866,2.7894222785777916,0.20765506348999543
CaseStudy,Observed_Mediator_and_Confounder,d10,CausalPFN 1D,malc,300,0.9865666666666667,0.03656666666666675,0.0028279613313680787,3.172639469222132,0.17165720998550588
CaseStudy,Observed_Mediator_and_Confounder,d20,CausalPFN 1D,malc,300,0.9295333333333334,0.020466666666666522,0.009509799362201464,2.9318569075889243,0.1896898401938038
CaseStudy,Observed_Mediator_and_Confounder,d30,CausalPFN 1D,malc,300,0.9036333333333334,0.046366666666666556,0.01201612613340127,3.368751235817736,0.1748645810366565
CaseStudy,Observed_Mediator_and_Confounder,d40,CausalPFN 1D,malc,300,0.8673666666666668,0.08263333333333311,0.013944874616018767,3.297224441464505,0.1990018964583296
CaseStudy,Observed_Mediator_and_Confounder,d50,CausalPFN 1D,malc,300,0.8388,0.11119999999999997,0.01592217975811482,3.952715401710343,0.23699929185801846
CaseStudy,Observed_Mediator_and_Confounder,pooled,CausalPFN 2D,malc,1800,0.9799666666666667,0.029966666666666697,0.0016318957724053083,2.7494205201887527,0.03398211054530167
CaseStudy,Observed_Mediator_and_Confounder,shift-2,CausalPFN 2D,malc,600,0.9894666666666668,0.03946666666666687,0.001736246001066561,3.1113943867577216,0.05403788227779476
CaseStudy,Observed_Mediator_and_Confounder,shift0,CausalPFN 2D,malc,600,0.9898000000000002,0.03980000000000028,0.0018686530491617075,1.8282173725719282,0.04999175695042126
CaseStudy,Observed_Mediator_and_Confounder,shift+2,CausalPFN 2D,malc,600,0.9606333333333336,0.010633333333333606,0.004068404848524867,3.3086498012366095,0.05317700996511069
CaseStudy,Observed_Mediator_and_Confounder,d5,CausalPFN 2D,malc,300,0.9859666666666668,0.03596666666666681,0.004241089638633953,2.555027365151892,0.07499117036021954
CaseStudy,Observed_Mediator_and_Confounder,d10,CausalPFN 2D,malc,300,0.9931666666666669,0.04316666666666691,0.0021640924593063506,2.510734561142216,0.06173465326841234
CaseStudy,Observed_Mediator_and_Confounder,d20,CausalPFN 2D,malc,300,0.9903,0.0403,0.002382285516250404,2.5650911467087516,0.06480756285302311
CaseStudy,Observed_Mediator_and_Confounder,d30,CausalPFN 2D,malc,300,0.9842333333333335,0.03423333333333356,0.0027921766535288074,2.713716491272609,0.06579929030968314
CaseStudy,Observed_Mediator_and_Confounder,d40,CausalPFN 2D,malc,300,0.9657000000000001,0.01570000000000016,0.005023637549146543,2.9146366096481233,0.09891112290140018
CaseStudy,Observed_Mediator_and_Confounder,d50,CausalPFN 2D,malc,300,0.9604333333333334,0.010433333333333406,0.005628645150315302,3.2373169472089263,0.11232995279815838
CaseStudy,Observed_Mediator_and_Confounder,pooled,Do-PFN (matched resolution),malc,1800,0.9369444444444445,0.013055555555555487,0.003082131577993005,9.387654120068193,0.11991381972845595
CaseStudy,Observed_Mediator_and_Confounder,shift-2,Do-PFN (matched resolution),malc,600,0.9163666666666666,0.033633333333333404,0.0061924432319745955,9.41805630101561,0.20606804565115716
CaseStudy,Observed_Mediator_and_Confounder,shift0,Do-PFN (matched resolution),malc,600,0.9763999999999998,0.026399999999999868,0.002593935824313441,8.987483219884707,0.19973750976142526
CaseStudy,Observed_Mediator_and_Confounder,shift+2,Do-PFN (matched resolution),malc,600,0.9180666666666667,0.03193333333333326,0.006051062015198562,9.757422839304256,0.21610574577047917
CaseStudy,Observed_Mediator_and_Confounder,d5,Do-PFN (matched resolution),malc,300,0.7832666666666667,0.1667333333333333,0.010127062690461095,3.0121069763997337,0.06708272599058102
CaseStudy,Observed_Mediator_and_Confounder,d10,Do-PFN (matched resolution),malc,300,0.8493666666666667,0.10063333333333324,0.009125887606174,3.8831247414672143,0.09477648635368993
CaseStudy,Observed_Mediator_and_Confounder,d20,Do-PFN (matched resolution),malc,300,0.9924666666666667,0.042466666666666764,0.0016267505506817699,9.261281915537847,0.16099253079444603
CaseStudy,Observed_Mediator_and_Confounder,d30,Do-PFN (matched resolution),malc,300,0.9989666666666669,0.048966666666666936,0.000377453573697862,12.478325427794324,0.16907236661713942
CaseStudy,Observed_Mediator_and_Confounder,d40,Do-PFN (matched resolution),malc,300,0.9981666666666669,0.04816666666666691,0.0009039222514357384,13.518487266805995,0.1541433386536421
CaseStudy,Observed_Mediator_and_Confounder,d50,Do-PFN (matched resolution),malc,300,0.9994333333333335,0.04943333333333355,0.00028729443073160024,14.172598392404034,0.15628379300811418
CaseStudy,Observed_Mediator_and_Confounder,pooled,UWYK No-Anc (matched resolution),malc,1800,0.5289722222222223,0.42102777777777767,0.009883788311612546,2.698998569023117,0.05755513859516099
CaseStudy,Observed_Mediator_and_Confounder,shift-2,UWYK No-Anc (matched resolution),malc,600,0.3024333333333333,0.6475666666666666,0.013658328482355502,3.204756799030037,0.0989603966064943
CaseStudy,Observed_Mediator_and_Confounder,shift0,UWYK No-Anc (matched resolution),malc,600,0.9692999999999998,0.019299999999999873,0.004110299643678499,1.6465946977933503,0.08540995711170735
CaseStudy,Observed_Mediator_and_Confounder,shift+2,UWYK No-Anc (matched resolution),malc,600,0.31518333333333337,0.6348166666666666,0.013822849695900323,3.245644210245963,0.0999179834723589
CaseStudy,Observed_Mediator_and_Confounder,d5,UWYK No-Anc (matched resolution),malc,300,0.5384,0.41159999999999997,0.02247600777065574,2.074275004997094,0.07886267514902544
CaseStudy,Observed_Mediator_and_Confounder,d10,UWYK No-Anc (matched resolution),malc,300,0.5006,0.4493999999999999,0.023618552690949576,2.2760758169518898,0.10716994692820063
CaseStudy,Observed_Mediator_and_Confounder,d20,UWYK No-Anc (matched resolution),malc,300,0.4821,0.4679,0.02417780130219143,2.4349006293069646,0.13681578579593556
CaseStudy,Observed_Mediator_and_Confounder,d30,UWYK No-Anc (matched resolution),malc,300,0.5326,0.4174,0.025141289042444084,2.846719105978036,0.14699095186378025
CaseStudy,Observed_Mediator_and_Confounder,d40,UWYK No-Anc (matched resolution),malc,300,0.49169999999999997,0.4583,0.02567141502936311,2.820320625723716,0.1493374070249779
CaseStudy,Observed_Mediator_and_Confounder,d50,UWYK No-Anc (matched resolution),malc,300,0.6284333333333333,0.32156666666666667,0.0232341010639154,3.7417002311810013,0.18264526736510756
CaseStudy,Observed_Mediator_and_Confounder,pooled,UWYK Anc (matched resolution),malc,1800,0.5769722222222222,0.37302777777777774,0.009950249889260129,2.5980723765106815,0.05050572672314503
CaseStudy,Observed_Mediator_and_Confounder,shift-2,UWYK Anc (matched resolution),malc,600,0.4045666666666667,0.5454333333333332,0.01589257615991509,3.1344369296576504,0.08555560996150591
CaseStudy,Observed_Mediator_and_Confounder,shift0,UWYK Anc (matched resolution),malc,600,0.9741000000000001,0.02410000000000012,0.0037433353873150923,1.5493705179357915,0.07180161050846018
CaseStudy,Observed_Mediator_and_Confounder,shift+2,UWYK Anc (matched resolution),malc,600,0.35225000000000006,0.5977499999999999,0.015108056581782874,3.1104096819386027,0.08805261027141055
CaseStudy,Observed_Mediator_and_Confounder,d5,UWYK Anc (matched resolution),malc,300,0.8215,0.12849999999999995,0.014800654193261016,2.361680125822665,0.07964722260832786
CaseStudy,Observed_Mediator_and_Confounder,d10,UWYK Anc (matched resolution),malc,300,0.5981333333333333,0.35186666666666666,0.02205444632607917,2.3312993722924453,0.10070042811323061
CaseStudy,Observed_Mediator_and_Confounder,d20,UWYK Anc (matched resolution),malc,300,0.47356666666666664,0.4764333333333333,0.02445496934831099,2.2758662660599613,0.12168656329444774
CaseStudy,Observed_Mediator_and_Confounder,d30,UWYK Anc (matched resolution),malc,300,0.5141333333333333,0.4358666666666666,0.02559845022715161,2.652039810878137,0.1299562863866048
CaseStudy,Observed_Mediator_and_Confounder,d40,UWYK Anc (matched resolution),malc,300,0.4532333333333333,0.49676666666666663,0.02664882980663829,2.5844080492587787,0.13270904447265708
CaseStudy,Observed_Mediator_and_Confounder,d50,UWYK Anc (matched resolution),malc,300,0.6012666666666666,0.34873333333333334,0.024528171564494716,3.3831406347521016,0.15313312205839022
CaseStudy,Observed_Mediator_and_Confounder,pooled,CausalPFN-C (matched resolution),malc,1800,0.9912055555555556,0.041205555555555606,0.001278215486278962,5.650449143174753,0.10056159701074326
CaseStudy,Observed_Mediator_and_Confounder,shift-2,CausalPFN-C (matched resolution),malc,600,0.9926333333333333,0.0426333333333333,0.001616070632314441,7.113638675485755,0.16813432461054936
CaseStudy,Observed_Mediator_and_Confounder,shift0,CausalPFN-C (matched resolution),malc,600,0.9993833333333333,0.049383333333333335,0.00025880076009563905,3.251628114191125,0.14248926783984125
CaseStudy,Observed_Mediator_and_Confounder,shift+2,CausalPFN-C (matched resolution),malc,600,0.9816,0.03160000000000007,0.003431199935801398,6.586080639847378,0.16703435288451488
CaseStudy,Observed_Mediator_and_Confounder,d5,CausalPFN-C (matched resolution),malc,300,0.9996666666666666,0.04966666666666664,0.0003017353500652583,4.488302869535908,0.21651697841264256
CaseStudy,Observed_Mediator_and_Confounder,d10,CausalPFN-C (matched resolution),malc,300,0.9999333333333333,0.049933333333333385,6.66666666666667e-05,5.775188460699837,0.2481128518044229
CaseStudy,Observed_Mediator_and_Confounder,d20,CausalPFN-C (matched resolution),malc,300,0.9984333333333333,0.04843333333333333,0.0008742805079265573,5.737411784724435,0.27562340915196815
CaseStudy,Observed_Mediator_and_Confounder,d30,CausalPFN-C (matched resolution),malc,300,0.9939999999999998,0.04399999999999982,0.002010562964362912,5.856287783696781,0.20971325229559046
CaseStudy,Observed_Mediator_and_Confounder,d40,CausalPFN-C (matched resolution),malc,300,0.9877666666666668,0.03776666666666684,0.0028484650693977867,5.763237351255628,0.244162141808797
CaseStudy,Observed_Mediator_and_Confounder,d50,CausalPFN-C (matched resolution),malc,300,0.9674333333333334,0.01743333333333341,0.006583418638229197,6.282266609135927,0.2663703538562254
CaseStudy,Unobserved_Confounder,pooled,Do-PFN 1D,malc,1800,0.9952777777777778,0.04527777777777786,0.0008102817130764327,6.143410740054841,0.09811207027924218
CaseStudy,Unobserved_Confounder,shift-2,Do-PFN 1D,malc,600,0.99245,0.0424500000000001,0.0021024791921629136,7.229958891220122,0.17235519112075576
CaseStudy,Unobserved_Confounder,shift0,Do-PFN 1D,malc,600,0.9994333333333335,0.04943333333333355,0.0002485759851722964,4.7690929488581375,0.15378373255592998
CaseStudy,Unobserved_Confounder,shift+2,Do-PFN 1D,malc,600,0.9939500000000002,0.04395000000000027,0.0011782419252861223,6.431180380086263,0.1676667146549135
CaseStudy,Unobserved_Confounder,d5,Do-PFN 1D,malc,300,0.9946333333333333,0.0446333333333333,0.0018362741185412319,2.887583853779395,0.16677042944705114
CaseStudy,Unobserved_Confounder,d10,Do-PFN 1D,malc,300,0.9956666666666668,0.045666666666666855,0.0006296879185499311,4.853231750138884,0.1869850317429005
CaseStudy,Unobserved_Confounder,d20,Do-PFN 1D,malc,300,0.9977333333333334,0.047733333333333405,0.0005903220467803161,6.7316295790684215,0.21482932366097518
CaseStudy,Unobserved_Confounder,d30,Do-PFN 1D,malc,300,0.9984333333333333,0.04843333333333333,0.0005338452114361602,7.289523966728114,0.25621345613642643
CaseStudy,Unobserved_Confounder,d40,Do-PFN 1D,malc,300,0.9902,0.040200000000000014,0.0038189050360634066,7.413384242639405,0.24098911900823808
CaseStudy,Unobserved_Confounder,d50,Do-PFN 1D,malc,300,0.995,0.04500000000000004,0.0021387229855496987,7.685111047974827,0.23439016799651186
CaseStudy,Unobserved_Confounder,pooled,Do-PFN 2D,malc,1800,0.9953444444444444,0.04534444444444441,0.0011892175134311067,3.1911605948749657,0.05734115912483039
CaseStudy,Unobserved_Confounder,shift-2,Do-PFN 2D,malc,600,0.9979166666666667,0.04791666666666672,0.0011584244588489924,3.857928168807393,0.10944684443008758
CaseStudy,Unobserved_Confounder,shift0,Do-PFN 2D,malc,600,0.9981333333333333,0.04813333333333336,0.0006810686987635982,2.006992000319659,0.07613042090840018
CaseStudy,Unobserved_Confounder,shift+2,Do-PFN 2D,malc,600,0.9899833333333333,0.03998333333333337,0.003296133480174076,3.7085616154978456,0.091216475240311
CaseStudy,Unobserved_Confounder,d5,Do-PFN 2D,malc,300,0.9957333333333335,0.045733333333333515,0.0012989090125242787,2.3491484130919704,0.1187714587451577
CaseStudy,Unobserved_Confounder,d10,Do-PFN 2D,malc,300,0.9975,0.0475000000000001,0.0008772168922400064,2.2862820449823817,0.10415829509253406
CaseStudy,Unobserved_Confounder,d20,Do-PFN 2D,malc,300,0.9962000000000001,0.04620000000000013,0.003086035003063603,3.053737912826259,0.13134087199673608
CaseStudy,Unobserved_Confounder,d30,Do-PFN 2D,malc,300,0.9984333333333333,0.04843333333333333,0.0015666666666666663,3.6652025835940836,0.15260911771830243
CaseStudy,Unobserved_Confounder,d40,Do-PFN 2D,malc,300,0.9987999999999999,0.048799999999999955,0.0008190050248742252,3.8135974981031278,0.14926568878074514
CaseStudy,Unobserved_Confounder,d50,Do-PFN 2D,malc,300,0.9854,0.0354000000000001,0.0059605279108975425,3.978995116651973,0.14705914796781008
CaseStudy,Unobserved_Confounder,pooled,UWYK 1D (noanc),malc,1800,0.9852666666666666,0.03526666666666667,0.0011741760495526605,6.0512634614155445,0.11989054380206499
CaseStudy,Unobserved_Confounder,shift-2,UWYK 1D (noanc),malc,600,0.9765666666666668,0.02656666666666685,0.00255116116662382,6.71964134138955,0.19497152736127832
CaseStudy,Unobserved_Confounder,shift0,UWYK 1D (noanc),malc,600,0.9999833333333333,0.04998333333333338,1.666666666666668e-05,4.787929428594449,0.22520733043970934
CaseStudy,Unobserved_Confounder,shift+2,UWYK 1D (noanc),malc,600,0.9792500000000001,0.02925000000000011,0.0023162358526972113,6.646219614262639,0.19176607759752531
CaseStudy,Unobserved_Confounder,d5,UWYK 1D (noanc),malc,300,0.9617,0.011700000000000044,0.005442957463840522,5.638233257227474,0.2844723139644759
CaseStudy,Unobserved_Confounder,d10,UWYK 1D (noanc),malc,300,0.9700666666666666,0.020066666666666677,0.003495814772208402,4.907383556082104,0.22411724822623197
CaseStudy,Unobserved_Confounder,d20,UWYK 1D (noanc),malc,300,0.9886000000000001,0.03860000000000019,0.0016894056398125779,6.121147493460623,0.29150377142178396
CaseStudy,Unobserved_Confounder,d30,UWYK 1D (noanc),malc,300,0.9947333333333334,0.0447333333333334,0.000810182320251168,6.741639341660836,0.3234932977463707
CaseStudy,Unobserved_Confounder,d40,UWYK 1D (noanc),malc,300,0.9964999999999999,0.046499999999999986,0.000546856833987182,6.406262781459632,0.30625425761514924
CaseStudy,Unobserved_Confounder,d50,UWYK 1D (noanc),malc,300,1.0,0.050000000000000044,0.0,6.4929143386026045,0.31096453879856534
CaseStudy,Unobserved_Confounder,pooled,UWYK 1D (v3a),malc,1800,0.9996111111111112,0.04961111111111127,0.0001318892731231353,5.244138067491315,0.12209833124899255
CaseStudy,Unobserved_Confounder,shift-2,UWYK 1D (v3a),malc,600,0.9994666666666667,0.04946666666666677,0.00027117775924658384,5.463053986668601,0.20275332254185344
CaseStudy,Unobserved_Confounder,shift0,UWYK 1D (v3a),malc,600,0.9999833333333333,0.04998333333333338,1.6666666666666678e-05,4.815978893275009,0.22829588027557973
CaseStudy,Unobserved_Confounder,shift+2,UWYK 1D (v3a),malc,600,0.9993833333333333,0.049383333333333335,0.00028733144309242456,5.453381322530337,0.20157948480675242
CaseStudy,Unobserved_Confounder,d5,UWYK 1D (v3a),malc,300,0.9980333333333332,0.04803333333333326,0.0007638696494317131,4.618834656308896,0.30577758933512283
CaseStudy,Unobserved_Confounder,d10,UWYK 1D (v3a),malc,300,0.9997333333333334,0.04973333333333341,0.000176003783615288,3.919898261566295,0.2244353314154253
CaseStudy,Unobserved_Confounder,d20,UWYK 1D (v3a),malc,300,0.9999000000000001,0.049900000000000166,5.754160919975792e-05,5.211398717544442,0.28745115660800763
CaseStudy,Unobserved_Confounder,d30,UWYK 1D (v3a),malc,300,1.0,0.050000000000000044,0.0,5.914937365589105,0.3278186931378624
CaseStudy,Unobserved_Confounder,d40,UWYK 1D (v3a),malc,300,1.0,0.050000000000000044,0.0,5.655623204320981,0.3090477717700639
CaseStudy,Unobserved_Confounder,d50,UWYK 1D (v3a),malc,300,1.0,0.050000000000000044,0.0,6.144136199618172,0.31105063148564455
CaseStudy,Unobserved_Confounder,pooled,UWYK 2D (noanc),malc,1800,0.9989333333333333,0.048933333333333384,0.0003285519593150165,3.7729208867120096,0.05792197758802174
CaseStudy,Unobserved_Confounder,shift-2,UWYK 2D (noanc),malc,600,0.9999833333333333,0.04998333333333338,1.6666666666666678e-05,4.74829308947657,0.10601899847403531
CaseStudy,Unobserved_Confounder,shift0,UWYK 2D (noanc),malc,600,0.9969500000000001,0.04695000000000016,0.000979077876957998,2.4118020823683373,0.06310316149162767
CaseStudy,Unobserved_Confounder,shift+2,UWYK 2D (noanc),malc,600,0.9998666666666668,0.04986666666666684,6.217477057525888e-05,4.158667488291122,0.10038239752082058
CaseStudy,Unobserved_Confounder,d5,UWYK 2D (noanc),malc,300,0.9990666666666668,0.049066666666666814,0.0004080935181840038,4.109597831253841,0.15562627452819228
CaseStudy,Unobserved_Confounder,d10,UWYK 2D (noanc),malc,300,0.9972000000000001,0.04720000000000013,0.0015888687491090023,3.4125124002730303,0.1195921681129776
CaseStudy,Unobserved_Confounder,d20,UWYK 2D (noanc),malc,300,0.9981,0.04810000000000003,0.0009860622904156256,3.5977459073296463,0.13805310679965252
CaseStudy,Unobserved_Confounder,d30,UWYK 2D (noanc),malc,300,0.9992999999999999,0.0492999999999999,0.0004596664002883712,3.8204662763307473,0.15603247125234154
CaseStudy,Unobserved_Confounder,d40,UWYK 2D (noanc),malc,300,0.9999666666666667,0.049966666666666715,3.3333333333333355e-05,3.716166411114162,0.1416625284151656
CaseStudy,Unobserved_Confounder,d50,UWYK 2D (noanc),malc,300,0.9999666666666667,0.049966666666666715,3.3333333333333355e-05,3.9810364939706306,0.13431595887346207
CaseStudy,Unobserved_Confounder,pooled,UWYK 2D (v3a),malc,1800,0.9989777777777777,0.04897777777777779,0.0003191919298529157,3.757300961899887,0.058480879115923146
CaseStudy,Unobserved_Confounder,shift-2,UWYK 2D (v3a),malc,600,0.9999666666666667,0.049966666666666715,2.3550543175125358e-05,4.718840534765044,0.10683304544151312
CaseStudy,Unobserved_Confounder,shift0,UWYK 2D (v3a),malc,600,0.9971166666666667,0.047116666666666696,0.0009511025633807191,2.388338016575398,0.06206032633608346
CaseStudy,Unobserved_Confounder,shift+2,UWYK 2D (v3a),malc,600,0.9998500000000001,0.04985000000000017,6.431220801812789e-05,4.164724334359221,0.10295787606080435
CaseStudy,Unobserved_Confounder,d5,UWYK 2D (v3a),malc,300,0.9989333333333333,0.048933333333333384,0.00046094598414270547,4.054183751282641,0.15501895754942138
CaseStudy,Unobserved_Confounder,d10,UWYK 2D (v3a),malc,300,0.9973333333333335,0.04733333333333356,0.0015854222563579188,3.3758814827523973,0.11865783587420448
CaseStudy,Unobserved_Confounder,d20,UWYK 2D (v3a),malc,300,0.9983000000000001,0.04830000000000012,0.0008772677255019462,3.594667820271646,0.1388781686221897
CaseStudy,Unobserved_Confounder,d30,UWYK 2D (v3a),malc,300,0.9993333333333332,0.04933333333333323,0.000404361211783408,3.817797985194423,0.15787756387372734
CaseStudy,Unobserved_Confounder,d40,UWYK 2D (v3a),malc,300,0.9999666666666667,0.049966666666666715,3.3333333333333355e-05,3.7139828897254756,0.1439225909774387
CaseStudy,Unobserved_Confounder,d50,UWYK 2D (v3a),malc,300,1.0,0.050000000000000044,0.0,3.9872918421727443,0.13914616449566214
CaseStudy,Unobserved_Confounder,pooled,CausalPFN 1D,malc,1800,0.9883444444444445,0.038344444444444514,0.001194177405790556,2.7154279547929,0.0781639220859297
CaseStudy,Unobserved_Confounder,shift-2,CausalPFN 1D,malc,600,0.9850999999999999,0.03509999999999991,0.002099628978539697,2.8064375882049233,0.14270448004927644
CaseStudy,Unobserved_Confounder,shift0,CausalPFN 1D,malc,600,0.9947166666666667,0.04471666666666674,0.0010641000614732175,2.476194621131502,0.11555308211183535
CaseStudy,Unobserved_Confounder,shift+2,CausalPFN 1D,malc,600,0.9852166666666669,0.035216666666666896,0.002684469562456731,2.863651655042275,0.14554878992683953
CaseStudy,Unobserved_Confounder,d5,CausalPFN 1D,malc,300,0.9519666666666666,0.001966666666666672,0.006342983611831488,2.455740472153761,0.17246801262548048
CaseStudy,Unobserved_Confounder,d10,CausalPFN 1D,malc,300,0.9903333333333334,0.04033333333333344,0.0018238072159785332,1.8177161715024939,0.10857827894750212
CaseStudy,Unobserved_Confounder,d20,CausalPFN 1D,malc,300,0.9979333333333333,0.04793333333333338,0.0004712310624657796,2.348421889107261,0.14291373223983755
CaseStudy,Unobserved_Confounder,d30,CausalPFN 1D,malc,300,0.9982333333333334,0.04823333333333346,0.000991399282877454,2.971996207902004,0.18737891136940057
CaseStudy,Unobserved_Confounder,d40,CausalPFN 1D,malc,300,0.9952333333333333,0.04523333333333335,0.000993196851150686,2.976943407172073,0.21034272905517726
CaseStudy,Unobserved_Confounder,d50,CausalPFN 1D,malc,300,0.9963666666666665,0.046366666666666556,0.0005315011729444475,3.7217495809198073,0.2683985085094576
CaseStudy,Unobserved_Confounder,pooled,CausalPFN 2D,malc,1800,0.9982000000000001,0.04820000000000013,0.00024812806677368225,3.4574268567560154,0.051618631542681224
CaseStudy,Unobserved_Confounder,shift-2,CausalPFN 2D,malc,600,0.9988666666666666,0.048866666666666614,0.000294776134998107,3.7873355706867473,0.08341201802500152
CaseStudy,Unobserved_Confounder,shift0,CausalPFN 2D,malc,600,0.9967166666666666,0.04671666666666663,0.0006138628372924348,2.8312356381902095,0.0952642763819271
CaseStudy,Unobserved_Confounder,shift+2,CausalPFN 2D,malc,600,0.9990166666666668,0.04901666666666682,0.000292361641212485,3.753709361391087,0.0836141215351341
CaseStudy,Unobserved_Confounder,d5,CausalPFN 2D,malc,300,0.9936000000000001,0.043600000000000194,0.0012832511664903228,3.7215474050832595,0.15978291491570193
CaseStudy,Unobserved_Confounder,d10,CausalPFN 2D,malc,300,0.9989,0.048900000000000055,0.00048081359884459443,3.1718853960585793,0.1045457952463343
CaseStudy,Unobserved_Confounder,d20,CausalPFN 2D,malc,300,0.9994333333333335,0.04943333333333355,0.00016369706729263097,3.4264768541135293,0.11320031248339114
CaseStudy,Unobserved_Confounder,d30,CausalPFN 2D,malc,300,0.9985333333333334,0.04853333333333343,0.00040557248123179664,3.5508300981434484,0.13117724712900272
CaseStudy,Unobserved_Confounder,d40,CausalPFN 2D,malc,300,0.9994333333333333,0.04943333333333333,0.00017037131285452842,3.3680835379732748,0.11984624792116481
CaseStudy,Unobserved_Confounder,d50,CausalPFN 2D,malc,300,0.9993000000000001,0.04930000000000012,0.00019333948400626372,3.505737849163999,0.12153411945005772
CaseStudy,Unobserved_Confounder,pooled,Do-PFN (matched resolution),malc,1800,0.9810666666666668,0.031066666666666798,0.0017457742551614626,13.252428139930887,0.1191237073170475
CaseStudy,Unobserved_Confounder,shift-2,Do-PFN (matched resolution),malc,600,0.9747333333333332,0.024733333333333274,0.0033435946676336693,13.307400676482576,0.21018468482417677
CaseStudy,Unobserved_Confounder,shift0,Do-PFN (matched resolution),malc,600,0.9978000000000001,0.047800000000000176,0.0006153662083630388,12.59637656015459,0.18811549855739443
CaseStudy,Unobserved_Confounder,shift+2,Do-PFN (matched resolution),malc,600,0.9706666666666668,0.020666666666666833,0.003897023582533151,13.853507183155495,0.21671287545262963
CaseStudy,Unobserved_Confounder,d5,Do-PFN (matched resolution),malc,300,0.8949666666666667,0.05503333333333327,0.008811097989974124,6.248909881282204,0.18927001226731796
CaseStudy,Unobserved_Confounder,d10,Do-PFN (matched resolution),malc,300,0.9914999999999999,0.04149999999999998,0.001562610085308168,9.94856037243291,0.15886997974554265
CaseStudy,Unobserved_Confounder,d20,Do-PFN (matched resolution),malc,300,0.9999333333333333,0.049933333333333385,4.7061555869701135e-05,14.07924399693402,0.1802288188095761
CaseStudy,Unobserved_Confounder,d30,Do-PFN (matched resolution),malc,300,1.0,0.050000000000000044,0.0,15.570765271261006,0.21159890108418303
CaseStudy,Unobserved_Confounder,d40,Do-PFN (matched resolution),malc,300,1.0,0.050000000000000044,0.0,16.601298356709155,0.18117267900495662
CaseStudy,Unobserved_Confounder,d50,Do-PFN (matched resolution),malc,300,1.0,0.050000000000000044,0.0,17.065790960966027,0.18488261038168471
CaseStudy,Unobserved_Confounder,pooled,UWYK No-Anc (matched resolution),malc,1800,0.9946222222222223,0.04462222222222234,0.000498822995833173,5.373656600537953,0.10940374304365831
CaseStudy,Unobserved_Confounder,shift-2,UWYK No-Anc (matched resolution),malc,600,0.9917999999999999,0.04179999999999995,0.0010318468134421332,6.258032480561339,0.17901474073044707
CaseStudy,Unobserved_Confounder,shift0,UWYK No-Anc (matched resolution),malc,600,0.9998333333333335,0.04983333333333351,0.00010527719107075259,3.657962960408992,0.18780799955783964
CaseStudy,Unobserved_Confounder,shift+2,UWYK No-Anc (matched resolution),malc,600,0.9922333333333334,0.042233333333333456,0.001047836541249052,6.204974360643526,0.18207342857061093
CaseStudy,Unobserved_Confounder,d5,UWYK No-Anc (matched resolution),malc,300,0.9873,0.0373,0.0022941761369077987,4.952057159119009,0.2316424787225263
CaseStudy,Unobserved_Confounder,d10,UWYK No-Anc (matched resolution),malc,300,0.9918666666666667,0.04186666666666672,0.0013236324916201393,4.354265620031081,0.19868547092339317
CaseStudy,Unobserved_Confounder,d20,UWYK No-Anc (matched resolution),malc,300,0.9956,0.045600000000000085,0.0009057723965415806,5.41446474368531,0.2737587625968867
CaseStudy,Unobserved_Confounder,d30,UWYK No-Anc (matched resolution),malc,300,0.9967999999999999,0.04679999999999995,0.0006204252865832309,6.033231873859934,0.3093050859469717
CaseStudy,Unobserved_Confounder,d40,UWYK No-Anc (matched resolution),malc,300,0.9974,0.0474,0.0005233883262189717,5.57250371801529,0.28416703477251504
CaseStudy,Unobserved_Confounder,d50,UWYK No-Anc (matched resolution),malc,300,0.9987666666666667,0.048766666666666736,0.0004255453143521563,5.915416488517088,0.28451447501279226
CaseStudy,Unobserved_Confounder,pooled,UWYK Anc (matched resolution),malc,1800,0.9993166666666666,0.049316666666666675,0.00010104069067586686,4.092596044418601,0.10724805404413884
CaseStudy,Unobserved_Confounder,shift-2,UWYK Anc (matched resolution),malc,600,0.9994166666666668,0.049416666666666886,0.0001500865390630992,4.3208990453351594,0.18288410016183612
CaseStudy,Unobserved_Confounder,shift0,UWYK Anc (matched resolution),malc,600,0.9994833333333334,0.049483333333333435,0.00016292260943408615,3.626728997267516,0.18649544650360772
CaseStudy,Unobserved_Confounder,shift+2,UWYK Anc (matched resolution),malc,600,0.9990500000000001,0.04905000000000015,0.0002067213652998947,4.330160090653126,0.18671854759279008
CaseStudy,Unobserved_Confounder,d5,UWYK Anc (matched resolution),malc,300,0.9977666666666668,0.047766666666666846,0.00044800644338945534,3.8026905222054803,0.2421375506853901
CaseStudy,Unobserved_Confounder,d10,UWYK Anc (matched resolution),malc,300,0.9989333333333333,0.048933333333333384,0.00029599080002174117,3.017452698712195,0.1950031365316262
CaseStudy,Unobserved_Confounder,d20,UWYK Anc (matched resolution),malc,300,0.9995,0.0495000000000001,0.00023668558656925474,3.9730746810801354,0.2606495691797726
CaseStudy,Unobserved_Confounder,d30,UWYK Anc (matched resolution),malc,300,0.9999333333333333,0.049933333333333385,6.666666666666671e-05,4.67867522207247,0.3005154204219707
CaseStudy,Unobserved_Confounder,d40,UWYK Anc (matched resolution),malc,300,0.9998666666666668,0.04986666666666684,6.633137535414974e-05,4.3293370526770545,0.2763803390010528
CaseStudy,Unobserved_Confounder,d50,UWYK Anc (matched resolution),malc,300,0.9999000000000001,0.049900000000000166,5.754160919975792e-05,4.75434608976427,0.2773895603264861
CaseStudy,Unobserved_Confounder,pooled,CausalPFN-C (matched resolution),malc,1800,0.9999722222222223,0.04997222222222231,1.2408781628369466e-05,4.656519532785783,0.09434617180277785
CaseStudy,Unobserved_Confounder,shift-2,CausalPFN-C (matched resolution),malc,600,1.0,0.050000000000000044,0.0,4.970950493428836,0.15804185739148008
CaseStudy,Unobserved_Confounder,shift0,CausalPFN-C (matched resolution),malc,600,0.9999166666666668,0.04991666666666683,3.714315780554696e-05,3.9200011265486676,0.16284268522565262
CaseStudy,Unobserved_Confounder,shift+2,CausalPFN-C (matched resolution),malc,600,1.0,0.050000000000000044,0.0,5.078606978379846,0.16533876185126345
CaseStudy,Unobserved_Confounder,d5,CausalPFN-C (matched resolution),malc,300,0.9998666666666668,0.04986666666666684,6.633137535414974e-05,4.241582424524297,0.2045411530709938
CaseStudy,Unobserved_Confounder,d10,CausalPFN-C (matched resolution),malc,300,0.9999666666666667,0.049966666666666715,3.333333333333335e-05,3.5950690045117835,0.1335032632587191
CaseStudy,Unobserved_Confounder,d20,CausalPFN-C (matched resolution),malc,300,1.0,0.050000000000000044,0.0,4.329270881633699,0.17752776776022483
CaseStudy,Unobserved_Confounder,d30,CausalPFN-C (matched resolution),malc,300,1.0,0.050000000000000044,0.0,5.055919795210143,0.24113504572175842
CaseStudy,Unobserved_Confounder,d40,CausalPFN-C (matched resolution),malc,300,1.0,0.050000000000000044,0.0,5.076474120691647,0.26730380345644655
CaseStudy,Unobserved_Confounder,d50,CausalPFN-C (matched resolution),malc,300,1.0,0.050000000000000044,0.0,5.64080097014313,0.3024845276296764
CaseStudy,Frontdoor_Criterion,pooled,Do-PFN 1D,malc,1800,0.9937333333333334,0.0437333333333334,0.001188402566835402,4.191875625400188,0.08749404161504018
CaseStudy,Frontdoor_Criterion,shift-2,Do-PFN 1D,malc,600,0.9937333333333334,0.0437333333333334,0.0020595187570561055,4.191875625400187,0.15162843371894236
CaseStudy,Frontdoor_Criterion,shift0,Do-PFN 1D,malc,600,0.9937333333333334,0.0437333333333334,0.0020595187570561055,4.191875625400187,0.15162843371894236
CaseStudy,Frontdoor_Criterion,shift+2,Do-PFN 1D,malc,600,0.9937333333333334,0.0437333333333334,0.0020595187570561055,4.191875625400187,0.15162843371894236
CaseStudy,Frontdoor_Criterion,d5,Do-PFN 1D,malc,300,0.9631000000000001,0.013100000000000112,0.0068698824066308764,0.5255476589833136,0.02157601786403979
CaseStudy,Frontdoor_Criterion,d10,Do-PFN 1D,malc,300,0.9999000000000001,0.049900000000000166,5.754160919975792e-05,3.7951771744390603,0.1978281626435297
CaseStudy,Frontdoor_Criterion,d20,Do-PFN 1D,malc,300,0.9999000000000001,0.049900000000000166,5.754160919975792e-05,5.324304417353042,0.23671096573909603
CaseStudy,Frontdoor_Criterion,d30,Do-PFN 1D,malc,300,0.9996999999999999,0.049699999999999966,9.8653137160315e-05,4.788018295786302,0.143919803470713
CaseStudy,Frontdoor_Criterion,d40,Do-PFN 1D,malc,300,1.0,0.050000000000000044,0.0,5.759328141395288,0.24653030965109912
CaseStudy,Frontdoor_Criterion,d50,Do-PFN 1D,malc,300,0.9998000000000001,0.04980000000000018,8.096409047527371e-05,4.958878064444119,0.19515890553023116
CaseStudy,Frontdoor_Criterion,pooled,Do-PFN 2D,malc,1800,0.9983333333333333,0.04833333333333334,0.0008386250367829413,1.8053754720924935,0.03970794024204688
CaseStudy,Frontdoor_Criterion,shift-2,Do-PFN 2D,malc,600,0.9983333333333333,0.04833333333333334,0.0014533492619345314,1.805375472092494,0.06881443209124709
CaseStudy,Frontdoor_Criterion,shift0,Do-PFN 2D,malc,600,0.9983333333333333,0.04833333333333334,0.0014533492619345314,1.805375472092494,0.06881443209124709
CaseStudy,Frontdoor_Criterion,shift+2,Do-PFN 2D,malc,600,0.9983333333333333,0.04833333333333334,0.0014533492619345314,1.805375472092494,0.06881443209124709
CaseStudy,Frontdoor_Criterion,d5,Do-PFN 2D,malc,300,0.9995,0.0495000000000001,0.00015025062674119008,1.1020799643618717,0.05028008578773362
CaseStudy,Frontdoor_Criterion,d10,Do-PFN 2D,malc,300,0.9904999999999999,0.04049999999999998,0.005011942259981782,1.5638967654667257,0.08513888138249032
CaseStudy,Frontdoor_Criterion,d20,Do-PFN 2D,malc,300,1.0,0.050000000000000044,0.0,2.1015101609047506,0.1134010018822221
CaseStudy,Frontdoor_Criterion,d30,Do-PFN 2D,malc,300,1.0,0.050000000000000044,0.0,1.8001057163161875,0.07294871460412071
CaseStudy,Frontdoor_Criterion,d40,Do-PFN 2D,malc,300,1.0,0.050000000000000044,0.0,2.3537909404282216,0.1227598696202461
CaseStudy,Frontdoor_Criterion,d50,Do-PFN 2D,malc,300,1.0,0.050000000000000044,0.0,1.910869285077205,0.10347150848868125
CaseStudy,Frontdoor_Criterion,pooled,UWYK 1D (noanc),malc,1800,0.99975,0.04975000000000007,0.0001349671759929651,4.194180393108835,0.12404018421893502
CaseStudy,Frontdoor_Criterion,shift-2,UWYK 1D (noanc),malc,600,0.99975,0.04975000000000007,0.00023390005903858302,4.194180393108835,0.21496342498473744
CaseStudy,Frontdoor_Criterion,shift0,UWYK 1D (noanc),malc,600,0.99975,0.04975000000000007,0.00023390005903858302,4.194180393108835,0.21496342498473744
CaseStudy,Frontdoor_Criterion,shift+2,UWYK 1D (noanc),malc,600,0.99975,0.04975000000000007,0.00023390005903858302,4.194180393108835,0.21496342498473744
CaseStudy,Frontdoor_Criterion,d5,UWYK 1D (noanc),malc,300,0.9984999999999998,0.04849999999999988,0.0008070550121535335,2.733570503314901,0.23273423817773897
CaseStudy,Frontdoor_Criterion,d10,UWYK 1D (noanc),malc,300,1.0,0.050000000000000044,0.0,3.4548237291220723,0.3067380575374349
CaseStudy,Frontdoor_Criterion,d20,UWYK 1D (noanc),malc,300,1.0,0.050000000000000044,0.0,5.197890798877323,0.36183679769469923
CaseStudy,Frontdoor_Criterion,d30,UWYK 1D (noanc),malc,300,1.0,0.050000000000000044,0.0,3.8932385047172753,0.2243640453389231
CaseStudy,Frontdoor_Criterion,d40,UWYK 1D (noanc),malc,300,1.0,0.050000000000000044,0.0,5.537283574419077,0.35709644864366097
CaseStudy,Frontdoor_Criterion,d50,UWYK 1D (noanc),malc,300,1.0,0.050000000000000044,0.0,4.348275248202359,0.28223035202422286
CaseStudy,Frontdoor_Criterion,pooled,UWYK 1D (v3a),malc,1800,0.9995666666666667,0.04956666666666676,0.0002500460089835662,3.781033002274006,0.11543189743977127
CaseStudy,Frontdoor_Criterion,shift-2,UWYK 1D (v3a),malc,600,0.9995666666666667,0.04956666666666676,0.00043333333333333337,3.7810330022740057,0.20004514006802257
CaseStudy,Frontdoor_Criterion,shift0,UWYK 1D (v3a),malc,600,0.9995666666666667,0.04956666666666676,0.00043333333333333337,3.7810330022740057,0.20004514006802257
CaseStudy,Frontdoor_Criterion,shift+2,UWYK 1D (v3a),malc,600,0.9995666666666667,0.04956666666666676,0.00043333333333333337,3.7810330022740057,0.20004514006802257
CaseStudy,Frontdoor_Criterion,d5,UWYK 1D (v3a),malc,300,0.9974000000000001,0.04740000000000011,0.001496081839193704,2.152310315155414,0.17399954110740085
CaseStudy,Frontdoor_Criterion,d10,UWYK 1D (v3a),malc,300,1.0,0.050000000000000044,0.0,3.031504302694821,0.2792872136759636
CaseStudy,Frontdoor_Criterion,d20,UWYK 1D (v3a),malc,300,1.0,0.050000000000000044,0.0,4.827946368488609,0.34655745761468865
CaseStudy,Frontdoor_Criterion,d30,UWYK 1D (v3a),malc,300,1.0,0.050000000000000044,0.0,3.5552993473538406,0.2091623225890822
CaseStudy,Frontdoor_Criterion,d40,UWYK 1D (v3a),malc,300,1.0,0.050000000000000044,0.0,5.147604528339868,0.34072005832315094
CaseStudy,Frontdoor_Criterion,d50,UWYK 1D (v3a),malc,300,1.0,0.050000000000000044,0.0,3.9715331516114807,0.26804325237059695
CaseStudy,Frontdoor_Criterion,pooled,UWYK 2D (noanc),malc,1800,0.9994333333333334,0.04943333333333344,0.0001434356146649789,2.181935075543757,0.03618527979687496
CaseStudy,Frontdoor_Criterion,shift-2,UWYK 2D (noanc),malc,600,0.9994333333333335,0.04943333333333355,0.0002485759851722964,2.181935075543757,0.0627096108261008
CaseStudy,Frontdoor_Criterion,shift0,UWYK 2D (noanc),malc,600,0.9994333333333335,0.04943333333333355,0.0002485759851722964,2.181935075543757,0.0627096108261008
CaseStudy,Frontdoor_Criterion,shift+2,UWYK 2D (noanc),malc,600,0.9994333333333335,0.04943333333333355,0.0002485759851722964,2.181935075543757,0.0627096108261008
CaseStudy,Frontdoor_Criterion,d5,UWYK 2D (noanc),malc,300,0.9998000000000001,0.04980000000000018,0.00011508321839951581,2.701837116754247,0.10597874152087934
CaseStudy,Frontdoor_Criterion,d10,UWYK 2D (noanc),malc,300,0.9992,0.04920000000000002,0.0002912319582595733,2.1762102604717986,0.09846607020374876
CaseStudy,Frontdoor_Criterion,d20,UWYK 2D (noanc),malc,300,0.9995999999999999,0.04959999999999998,0.00013975611820328608,1.9146932289208776,0.07207416721150657
CaseStudy,Frontdoor_Criterion,d30,UWYK 2D (noanc),malc,300,0.9999000000000001,0.049900000000000166,5.754160919975792e-05,1.8499703573400106,0.057532888287514974
CaseStudy,Frontdoor_Criterion,d40,UWYK 2D (noanc),malc,300,0.9994,0.0494,0.00024289227142582106,2.2472195599162497,0.1024611650274911
CaseStudy,Frontdoor_Criterion,d50,UWYK 2D (noanc),malc,300,0.9987,0.04870000000000008,0.0007480409195968522,2.2016799298593592,0.07623444734247145
CaseStudy,Frontdoor_Criterion,pooled,UWYK 2D (v3a),malc,1800,0.9993666666666667,0.04936666666666678,0.00014898623933798252,2.6248306899757448,0.04081691471910157
CaseStudy,Frontdoor_Criterion,shift-2,UWYK 2D (v3a),malc,600,0.9993666666666666,0.04936666666666667,0.00025819529763967903,2.6248306899757443,0.0707363008252339
CaseStudy,Frontdoor_Criterion,shift0,UWYK 2D (v3a),malc,600,0.9993666666666666,0.04936666666666667,0.00025819529763967903,2.6248306899757443,0.0707363008252339
CaseStudy,Frontdoor_Criterion,shift+2,UWYK 2D (v3a),malc,600,0.9993666666666666,0.04936666666666667,0.00025819529763967903,2.6248306899757443,0.0707363008252339
CaseStudy,Frontdoor_Criterion,d5,UWYK 2D (v3a),malc,300,0.9985,0.0485000000000001,0.0005386406773204321,2.755316275682854,0.1048934961967476
CaseStudy,Frontdoor_Criterion,d10,UWYK 2D (v3a),malc,300,0.9998000000000001,0.04980000000000018,0.00011508321839951578,2.487422381188613,0.09996175368016577
CaseStudy,Frontdoor_Criterion,d20,UWYK 2D (v3a),malc,300,0.9995999999999999,0.04959999999999998,0.00018141030565173405,2.3957473119695307,0.08804537935689548
CaseStudy,Frontdoor_Criterion,d30,UWYK 2D (v3a),malc,300,0.9999000000000001,0.049900000000000166,5.754160919975792e-05,2.478185977780262,0.08125549906951623
CaseStudy,Frontdoor_Criterion,d40,UWYK 2D (v3a),malc,300,0.9995,0.0495000000000001,0.0002366855865692548,2.8034844203380445,0.1216202630490404
CaseStudy,Frontdoor_Criterion,d50,UWYK 2D (v3a),malc,300,0.9988999999999999,0.048899999999999944,0.0006329577011973363,2.828827772895162,0.09689948960267503
CaseStudy,Frontdoor_Criterion,pooled,CausalPFN 1D,malc,1800,0.99825,0.048250000000000015,0.00022749349191610697,1.2386936722296014,0.05035759232134921
CaseStudy,Frontdoor_Criterion,shift-2,CausalPFN 1D,malc,600,0.9982500000000001,0.048250000000000126,0.0003942494965801487,1.2386936722296014,0.08727043246143351
CaseStudy,Frontdoor_Criterion,shift0,CausalPFN 1D,malc,600,0.9982500000000001,0.048250000000000126,0.0003942494965801487,1.2386936722296014,0.08727043246143351
CaseStudy,Frontdoor_Criterion,shift+2,CausalPFN 1D,malc,600,0.9982500000000001,0.048250000000000126,0.0003942494965801487,1.2386936722296014,0.08727043246143351
CaseStudy,Frontdoor_Criterion,d5,CausalPFN 1D,malc,300,0.9969999999999999,0.04699999999999993,0.0007337993857053428,0.5910786440686322,0.03281861325241018
CaseStudy,Frontdoor_Criterion,d10,CausalPFN 1D,malc,300,0.9958,0.04580000000000006,0.001041545031917346,0.7011615824629226,0.06169300910117079
CaseStudy,Frontdoor_Criterion,d20,CausalPFN 1D,malc,300,0.9998000000000001,0.04980000000000018,8.09640904752737e-05,1.4985246735983406,0.11906948027850725
CaseStudy,Frontdoor_Criterion,d30,CausalPFN 1D,malc,300,0.9993000000000001,0.04930000000000012,0.00022029168866220437,1.0115870735842023,0.08043085047626897
CaseStudy,Frontdoor_Criterion,d40,CausalPFN 1D,malc,300,0.9995999999999999,0.04959999999999998,0.00011332611951597265,2.0036579980264078,0.17398045183352231
CaseStudy,Frontdoor_Criterion,d50,CausalPFN 1D,malc,300,0.9979999999999999,0.04799999999999993,0.00036575847797972784,1.626152061637103,0.17470232340565084
CaseStudy,Frontdoor_Criterion,pooled,CausalPFN 2D,malc,1800,0.9994166666666667,0.049416666666666775,0.00015489012803702277,2.4879282494040478,0.0479619161231343
CaseStudy,Frontdoor_Criterion,shift-2,CausalPFN 2D,malc,600,0.9994166666666668,0.049416666666666886,0.00026842682174991686,2.4879282494040478,0.0831186911207908
CaseStudy,Frontdoor_Criterion,shift0,CausalPFN 2D,malc,600,0.9994166666666668,0.049416666666666886,0.00026842682174991686,2.4879282494040478,0.0831186911207908
CaseStudy,Frontdoor_Criterion,shift+2,CausalPFN 2D,malc,600,0.9994166666666668,0.049416666666666886,0.00026842682174991686,2.4879282494040478,0.0831186911207908
CaseStudy,Frontdoor_Criterion,d5,CausalPFN 2D,malc,300,0.9981,0.04810000000000003,0.0007745750804046995,2.291457928561986,0.11138750398638911
CaseStudy,Frontdoor_Criterion,d10,CausalPFN 2D,malc,300,0.9997,0.04970000000000008,0.0001281460287417221,2.3133902575126886,0.1147927986927506
CaseStudy,Frontdoor_Criterion,d20,CausalPFN 2D,malc,300,1.0,0.050000000000000044,0.0,2.7395561005398927,0.1322541994529465
CaseStudy,Frontdoor_Criterion,d30,CausalPFN 2D,malc,300,0.9992,0.04920000000000002,0.00046033287359806263,2.3067917380362153,0.08111365007344093
CaseStudy,Frontdoor_Criterion,d40,CausalPFN 2D,malc,300,0.9998000000000001,0.04980000000000018,0.00011508321839951581,2.8946858040503565,0.14325123038571294
CaseStudy,Frontdoor_Criterion,d50,CausalPFN 2D,malc,300,0.9996999999999999,0.049699999999999966,0.00012814602874172213,2.381687667723149,0.1082755043812199
CaseStudy,Frontdoor_Criterion,pooled,Do-PFN (matched resolution),malc,1800,0.9965666666666667,0.046566666666666756,0.0005784142363766511,11.36851037207879,0.1290227445676843
CaseStudy,Frontdoor_Criterion,shift-2,Do-PFN (matched resolution),malc,600,0.9965666666666667,0.046566666666666756,0.0010024001987291144,11.36851037207879,0.2235982738001006
CaseStudy,Frontdoor_Criterion,shift0,Do-PFN (matched resolution),malc,600,0.9965666666666667,0.046566666666666756,0.0010024001987291144,11.36851037207879,0.2235982738001006
CaseStudy,Frontdoor_Criterion,shift+2,Do-PFN (matched resolution),malc,600,0.9965666666666667,0.046566666666666756,0.0010024001987291144,11.36851037207879,0.2235982738001006
CaseStudy,Frontdoor_Criterion,d5,Do-PFN (matched resolution),malc,300,0.9796,0.02960000000000007,0.0033039147753550426,1.9089150754824895,0.060769715136912705
CaseStudy,Frontdoor_Criterion,d10,Do-PFN (matched resolution),malc,300,0.9998000000000001,0.04980000000000018,8.096409047527371e-05,9.051401864059466,0.19503205252562655
CaseStudy,Frontdoor_Criterion,d20,Do-PFN (matched resolution),malc,300,1.0,0.050000000000000044,0.0,13.138762360938372,0.18221232748614247
CaseStudy,Frontdoor_Criterion,d30,Do-PFN (matched resolution),malc,300,1.0,0.050000000000000044,0.0,13.871744146015335,0.13258837896730732
CaseStudy,Frontdoor_Criterion,d40,Do-PFN (matched resolution),malc,300,1.0,0.050000000000000044,0.0,15.199253870399767,0.18792466002562105
CaseStudy,Frontdoor_Criterion,d50,Do-PFN (matched resolution),malc,300,1.0,0.050000000000000044,0.0,15.040984915577306,0.1739893037848367
CaseStudy,Frontdoor_Criterion,pooled,UWYK No-Anc (matched resolution),malc,1800,0.9997833333333334,0.0497833333333334,8.319981892817248e-05,2.9426035134200488,0.10154437417736768
CaseStudy,Frontdoor_Criterion,shift-2,UWYK No-Anc (matched resolution),malc,600,0.9997833333333334,0.0497833333333334,0.00014418648398121102,2.9426035134200488,0.17597786232380125
CaseStudy,Frontdoor_Criterion,shift0,UWYK No-Anc (matched resolution),malc,600,0.9997833333333334,0.0497833333333334,0.00014418648398121102,2.9426035134200488,0.17597786232380125
CaseStudy,Frontdoor_Criterion,shift+2,UWYK No-Anc (matched resolution),malc,600,0.9997833333333334,0.0497833333333334,0.00014418648398121102,2.9426035134200488,0.17597786232380125
CaseStudy,Frontdoor_Criterion,d5,UWYK No-Anc (matched resolution),malc,300,0.9993000000000001,0.04930000000000012,0.0004027912643983047,1.5500849050271786,0.10920377170039242
CaseStudy,Frontdoor_Criterion,d10,UWYK No-Anc (matched resolution),malc,300,1.0,0.050000000000000044,0.0,2.201980218475205,0.21138904981934598
CaseStudy,Frontdoor_Criterion,d20,UWYK No-Anc (matched resolution),malc,300,1.0,0.050000000000000044,0.0,4.029360612095297,0.31661526348723
CaseStudy,Frontdoor_Criterion,d30,UWYK No-Anc (matched resolution),malc,300,0.9995,0.0495000000000001,0.0002877080459987895,2.7232862031343053,0.19234295917741107
CaseStudy,Frontdoor_Criterion,d40,UWYK No-Anc (matched resolution),malc,300,1.0,0.050000000000000044,0.0,4.219238886723271,0.3260761536288548
CaseStudy,Frontdoor_Criterion,d50,UWYK No-Anc (matched resolution),malc,300,0.9999000000000001,0.049900000000000166,5.754160919975792e-05,2.9316702550650384,0.23276712910669728
CaseStudy,Frontdoor_Criterion,pooled,UWYK Anc (matched resolution),malc,1800,0.9998666666666668,0.04986666666666684,5.2625467335135114e-05,2.7746668751168877,0.09240586428860006
CaseStudy,Frontdoor_Criterion,shift-2,UWYK Anc (matched resolution),malc,600,0.9998666666666668,0.04986666666666684,9.120069250958258e-05,2.774666875116888,0.16014069312483367
CaseStudy,Frontdoor_Criterion,shift0,UWYK Anc (matched resolution),malc,600,0.9998666666666668,0.04986666666666684,9.120069250958258e-05,2.774666875116888,0.16014069312483367
CaseStudy,Frontdoor_Criterion,shift+2,UWYK Anc (matched resolution),malc,600,0.9998666666666668,0.04986666666666684,9.120069250958258e-05,2.774666875116888,0.16014069312483367
CaseStudy,Frontdoor_Criterion,d5,UWYK Anc (matched resolution),malc,300,1.0,0.050000000000000044,0.0,1.4033993831895697,0.09335380720731179
CaseStudy,Frontdoor_Criterion,d10,UWYK Anc (matched resolution),malc,300,0.9998000000000001,0.04980000000000018,0.00011508321839951581,1.9893731838139008,0.18142463535742376
CaseStudy,Frontdoor_Criterion,d20,UWYK Anc (matched resolution),malc,300,1.0,0.050000000000000044,0.0,3.720991096146434,0.28546226731222674
CaseStudy,Frontdoor_Criterion,d30,UWYK Anc (matched resolution),malc,300,0.9995,0.0495000000000001,0.0002877080459987895,2.611159963161822,0.17544333362977985
CaseStudy,Frontdoor_Criterion,d40,UWYK Anc (matched resolution),malc,300,1.0,0.050000000000000044,0.0,4.014647850140044,0.3044676053756029
CaseStudy,Frontdoor_Criterion,d50,UWYK Anc (matched resolution),malc,300,0.9999000000000001,0.049900000000000166,5.754160919975792e-05,2.908429774249558,0.21217366605492718
CaseStudy,Frontdoor_Criterion,pooled,CausalPFN-C (matched resolution),malc,1800,1.0,0.050000000000000044,0.0,3.0522139399111268,0.07932553908157439
CaseStudy,Frontdoor_Criterion,shift-2,CausalPFN-C (matched resolution),malc,600,1.0,0.050000000000000044,0.0,3.052213939911127,0.13747230123133625
CaseStudy,Frontdoor_Criterion,shift0,CausalPFN-C (matched resolution),malc,600,1.0,0.050000000000000044,0.0,3.052213939911127,0.13747230123133625
CaseStudy,Frontdoor_Criterion,shift+2,CausalPFN-C (matched resolution),malc,600,1.0,0.050000000000000044,0.0,3.052213939911127,0.13747230123133625
CaseStudy,Frontdoor_Criterion,d5,CausalPFN-C (matched resolution),malc,300,1.0,0.050000000000000044,0.0,2.3482685814623836,0.11399720273132852
CaseStudy,Frontdoor_Criterion,d10,CausalPFN-C (matched resolution),malc,300,1.0,0.050000000000000044,0.0,2.43454775584957,0.12691717314759554
CaseStudy,Frontdoor_Criterion,d20,CausalPFN-C (matched resolution),malc,300,1.0,0.050000000000000044,0.0,3.2554734005392794,0.18664899092836654
CaseStudy,Frontdoor_Criterion,d30,CausalPFN-C (matched resolution),malc,300,1.0,0.050000000000000044,0.0,2.697986630049944,0.12231041244865105
CaseStudy,Frontdoor_Criterion,d40,CausalPFN-C (matched resolution),malc,300,1.0,0.050000000000000044,0.0,4.213945802720577,0.2828201926259285
CaseStudy,Frontdoor_Criterion,d50,CausalPFN-C (matched resolution),malc,300,1.0,0.050000000000000044,0.0,3.363061468845009,0.2448397592060507
CaseStudy,Backdoor_Criterion,pooled,Do-PFN 1D,malc,1800,0.9953500000000001,0.04535000000000011,0.0008660128339958616,4.350156728371965,0.11212409419580642
CaseStudy,Backdoor_Criterion,shift-2,Do-PFN 1D,malc,600,0.9953500000000001,0.04535000000000011,0.0015008127087904745,4.3501567283719655,0.19431266942574046
CaseStudy,Backdoor_Criterion,shift0,Do-PFN 1D,malc,600,0.9953500000000001,0.04535000000000011,0.0015008127087904745,4.3501567283719655,0.19431266942574046
CaseStudy,Backdoor_Criterion,shift+2,Do-PFN 1D,malc,600,0.9953500000000001,0.04535000000000011,0.0015008127087904745,4.3501567283719655,0.19431266942574046
CaseStudy,Backdoor_Criterion,d5,Do-PFN 1D,malc,300,0.9726000000000001,0.022600000000000176,0.004998073207342323,1.3430678430909613,0.46734986440382437
CaseStudy,Backdoor_Criterion,d10,Do-PFN 1D,malc,300,0.9999000000000001,0.049900000000000166,5.754160919975792e-05,4.368317018767794,0.19032733939079433
CaseStudy,Backdoor_Criterion,d20,Do-PFN 1D,malc,300,0.9997,0.04970000000000008,9.8653137160315e-05,4.600889157533218,0.20885342779843077
CaseStudy,Backdoor_Criterion,d30,Do-PFN 1D,malc,300,1.0,0.050000000000000044,0.0,5.270124268755817,0.21539145706605584
CaseStudy,Backdoor_Criterion,d40,Do-PFN 1D,malc,300,1.0,0.050000000000000044,0.0,5.295069761378865,0.19645954600935445
CaseStudy,Backdoor_Criterion,d50,Do-PFN 1D,malc,300,0.9999000000000001,0.049900000000000166,5.754160919975792e-05,5.223472320705137,0.17825556784365934
CaseStudy,Backdoor_Criterion,pooled,Do-PFN 2D,malc,1800,0.9953833333333334,0.04538333333333344,0.0014016163124479237,1.8719581237627037,0.039946861850803414
CaseStudy,Backdoor_Criterion,shift-2,Do-PFN 2D,malc,600,0.9953833333333334,0.04538333333333344,0.002429021247715061,1.8719581237627039,0.06922848667883555
CaseStudy,Backdoor_Criterion,shift0,Do-PFN 2D,malc,600,0.9953833333333334,0.04538333333333344,0.002429021247715061,1.8719581237627039,0.06922848667883555
CaseStudy,Backdoor_Criterion,shift+2,Do-PFN 2D,malc,600,0.9953833333333334,0.04538333333333344,0.002429021247715061,1.8719581237627039,0.06922848667883555
CaseStudy,Backdoor_Criterion,d5,Do-PFN 2D,malc,300,0.9994,0.0494,0.00021358541405486946,1.1729114561261027,0.0496568137217147
CaseStudy,Backdoor_Criterion,d10,Do-PFN 2D,malc,300,0.9777999999999999,0.027799999999999936,0.007974281402082489,1.9156333338628664,0.09647429818822331
CaseStudy,Backdoor_Criterion,d20,Do-PFN 2D,malc,300,0.9950999999999999,0.04509999999999992,0.002446067077403477,1.821618718792954,0.10583269289310007
CaseStudy,Backdoor_Criterion,d30,Do-PFN 2D,malc,300,1.0,0.050000000000000044,0.0,2.0839841837570607,0.10950642248504473
CaseStudy,Backdoor_Criterion,d40,Do-PFN 2D,malc,300,1.0,0.050000000000000044,0.0,2.156691952700588,0.10563474093617323
CaseStudy,Backdoor_Criterion,d50,Do-PFN 2D,malc,300,1.0,0.050000000000000044,0.0,2.08090909733665,0.09626244262876839
CaseStudy,Backdoor_Criterion,pooled,UWYK 1D (noanc),malc,1800,0.9994333333333334,0.04943333333333344,0.00026813911619529555,4.19171652792141,0.12213468158109118
CaseStudy,Backdoor_Criterion,shift-2,UWYK 1D (noanc),malc,600,0.9994333333333333,0.04943333333333333,0.000464688948607046,4.19171652792141,0.21166116148095723
CaseStudy,Backdoor_Criterion,shift0,UWYK 1D (noanc),malc,600,0.9994333333333333,0.04943333333333333,0.000464688948607046,4.19171652792141,0.21166116148095723
CaseStudy,Backdoor_Criterion,shift+2,UWYK 1D (noanc),malc,600,0.9994333333333333,0.04943333333333333,0.000464688948607046,4.19171652792141,0.21166116148095723
CaseStudy,Backdoor_Criterion,d5,UWYK 1D (noanc),malc,300,0.9966,0.046600000000000086,0.0016010448093683543,2.7175364718229873,0.23805670913909785
CaseStudy,Backdoor_Criterion,d10,UWYK 1D (noanc),malc,300,1.0,0.050000000000000044,0.0,4.2732609336393335,0.3238091753403202
CaseStudy,Backdoor_Criterion,d20,UWYK 1D (noanc),malc,300,1.0,0.050000000000000044,0.0,3.8147289851201163,0.3158858184362789
CaseStudy,Backdoor_Criterion,d30,UWYK 1D (noanc),malc,300,1.0,0.050000000000000044,0.0,4.73808353929662,0.3187666641311913
CaseStudy,Backdoor_Criterion,d40,UWYK 1D (noanc),malc,300,1.0,0.050000000000000044,0.0,4.858573221451666,0.3069236987406879
CaseStudy,Backdoor_Criterion,d50,UWYK 1D (noanc),malc,300,1.0,0.050000000000000044,0.0,4.748116016197735,0.2647563805897905
CaseStudy,Backdoor_Criterion,pooled,UWYK 1D (v3a),malc,1800,0.99975,0.04975000000000007,7.494362033813624e-05,4.098573295305026,0.12047299297177425
CaseStudy,Backdoor_Criterion,shift-2,UWYK 1D (v3a),malc,600,0.99975,0.04975000000000007,0.00012987837296505998,4.098573295305025,0.20878143119866086
CaseStudy,Backdoor_Criterion,shift0,UWYK 1D (v3a),malc,600,0.99975,0.04975000000000007,0.00012987837296505998,4.098573295305025,0.20878143119866086
CaseStudy,Backdoor_Criterion,shift+2,UWYK 1D (v3a),malc,600,0.99975,0.04975000000000007,0.00012987837296505998,4.098573295305025,0.20878143119866086
CaseStudy,Backdoor_Criterion,d5,UWYK 1D (v3a),malc,300,0.9990000000000001,0.049000000000000155,0.0003421357277270106,2.750384974142703,0.24243985752531075
CaseStudy,Backdoor_Criterion,d10,UWYK 1D (v3a),malc,300,0.9995,0.0495000000000001,0.00028770804599878943,4.209576688078111,0.32465769994272126
CaseStudy,Backdoor_Criterion,d20,UWYK 1D (v3a),malc,300,1.0,0.050000000000000044,0.0,3.8418839610136093,0.3192816322301584
CaseStudy,Backdoor_Criterion,d30,UWYK 1D (v3a),malc,300,1.0,0.050000000000000044,0.0,4.727371634372742,0.31732217426850945
CaseStudy,Backdoor_Criterion,d40,UWYK 1D (v3a),malc,300,1.0,0.050000000000000044,0.0,4.76448013564611,0.2960396464393842
CaseStudy,Backdoor_Criterion,d50,UWYK 1D (v3a),malc,300,1.0,0.050000000000000044,0.0,4.297742378576879,0.2453956177875666
CaseStudy,Backdoor_Criterion,pooled,UWYK 2D (noanc),malc,1800,0.9986,0.04860000000000009,0.0003794616003894129,2.315809328865681,0.03894814575685402
CaseStudy,Backdoor_Criterion,shift-2,UWYK 2D (noanc),malc,600,0.9986000000000002,0.0486000000000002,0.0006576124163595531,2.3158093288656807,0.06749769731009508
CaseStudy,Backdoor_Criterion,shift0,UWYK 2D (noanc),malc,600,0.9986000000000002,0.0486000000000002,0.0006576124163595531,2.3158093288656807,0.06749769731009508
CaseStudy,Backdoor_Criterion,shift+2,UWYK 2D (noanc),malc,600,0.9986000000000002,0.0486000000000002,0.0006576124163595531,2.3158093288656807,0.06749769731009508
CaseStudy,Backdoor_Criterion,d5,UWYK 2D (noanc),malc,300,0.9995999999999999,0.04959999999999998,0.00023016643679903167,3.025246607278739,0.10875759470378385
CaseStudy,Backdoor_Criterion,d10,UWYK 2D (noanc),malc,300,0.9963,0.04630000000000001,0.002016080836623207,2.54586762869597,0.11904172751025893
CaseStudy,Backdoor_Criterion,d20,UWYK 2D (noanc),malc,300,0.9995999999999999,0.04959999999999998,0.00023016643679903167,2.0653443172704162,0.08298571710555212
CaseStudy,Backdoor_Criterion,d30,UWYK 2D (noanc),malc,300,0.9983000000000001,0.04830000000000012,0.0006123314729588212,1.924393041686031,0.07517514761834637
CaseStudy,Backdoor_Criterion,d40,UWYK 2D (noanc),malc,300,0.9978000000000001,0.047800000000000176,0.0007869334241515112,1.9835537917383799,0.07485008843479317
CaseStudy,Backdoor_Criterion,d50,UWYK 2D (noanc),malc,300,1.0,0.050000000000000044,0.0,2.3504505865245484,0.08756343327675276
CaseStudy,Backdoor_Criterion,pooled,UWYK 2D (v3a),malc,1800,0.9987666666666667,0.048766666666666736,0.000248186554820065,1.6517707179240597,0.03614816869932197
CaseStudy,Backdoor_Criterion,shift-2,UWYK 2D (v3a),malc,600,0.9987666666666667,0.048766666666666736,0.0004301108724985215,1.6517707179240597,0.06264529675977491
CaseStudy,Backdoor_Criterion,shift0,UWYK 2D (v3a),malc,600,0.9987666666666667,0.048766666666666736,0.0004301108724985215,1.6517707179240597,0.06264529675977491
CaseStudy,Backdoor_Criterion,shift+2,UWYK 2D (v3a),malc,600,0.9987666666666667,0.048766666666666736,0.0004301108724985215,1.6517707179240597,0.06264529675977491
CaseStudy,Backdoor_Criterion,d5,UWYK 2D (v3a),malc,300,0.9979999999999999,0.04799999999999993,0.0009289113274046142,1.9209113037358072,0.09413877625624291
CaseStudy,Backdoor_Criterion,d10,UWYK 2D (v3a),malc,300,0.9987,0.04870000000000008,0.000636960802204618,1.7680052329076326,0.11766792054270356
CaseStudy,Backdoor_Criterion,d20,UWYK 2D (v3a),malc,300,0.9993000000000001,0.04930000000000012,0.00034943815391478276,1.3605672491704244,0.08133841673243357
CaseStudy,Backdoor_Criterion,d30,UWYK 2D (v3a),malc,300,0.9987999999999999,0.048799999999999955,0.00045004644873620185,1.4161783555462217,0.07517887339448504
CaseStudy,Backdoor_Criterion,d40,UWYK 2D (v3a),malc,300,0.9978000000000001,0.047800000000000176,0.0007869334241515112,1.4536488627912925,0.06764866997964131
CaseStudy,Backdoor_Criterion,d50,UWYK 2D (v3a),malc,300,1.0,0.050000000000000044,0.0,1.9913133033929784,0.07966433481187513
CaseStudy,Backdoor_Criterion,pooled,CausalPFN 1D,malc,1800,0.9987333333333333,0.048733333333333295,0.00013960601718617695,1.2385890137807365,0.04956544309912192
CaseStudy,Backdoor_Criterion,shift-2,CausalPFN 1D,malc,600,0.9987333333333334,0.048733333333333406,0.00024193923760907794,1.2385890137807365,0.0858976264552088
CaseStudy,Backdoor_Criterion,shift0,CausalPFN 1D,malc,600,0.9987333333333334,0.048733333333333406,0.00024193923760907794,1.2385890137807365,0.0858976264552088
CaseStudy,Backdoor_Criterion,shift+2,CausalPFN 1D,malc,600,0.9987333333333334,0.048733333333333406,0.00024193923760907794,1.2385890137807365,0.0858976264552088
CaseStudy,Backdoor_Criterion,d5,CausalPFN 1D,malc,300,0.9992,0.04920000000000002,0.00019491872931247362,0.5665009022570585,0.031078647477478974
CaseStudy,Backdoor_Criterion,d10,CausalPFN 1D,malc,300,0.9973,0.04730000000000001,0.0006001950630523168,0.824980608058238,0.057278209834737255
CaseStudy,Backdoor_Criterion,d20,CausalPFN 1D,malc,300,0.9991000000000001,0.049100000000000144,0.00023269541721021396,1.0019576962540953,0.10596261788359716
CaseStudy,Backdoor_Criterion,d30,CausalPFN 1D,malc,300,0.9994,0.0494,0.00015984942747749513,1.4930250136779823,0.13478024934534003
CaseStudy,Backdoor_Criterion,d40,CausalPFN 1D,malc,300,0.9988999999999999,0.048899999999999944,0.0003260691187986282,1.6849961074689854,0.1419800379265474
CaseStudy,Backdoor_Criterion,d50,CausalPFN 1D,malc,300,0.9985000000000003,0.04850000000000032,0.00033095584686669463,1.8600737549680593,0.17448546230941162
CaseStudy,Backdoor_Criterion,pooled,CausalPFN 2D,malc,1800,0.9994999999999999,0.04949999999999999,7.966252703638332e-05,2.5734453397244215,0.04671086988969822
CaseStudy,Backdoor_Criterion,shift-2,CausalPFN 2D,malc,600,0.9995,0.0495000000000001,0.00013805630620843684,2.5734453397244215,0.08095060998767183
CaseStudy,Backdoor_Criterion,shift0,CausalPFN 2D,malc,600,0.9995,0.0495000000000001,0.00013805630620843684,2.5734453397244215,0.08095060998767183
CaseStudy,Backdoor_Criterion,shift+2,CausalPFN 2D,malc,600,0.9995,0.0495000000000001,0.00013805630620843684,2.5734453397244215,0.08095060998767183
CaseStudy,Backdoor_Criterion,d5,CausalPFN 2D,malc,300,0.9998000000000001,0.04980000000000018,0.00011508321839951581,2.47303593044731,0.10922194261189533
CaseStudy,Backdoor_Criterion,d10,CausalPFN 2D,malc,300,0.9989,0.048900000000000055,0.0003361696497972657,2.740992367269337,0.11734202004227837
CaseStudy,Backdoor_Criterion,d20,CausalPFN 2D,malc,300,1.0,0.050000000000000044,0.0,2.394925486641556,0.11747832168244354
CaseStudy,Backdoor_Criterion,d30,CausalPFN 2D,malc,300,0.9996999999999999,0.049699999999999966,0.00012814602874172213,2.6664550145327746,0.1232080581327113
CaseStudy,Backdoor_Criterion,d40,CausalPFN 2D,malc,300,0.9994000000000002,0.04940000000000022,0.00017955724066599302,2.618684075312704,0.11515149816788699
CaseStudy,Backdoor_Criterion,d50,CausalPFN 2D,malc,300,0.9992,0.04920000000000002,0.00022665223903194526,2.5465791641428472,0.10273898385987357
CaseStudy,Backdoor_Criterion,pooled,Do-PFN (matched resolution),malc,1800,0.9962,0.04620000000000002,0.0005087123113070639,11.482383727221496,0.12751764118973685
CaseStudy,Backdoor_Criterion,shift-2,Do-PFN (matched resolution),malc,600,0.9962000000000001,0.04620000000000013,0.0008816057591260432,11.482383727221496,0.2209899079780326
CaseStudy,Backdoor_Criterion,shift0,Do-PFN (matched resolution),malc,600,0.9962000000000001,0.04620000000000013,0.0008816057591260432,11.482383727221496,0.2209899079780326
CaseStudy,Backdoor_Criterion,shift+2,Do-PFN (matched resolution),malc,600,0.9962000000000001,0.04620000000000013,0.0008816057591260432,11.482383727221496,0.2209899079780326
CaseStudy,Backdoor_Criterion,d5,Do-PFN (matched resolution),malc,300,0.9771999999999998,0.02719999999999989,0.002809539411662634,1.986967939271335,0.06964760492638092
CaseStudy,Backdoor_Criterion,d10,Do-PFN (matched resolution),malc,300,1.0,0.050000000000000044,0.0,9.556011830595681,0.164346818590014
CaseStudy,Backdoor_Criterion,d20,Do-PFN (matched resolution),malc,300,1.0,0.050000000000000044,0.0,12.759770587643944,0.1937846812332553
CaseStudy,Backdoor_Criterion,d30,Do-PFN (matched resolution),malc,300,1.0,0.050000000000000044,0.0,14.394422776717729,0.18382360689714852
CaseStudy,Backdoor_Criterion,d40,Do-PFN (matched resolution),malc,300,1.0,0.050000000000000044,0.0,14.957925598413894,0.15162639316415819
CaseStudy,Backdoor_Criterion,d50,Do-PFN (matched resolution),malc,300,1.0,0.050000000000000044,0.0,15.23920363068638,0.1595107194374282
CaseStudy,Backdoor_Criterion,pooled,UWYK No-Anc (matched resolution),malc,1800,0.9995999999999999,0.04959999999999998,0.00010233515873701399,2.9579980138170394,0.10050070568900835
CaseStudy,Backdoor_Criterion,shift-2,UWYK No-Anc (matched resolution),malc,600,0.9995999999999999,0.04959999999999998,0.0001773483033501269,2.95799801381704,0.17416916980839528
CaseStudy,Backdoor_Criterion,shift0,UWYK No-Anc (matched resolution),malc,600,0.9995999999999999,0.04959999999999998,0.0001773483033501269,2.95799801381704,0.17416916980839528
CaseStudy,Backdoor_Criterion,shift+2,UWYK No-Anc (matched resolution),malc,600,0.9995999999999999,0.04959999999999998,0.0001773483033501269,2.95799801381704,0.17416916980839528
CaseStudy,Backdoor_Criterion,d5,UWYK No-Anc (matched resolution),malc,300,0.9985,0.0485000000000001,0.0005569566131184017,1.6829988969313705,0.1331992099644543
CaseStudy,Backdoor_Criterion,d10,UWYK No-Anc (matched resolution),malc,300,0.9994000000000002,0.04940000000000022,0.00021358541405486952,2.790828955389762,0.23520433861663229
CaseStudy,Backdoor_Criterion,d20,UWYK No-Anc (matched resolution),malc,300,0.9997,0.04970000000000008,0.00012814602874172213,2.7937846261167896,0.2768154223451976
CaseStudy,Backdoor_Criterion,d30,UWYK No-Anc (matched resolution),malc,300,1.0,0.050000000000000044,0.0,3.5824107199388155,0.28833508969300803
CaseStudy,Backdoor_Criterion,d40,UWYK No-Anc (matched resolution),malc,300,1.0,0.050000000000000044,0.0,3.6248034095390933,0.27075522069596414
CaseStudy,Backdoor_Criterion,d50,UWYK No-Anc (matched resolution),malc,300,1.0,0.050000000000000044,0.0,3.273161474986408,0.22304341723513463
CaseStudy,Backdoor_Criterion,pooled,UWYK Anc (matched resolution),malc,1800,0.9998833333333333,0.04988333333333339,3.180438248074912e-05,2.998925786203251,0.09579881911153716
CaseStudy,Backdoor_Criterion,shift-2,UWYK Anc (matched resolution),malc,600,0.9998833333333335,0.0498833333333335,5.5117452708061706e-05,2.9989257862032503,0.16602073267935172
CaseStudy,Backdoor_Criterion,shift0,UWYK Anc (matched resolution),malc,600,0.9998833333333335,0.0498833333333335,5.5117452708061706e-05,2.9989257862032503,0.16602073267935172
CaseStudy,Backdoor_Criterion,shift+2,UWYK Anc (matched resolution),malc,600,0.9998833333333335,0.0498833333333335,5.5117452708061706e-05,2.9989257862032503,0.16602073267935172
CaseStudy,Backdoor_Criterion,d5,UWYK Anc (matched resolution),malc,300,0.9998000000000001,0.04980000000000018,0.00011508321839951578,1.9825421824599236,0.15987285386075492
CaseStudy,Backdoor_Criterion,d10,UWYK Anc (matched resolution),malc,300,0.9998000000000001,0.04980000000000018,8.09640904752737e-05,2.93099019574654,0.23452881887545152
CaseStudy,Backdoor_Criterion,d20,UWYK Anc (matched resolution),malc,300,0.9996999999999999,0.049699999999999966,0.00012814602874172215,2.7488406006668544,0.2593172331711165
CaseStudy,Backdoor_Criterion,d30,UWYK Anc (matched resolution),malc,300,1.0,0.050000000000000044,0.0,3.466178048277601,0.26871925950409686
CaseStudy,Backdoor_Criterion,d40,UWYK Anc (matched resolution),malc,300,1.0,0.050000000000000044,0.0,3.535456546025275,0.2562450996311892
CaseStudy,Backdoor_Criterion,d50,UWYK Anc (matched resolution),malc,300,1.0,0.050000000000000044,0.0,3.3295471440433095,0.19972351796029011
CaseStudy,Backdoor_Criterion,pooled,CausalPFN-C (matched resolution),malc,1800,0.9999833333333333,0.04998333333333338,9.617154191675635e-06,3.1078119699101476,0.07301168916460482
CaseStudy,Backdoor_Criterion,shift-2,CausalPFN-C (matched resolution),malc,600,0.9999833333333333,0.04998333333333338,1.6666666666666678e-05,3.1078119699101476,0.1265303084284572
CaseStudy,Backdoor_Criterion,shift0,CausalPFN-C (matched resolution),malc,600,0.9999833333333333,0.04998333333333338,1.6666666666666678e-05,3.1078119699101476,0.1265303084284572
CaseStudy,Backdoor_Criterion,shift+2,CausalPFN-C (matched resolution),malc,600,0.9999833333333333,0.04998333333333338,1.6666666666666678e-05,3.1078119699101476,0.1265303084284572
CaseStudy,Backdoor_Criterion,d5,CausalPFN-C (matched resolution),malc,300,1.0,0.050000000000000044,0.0,2.533066216557861,0.11187800416950162
CaseStudy,Backdoor_Criterion,d10,CausalPFN-C (matched resolution),malc,300,1.0,0.050000000000000044,0.0,2.8587029801471977,0.1253889040167817
CaseStudy,Backdoor_Criterion,d20,CausalPFN-C (matched resolution),malc,300,0.9999000000000001,0.049900000000000166,5.754160919975792e-05,2.659647115110665,0.15211041511803197
CaseStudy,Backdoor_Criterion,d30,CausalPFN-C (matched resolution),malc,300,1.0,0.050000000000000044,0.0,3.400821697781592,0.2125343512633901
CaseStudy,Backdoor_Criterion,d40,CausalPFN-C (matched resolution),malc,300,1.0,0.050000000000000044,0.0,3.544258410683245,0.20547393980582013
CaseStudy,Backdoor_Criterion,d50,CausalPFN-C (matched resolution),malc,300,1.0,0.050000000000000044,0.0,3.650375399180323,0.22311529937309277
ComplexMech,all-rho,n5,Do-PFN 1D,malc,115,0.8613504537260152,0.0886495462739848,0.02497387162345699,8.680446222688406,4.336744587175975
ComplexMech,all-rho,n10,Do-PFN 1D,malc,116,0.9036374092701905,0.046362590729809416,0.01820445493903117,5.7173799945593275,2.827866873065988
ComplexMech,all-rho,n20,Do-PFN 1D,malc,127,0.8888547451482869,0.06114525485171307,0.019502253437988344,5.6086331978059665,3.464684506339065
ComplexMech,all-rho,n30,Do-PFN 1D,malc,127,0.9107582883711569,0.039241711628843046,0.017788456607092343,5.303094067248895,2.350726141797803
ComplexMech,all-rho,n40,Do-PFN 1D,malc,115,0.9359239487238049,0.014076051276195045,0.01780895406940118,3.1809240430568217,1.566787945752138
ComplexMech,all-rho,n50,Do-PFN 1D,malc,129,0.914028598759912,0.03597140124008791,0.018839650312172006,4.285562048849731,2.270607440698579
ComplexMech,all-rho,n5,Do-PFN 2D,malc,115,0.8044909115170666,0.1455090884829333,0.0290289212444486,0.48061318766020855,0.03328505186310113
ComplexMech,all-rho,n10,Do-PFN 2D,malc,116,0.8467187374736859,0.10328126252631409,0.02220666667887194,0.4970159051601705,0.030152982954029572
ComplexMech,all-rho,n20,Do-PFN 2D,malc,127,0.841236701580724,0.10876329841927601,0.023227688423340158,0.5529726172099928,0.03091356290871705
ComplexMech,all-rho,n30,Do-PFN 2D,malc,127,0.8274234624027351,0.12257653759726483,0.022344172237709157,0.6652196564035046,0.04788532408842236
ComplexMech,all-rho,n40,Do-PFN 2D,malc,115,0.8631294799180379,0.08687052008196205,0.018918966028192097,0.5098935032472844,0.03967386189297689
ComplexMech,all-rho,n50,Do-PFN 2D,malc,129,0.861181007029501,0.088818992970499,0.020687282934650525,0.7689118869229695,0.06768080201878725
ComplexMech,all-rho,n5,UWYK 1D (noanc),malc,115,0.8473672125650146,0.10263278743498538,0.02474962014193557,1.0033087873666593,0.05998989962355084
ComplexMech,all-rho,n10,UWYK 1D (noanc),malc,116,0.7955149446287446,0.15448505537125534,0.027157012065105575,0.8614348258305721,0.05897123236052018
ComplexMech,all-rho,n20,UWYK 1D (noanc),malc,127,0.8181980619492355,0.13180193805076446,0.024959647744846464,0.8356747341416325,0.06084578335656348
ComplexMech,all-rho,n30,UWYK 1D (noanc),malc,127,0.8235318782671419,0.12646812173285804,0.023804119533514703,0.9333826790840662,0.06350315094213117
ComplexMech,all-rho,n40,UWYK 1D (noanc),malc,115,0.9010151752517506,0.04898482474824939,0.01780352084482842,0.7562527664898934,0.05251655675803607
ComplexMech,all-rho,n50,UWYK 1D (noanc),malc,129,0.8977373239647906,0.0522626760352094,0.018706542119864937,0.9720683733074128,0.06986991543216353
ComplexMech,all-rho,n5,UWYK 1D (v3a),malc,115,0.9220977966270664,0.027902203372933587,0.017946512858516058,0.9969206530021922,0.05204444525875934
ComplexMech,all-rho,n10,UWYK 1D (v3a),malc,116,0.9255783220044776,0.024421677995522306,0.013759942215998577,0.9747830304001937,0.05845973389963739
ComplexMech,all-rho,n20,UWYK 1D (v3a),malc,127,0.8955121486284612,0.054487851371538776,0.017018157698714138,0.9409002496629628,0.05984445213135384
ComplexMech,all-rho,n30,UWYK 1D (v3a),malc,127,0.8571293617867752,0.09287063821322472,0.021036725732942893,0.9596143843239042,0.06263139715318916
ComplexMech,all-rho,n40,UWYK 1D (v3a),malc,115,0.9315213377206119,0.018478662279388103,0.01585315774574518,0.7576011247536896,0.05293378948412042
ComplexMech,all-rho,n50,UWYK 1D (v3a),malc,129,0.9001632032279304,0.049836796772069536,0.018269992616954042,0.9418217981123528,0.07045870037947133
ComplexMech,all-rho,n5,UWYK 2D (noanc),malc,115,0.9449519133151412,0.005048086684858788,0.01577093688195041,0.8919860210167961,0.06403811686955466
ComplexMech,all-rho,n10,UWYK 2D (noanc),malc,116,0.9660219653430862,0.016021965343086197,0.008881731089800855,0.9272174216486891,0.06944414580529114
ComplexMech,all-rho,n20,UWYK 2D (noanc),malc,127,0.9385004203122833,0.011499579687716643,0.015661754634622393,0.772945273190125,0.05393387807978855
ComplexMech,all-rho,n30,UWYK 2D (noanc),malc,127,0.9147686786689324,0.035231321331067544,0.017674508199997642,0.9031993089679371,0.06657551096838714
ComplexMech,all-rho,n40,UWYK 2D (noanc),malc,115,0.9461948177113987,0.003805182288601272,0.010414357926380239,0.6773469857611756,0.05689593006240269
ComplexMech,all-rho,n50,UWYK 2D (noanc),malc,129,0.9148987199696764,0.035101280030323534,0.01689017267587275,0.7901442479411466,0.0628359627871758
ComplexMech,all-rho,n5,UWYK 2D (v3a),malc,115,0.9254780804838323,0.024521919516167667,0.017337618296071756,0.730916381959611,0.056752170816670465
ComplexMech,all-rho,n10,UWYK 2D (v3a),malc,116,0.9323007009752698,0.01769929902473011,0.01314197712832831,0.7389871979607235,0.060725990645495914
ComplexMech,all-rho,n20,UWYK 2D (v3a),malc,127,0.8863270615846182,0.0636729384153818,0.020540777239955284,0.5771297588418266,0.04656392401691371
ComplexMech,all-rho,n30,UWYK 2D (v3a),malc,127,0.8566891210565298,0.09331087894347012,0.021661631071904792,0.6329673137317899,0.05348939737485805
ComplexMech,all-rho,n40,UWYK 2D (v3a),malc,115,0.9138554936685601,0.03614450633143984,0.01380481914459883,0.5061061202065179,0.0470701202181354
ComplexMech,all-rho,n50,UWYK 2D (v3a),malc,129,0.8789972099925009,0.0710027900074991,0.020757773681402476,0.6483767133242527,0.05681583006956785
ComplexMech,all-rho,n5,CausalPFN 1D,malc,115,0.8111252499022454,0.13887475009775452,0.026584238522221026,0.7659713595072347,0.05867511688963272
ComplexMech,all-rho,n10,CausalPFN 1D,malc,116,0.8435968256178884,0.10640317438211155,0.022080222472320277,0.8310179592500526,0.07315926517835118
ComplexMech,all-rho,n20,CausalPFN 1D,malc,127,0.8154278167332648,0.13457218326673515,0.023251876824710173,0.6911548243939832,0.05787099468148187
ComplexMech,all-rho,n30,CausalPFN 1D,malc,127,0.8062124485829866,0.14378755141701338,0.021931202693647917,0.6604242963306657,0.04925086922722158
ComplexMech,all-rho,n40,CausalPFN 1D,malc,115,0.8401454160391647,0.10985458396083525,0.020669786237363007,0.5623357191492768,0.049741136725842724
ComplexMech,all-rho,n50,CausalPFN 1D,malc,129,0.8490044105931766,0.1009955894068234,0.020451344714799875,0.6705811306747156,0.06294738048063785
ComplexMech,all-rho,n5,CausalPFN 2D,malc,115,0.9204737745661112,0.02952622543388872,0.017628037557436995,0.8902884907135424,0.05314078355156379
ComplexMech,all-rho,n10,CausalPFN 2D,malc,116,0.9242299109363198,0.02577008906368017,0.014852416544147184,0.9162253696325035,0.05932373608800634
ComplexMech,all-rho,n20,CausalPFN 2D,malc,127,0.9208375386285096,0.029162461371490367,0.014659839899915789,0.9117237223781066,0.05436162678051216
ComplexMech,all-rho,n30,CausalPFN 2D,malc,127,0.8973407915145521,0.052659208485447806,0.016465617456516774,0.9565051994587653,0.05135752510397698
ComplexMech,all-rho,n40,CausalPFN 2D,malc,115,0.9379524724053148,0.012047527594685192,0.011261841396491992,0.7110229562084132,0.043036405396289334
ComplexMech,all-rho,n50,CausalPFN 2D,malc,129,0.9085342797677153,0.041465720232284675,0.01580742611339967,0.92599949103278,0.05853191199137929
ComplexMech,all-rho,n5,Do-PFN (matched resolution),malc,115,0.8925510569979948,0.057448943002005204,0.021653335589633886,6.528531056386773,0.41788007105173
ComplexMech,all-rho,n10,Do-PFN (matched resolution),malc,116,0.9502331356128275,0.0002331356128275619,0.010650681407672228,6.887937931838262,0.41818940079842176
ComplexMech,all-rho,n20,Do-PFN (matched resolution),malc,127,0.9758736331226896,0.025873633122689643,0.008130742839743134,6.8048308687966275,0.3591763774527495
ComplexMech,all-rho,n30,Do-PFN (matched resolution),malc,127,0.9803893292140327,0.0303893292140327,0.008740504442326501,8.260310797803383,0.40758394228216216
ComplexMech,all-rho,n40,Do-PFN (matched resolution),malc,115,0.9947908902691511,0.04479089026915117,0.0028999570056425766,8.321619425314713,0.3933945796332749
ComplexMech,all-rho,n50,Do-PFN (matched resolution),malc,129,0.9866242614754043,0.03662426147540432,0.006613059089482564,8.980508733393513,0.43706071211876024
ComplexMech,all-rho,n5,UWYK No-Anc (matched resolution),malc,115,0.8294825550945345,0.12051744490546545,0.027326380745440405,0.8694328794256454,0.05515857000393555
ComplexMech,all-rho,n10,UWYK No-Anc (matched resolution),malc,116,0.792338832931545,0.157661167068455,0.026831045520382308,0.7662071539285346,0.05464355504254855
ComplexMech,all-rho,n20,UWYK No-Anc (matched resolution),malc,127,0.8228294386985662,0.12717056130143378,0.024387288505616674,0.6969921290296246,0.05443896917994869
ComplexMech,all-rho,n30,UWYK No-Anc (matched resolution),malc,127,0.8119641997518006,0.1380358002481994,0.024722134016855624,0.7446511079124318,0.05572072066655861
ComplexMech,all-rho,n40,UWYK No-Anc (matched resolution),malc,115,0.9067733446432529,0.04322665535674708,0.01740749937755385,0.6582917748131768,0.0460951393156653
ComplexMech,all-rho,n50,UWYK No-Anc (matched resolution),malc,129,0.8693606728251702,0.0806393271748298,0.02140838582322092,0.8356753490720377,0.06742636655346078
ComplexMech,all-rho,n5,UWYK Anc (matched resolution),malc,115,0.9096204177338367,0.04037958226616323,0.01906501960127187,0.8949145439912198,0.052132090434909954
ComplexMech,all-rho,n10,UWYK Anc (matched resolution),malc,116,0.928901301197993,0.021098698802006988,0.013002632624547636,0.8763463781084954,0.05705784588006054
ComplexMech,all-rho,n20,UWYK Anc (matched resolution),malc,127,0.8644640226974701,0.08553597730252982,0.020923304412610727,0.747130909894892,0.054703328595326055
ComplexMech,all-rho,n30,UWYK Anc (matched resolution),malc,127,0.8460541206451153,0.10394587935488464,0.022021432011803947,0.7721827952094765,0.05627463962098681
ComplexMech,all-rho,n40,UWYK Anc (matched resolution),malc,115,0.9233030628450344,0.026696937154965572,0.01620915743242802,0.6713801279472452,0.04621864250745099
ComplexMech,all-rho,n50,UWYK Anc (matched resolution),malc,129,0.8850940153456512,0.06490598465434871,0.01949017556161204,0.8588113280514047,0.06883153388947585
ComplexMech,all-rho,n5,CausalPFN-C (matched resolution),malc,115,0.9234162550081326,0.02658374499186733,0.018248557781098018,1.1393833077641045,0.07782916440415164
ComplexMech,all-rho,n10,CausalPFN-C (matched resolution),malc,116,0.9462237572316946,0.003776242768305349,0.011952621331961113,1.1545705630501095,0.07491388961374561
ComplexMech,all-rho,n20,CausalPFN-C (matched resolution),malc,127,0.9424096732314197,0.007590326768580291,0.01136381252253857,1.0692209470623317,0.06314460838114892
ComplexMech,all-rho,n30,CausalPFN-C (matched resolution),malc,127,0.9203297409896346,0.029670259010365352,0.014270376019725611,1.106134191359561,0.059970707902057684
ComplexMech,all-rho,n40,CausalPFN-C (matched resolution),malc,115,0.9542237557016862,0.004223755701686205,0.009525430823833924,0.8601653084187536,0.05958466704235008
ComplexMech,all-rho,n50,CausalPFN-C (matched resolution),malc,129,0.9230913090431307,0.026908690956869208,0.015872367702766794,1.0729849314990227,0.0715455402872212
ComplexMech,rho>0.99,n5,Do-PFN 1D,malc,109,0.8355597067851328,0.11444029321486715,0.033206909549022695,6.8093548631056064,1.9418276323204955
ComplexMech,rho>0.99,n10,Do-PFN 1D,malc,115,0.8927826086956522,0.057217391304347776,0.024948626949553618,7.113283371536273,2.0311005573508814
ComplexMech,rho>0.99,n20,Do-PFN 1D,malc,113,0.9152705045160113,0.034729495483988626,0.02299113536697594,1.9999333372477042,0.34377237585275855
ComplexMech,rho>0.99,n30,Do-PFN 1D,malc,139,0.9192713771566479,0.030728622843352094,0.020802335605003334,6.623708266834649,4.215896996539372
ComplexMech,rho>0.99,n40,Do-PFN 1D,malc,123,0.9158594212553088,0.03414057874469112,0.02312631305317576,3.308298096701764,1.17849775996496
ComplexMech,rho>0.99,n50,Do-PFN 1D,malc,122,0.9315332079843017,0.01846679201569823,0.019473190017348947,3.1301769926454095,0.9465393740423874
ComplexMech,rho>0.99,n5,Do-PFN 2D,malc,109,0.9248864279673272,0.025113572032672726,0.02094100148104499,0.3249197944948393,0.029329912252959587
ComplexMech,rho>0.99,n10,Do-PFN 2D,malc,115,0.9650648360030512,0.015064836003051196,0.014958764152630923,0.296298057002092,0.02173222198060173
ComplexMech,rho>0.99,n20,Do-PFN 2D,malc,113,0.9805210853171806,0.030521085317180674,0.00966564817395962,0.29913598301668415,0.02399046913562413
ComplexMech,rho>0.99,n30,Do-PFN 2D,malc,139,0.9926223025835945,0.04262230258359456,0.002926729123355941,0.31476134717494847,0.023584800615353868
ComplexMech,rho>0.99,n40,Do-PFN 2D,malc,123,0.9796374286724234,0.02963742867242347,0.01149634068649846,0.29585436632922496,0.0237273180414364
ComplexMech,rho>0.99,n50,Do-PFN 2D,malc,122,0.9904844274741414,0.04048442747414149,0.004743162217114603,0.3142607317214702,0.02631786673285527
ComplexMech,rho>0.99,n5,UWYK 1D (noanc),malc,109,0.8739954793245579,0.07600452067544206,0.027126830300800847,0.7118058324717829,0.051360522414345786
ComplexMech,rho>0.99,n10,UWYK 1D (noanc),malc,115,0.9222375616315553,0.02776243836844461,0.017311376612730862,0.6980096295872033,0.054443920246360966
ComplexMech,rho>0.99,n20,UWYK 1D (noanc),malc,113,0.9240135871994279,0.025986412800572012,0.021033666914775807,0.5982120528032815,0.040981133573233845
ComplexMech,rho>0.99,n30,UWYK 1D (noanc),malc,139,0.973155946485854,0.023155946485854062,0.010567884799540577,0.7373097789006269,0.05917062513292973
ComplexMech,rho>0.99,n40,UWYK 1D (noanc),malc,123,0.964073749536829,0.01407374953682905,0.013863242927560516,0.6159666692035168,0.05363576700692145
ComplexMech,rho>0.99,n50,UWYK 1D (noanc),malc,122,0.9702529624854178,0.020252962485417858,0.012109762285978846,0.6478142051965708,0.04872455873988813
ComplexMech,rho>0.99,n5,UWYK 1D (v3a),malc,109,0.9451310275806233,0.0048689724193766715,0.017688812218031792,0.7748346541821218,0.04694281761939245
ComplexMech,rho>0.99,n10,UWYK 1D (v3a),malc,115,0.9863451367099955,0.03634513670999551,0.006705439818954052,0.774403972849886,0.04451835588569243
ComplexMech,rho>0.99,n20,UWYK 1D (v3a),malc,113,0.9574229015821936,0.007422901582193608,0.015610584187661546,0.6460016560812465,0.03882624855196352
ComplexMech,rho>0.99,n30,UWYK 1D (v3a),malc,139,0.9799694344709762,0.02996943447097622,0.008988275417991947,0.7560757981389366,0.06049002132804876
ComplexMech,rho>0.99,n40,UWYK 1D (v3a),malc,123,0.9739924487238206,0.02399244872382067,0.012656470873686997,0.6139593396663906,0.054898328580406545
ComplexMech,rho>0.99,n50,UWYK 1D (v3a),malc,122,0.986210684659706,0.036210684659706005,0.006687140356555717,0.607050376334372,0.048799066093390554
ComplexMech,rho>0.99,n5,UWYK 2D (noanc),malc,109,0.9815586872221697,0.0315586872221697,0.011121182547257824,0.5321722643084081,0.050363982441222775
ComplexMech,rho>0.99,n10,UWYK 2D (noanc),malc,115,0.9814764862466726,0.03147648624667265,0.010764255829388414,0.4381847617438042,0.0387344751952794
ComplexMech,rho>0.99,n20,UWYK 2D (noanc),malc,113,0.9719374195980583,0.021937419598058394,0.013313104852720555,0.3627379432945498,0.03589114856535557
ComplexMech,rho>0.99,n30,UWYK 2D (noanc),malc,139,0.9943913327835755,0.04439133278357554,0.0027121800729332035,0.33730448951299113,0.029737922399297352
ComplexMech,rho>0.99,n40,UWYK 2D (noanc),malc,123,0.9819222676698816,0.0319222676698816,0.01145026421774557,0.3359375106252544,0.03493864462383797
ComplexMech,rho>0.99,n50,UWYK 2D (noanc),malc,122,0.9943434343434343,0.04434343434343435,0.0026210663393151567,0.3418215883634367,0.033258605713925284
ComplexMech,rho>0.99,n5,UWYK 2D (v3a),malc,109,0.9798931239950819,0.029893123995081927,0.011390762460318565,0.46366920923965377,0.04517690306421647
ComplexMech,rho>0.99,n10,UWYK 2D (v3a),malc,115,0.979693114774514,0.029693114774514084,0.011371316869648896,0.30786131820514673,0.02876506924174924
ComplexMech,rho>0.99,n20,UWYK 2D (v3a),malc,113,0.9709575439784373,0.0209575439784373,0.013373481033037031,0.27218685622829614,0.02563251048335969
ComplexMech,rho>0.99,n30,UWYK 2D (v3a),malc,139,0.982731620227487,0.03273162022748699,0.008064333567228028,0.24065938950218546,0.02003802147827485
ComplexMech,rho>0.99,n40,UWYK 2D (v3a),malc,123,0.9804046524937299,0.030404652493729922,0.011469360126238805,0.25367206975384815,0.027014757784276106
ComplexMech,rho>0.99,n50,UWYK 2D (v3a),malc,122,0.9931133396809627,0.04311333968096276,0.0027673946971362062,0.2700612783462223,0.0253139549143827
ComplexMech,rho>0.99,n5,CausalPFN 1D,malc,109,0.8686914247768748,0.08130857522312518,0.02664951703996069,0.5153761965778781,0.05126128165950125
ComplexMech,rho>0.99,n10,CausalPFN 1D,malc,115,0.9132409592234131,0.03675904077658687,0.018693806945516478,0.4479783928749427,0.04173937082640976
ComplexMech,rho>0.99,n20,CausalPFN 1D,malc,113,0.9342528745165366,0.015747125483463353,0.01583109845590721,0.41616364783408705,0.03970136841912144
ComplexMech,rho>0.99,n30,CausalPFN 1D,malc,139,0.9527612519781672,0.002761251978167234,0.010049088092127342,0.5179730609165363,0.05252487703544448
ComplexMech,rho>0.99,n40,CausalPFN 1D,malc,123,0.9643203896352304,0.014320389635230413,0.010545389961779625,0.41629337267721067,0.04745477640328971
ComplexMech,rho>0.99,n50,CausalPFN 1D,malc,122,0.9546226100539517,0.0046226100539517034,0.011458829518673764,0.4195790660430573,0.04217405964232707
ComplexMech,rho>0.99,n5,CausalPFN 2D,malc,109,0.9664303897321762,0.016430389732176254,0.014390981077045577,0.5919593305573425,0.04443703821247843
ComplexMech,rho>0.99,n10,CausalPFN 2D,malc,115,0.992695652173913,0.042695652173913023,0.002734980450485437,0.5847678361370615,0.03766616778537088
ComplexMech,rho>0.99,n20,CausalPFN 2D,malc,113,0.9822999910610529,0.03229999106105297,0.010004740598237003,0.5606366658005656,0.03924955095322431
ComplexMech,rho>0.99,n30,CausalPFN 2D,malc,139,0.9981021608615971,0.04810216086159713,0.000979112307546372,0.6117887322514816,0.04317647797866509
ComplexMech,rho>0.99,n40,CausalPFN 2D,malc,123,0.9907988688582539,0.0407988688582539,0.008132086754025004,0.5269554805358068,0.040455880110891074
ComplexMech,rho>0.99,n50,CausalPFN 2D,malc,122,0.9993702628819108,0.04937026288191082,0.00032893813046259513,0.5239481468524405,0.03788801903303861
ComplexMech,rho>0.99,n5,Do-PFN (matched resolution),malc,109,0.9127796213156353,0.037220378684364674,0.022711212717169717,5.354412359409027,0.45871911659494446
ComplexMech,rho>0.99,n10,Do-PFN (matched resolution),malc,115,0.9645002241147468,0.01450022411474683,0.012217439730176428,5.178263141380462,0.4021517733547647
ComplexMech,rho>0.99,n20,Do-PFN (matched resolution),malc,113,0.9789317958344507,0.028931795834450713,0.011035590836079147,6.034123377608704,0.3952110019969971
ComplexMech,rho>0.99,n30,Do-PFN (matched resolution),malc,139,0.9966187050359713,0.04661870503597132,0.002719949041889532,6.736356242014995,0.3850076859679499
ComplexMech,rho>0.99,n40,Do-PFN (matched resolution),malc,123,0.9995121951219512,0.049512195121951263,0.00041390045709781964,6.8621690742671335,0.4351404328944039
ComplexMech,rho>0.99,n50,Do-PFN (matched resolution),malc,122,0.9967883755588673,0.04678837555886739,0.002231604717006873,6.7961416700258965,0.3742226089819835
ComplexMech,rho>0.99,n5,UWYK No-Anc (matched resolution),malc,109,0.8829095674967234,0.06709043250327651,0.027704081189340774,0.6092003710954768,0.03712103409881699
ComplexMech,rho>0.99,n10,UWYK No-Anc (matched resolution),malc,115,0.947304347826087,0.002695652173912988,0.015974007175718064,0.5847474881760037,0.0426611119031872
ComplexMech,rho>0.99,n20,UWYK No-Anc (matched resolution),malc,113,0.9543845534995977,0.004384553499597765,0.017248015784468714,0.515981189778762,0.03537468837693185
ComplexMech,rho>0.99,n30,UWYK No-Anc (matched resolution),malc,139,0.9838826971817722,0.03388269718177228,0.00898189909891681,0.6295353116427533,0.04841527698010825
ComplexMech,rho>0.99,n40,UWYK No-Anc (matched resolution),malc,123,0.9853658536585366,0.03536585365853662,0.008971716990449578,0.5633088501831974,0.04611434902227181
ComplexMech,rho>0.99,n50,UWYK No-Anc (matched resolution),malc,122,0.9771510183805266,0.027151018380526692,0.01037801849344727,0.583433469516102,0.041587954135983554
ComplexMech,rho>0.99,n5,UWYK Anc (matched resolution),malc,109,0.9653334634654174,0.015333463465417418,0.0161317278195888,0.6501564044880433,0.041542278517531867
ComplexMech,rho>0.99,n10,UWYK Anc (matched resolution),malc,115,0.992,0.04200000000000004,0.006793454919868366,0.5657279574270264,0.03255427774945391
ComplexMech,rho>0.99,n20,UWYK Anc (matched resolution),malc,113,0.9700858138911237,0.02008581389112374,0.01260574506969193,0.5054614435679603,0.03218980750963657
ComplexMech,rho>0.99,n30,UWYK Anc (matched resolution),malc,139,0.9871201072537146,0.03712010725371462,0.00813633444997475,0.6294337311402706,0.049923470583919306
ComplexMech,rho>0.99,n40,UWYK Anc (matched resolution),malc,123,0.9902439024390245,0.04024390243902454,0.008248169449969598,0.558689305528236,0.04730016694949222
ComplexMech,rho>0.99,n50,UWYK Anc (matched resolution),malc,122,0.9977049180327868,0.04770491803278687,0.0016939162291512377,0.5730652317256283,0.04241352759892016
ComplexMech,rho>0.99,n5,CausalPFN-C (matched resolution),malc,109,0.9581177936843007,0.008117793684300767,0.01571224490516207,0.8909540551684958,0.10894858507786678
ComplexMech,rho>0.99,n10,CausalPFN-C (matched resolution),malc,115,0.9989565217391304,0.048956521739130454,0.00046827520062039214,0.7390945496635916,0.05259495301984065
ComplexMech,rho>0.99,n20,CausalPFN-C (matched resolution),malc,113,0.9890256547778673,0.03902565477786735,0.009008146745671564,0.7041381584083378,0.0570062497756036
ComplexMech,rho>0.99,n30,CausalPFN-C (matched resolution),malc,139,0.9997122302158274,0.04971223021582749,0.00022700688164940466,0.7475011506682121,0.05588407636161673
ComplexMech,rho>0.99,n40,CausalPFN-C (matched resolution),malc,123,0.9916260162601626,0.0416260162601626,0.008130101292791628,0.6307714671777757,0.05159243298430461
ComplexMech,rho>0.99,n50,CausalPFN-C (matched resolution),malc,122,0.9997516145057128,0.04975161450571286,0.0002483854942871334,0.6271226519633818,0.04557457623530263
