benchmark,case,slice,model,stage,n_real,coverage,abs_dev,se,length,length_se,is05,is05_se,crps,crps_se
RealCause,IHDP,all,Do-PFN 1D,raw,100,0.9698666666666667,0.0198666666666667,0.002539881666075321,25.99130109904913,3.198593676689756,30.840556739891486,4.16813478613143,3.2244436270414134,0.40314715357857916
RealCause,ACIC,all,Do-PFN 1D,raw,10,0.9848232848232849,0.034823284823284895,0.007168789875079699,26.410683025540067,0.859548833151711,28.037015690745243,1.1391699858481068,2.6248680725595683,0.25771758542258466
RealCause,CPS,all,Do-PFN 1D,raw,100,0.9468665018541409,0.0031334981458590594,0.0022785581456232938,48986.60280408318,117.6751769646307,50645.6109707899,76.25385648457531,6872.89177122259,20.375629264077254
RealCause,PSID,all,Do-PFN 1D,raw,100,0.9786567164179104,0.028656716417910455,0.0009001588604349485,86319.36470627098,298.43382096022845,104505.20156123485,1120.5650176641207,10848.089993471081,64.2760867754101
RealCause,PSID_bal,all,Do-PFN 1D,raw,100,0.9722388059701492,0.022238805970149267,0.001212079020712066,86525.87659236895,546.3707565125476,106260.26336590867,1172.9706251179125,12059.310913255818,87.8840664538082
RealCause,IHDP,all,Do-PFN 2D,raw,100,0.8440000000000001,0.10599999999999987,0.012083510389971809,18.03481541937084,2.2679144706031935,33.838393604958604,4.319412512814616,3.8913030145565917,0.43726211903516166
RealCause,ACIC,all,Do-PFN 2D,raw,10,0.8261954261954262,0.12380457380457377,0.06289545400609103,12.424598500579824,1.3996839169129425,32.286275363461286,9.045414878242038,3.0910210742383177,0.3877417695941285
RealCause,CPS,all,Do-PFN 2D,raw,100,0.54057478368356,0.4094252163164399,0.0048352583347520016,19000.037757559727,100.14567236226762,118445.46331097676,1302.3419056361233,9168.434458713231,19.77353343036
RealCause,PSID,all,Do-PFN 2D,raw,100,0.8909328358208956,0.0590671641791044,0.002070305465721252,45978.43951542921,138.6033716253311,98002.53678167776,1816.5070735652566,9325.422706955424,63.251815978025455
RealCause,PSID_bal,all,Do-PFN 2D,raw,100,0.9046641791044775,0.04533582089552246,0.0028289961876542162,47740.817093023696,291.1678251392774,96320.23703267731,1800.0048721706812,9274.930599715197,64.11946468950245
RealCause,IHDP,all,Do-PFN 2D (262k),raw,100,0.852,0.09799999999999998,0.011573412775720762,17.71969454836444,2.407550061644718,34.38785450942067,4.513555160899703,3.4703383898474467,0.40986260725641815
RealCause,ACIC,all,Do-PFN 2D (262k),raw,10,0.804989604989605,0.14501039501039492,0.05848843739262655,10.909703802081697,0.9390927756337017,31.986200205473654,8.255930636595089,2.6481984524971525,0.4131940358902805
RealCause,CPS,all,Do-PFN 2D (262k),raw,100,0.7254202719406675,0.22457972805933246,0.0019084466070089234,24942.783055841468,105.48929921214605,69383.2260970857,463.5167284013055,7756.043569688273,28.482133171350405
RealCause,PSID,all,Do-PFN 2D (262k),raw,100,0.8972388059701492,0.0527611940298508,0.0022838451677255726,44198.25553271045,179.76814477058525,95328.39688401518,1784.6886915525643,8277.71205566349,58.402338613763376
RealCause,PSID_bal,all,Do-PFN 2D (262k),raw,100,0.9002985074626867,0.04970149253731326,0.0028238736804711865,46665.50812204427,290.6375541920846,97588.49544388238,1851.472284693865,8528.80045725812,60.612308740077616
RealCause,IHDP,all,"Do-PFN 2D (262k, T=1)",raw,100,0.8757333333333334,0.07426666666666659,0.010726900638413563,19.328884494398718,2.6366917709198434,33.087531630461854,4.485138629470137,3.425186898224011,0.40388095729584766
RealCause,ACIC,all,"Do-PFN 2D (262k, T=1)",raw,10,0.8397089397089397,0.11029106029106028,0.05143862707024813,12.010592826599652,1.0868363056498045,29.2882033368022,7.268979719039502,2.5949124126157948,0.40418673445533365
RealCause,CPS,all,"Do-PFN 2D (262k, T=1)",raw,100,0.7633745364647712,0.1866254635352288,0.0018577171439465984,26956.378523909425,97.8056888594173,59621.916642456505,402.54426992855144,7519.754120040648,26.40682136036117
RealCause,PSID,all,"Do-PFN 2D (262k, T=1)",raw,100,0.9246641791044777,0.02533582089552222,0.002053828037536976,48771.0409663767,215.41322605709274,92714.60839229755,1704.8362998878843,8251.299551425438,57.571657621413394
RealCause,PSID_bal,all,"Do-PFN 2D (262k, T=1)",raw,100,0.9236194029850747,0.026380597014925233,0.002648807779972871,50918.9886679288,335.36270261168374,95404.61092450723,1766.6579472068443,8516.944884247394,59.59703010152899
RealCause,IHDP,all,UWYK 1D (noanc),raw,100,0.9782666666666665,0.02826666666666655,0.0021411892391903836,25.223538065717534,2.6182924958340044,27.98720517142033,3.3561869512064897,3.592572749857549,0.3973547871956921
RealCause,ACIC,all,UWYK 1D (noanc),raw,10,0.9925155925155924,0.04251559251559245,0.0034119289328042,22.99935525151315,1.519705067755166,24.079195999834177,1.6264257017917898,2.1946636968207422,0.23033542722308598
RealCause,CPS,all,UWYK 1D (noanc),raw,100,0.9498516687268231,0.00014833127317681605,0.0021929699229502903,44817.87987420872,94.25674585357459,48779.731816150335,240.598697063709,7472.736008722921,29.745567142466218
RealCause,PSID,all,UWYK 1D (noanc),raw,100,0.8824626865671644,0.06753731343283553,0.002613555099464504,59930.89727247988,247.34296428904426,118449.91364989622,1755.9094073798747,12507.032952152453,75.82622140929774
RealCause,PSID_bal,all,UWYK 1D (noanc),raw,100,0.8965298507462687,0.05347014925373128,0.0028222670972403562,59966.60588937056,317.4379842394843,109837.88988351649,1653.925248317953,12068.184246683602,79.46185502276175
RealCause,IHDP,all,UWYK 1D (v3a),raw,100,0.9798666666666666,0.029866666666666597,0.0019648539268821716,23.11108515503888,2.4733094647858325,26.131578021242998,3.2889050389192507,3.1814317405855825,0.3844393111622253
RealCause,ACIC,all,UWYK 1D (v3a),raw,10,0.9906444906444907,0.040644490644490716,0.005857803315039265,20.03112284569177,1.3671664891768287,21.249985788790546,1.6287542620095237,1.8689212680941438,0.22783889260536938
RealCause,CPS,all,UWYK 1D (v3a),raw,100,0.9773856613102596,0.027385661310259657,0.001002750008417161,44641.66060903383,119.62236034805412,46430.462378974466,116.92248638547953,6326.660805947426,38.629722251783235
RealCause,PSID,all,UWYK 1D (v3a),raw,100,0.9241417910447762,0.025858208955223727,0.0018885637610759245,70949.47100741425,462.9086955649965,108283.64032506548,1515.6876333676066,12667.893949835667,90.55705502872135
RealCause,PSID_bal,all,UWYK 1D (v3a),raw,100,0.9605597014925373,0.010559701492537377,0.0016638586212535428,69246.82763586959,557.4872430357974,97637.84555773746,1472.7330965888136,9436.65542107809,112.7779195635264
RealCause,IHDP,all,UWYK 2D (noanc),raw,100,0.9846666666666666,0.03466666666666662,0.002079238399807084,26.79189852298396,2.8881690458711127,29.123565405515855,3.5433090520742434,2.4973670058699105,0.28293186101379825
RealCause,ACIC,all,UWYK 2D (noanc),raw,10,0.968814968814969,0.018814968814969024,0.014969456622370732,18.504904890273533,2.5568014519601183,21.95368635441153,2.5488523572345656,1.8294112339679827,0.2047765231135255
RealCause,CPS,all,UWYK 2D (noanc),raw,100,0.9022126081582202,0.047787391841779714,0.002851033403900044,41215.10393108036,394.05377826199015,50201.04253531503,379.76985178857996,8086.857952175018,54.29369540040095
RealCause,PSID,all,UWYK 2D (noanc),raw,100,0.7503358208955224,0.19966417910447753,0.015265432452208927,41661.505893547874,1069.969037349208,161608.78569841664,6797.156755271508,13582.105857809815,158.3786407736717
RealCause,PSID_bal,all,UWYK 2D (noanc),raw,100,0.9373880597014925,0.01261194029850743,0.00241619702427317,58550.121536682534,455.1430955053946,97803.52194368199,1553.670177651657,11399.193817635642,96.69017196751103
RealCause,IHDP,all,UWYK 2D (v3a),raw,100,0.9761333333333332,0.02613333333333323,0.002384348515867143,23.194296298021253,2.4921571784823198,26.25611781614512,3.293615409263347,2.384193845389284,0.2769083949729339
RealCause,ACIC,all,UWYK 2D (v3a),raw,10,0.9646569646569647,0.014656964656964755,0.014736656070420014,16.924934586259894,2.216085019044631,20.797077492255873,2.4211281409493357,1.7832195904786423,0.19879557570863102
RealCause,CPS,all,UWYK 2D (v3a),raw,100,0.864505562422744,0.08549443757725594,0.0067696521245210195,36550.64653425843,572.1961851806818,56083.45231801964,1139.5435420127958,8657.649479116712,58.55190280638247
RealCause,PSID,all,UWYK 2D (v3a),raw,100,0.6408582089552239,0.309141791044776,0.01686115945492886,35062.219322326375,1010.831437490169,213175.23822862332,8263.781145301495,14305.880561943975,148.74401039589287
RealCause,PSID_bal,all,UWYK 2D (v3a),raw,100,0.7889925373134328,0.16100746268656718,0.008135019030231602,42983.43960605759,533.6013760071606,139152.27505518228,3522.0567143568815,13557.67072526087,117.52424790481093
RealCause,IHDP,all,CausalPFN 1D,raw,100,0.8458666666666665,0.10413333333333341,0.00550341593748104,4.715333014359569,0.1286176466268156,9.204057159659634,0.25903662217366086,0.9406346933080265,0.026658753761074384
RealCause,ACIC,all,CausalPFN 1D,raw,10,0.9623700623700625,0.012370062370062551,0.005883979916043619,8.761578190104803,0.8188872426528337,10.10912521583445,0.7760955608234863,1.1012541434351353,0.08052156938184367
RealCause,CPS,all,CausalPFN 1D,raw,100,0.9767737948084058,0.026773794808405804,0.0027127893804292755,47788.77223915288,263.2217134681707,49171.36941391443,201.66254189668146,5865.554492870314,128.17533620297448
RealCause,PSID,all,CausalPFN 1D,raw,100,0.9492910447761195,0.0007089552238804808,0.0016679445542155933,76384.5317606416,1242.6004582514247,102831.22881088074,1547.6012534339886,8414.672571532152,118.846396985316
RealCause,PSID_bal,all,CausalPFN 1D,raw,100,0.934402985074627,0.01559701492537291,0.0020272834084855717,71299.56194976003,1217.2590991634015,101549.38345508622,1624.585461433259,8835.657286713731,144.45340408261774
RealCause,IHDP,all,CausalPFN 2D,raw,100,0.9754666666666668,0.02546666666666686,0.003095023339573194,14.903480720944344,1.6500766184251483,15.559508660036753,1.6427881074018482,1.3840589498149658,0.09637103258950033
RealCause,ACIC,all,CausalPFN 2D,raw,10,0.9981288981288982,0.0481288981288982,0.0010018594798891839,13.578911447115942,0.5056917781965109,13.848116320879132,0.4100302342375943,1.2455010107995892,0.06048504631378144
RealCause,CPS,all,CausalPFN 2D,raw,100,0.9621631644004945,0.012163164400494586,0.0045965343872594365,44061.09037661579,160.99606533346636,49780.578416731005,732.0909654316764,6356.607581213849,123.11539842155037
RealCause,PSID,all,CausalPFN 2D,raw,100,0.9675373134328358,0.01753731343283582,0.00108235595113344,61319.64327546034,1046.31207338152,91532.58133200958,1587.6845422482388,7536.625561660174,76.70123175062982
RealCause,PSID_bal,all,CausalPFN 2D,raw,100,0.9590671641791046,0.009067164179104692,0.0015079624671383149,61936.9901349918,995.1721033036632,94162.97218239427,1696.472562848738,8124.08943768767,135.884262513342
RealCause,IHDP,all,Do-PFN (matched label),raw,100,0.9763999999999997,0.026399999999999757,0.0023121598242227376,22.411113080632475,2.640247017374027,27.659527874378817,3.88765722161114,2.884388191475333,0.36417149102443364
RealCause,ACIC,all,Do-PFN (matched label),raw,10,0.9877338877338877,0.03773388773388775,0.006474644318570413,27.310771533385907,0.9371472630170053,28.679382461106627,1.174314396554181,2.5936193168560164,0.23779163744579862
RealCause,CPS,all,Do-PFN (matched label),raw,100,0.9911804697156984,0.04118046971569844,0.00033437311047373547,49379.6957031347,60.1893057973537,49858.85625226793,54.80625037260686,6817.205169164739,22.076949962749495
RealCause,PSID,all,Do-PFN (matched label),raw,100,0.9675373134328359,0.017537313432835933,0.001091413481018921,68068.1350116021,169.0968081674361,95627.99493453678,1353.690847216091,9383.02275531333,58.37881540122337
RealCause,PSID_bal,all,Do-PFN (matched label),raw,100,0.9651865671641789,0.015186567164178988,0.0013972031308254022,67701.13096234387,413.80648102082785,96141.06627954557,1378.6775518498873,9184.392110718047,60.48803475435604
RealCause,IHDP,all,Do-PFN (matched resolution),raw,100,0.9866666666666666,0.036666666666666625,0.002218178138393666,31.083028952418744,2.1401603746478424,38.24145589728515,4.249177866741038,3.9323144362351785,0.35534116532015325
RealCause,ACIC,all,Do-PFN (matched resolution),raw,10,0.9956340956340958,0.04563409563409582,0.0027274662029320006,36.99337721807622,0.9847585068089899,37.60031754723143,0.829457431020418,2.6812562447450823,0.21830697973160568
RealCause,CPS,all,Do-PFN (matched resolution),raw,100,0.8889493201483313,0.06105067985166868,0.000767171286716646,39751.44530147493,23.333351423032497,54662.596978999434,127.21320325403023,6386.814950395302,13.12869092573474
RealCause,PSID,all,Do-PFN (matched resolution),raw,100,0.9181343283582089,0.031865671641791105,0.0019142771482701451,52175.32087498952,181.38851859924603,102367.90837079257,1737.8001505367986,8405.411793956451,64.07943565866671
RealCause,PSID_bal,all,Do-PFN (matched resolution),raw,100,0.915820895522388,0.034179104477611966,0.002278234639818477,54983.8463782207,387.85584130495687,105120.46948890468,1732.7642594238437,8730.098313124668,67.85552684963837
RealCause,IHDP,all,"Do-PFN (matched resolution, 262k, T=1)",raw,100,0.9887999999999999,0.038799999999999946,0.0022560655242770877,31.87451845431065,1.9821720116497203,39.31451334024844,4.25290628965904,3.7139791835967446,0.32781681880344216
RealCause,ACIC,all,"Do-PFN (matched resolution, 262k, T=1)",raw,10,0.996881496881497,0.04688149688149701,0.002240225900934799,39.21785734769347,0.9594362698261883,39.636569077531945,0.8210566119147361,2.866865348401256,0.24254722364636075
RealCause,CPS,all,"Do-PFN (matched resolution, 262k, T=1)",raw,100,0.8923794808405439,0.057620519159456096,0.0007498133772593128,41098.494710345134,30.372517358971844,55004.06577928558,116.99447783419063,6859.307046900631,12.029962185859976
RealCause,PSID,all,"Do-PFN (matched resolution, 262k, T=1)",raw,100,0.9323134328358208,0.017686567164179157,0.0017267109225861793,56256.983924020526,196.6555396745104,102399.52671048498,1668.661887977148,8490.638099656058,60.58188973957989
RealCause,PSID_bal,all,"Do-PFN (matched resolution, 262k, T=1)",raw,100,0.9266044776119403,0.023395522388059642,0.002031354892504784,56488.02821061944,371.2294803407284,104251.94313004096,1688.0418281424331,8968.639147032827,63.36480095909396
RealCause,IHDP,all,UWYK No-Anc (matched label),raw,100,0.8233333333333335,0.12666666666666648,0.008248388612485554,19.344167662376083,1.784080948514622,45.736566308966424,6.3345997337578215,4.489754254678992,0.47596972180949215
RealCause,ACIC,all,UWYK No-Anc (matched label),raw,10,0.9571725571725571,0.007172557172557159,0.013591296656555802,19.920058929055187,1.2799747209375723,24.03579005206302,1.980545899450146,2.846791656992303,0.24971482939146974
RealCause,CPS,all,UWYK No-Anc (matched label),raw,100,0.910203955500618,0.03979604449938201,0.002360218854969959,45477.348450446894,206.41556625241478,54744.99049728099,553.2896800869906,7858.546660123027,22.863555068739398
RealCause,PSID,all,UWYK No-Anc (matched label),raw,100,0.8145149253731344,0.13548507462686554,0.0033810782188773217,55347.092368359445,242.91086529906062,135871.75529938203,1965.6143551708096,13292.172184966223,76.59227940631038
RealCause,PSID_bal,all,UWYK No-Anc (matched label),raw,100,0.898731343283582,0.051268656716418004,0.0030387807789792705,59029.88920284178,347.4826739548566,104599.42650814661,1599.030972942383,12083.240309437237,76.02128035715808
RealCause,IHDP,all,UWYK Anc (matched label),raw,100,0.8461333333333334,0.10386666666666655,0.008065767821475143,20.174323992393212,1.9727536286091056,41.9492627110402,5.742737159755609,4.354303018839173,0.4725410368219535
RealCause,ACIC,all,UWYK Anc (matched label),raw,10,0.9586278586278587,0.008627858627858753,0.01448172487138534,19.952422130781727,1.3260604626291914,23.848864508871134,1.955807790647893,2.8054777990148145,0.2580709277702375
RealCause,CPS,all,UWYK Anc (matched label),raw,100,0.9035352286773795,0.0464647713226205,0.0020042741104985837,44206.7251689431,199.32581938265193,54494.12895099642,497.707651189745,7866.066317040291,20.78012686659868
RealCause,PSID,all,UWYK Anc (matched label),raw,100,0.8237686567164179,0.1262313432835821,0.0034659318576602247,56049.0345712221,262.41469299482344,130863.38479680504,1932.7388059715636,13213.288561084957,76.19038007641514
RealCause,PSID_bal,all,UWYK Anc (matched label),raw,100,0.9258208955223881,0.024179104477611846,0.002588564607107782,59335.35939088181,368.26351525604883,98482.19846644497,1529.6347810674565,11018.246467339522,79.32798123458078
RealCause,IHDP,all,UWYK No-Anc (matched resolution),raw,100,0.8632,0.08679999999999999,0.006235541300371764,17.903609745575007,1.8706839419783923,26.699082373977376,2.997198042278221,3.758317404308828,0.3840211749742347
RealCause,ACIC,all,UWYK No-Anc (matched resolution),raw,10,0.9825363825363824,0.03253638253638247,0.008533762593963764,20.43700033393587,1.9562476238408075,21.97648471468127,1.91922423160028,2.074948094624161,0.24049297273510067
RealCause,CPS,all,UWYK No-Anc (matched resolution),raw,100,0.9242088998763908,0.02579110012360919,0.001411324267073983,45271.87958907105,107.68609229660447,49093.13883801479,131.7365004153427,7558.198753261603,32.94015607574864
RealCause,PSID,all,UWYK No-Anc (matched resolution),raw,100,0.8299253731343285,0.1200746268656715,0.002937191335058654,54653.95882496976,280.23683633944444,125054.69607952988,1842.9023877656975,12712.422393616545,79.69021751915687
RealCause,PSID_bal,all,UWYK No-Anc (matched resolution),raw,100,0.8544029850746268,0.0955970149253732,0.0031643636395162532,55977.98026799936,320.65379193302846,116365.11510172558,1728.350270780097,12502.162757123971,74.07055008127595
RealCause,IHDP,all,UWYK Anc (matched resolution),raw,100,0.893333333333333,0.056666666666666976,0.0075257880631080295,16.58837121854072,1.7509401969951939,24.25935234358016,2.958689471740029,3.121606288778048,0.3572659481585571
RealCause,ACIC,all,UWYK Anc (matched resolution),raw,10,0.9879417879417881,0.03794178794178815,0.006387647191574726,19.6469099998503,1.967266812503678,20.612684890381217,1.863955882039608,1.7449946960447853,0.13375851495558216
RealCause,CPS,all,UWYK Anc (matched resolution),raw,100,0.9348145859085293,0.015185414091470673,0.001556436917706408,44976.665186700964,112.21941814903099,47590.996516969586,102.92947051654603,6895.292218120835,34.63648834419004
RealCause,PSID,all,UWYK Anc (matched resolution),raw,100,0.8952238805970149,0.0547761194029851,0.0024243900871072526,65303.93512342834,584.2737840195811,112545.66039676644,1707.665932152416,11729.627500180735,94.41455318944828
RealCause,PSID_bal,all,UWYK Anc (matched resolution),raw,100,0.9191791044776122,0.03082089552238776,0.002275702299571928,60997.54603943299,401.38906290713777,99914.23682069546,1542.6189659334013,10698.687545519113,77.55219049930452
RealCause,IHDP,all,UWYK-B No-Anc,raw,100,0.9782666666666665,0.02826666666666655,0.0021411892391903836,25.234954460773405,2.620466587401605,27.9986215664762,3.3577884086290943,3.5865693898454007,0.3964707985371764
RealCause,ACIC,all,UWYK-B No-Anc,raw,10,0.9925155925155924,0.04251559251559245,0.0034119289328042,22.99935525151315,1.519705067755166,24.079195999834177,1.6264257017917898,2.1946636968207422,0.23033542722308598
RealCause,CPS,all,UWYK-B No-Anc,raw,100,0.9407972805933252,0.00920271940667472,0.0016578889865811104,44494.5354645781,79.81033570666003,48538.96764832072,94.69707775322227,7712.664595654801,15.227327622064497
RealCause,PSID,all,UWYK-B No-Anc,raw,100,0.8744029850746267,0.0755970149253733,0.0026476208649828274,59094.106579515494,235.7667471944315,118915.459941467,1766.7554551900444,12617.286758255506,73.70197509807551
RealCause,PSID_bal,all,UWYK-B No-Anc,raw,100,0.8780970149253732,0.07190298507462678,0.0026342198761408054,59768.19513846834,320.24317117051,116173.09779472336,1650.0308087459282,12672.586835475675,73.93853291734736
RealCause,IHDP,all,UWYK-B Anc,raw,100,0.9797333333333333,0.02973333333333339,0.001964716832891083,23.069904353239693,2.465055454618143,26.09827764601336,3.2841493553373433,3.175984508562511,0.38363682207934974
RealCause,ACIC,all,UWYK-B Anc,raw,10,0.9906444906444907,0.040644490644490716,0.005857803315039265,20.03112284569177,1.3671664891768287,21.249985788790546,1.6287542620095237,1.8689212680941438,0.22783889260536938
RealCause,CPS,all,UWYK-B Anc,raw,100,0.9092707045735478,0.040729295426452206,0.001341534292852582,43248.34780829446,116.30739435872337,51155.921974854515,256.4338882137972,7830.57200661931,16.451273133680267
RealCause,PSID,all,UWYK-B Anc,raw,100,0.875410447761194,0.07458955223880592,0.002596492731750193,62104.97868453592,290.5639742218542,118959.23622510543,1746.5420515989094,12407.697362709576,72.63027788508126
RealCause,PSID_bal,all,UWYK-B Anc,raw,100,0.9568656716417909,0.006865671641790971,0.0016409342226459019,64099.751219920305,513.4818748692443,96137.38306296784,1554.0016044202007,9676.913693132134,113.60273430895022
RealCause,IHDP,all,CausalPFN-C (matched label),raw,100,0.8403999999999999,0.10960000000000003,0.0051881069209414035,4.718379297291492,0.14173820031289253,9.144068183438849,0.2252979130092294,0.9373997530566527,0.025424676770069356
RealCause,ACIC,all,CausalPFN-C (matched label),raw,10,0.9686070686070687,0.018607068607068733,0.004735279364062785,8.978330035576393,0.8566748714239554,10.107642063185995,0.7746224768932812,1.105096204945444,0.08558865629652354
RealCause,CPS,all,CausalPFN-C (matched label),raw,100,0.9778182941903585,0.027818294190358528,0.003314424546681279,53239.222221929376,567.0022188492967,54279.19351164957,442.26603935829735,5868.322324559699,118.20437008821052
RealCause,PSID,all,CausalPFN-C (matched label),raw,100,0.9451492537313432,0.00485074626865678,0.0015737193566815438,63926.44121104054,945.9347477324139,94459.09137914781,1479.4962282485399,7366.89180238024,63.3932005201156
RealCause,PSID_bal,all,CausalPFN-C (matched label),raw,100,0.9351119402985074,0.01488805970149254,0.0018832243796712933,67597.62815961108,1251.3983716617556,98547.97981993489,1641.866623390167,7739.1165369711025,96.72659531976693
RealCause,IHDP,all,CausalPFN-C (matched resolution),raw,100,0.9932,0.043200000000000016,0.0011909874803922907,15.427053823398156,1.6039086635576048,15.587668119577629,1.6024672212153164,1.3045379963658013,0.09666350014334553
RealCause,ACIC,all,CausalPFN-C (matched resolution),raw,10,0.9991683991683992,0.04916839916839921,0.0005544005544005544,14.822540347490357,0.5316856704848617,15.03064380037485,0.44225065848185796,1.2417014231384198,0.04023416861379759
RealCause,CPS,all,CausalPFN-C (matched resolution),raw,100,0.9937886279357232,0.043788627935723246,0.0009906829672056915,58437.89612775977,653.2661041421493,58824.69846147894,601.3785193525022,5953.095673663987,112.39584836453112
RealCause,PSID,all,CausalPFN-C (matched resolution),raw,100,0.9819029850746267,0.031902985074626744,0.0008524871695583828,91449.57988363238,1186.1714877495633,108983.84496078201,1328.085816137605,8264.865990793447,103.21957200968613
RealCause,PSID_bal,all,CausalPFN-C (matched resolution),raw,100,0.9801492537313432,0.03014925373134325,0.0010336793042772176,83097.69836397596,1465.2000211349439,103477.51586471491,1574.8270845588333,8108.366963296606,161.49938845777723
RealCause,IHDP,all,"CausalPFN (two-stage, published)",raw,100,0.9957333333333334,0.045733333333333404,0.0008864613316328905,18.118447353188525,1.9706594576802736,18.19708675708647,1.9664691091458142,1.3736273395280236,0.11055415146007244
RealCause,ACIC,all,"CausalPFN (two-stage, published)",raw,10,0.9997920997920998,0.049792099792099864,0.00020790020790020236,16.884799423577096,0.5704429021024228,16.98094382053908,0.4988121133274214,1.2788569370915064,0.03665466559162906
RealCause,CPS,all,"CausalPFN (two-stage, published)",raw,100,0.9910197775030902,0.04101977750309027,0.0007600251875080295,48784.74187449203,176.04120079139943,49365.82922885374,164.21323641370037,5819.39047909599,110.08326521809413
RealCause,PSID,all,"CausalPFN (two-stage, published)",raw,100,0.9823880597014925,0.0323880597014925,0.0008251673998760164,78178.45160540182,1089.018973357389,99389.7479089664,1388.0213156385294,7164.006917853615,59.41605967180825
RealCause,PSID_bal,all,"CausalPFN (two-stage, published)",raw,100,0.9825,0.032500000000000084,0.0008885460587025904,80112.59847967983,1287.967110863478,100580.35559529344,1474.3291665726724,7314.72107142407,72.15911443884136
CaseStudy,Observed_Confounder,pooled,Do-PFN 1D,raw,1800,0.9962722222222222,0.04627222222222227,0.00059714559204905,5.7179227944579365,0.09986792143883812,5.763799916655349,0.09973227517594734,0.5536082266205798,0.009684098356996056
CaseStudy,Observed_Confounder,shift-2,Do-PFN 1D,raw,600,0.9954333333333333,0.045433333333333326,0.0012971087807191557,6.75132549860118,0.175369025176728,6.8064724434238055,0.1748282660252409,0.815621641611833,0.016849503495090946
CaseStudy,Observed_Confounder,shift0,Do-PFN 1D,raw,600,0.9999833333333333,0.04998333333333338,1.666666666666668e-05,4.440297788959588,0.15900331267460635,4.440325371595799,0.15900264929676802,0.2138101714416855,0.006254699586233115
CaseStudy,Observed_Confounder,shift+2,Do-PFN 1D,raw,600,0.9934,0.043399999999999994,0.0012215191650863872,5.962145095813042,0.1709341148639338,6.044601934946442,0.17000241447105743,0.6313928668082208,0.014299606677764231
CaseStudy,Observed_Confounder,d5,Do-PFN 1D,raw,300,0.9978666666666667,0.047866666666666724,0.0007302560344718635,1.0943727766797628,0.07680392509420753,1.1014538291771714,0.07711230228293021,0.09884920793853286,0.009151249325557179
CaseStudy,Observed_Confounder,d10,Do-PFN 1D,raw,300,0.9943666666666666,0.044366666666666665,0.0010148269078602181,5.077763157293066,0.22305430468852255,5.143567417198676,0.22161399719714914,0.4346821186250531,0.016432506068578382
CaseStudy,Observed_Confounder,d20,Do-PFN 1D,raw,300,0.9981666666666669,0.04816666666666691,0.00041557828866491825,6.192985648168834,0.18581490499759817,6.209054013077884,0.18529496962718303,0.5935735938373776,0.019750437830432666
CaseStudy,Observed_Confounder,d30,Do-PFN 1D,raw,300,0.9911666666666665,0.041166666666666574,0.0030343475340285186,6.576991329945616,0.1818138893489179,6.707329201158451,0.1802955277849245,0.6615405908007438,0.021309393137930406
CaseStudy,Observed_Confounder,d40,Do-PFN 1D,raw,300,0.9989333333333331,0.04893333333333316,0.0004231150957408346,7.451533724861991,0.2343498785716381,7.464026797516314,0.23397414696283023,0.7383094432276454,0.022932793272485572
CaseStudy,Observed_Confounder,d50,Do-PFN 1D,raw,300,0.9971333333333333,0.04713333333333336,0.001266737074848893,7.913890129798349,0.28218100840062943,7.9573682418036,0.28114183570445694,0.7946944052941263,0.02387359349695113
CaseStudy,Observed_Confounder,pooled,Do-PFN 2D,raw,1800,0.9925166666666668,0.04251666666666687,0.0017139034698810088,2.9855378731369275,0.054642421086214185,3.0544501601707856,0.05790168287109672,0.30124266077233186,0.006640899563741703
CaseStudy,Observed_Confounder,shift-2,Do-PFN 2D,raw,600,0.9965500000000002,0.0465500000000002,0.0015047305299368335,3.6102224010847728,0.1048013958871506,3.6224944726985533,0.1047953691233044,0.3595537410657213,0.010680700280614396
CaseStudy,Observed_Confounder,shift0,Do-PFN 2D,raw,600,0.9929333333333333,0.04293333333333338,0.0031694130374629995,1.829587202195867,0.06996388059370388,1.9020969462810406,0.07921380312740672,0.11018906854314399,0.005161893911850131
CaseStudy,Observed_Confounder,shift+2,Do-PFN 2D,raw,600,0.9880666666666668,0.038066666666666804,0.0037545584734247285,3.516804016130143,0.08758060203590075,3.6387590615327623,0.09810490339043475,0.43398517270813036,0.012672913271567103
CaseStudy,Observed_Confounder,d5,Do-PFN 2D,raw,300,0.9967666666666666,0.04676666666666662,0.0008052480223849124,1.4933863372506315,0.037816117208513814,1.543981990303974,0.04214210272281901,0.16969230828988643,0.0072598055534759875
CaseStudy,Observed_Confounder,d10,Do-PFN 2D,raw,300,0.9753666666666667,0.02536666666666676,0.008600808643807138,2.485118066958895,0.11910764118972003,2.765851005176529,0.1598695540618217,0.27481696394604804,0.015569506820113273
CaseStudy,Observed_Confounder,d20,Do-PFN 2D,raw,300,0.9993000000000001,0.04930000000000012,0.0006042676173685159,2.872732935594229,0.1198827559672869,2.873395776514721,0.11985760132946688,0.2381534860128727,0.01183044076666378
CaseStudy,Observed_Confounder,d30,Do-PFN 2D,raw,300,0.9973333333333335,0.04733333333333356,0.001700110386168478,3.237452288097152,0.11923528350669903,3.240830194386152,0.11921415311898537,0.28944239433840174,0.01452940898041416
CaseStudy,Observed_Confounder,d40,Do-PFN 2D,raw,300,1.0,0.050000000000000044,0.0,3.786649229247202,0.14227245702812497,3.786649229247202,0.14227245702812497,0.3520845042918077,0.016364468601869065
CaseStudy,Observed_Confounder,d50,Do-PFN 2D,raw,300,0.9863333333333333,0.03633333333333333,0.005155082853558528,4.037888381673454,0.1701528505593002,4.115992765396134,0.17657838641651397,0.48326630775497476,0.022014992294936937
CaseStudy,Observed_Confounder,pooled,Do-PFN 2D (262k),raw,1800,0.9873833333333333,0.037383333333333324,0.0023766574983951527,2.6678934621311794,0.053586292688649485,2.7901634937270896,0.060894751288062716,0.2548616121300255,0.005703555485894439
CaseStudy,Observed_Confounder,shift-2,Do-PFN 2D (262k),raw,600,0.9948000000000001,0.04480000000000017,0.0024556024322982704,3.25096067412107,0.10795751438939205,3.298964277180941,0.11040214583407366,0.2891333280864639,0.008301118727566708
CaseStudy,Observed_Confounder,shift0,Do-PFN 2D (262k),raw,600,0.9872666666666667,0.03726666666666678,0.0042409080900564725,1.5491834165901452,0.05411693841825978,1.6547619924665942,0.06854428402432215,0.11182097014965417,0.005273877693525776
CaseStudy,Observed_Confounder,shift+2,Do-PFN 2D (262k),raw,600,0.9800833333333333,0.03008333333333335,0.00516691236603219,3.203536295682322,0.09029302672933182,3.4167642115337338,0.11525589975269607,0.3636305381539583,0.01185364315867265
CaseStudy,Observed_Confounder,d5,Do-PFN 2D (262k),raw,300,0.9960666666666669,0.04606666666666692,0.0007219960769916822,1.4895795622271204,0.03687286749629034,1.5616382696140603,0.04297427712029694,0.16813621193081113,0.0070092637876710325
CaseStudy,Observed_Confounder,d10,Do-PFN 2D (262k),raw,300,0.9717333333333332,0.02173333333333327,0.009011759112624803,2.4615321746759307,0.11291605125715633,2.8679942874021225,0.19137157735683677,0.2756249241964584,0.015380553185111853
CaseStudy,Observed_Confounder,d20,Do-PFN 2D (262k),raw,300,0.9859666666666665,0.03596666666666659,0.006446434520185538,2.6337540019946486,0.12168560022105557,2.691029505633727,0.12287541589275958,0.22282245602276865,0.010841845827521372
CaseStudy,Observed_Confounder,d30,Do-PFN 2D (262k),raw,300,0.9953666666666667,0.04536666666666678,0.0032786931939156883,2.814174206835177,0.12559918994666602,2.827495947948748,0.1258591254550636,0.2375169622241384,0.011685767135178056
CaseStudy,Observed_Confounder,d40,Do-PFN 2D (262k),raw,300,0.9995999999999999,0.04959999999999998,0.0002977432771463391,3.192786750464382,0.15012487204042912,3.193321710097692,0.1501194621090817,0.26355382192433524,0.013963678835182262
CaseStudy,Observed_Confounder,d50,Do-PFN 2D (262k),raw,300,0.9755666666666666,0.025566666666666626,0.008217502914112114,3.4155340765898154,0.1696460088520203,3.5995012416661893,0.18461239760909384,0.36151529648164105,0.01924196193564015
CaseStudy,Observed_Confounder,pooled,"Do-PFN 2D (262k, T=1)",raw,1800,0.989588888888889,0.03958888888888901,0.002159853441399708,2.871521622146266,0.0594970147730739,2.971248490086309,0.0646645382950868,0.2568596806729556,0.0056524944412174654
CaseStudy,Observed_Confounder,shift-2,"Do-PFN 2D (262k, T=1)",raw,600,0.9960666666666667,0.0460666666666667,0.0023012646430868823,3.488308806826555,0.11899573365094572,3.526107854340254,0.12049293512089661,0.29343240690202826,0.00840015763906533
CaseStudy,Observed_Confounder,shift0,"Do-PFN 2D (262k, T=1)",raw,600,0.9883166666666667,0.03831666666666678,0.004017075349177807,1.6693724238487029,0.05987203046169526,1.7554184750574457,0.06963457919163717,0.11272314593891428,0.005172861351363395
CaseStudy,Observed_Confounder,shift+2,"Do-PFN 2D (262k, T=1)",raw,600,0.9843833333333333,0.03438333333333332,0.004525563275902746,3.4568836357635413,0.10261629335328308,3.632219140861228,0.12081684715664733,0.3644234891779243,0.011589792430730493
CaseStudy,Observed_Confounder,d5,"Do-PFN 2D (262k, T=1)",raw,300,0.9965666666666667,0.046566666666666756,0.0006724691740450839,1.5302886948826577,0.03799668032009237,1.595179463315832,0.04341028887494944,0.16458762723893086,0.006809265891969055
CaseStudy,Observed_Confounder,d10,"Do-PFN 2D (262k, T=1)",raw,300,0.9744333333333335,0.02443333333333353,0.008649500837291104,2.6263591797378334,0.12376221402001641,2.9859207228105227,0.18771065019062735,0.27454967517540324,0.015103966740390109
CaseStudy,Observed_Confounder,d20,"Do-PFN 2D (262k, T=1)",raw,300,0.9874333333333334,0.03743333333333343,0.0059232584537375465,2.8405866484800497,0.13440006831619808,2.8804193331076573,0.13446917701140537,0.2256082186684998,0.010890755008544863
CaseStudy,Observed_Confounder,d30,"Do-PFN 2D (262k, T=1)",raw,300,0.9973333333333333,0.04733333333333334,0.0021824951372579485,3.0428318097446474,0.13845903674490873,3.0483847585469346,0.13846404700737433,0.24211272289711777,0.011706983222076117
CaseStudy,Observed_Confounder,d40,"Do-PFN 2D (262k, T=1)",raw,300,1.0,0.050000000000000044,0.0,3.4719276438941447,0.1666989473724531,3.4719276438941447,0.1666989473724531,0.26965146454603206,0.013920085947520136
CaseStudy,Observed_Confounder,d50,"Do-PFN 2D (262k, T=1)",raw,300,0.9817666666666666,0.03176666666666661,0.007181795754812471,3.7171357561382647,0.18997839950218884,3.8456590188427646,0.19752046924396796,0.3646483755117499,0.018883419177094716
CaseStudy,Observed_Confounder,pooled,UWYK 1D (noanc),raw,1800,0.9602944444444446,0.010294444444444606,0.0024041597127769394,5.372282530644443,0.11094057718797867,5.990856752193865,0.11688640841572638,0.6442844867510954,0.010168377863761057
CaseStudy,Observed_Confounder,shift-2,UWYK 1D (noanc),raw,600,0.9429,0.007099999999999995,0.00455735537736689,6.068420504700207,0.17694558076012945,6.987177027847698,0.1815836204900019,0.8711200328621815,0.013120470570967371
CaseStudy,Observed_Confounder,shift0,UWYK 1D (noanc),raw,600,0.9985999999999999,0.04859999999999998,0.0006739116620252906,4.008848723436582,0.21003949645118142,4.011033069212395,0.20998496924783375,0.1845721864096042,0.007503289955414066
CaseStudy,Observed_Confounder,shift+2,UWYK 1D (noanc),raw,600,0.9393833333333333,0.010616666666666608,0.005212424647939127,6.039578363796538,0.17553184229413404,6.974360159521503,0.19030684460908015,0.8771612409815005,0.013187181514111353
CaseStudy,Observed_Confounder,d5,UWYK 1D (noanc),raw,300,0.8637666666666667,0.08623333333333327,0.01086218711316725,3.4582180843390007,0.13512373967944816,6.075724070128546,0.2934580461978553,0.7517142852396541,0.028882383232280165
CaseStudy,Observed_Confounder,d10,UWYK 1D (noanc),raw,300,0.9310666666666666,0.018933333333333358,0.005799760371271979,5.068517458086891,0.2789304605088994,5.8540584844806425,0.27886157261237393,0.752430899527035,0.026803249602427436
CaseStudy,Observed_Confounder,d20,UWYK 1D (noanc),raw,300,0.9807333333333335,0.0307333333333335,0.0024532159101364396,5.346572484088197,0.22432458271681052,5.527530178812048,0.22260435980474244,0.6620945890947885,0.023289684405013753
CaseStudy,Observed_Confounder,d30,UWYK 1D (noanc),raw,300,0.9904999999999999,0.04049999999999998,0.0016200561532858455,5.5973819672658855,0.21704589068626273,5.68983738278665,0.2159304070066358,0.6638597014532485,0.02280795335092605
CaseStudy,Observed_Confounder,d40,UWYK 1D (noanc),raw,300,0.9958,0.04580000000000006,0.0006769661484219528,6.146405104589196,0.2943694414635985,6.181086038868012,0.293879479036471,0.6251760029325291,0.023250525409373488
CaseStudy,Observed_Confounder,d50,UWYK 1D (noanc),raw,300,0.9999000000000001,0.049900000000000166,5.754160919975792e-05,6.6166000854974865,0.37981026485600217,6.616904358087297,0.37980738244442697,0.4104314422593176,0.017681695789532235
CaseStudy,Observed_Confounder,pooled,UWYK 1D (v3a),raw,1800,0.9977499999999999,0.04774999999999996,0.00045635511404822315,4.249901353716259,0.1025269614330217,4.263237247186761,0.10246206319422892,0.2397578630226014,0.004414090236081831
CaseStudy,Observed_Confounder,shift-2,UWYK 1D (v3a),raw,600,0.9980833333333333,0.04808333333333337,0.0006619809593763912,4.4449466425274595,0.16548055979474216,4.45854225823908,0.16540864121610108,0.2567495267405881,0.007215212933625273
CaseStudy,Observed_Confounder,shift0,UWYK 1D (v3a),raw,600,0.9992166666666666,0.049216666666666686,0.0003786594156625863,3.8747983969547075,0.1991923585127007,3.8758262464682662,0.19917621595360605,0.1942737606866995,0.007944682263655412
CaseStudy,Observed_Confounder,shift+2,UWYK 1D (v3a),raw,600,0.9959499999999999,0.045949999999999935,0.0011338600285193008,4.429959021666609,0.16521910295649794,4.455343236852936,0.16487690198294375,0.2682503016405166,0.00742189842630524
CaseStudy,Observed_Confounder,d5,UWYK 1D (v3a),raw,300,0.9874666666666667,0.03746666666666676,0.0026389473482151555,2.2900829150207542,0.13056979172187566,2.365660572618088,0.1326203180903609,0.19721158147509085,0.010354508535430372
CaseStudy,Observed_Confounder,d10,UWYK 1D (v3a),raw,300,0.9990666666666668,0.049066666666666814,0.0003555369746166829,3.9480044915632044,0.2773122228129511,3.952323156154231,0.27724986873678603,0.24643093297905197,0.012492169276737642
CaseStudy,Observed_Confounder,d20,UWYK 1D (v3a),raw,300,1.0,0.050000000000000044,0.0,4.215904398053771,0.2210583513748033,4.215904398053771,0.2210583513748033,0.22114466507236083,0.008545086838891974
CaseStudy,Observed_Confounder,d30,UWYK 1D (v3a),raw,300,1.0,0.050000000000000044,0.0,4.491746422035834,0.20478639879133226,4.491746422035834,0.20478639879133226,0.2335378200485264,0.008156774412831032
CaseStudy,Observed_Confounder,d40,UWYK 1D (v3a),raw,300,1.0,0.050000000000000044,0.0,5.108351968108327,0.26873873408977444,5.108351968108327,0.26873873408977444,0.24955287577685634,0.009999614569138384
CaseStudy,Observed_Confounder,d50,UWYK 1D (v3a),raw,300,0.9999666666666667,0.049966666666666715,3.333333333333335e-05,5.445317927515663,0.3192323508990883,5.4454369661503135,0.31922855089252644,0.29066930278372216,0.013568018056264721
CaseStudy,Observed_Confounder,pooled,UWYK 2D (noanc),raw,1800,0.999538888888889,0.04953888888888902,0.00014588553186129709,3.672821196384664,0.058856031177913354,3.6744344101524344,0.05883071015789522,0.18110381396354822,0.002758989363389321
CaseStudy,Observed_Confounder,shift-2,UWYK 2D (noanc),raw,600,0.9999833333333333,0.04998333333333338,1.666666666666668e-05,4.450621876478516,0.10983998105389887,4.450626746353917,0.10983980387141891,0.20914028878233412,0.004501032431659797
CaseStudy,Observed_Confounder,shift0,UWYK 2D (noanc),raw,600,0.9991333333333333,0.04913333333333336,0.0003215040705365101,2.597214284609826,0.06775941656761326,2.6002453287206624,0.06765813951792571,0.12837871638992226,0.004300302380305666
CaseStudy,Observed_Confounder,shift+2,UWYK 2D (noanc),raw,600,0.9995,0.0495000000000001,0.00029581574677126456,3.970627428065649,0.10707641939042001,3.972431155382722,0.10705762666089957,0.20579243671838818,0.004781396937955026
CaseStudy,Observed_Confounder,d5,UWYK 2D (noanc),raw,300,0.9990666666666668,0.049066666666666814,0.0005834838155956502,3.3728432498977337,0.11564362334285108,3.3762217336444764,0.11561362769845314,0.2095395336048015,0.008483730547702165
CaseStudy,Observed_Confounder,d10,UWYK 2D (noanc),raw,300,0.9997,0.04970000000000008,0.00015918549650186122,3.598692435256325,0.14421924991934607,3.5994828290531724,0.14421106480488766,0.20866265610703597,0.007918849332200058
CaseStudy,Observed_Confounder,d20,UWYK 2D (noanc),raw,300,0.9995333333333334,0.04953333333333343,0.000278045950074855,3.3912670548261956,0.14122655627681716,3.39379169764692,0.1411116069223493,0.16693142250616697,0.005982518402108341
CaseStudy,Observed_Confounder,d30,UWYK 2D (noanc),raw,300,0.9994,0.0494,0.00047796484200150193,3.455621405081356,0.13621895456429384,3.4575837331458343,0.13610478205094964,0.1622774226584601,0.005520011774329745
CaseStudy,Observed_Confounder,d40,UWYK 2D (noanc),raw,300,0.9995666666666667,0.04956666666666676,0.0003068098642937429,3.9014029937728725,0.14860475311476926,3.9023505208178677,0.1485346918414664,0.1639709106968128,0.0055047383503463035
CaseStudy,Observed_Confounder,d50,UWYK 2D (noanc),raw,300,0.9999666666666667,0.049966666666666715,3.3333333333333355e-05,4.317100039473502,0.167304823905807,4.3171759466063335,0.1673020156301982,0.17524093820801181,0.005945858482055353
CaseStudy,Observed_Confounder,pooled,UWYK 2D (v3a),raw,1800,0.9963388888888889,0.04633888888888893,0.0008187199852425845,2.7203291636349816,0.05404786004969604,2.7331844632366895,0.05402794255977119,0.16959498066334988,0.0030237840886416898
CaseStudy,Observed_Confounder,shift-2,UWYK 2D (v3a),raw,600,0.9995833333333334,0.049583333333333424,0.00023350319757089007,3.368714244318746,0.10065480723881348,3.369631180026934,0.10063524269675024,0.19314152921354422,0.004661630218305476
CaseStudy,Observed_Confounder,shift0,UWYK 2D (v3a),raw,600,0.99875,0.04875000000000007,0.00045548197396080094,1.822286799069964,0.06579652016582327,1.8265011283365988,0.06577458419858559,0.09000023398927587,0.003068421670094925
CaseStudy,Observed_Confounder,shift+2,UWYK 2D (v3a),raw,600,0.9906833333333332,0.040683333333333294,0.0023867911376377264,2.9699864475162343,0.09852387977246667,3.003421081346536,0.09836714714669027,0.22564317878722961,0.00587269032415196
CaseStudy,Observed_Confounder,d5,UWYK 2D (v3a),raw,300,0.9938666666666668,0.04386666666666683,0.002012543349115706,2.087091413343731,0.08749610878020068,2.1109476531462263,0.08773487085536238,0.1634577290024786,0.00762663831583595
CaseStudy,Observed_Confounder,d10,UWYK 2D (v3a),raw,300,0.9883333333333333,0.03833333333333333,0.004215709150518909,2.4818493835458844,0.14043087642290356,2.526714324154904,0.140871454122722,0.19458648463220216,0.008967600784605739
CaseStudy,Observed_Confounder,d20,UWYK 2D (v3a),raw,300,0.9969666666666668,0.04696666666666682,0.0013419717380298117,2.508101982023247,0.13119799182387368,2.5135635341893847,0.13105989305651253,0.1718098881585363,0.007868744937443509
CaseStudy,Observed_Confounder,d30,UWYK 2D (v3a),raw,300,0.9993333333333334,0.04933333333333345,0.0003667730665528335,2.6607428391569594,0.12498174005144484,2.662581138548946,0.12491243347780996,0.16409237172440863,0.006965310754095304
CaseStudy,Observed_Confounder,d40,UWYK 2D (v3a),raw,300,0.9995666666666667,0.04956666666666676,0.0003068098642937429,2.9909410417223494,0.13063039533214296,2.9918748539585156,0.1305733244685559,0.16333625463795448,0.006600490849332011
CaseStudy,Observed_Confounder,d50,UWYK 2D (v3a),raw,300,0.9999666666666667,0.049966666666666715,3.3333333333333355e-05,3.593248322017718,0.15392858644173332,3.593425275422162,0.15392178153717798,0.16028715582451916,0.005893994343560915
CaseStudy,Observed_Confounder,pooled,CausalPFN 1D,raw,1800,0.9891777777777778,0.03917777777777787,0.000715590241572184,1.4944875416456485,0.06842673400437331,1.5175749035838908,0.06835504315131817,0.10228665646822165,0.0033577564024183594
CaseStudy,Observed_Confounder,shift-2,CausalPFN 1D,raw,600,0.981,0.031000000000000028,0.001667389937665833,1.6237099645657096,0.1267357059050273,1.6672225485008152,0.1263962783587717,0.11509975134641948,0.006040302986900272
CaseStudy,Observed_Confounder,shift0,CausalPFN 1D,raw,600,0.9980999999999999,0.04809999999999992,0.000349233997609418,1.212211983929467,0.09630333659741255,1.2191680744905664,0.09640759321409174,0.08056722420427759,0.005267786045065712
CaseStudy,Observed_Confounder,shift+2,CausalPFN 1D,raw,600,0.9884333333333333,0.03843333333333332,0.0012108387952229915,1.6475406764417684,0.129037144161083,1.6663340877602904,0.12886068963567215,0.11119299385396791,0.006012887214645798
CaseStudy,Observed_Confounder,d5,CausalPFN 1D,raw,300,0.9849000000000001,0.03490000000000015,0.002727491241541709,0.5561319082534708,0.023800950168345006,0.5886281783426817,0.02737439600309572,0.05306559854378298,0.003046309187229692
CaseStudy,Observed_Confounder,d10,CausalPFN 1D,raw,300,0.9927333333333335,0.04273333333333351,0.0010980811614296026,0.784640185762637,0.058235711912052776,0.8071778206135408,0.05999231936128764,0.07350278168716096,0.005516247654397515
CaseStudy,Observed_Confounder,d20,CausalPFN 1D,raw,300,0.9940333333333334,0.04403333333333348,0.0013472779720063656,1.1283507490126685,0.09066063183656545,1.1363087953187558,0.09060096791192951,0.08800693752047094,0.006259902320321494
CaseStudy,Observed_Confounder,d30,CausalPFN 1D,raw,300,0.9932666666666667,0.043266666666666787,0.0008219309094554398,1.4361976997907888,0.1197933416207704,1.445002306549803,0.11956069621416492,0.1037187670007606,0.0070016365417018035
CaseStudy,Observed_Confounder,d40,CausalPFN 1D,raw,300,0.9884333333333333,0.03843333333333332,0.0014870817443757396,2.1148883380492705,0.18744849467116712,2.1403005012547998,0.1868170877784006,0.1314569258381265,0.008878184796992537
CaseStudy,Observed_Confounder,d50,CausalPFN 1D,raw,300,0.9817,0.03170000000000006,0.002170628399269346,2.9467163690050544,0.30648741354528675,2.988031819423763,0.3054783659456448,0.16396892821902795,0.013158294101690183
CaseStudy,Observed_Confounder,pooled,CausalPFN 2D,raw,1800,0.9994611111111112,0.04946111111111129,0.00013449704985443812,3.131273942377467,0.04194923140003458,3.142652271155897,0.042482719247950114,0.2135620782910925,0.003444690159504088
CaseStudy,Observed_Confounder,shift-2,CausalPFN 2D,raw,600,0.9994166666666668,0.049416666666666886,0.00018345470763458905,3.494309744609016,0.06566057658854306,3.512333349132512,0.06699416968324089,0.24376711398935172,0.005731174711104956
CaseStudy,Observed_Confounder,shift0,CausalPFN 2D,raw,600,0.9992999999999999,0.0492999999999999,0.0002941934826452491,2.4599615991373254,0.07702627187091587,2.468444125362843,0.07782492982359915,0.15775421959542005,0.005701898036478238
CaseStudy,Observed_Confounder,shift+2,CausalPFN 2D,raw,600,0.9996666666666668,0.04966666666666686,0.00020655192750780105,3.439550483386059,0.06693187947736087,3.4471793389723357,0.06763386897264044,0.23916490128850565,0.005808346885967566
CaseStudy,Observed_Confounder,d5,CausalPFN 2D,raw,300,0.9986000000000002,0.0486000000000002,0.0007193146744588642,2.671975585750596,0.06918769055895127,2.702446075544759,0.07468935775318387,0.17978719773285382,0.006646258671861826
CaseStudy,Observed_Confounder,d10,CausalPFN 2D,raw,300,0.9998000000000001,0.04980000000000018,8.09640904752737e-05,3.12329517588863,0.10735760916737912,3.1265205837300627,0.10788884265703064,0.2074439757072057,0.007954235836180467
CaseStudy,Observed_Confounder,d20,CausalPFN 2D,raw,300,0.9994333333333335,0.04943333333333355,0.00023141430959000258,3.0370833742574095,0.08648709532894402,3.050886517600047,0.08773002072939148,0.2120332134336678,0.007606949060668558
CaseStudy,Observed_Confounder,d30,CausalPFN 2D,raw,300,0.9994000000000002,0.04940000000000022,0.00021874273359487277,3.061228703463248,0.08259956945701442,3.0697523694242568,0.08299528237674174,0.20959678790064915,0.007004221251117261
CaseStudy,Observed_Confounder,d40,CausalPFN 2D,raw,300,0.9997333333333334,0.04973333333333341,0.00010445306225664263,3.328558519980134,0.1091618189856601,3.3320654147595223,0.10924069947810712,0.2273434306912057,0.008491168115744706
CaseStudy,Observed_Confounder,d50,CausalPFN 2D,raw,300,0.9998000000000001,0.04980000000000018,0.00011508321839951581,3.5655022949247845,0.13958120377349112,3.5742426658767332,0.14134543436809882,0.24516786428097267,0.011572311103961284
CaseStudy,Observed_Confounder,pooled,Do-PFN (matched label),raw,1800,0.9970277777777778,0.04702777777777789,0.0005709493341900537,5.351876954937069,0.10165574482633308,5.3833161848704,0.10097836233797317,0.415286884558201,0.007156218106814247
CaseStudy,Observed_Confounder,shift-2,Do-PFN (matched label),raw,600,0.9971333333333333,0.04713333333333336,0.0009204129951372432,5.613563686532739,0.17122978641162998,5.65028205637229,0.16978800384985193,0.4999133718356359,0.012432923703044099
CaseStudy,Observed_Confounder,shift0,Do-PFN (matched label),raw,600,0.9991166666666668,0.04911666666666681,0.00017199469176022047,4.761136812121294,0.1796068039513233,4.779276756664391,0.17899341613687678,0.22599233545450417,0.006986930982622241
CaseStudy,Observed_Confounder,shift+2,Do-PFN (matched label),raw,600,0.9948333333333335,0.0448333333333335,0.0014300450173414388,5.680930366157172,0.17507884586079675,5.720389741574518,0.17345722692418936,0.519954946384463,0.012959760617935582
CaseStudy,Observed_Confounder,d5,Do-PFN (matched label),raw,300,0.9838333333333332,0.03383333333333327,0.003285201552142792,0.5995549260536556,0.02131054749401736,0.7770404016753105,0.03494922941920176,0.06122948731954826,0.0028103616215159046
CaseStudy,Observed_Confounder,d10,Do-PFN (matched label),raw,300,0.9987999999999999,0.048799999999999955,0.0004993641441823624,4.130166385141626,0.2012996974788867,4.135032813080308,0.20117006210344673,0.2859317048571611,0.011571034230834616
CaseStudy,Observed_Confounder,d20,Do-PFN (matched label),raw,300,0.9997666666666667,0.04976666666666674,0.00012860917379331024,5.724976840490526,0.1810290490835058,5.729461195164227,0.18082543055458622,0.38220796962333603,0.010762389700804282
CaseStudy,Observed_Confounder,d30,Do-PFN (matched label),raw,300,0.9999000000000001,0.049900000000000166,5.754160919975793e-05,6.454734879653711,0.17931830145983207,6.456130794857392,0.17926093197870477,0.4946440222818067,0.01302912847178995
CaseStudy,Observed_Confounder,d40,Do-PFN (matched label),raw,300,0.9999333333333333,0.049933333333333385,4.7061555869701135e-05,7.24531791268223,0.23834137148633086,7.245500900493289,0.23833441014426582,0.595621239727647,0.016014536080819285
CaseStudy,Observed_Confounder,d50,Do-PFN (matched label),raw,300,0.9999333333333333,0.049933333333333385,4.7061555869701135e-05,7.956510785600664,0.3010137823589145,7.956731003951872,0.30100656245857926,0.672086883539707,0.018320863247038896
CaseStudy,Observed_Confounder,pooled,Do-PFN (matched resolution),raw,1800,0.9653333333333333,0.01533333333333331,0.002565912048059977,15.766747877118734,0.18498672717788942,20.722489262400988,0.323990791443787,0.8979537819059159,0.01260100203290194
CaseStudy,Observed_Confounder,shift-2,Do-PFN (matched resolution),raw,600,0.9561833333333334,0.0061833333333334295,0.004709348448393296,15.247580707262246,0.30517349546163064,21.614351543336728,0.5454143723813444,1.0835444618433032,0.019240603078297166
CaseStudy,Observed_Confounder,shift0,Do-PFN (matched resolution),raw,600,0.9932333333333334,0.04323333333333346,0.0011855268609546094,16.435326108709408,0.33605533003487875,17.114792058482234,0.32353090043633914,0.4745959545484345,0.008625860772197857
CaseStudy,Observed_Confounder,shift+2,Do-PFN (matched resolution),raw,600,0.9465833333333334,0.0034166666666665124,0.00580615638412929,15.617336815384542,0.3178459488120296,23.438324185383998,0.7129253981882446,1.1357209293260098,0.023129015996539597
CaseStudy,Observed_Confounder,d5,Do-PFN (matched resolution),raw,300,0.7963333333333332,0.15366666666666673,0.011044637649561335,2.839630240173715,0.06797256747310783,32.2182511902374,1.646956160436844,1.3726405139741582,0.057066468929891055
CaseStudy,Observed_Confounder,d10,Do-PFN (matched resolution),raw,300,0.9956666666666668,0.045666666666666855,0.0010103514773417365,11.61979868573578,0.2228854092784483,11.975626047365605,0.2278469917177515,0.9162430771598,0.02673665435789553
CaseStudy,Observed_Confounder,d20,Do-PFN (matched resolution),raw,300,1.0,0.050000000000000044,0.0,16.912685044829225,0.23565857776262822,16.912685044829225,0.23565857776262822,0.7540403805580987,0.014054572402130136
CaseStudy,Observed_Confounder,d30,Do-PFN (matched resolution),raw,300,1.0,0.050000000000000044,0.0,19.400564927496436,0.2311176201055447,19.400564927496436,0.2311176201055447,0.739570176053775,0.012748376147766595
CaseStudy,Observed_Confounder,d40,Do-PFN (matched resolution),raw,300,1.0,0.050000000000000044,0.0,21.146817465066853,0.25804863979440534,21.146817465066853,0.25804863979440534,0.7724279597847923,0.013856691957190557
CaseStudy,Observed_Confounder,d50,Do-PFN (matched resolution),raw,300,1.0,0.050000000000000044,0.0,22.680990899410396,0.2895789838116037,22.680990899410396,0.2895789838116037,0.8328005839048712,0.015294678953322337
CaseStudy,Observed_Confounder,pooled,"Do-PFN (matched resolution, 262k, T=1)",raw,1800,0.9757111111111111,0.02571111111111113,0.0017869587220210787,17.4738187666551,0.19577807883218587,21.855723936191804,0.2810309347609169,0.9752175485894521,0.013734134232132983
CaseStudy,Observed_Confounder,shift-2,"Do-PFN (matched resolution, 262k, T=1)",raw,600,0.9676333333333332,0.01763333333333328,0.003499836761171966,17.151415293043197,0.3336136900113207,23.341217203401268,0.5227851259554649,1.1848028316382737,0.02202831708138233
CaseStudy,Observed_Confounder,shift0,"Do-PFN (matched resolution, 262k, T=1)",raw,600,0.9939166666666666,0.043916666666666604,0.0010980022245783486,17.744268680875496,0.35065926383474877,18.428895742981354,0.3397834038123629,0.5127572963179504,0.009095116734022529
CaseStudy,Observed_Confounder,shift+2,"Do-PFN (matched resolution, 262k, T=1)",raw,600,0.9655833333333333,0.015583333333333393,0.0038056557482609925,17.525772326046607,0.33284422514127654,23.79705886219278,0.5415341084943363,1.228092517812132,0.02438091272849302
CaseStudy,Observed_Confounder,d5,"Do-PFN (matched resolution, 262k, T=1)",raw,300,0.8575666666666666,0.09243333333333337,0.007644792360917718,3.512837318373181,0.09859503251476617,29.426922018040667,1.4298982358233034,1.4825183929218246,0.06175617039609734
CaseStudy,Observed_Confounder,d10,"Do-PFN (matched resolution, 262k, T=1)",raw,300,0.9968000000000002,0.046800000000000286,0.000884197952987276,13.216170843359734,0.2547741425117606,13.592265219432361,0.25899927210885,0.9469206447756232,0.02804249373041419
CaseStudy,Observed_Confounder,d20,"Do-PFN (matched resolution, 262k, T=1)",raw,300,0.9999000000000001,0.049900000000000166,7.443581928658484e-05,19.3469399796335,0.25860686573775477,19.348191921113603,0.258500825738424,0.801218613455596,0.015147787034231771
CaseStudy,Observed_Confounder,d30,"Do-PFN (matched resolution, 262k, T=1)",raw,300,1.0,0.050000000000000044,0.0,21.607147925129365,0.24270955882440476,21.607147925129365,0.24270955882440476,0.8230751144626947,0.016102433962076824
CaseStudy,Observed_Confounder,d40,"Do-PFN (matched resolution, 262k, T=1)",raw,300,1.0,0.050000000000000044,0.0,22.911174973559447,0.2609369152613,22.911174973559447,0.2609369152613,0.8675925337370154,0.017309792502945263
CaseStudy,Observed_Confounder,d50,"Do-PFN (matched resolution, 262k, T=1)",raw,300,1.0,0.050000000000000044,0.0,24.248641559875374,0.2853642896122362,24.248641559875374,0.2853642896122362,0.9299799921839585,0.018255102263173634
CaseStudy,Observed_Confounder,pooled,UWYK No-Anc (matched label),raw,1800,0.8846277777777778,0.06537222222222216,0.004952487199182502,4.822189779022806,0.09885524805231369,6.086879183935107,0.11321598875351199,0.8290416993881934,0.011862650239930715
CaseStudy,Observed_Confounder,shift-2,UWYK No-Anc (matched label),raw,600,0.8588166666666666,0.0911833333333334,0.008720998496955441,5.702486936820916,0.1523169871823636,7.2160011007916784,0.162253656943471,1.1500311416424533,0.006567924401685197
CaseStudy,Observed_Confounder,shift0,UWYK No-Anc (matched label),raw,600,0.9849333333333334,0.03493333333333348,0.0027576964355900853,3.2208444600641934,0.18145929075313724,3.2521225861267795,0.18083337983250106,0.15756520144515543,0.00638161781202957
CaseStudy,Observed_Confounder,shift+2,UWYK No-Anc (matched label),raw,600,0.8101333333333334,0.13986666666666658,0.010495512639625573,5.543237940183311,0.15962001824628283,7.792513864886861,0.18989888690919585,1.1795287550769717,0.007364734074439351
CaseStudy,Observed_Confounder,d5,UWYK No-Anc (matched label),raw,300,0.7515666666666667,0.19843333333333324,0.014317534395129077,3.216355398272629,0.12380752510543681,6.239082373658333,0.28381526433457244,0.8495645342013943,0.030981658726779035
CaseStudy,Observed_Confounder,d10,UWYK No-Anc (matched label),raw,300,0.7497333333333333,0.2002666666666667,0.01707044185531345,4.323607589392539,0.2439986304081785,7.393336863062453,0.3226026089458907,0.8817947013358124,0.031576067471174585
CaseStudy,Observed_Confounder,d20,UWYK No-Anc (matched label),raw,300,0.8716666666666667,0.07833333333333325,0.0116365274018492,4.549107333752616,0.211502576957758,5.668043142530427,0.23113207338902586,0.8300778199962991,0.029497806540941234
CaseStudy,Observed_Confounder,d30,UWYK No-Anc (matched label),raw,300,0.9572666666666667,0.0072666666666667545,0.0057871562965538794,4.8359089957393575,0.19404506815957812,5.1120885790474295,0.19858661869027863,0.7851493745960477,0.027477747641259473
CaseStudy,Observed_Confounder,d40,UWYK No-Anc (matched label),raw,300,0.9856666666666668,0.035666666666666846,0.0020608541990467747,5.410465014625388,0.24382096641494067,5.47744344845599,0.24314892572002686,0.7805033863185419,0.026524779001447694
CaseStudy,Observed_Confounder,d50,UWYK No-Anc (matched label),raw,300,0.9918666666666669,0.04186666666666694,0.0022386955377826944,6.597694342354308,0.33864416293071464,6.631280696856004,0.33814403166733614,0.847160379881065,0.02771941018628116
CaseStudy,Observed_Confounder,pooled,UWYK Anc (matched label),raw,1800,0.8834166666666667,0.06658333333333322,0.004496283695931623,4.916377208838483,0.10693965325242916,6.010455649165694,0.11229153387366904,0.8196526403504966,0.011580060548329434
CaseStudy,Observed_Confounder,shift-2,UWYK Anc (matched label),raw,600,0.8498,0.10019999999999996,0.008164041575529071,5.765197948545765,0.1672872813126605,7.0447706497717535,0.16325627113402003,1.1732750025176073,0.005870517543901274
CaseStudy,Observed_Confounder,shift0,UWYK Anc (matched label),raw,600,0.9887999999999999,0.038799999999999946,0.0021697161879185374,3.4829530106847946,0.19943424633812123,3.5043831487498953,0.19897632745442598,0.15994314131767678,0.006288238692737023
CaseStudy,Observed_Confounder,shift+2,UWYK Anc (matched label),raw,600,0.81165,0.13834999999999997,0.009042511744099722,5.500980667284887,0.17342633305015312,7.4822131489754335,0.17742511856711107,1.1257397772162059,0.006517237603687609
CaseStudy,Observed_Confounder,d5,UWYK Anc (matched label),raw,300,0.7921666666666666,0.15783333333333338,0.01202018539501405,3.2014789498404697,0.12094060396264002,5.3173682945071565,0.22329257806980032,0.7942858935712028,0.02872525242436164
CaseStudy,Observed_Confounder,d10,UWYK Anc (matched label),raw,300,0.7700333333333333,0.1799666666666666,0.015327091332845277,4.373581561113954,0.2568140153881222,6.7813744165854954,0.29312492933236334,0.8467573735412209,0.029882463218046527
CaseStudy,Observed_Confounder,d20,UWYK Anc (matched label),raw,300,0.8569,0.09309999999999996,0.011638275855252062,4.628163239096595,0.22823718766782766,5.869552165179461,0.2402467169551242,0.8232160422257285,0.029014444945365883
CaseStudy,Observed_Confounder,d30,UWYK Anc (matched label),raw,300,0.9367333333333333,0.013266666666666649,0.0070256725174045395,4.903208942673024,0.20863261117763623,5.360516862634161,0.2112027870215111,0.8003489239580218,0.02777603960415526
CaseStudy,Observed_Confounder,d40,UWYK Anc (matched label),raw,300,0.9638333333333334,0.013833333333333475,0.004362978520253138,5.61293143271425,0.275583880075573,5.85071284113483,0.2728291028761266,0.8076751444425846,0.027318220976047015
CaseStudy,Observed_Confounder,d50,UWYK Anc (matched label),raw,300,0.9808333333333333,0.03083333333333338,0.003241130022097418,6.778899127592602,0.36929146274629965,6.883209314953058,0.36736119397816797,0.8456324643642215,0.027470113459267104
CaseStudy,Observed_Confounder,pooled,UWYK No-Anc (matched resolution),raw,1800,0.9878055555555556,0.03780555555555565,0.000892953761954302,4.75610464140588,0.10893628059649885,4.867837841086034,0.1088177131614405,0.4751445830784299,0.007338873496916704
CaseStudy,Observed_Confounder,shift-2,UWYK No-Anc (matched resolution),raw,600,0.9840166666666668,0.034016666666666806,0.0014971869684181193,5.641670503545524,0.17715859977086323,5.795572916084074,0.17537534805717647,0.6467007251297991,0.008734115459648273
CaseStudy,Observed_Confounder,shift0,UWYK No-Anc (matched resolution),raw,600,0.9987666666666667,0.048766666666666736,0.00044411483789818173,3.0114870088602848,0.18958306890010698,3.0129592135250722,0.18955302195868262,0.13314416054321618,0.005860430873466813
CaseStudy,Observed_Confounder,shift+2,UWYK No-Anc (matched resolution),raw,600,0.9806333333333335,0.030633333333333512,0.00210595740122502,5.61515641181183,0.17881124712455035,5.794981393648958,0.17716547437461433,0.6455888635622743,0.009041113066193837
CaseStudy,Observed_Confounder,d5,UWYK No-Anc (matched resolution),raw,300,0.9604333333333334,0.010433333333333406,0.004241646872414515,3.0860468507340086,0.10808310032699361,3.572634032744065,0.12898300216886743,0.504473662046199,0.019716838168161457
CaseStudy,Observed_Confounder,d10,UWYK No-Anc (matched resolution),raw,300,0.9856666666666668,0.035666666666666846,0.00178050469047561,4.354740344543706,0.24466358149830367,4.43725797156394,0.24406158671046935,0.5119981869493813,0.01874033433957558
CaseStudy,Observed_Confounder,d20,UWYK No-Anc (matched resolution),raw,300,0.9925333333333333,0.04253333333333331,0.0016298315247164333,4.804330173838705,0.2433144910468328,4.844762801601036,0.24295917700395442,0.46707163900279514,0.017613925159710938
CaseStudy,Observed_Confounder,d30,UWYK No-Anc (matched resolution),raw,300,0.9956666666666666,0.04566666666666663,0.0009006789626894199,4.840706970045907,0.23182439436118515,4.863493192671144,0.2315367858280082,0.4512981913547023,0.017022956892300357
CaseStudy,Observed_Confounder,d40,UWYK No-Anc (matched resolution),raw,300,0.9956,0.045600000000000085,0.0007390373080554746,5.45899148639251,0.30546267689651224,5.481550882787627,0.3050832454683598,0.4660569069214235,0.01778511028407075
CaseStudy,Observed_Confounder,d50,UWYK No-Anc (matched resolution),raw,300,0.9969333333333334,0.04693333333333349,0.0005703435044933889,5.991812022880441,0.3659983059597826,6.007328165148395,0.3656816394208448,0.4499689121960781,0.016616247657685688
CaseStudy,Observed_Confounder,pooled,UWYK Anc (matched resolution),raw,1800,0.99945,0.049449999999999994,0.00011191106940778503,3.467817186343883,0.10103737083647188,3.472777206553416,0.1010367213576895,0.1840504933726472,0.0037288316686951775
CaseStudy,Observed_Confounder,shift-2,UWYK Anc (matched resolution),raw,600,0.9994666666666667,0.04946666666666677,0.00018142247964201782,3.6879262007457845,0.1717995036903612,3.692298821264203,0.17181460109024005,0.20754887025871283,0.006614186633294968
CaseStudy,Observed_Confounder,shift0,UWYK Anc (matched resolution),raw,600,0.9999000000000001,0.049900000000000166,5.259011927653633e-05,3.03309278064477,0.179141063478777,3.033571043921806,0.17913911747904973,0.13407116300823785,0.005509748313545905
CaseStudy,Observed_Confounder,shift+2,UWYK Anc (matched resolution),raw,600,0.9989833333333334,0.04898333333333349,0.00027651456419277735,3.682432577641094,0.1729142601679016,3.6924617544742393,0.1728695617066055,0.21053144685099082,0.006701452723039356
CaseStudy,Observed_Confounder,d5,UWYK Anc (matched resolution),raw,300,0.9975,0.0475000000000001,0.0006266561112989457,1.8642717958857338,0.09675675249565026,1.8889503519013935,0.09825615422811833,0.13902566349469347,0.00795771404458594
CaseStudy,Observed_Confounder,d10,UWYK Anc (matched resolution),raw,300,0.9996333333333333,0.04963333333333331,0.0001439863530425876,3.0740403486452257,0.24000039765514158,3.0762560162857744,0.2399941554556578,0.18292165633527632,0.010791862293280028
CaseStudy,Observed_Confounder,d20,UWYK Anc (matched resolution),raw,300,0.9997666666666667,0.04976666666666674,0.00012860917379331022,3.312477776974344,0.22638122049699008,3.3134318502521865,0.22635947990205363,0.16771982507160105,0.007928190111209916
CaseStudy,Observed_Confounder,d30,UWYK Anc (matched resolution),raw,300,0.9999000000000001,0.049900000000000166,5.754160919975792e-05,3.5453378804988036,0.2213934777852338,3.5462945069237413,0.22137584743107055,0.17421909162570876,0.0073083642237926705
CaseStudy,Observed_Confounder,d40,UWYK Anc (matched resolution),raw,300,1.0,0.050000000000000044,0.0,4.2255256591210495,0.28609906036002264,4.2255256591210495,0.28609906036002264,0.19532929152058018,0.008620718822673642
CaseStudy,Observed_Confounder,d50,UWYK Anc (matched resolution),raw,300,0.9999000000000001,0.049900000000000166,5.754160919975793e-05,4.78524965693814,0.32017127313372334,4.7862048548363525,0.3201471496165418,0.2450874321880233,0.010520750819492029
CaseStudy,Observed_Confounder,pooled,UWYK-B No-Anc,raw,1800,0.9592444444444445,0.0092444444444445,0.0024343249585802094,5.346761984316126,0.11205021043673732,5.919995981251599,0.1171629764530544,0.6540938582913938,0.01019391467152368
CaseStudy,Observed_Confounder,shift-2,UWYK-B No-Anc,raw,600,0.9395666666666667,0.010433333333333294,0.004678562427940344,5.994687394507341,0.18373875247181842,6.777664646316567,0.185067021405319,0.900769160058211,0.012372626079709383
CaseStudy,Observed_Confounder,shift0,UWYK-B No-Anc,raw,600,0.9987833333333334,0.0487833333333334,0.0006477816976463612,4.006020194644497,0.20987733620452229,4.007963137916729,0.20982908229391736,0.18435117383446958,0.00750124590292989
CaseStudy,Observed_Confounder,shift+2,UWYK-B No-Anc,raw,600,0.9393833333333333,0.010616666666666608,0.005212424647939127,6.039578363796538,0.17553184229413404,6.974360159521503,0.19030684460908015,0.8771612409815005,0.013187181514111353
CaseStudy,Observed_Confounder,d5,UWYK-B No-Anc,raw,300,0.8698333333333333,0.08016666666666661,0.01085091618316726,3.4320507096798543,0.13606553933630208,5.716260079380662,0.28286404373284996,0.7505722038793814,0.028598371612905564
CaseStudy,Observed_Confounder,d10,UWYK-B No-Anc,raw,300,0.9256,0.024399999999999977,0.006368463269479986,5.028782893863926,0.2809018511362738,5.824118644717476,0.2809838225106723,0.7632082127637649,0.026991787289603345
CaseStudy,Observed_Confounder,d20,UWYK-B No-Anc,raw,300,0.9773000000000002,0.027300000000000213,0.002746261267178183,5.290267188462546,0.22572629868761063,5.4946488024191735,0.2240864808471076,0.6724316584772185,0.02379237061174758
CaseStudy,Observed_Confounder,d30,UWYK-B No-Anc,raw,300,0.9887,0.03870000000000007,0.0016727636529327808,5.5381626976571,0.2185568260005531,5.646151683365348,0.217281106775963,0.6687788871569939,0.023173020148515418
CaseStudy,Observed_Confounder,d40,UWYK-B No-Anc,raw,300,0.9941666666666666,0.04416666666666669,0.0010824003357389899,6.118977171259127,0.29546963827928946,6.165094694801393,0.294715748880164,0.632864825675373,0.023253481868548323
CaseStudy,Observed_Confounder,d50,UWYK-B No-Anc,raw,300,0.9998666666666668,0.04986666666666684,6.633137535414974e-05,6.672331244974202,0.38626878785991514,6.673701982825545,0.38624049269446,0.4367073617956307,0.018133729642803586
CaseStudy,Observed_Confounder,pooled,UWYK-B Anc,raw,1800,0.9962000000000001,0.04620000000000013,0.0006164644441048741,4.272511128950586,0.10425616755989153,4.298721802398046,0.10417603420111264,0.2598948940671501,0.004839796247869737
CaseStudy,Observed_Confounder,shift-2,UWYK-B Anc,raw,600,0.9931166666666666,0.04311666666666669,0.0014411781735499947,4.536790173991562,0.1755892748363663,4.58961629746231,0.1753177656409809,0.32387997535750335,0.00887380599087942
CaseStudy,Observed_Confounder,shift0,UWYK-B Anc,raw,600,0.9995333333333334,0.04953333333333343,0.00016402469151005156,3.8507841911935867,0.1983662341468114,3.851205872878892,0.19835636923858346,0.18755440520343034,0.007844129757270713
CaseStudy,Observed_Confounder,shift+2,UWYK-B Anc,raw,600,0.9959499999999999,0.045949999999999935,0.0011338600285193008,4.429959021666609,0.16521910295649794,4.455343236852936,0.16487690198294375,0.2682503016405166,0.00742189842630524
CaseStudy,Observed_Confounder,d5,UWYK-B Anc,raw,300,0.9814666666666668,0.031466666666666865,0.003451777476074169,2.2950544397311408,0.12720439415982404,2.433501676604964,0.13244364632965877,0.21717778062093862,0.011458390467961292
CaseStudy,Observed_Confounder,d10,UWYK-B Anc,raw,300,0.9960333333333335,0.04603333333333359,0.0009335781650530619,3.969939488530228,0.28129450457580735,3.9876349050057547,0.28104919210034945,0.26692043832976964,0.013128404682780434
CaseStudy,Observed_Confounder,d20,UWYK-B Anc,raw,300,0.9997666666666667,0.04976666666666674,0.00013700355465229844,4.234631854396853,0.2267323161619522,4.235380984691778,0.22672049552626383,0.23680931424223162,0.009518737659147252
CaseStudy,Observed_Confounder,d30,UWYK-B Anc,raw,300,1.0,0.050000000000000044,0.0,4.496204380038921,0.2093520815641291,4.496204380038921,0.2093520815641291,0.24606297479240316,0.0091439457575717
CaseStudy,Observed_Confounder,d40,UWYK-B Anc,raw,300,0.9999666666666667,0.049966666666666715,3.3333333333333355e-05,5.133545629445063,0.27302930906720646,5.133612143703036,0.27302766148397556,0.26778637004678474,0.01069437193699175
CaseStudy,Observed_Confounder,d50,UWYK-B Anc,raw,300,0.9999666666666667,0.049966666666666715,3.333333333333335e-05,5.505690981561311,0.3258477273613882,5.505996724343822,0.32583833053239974,0.324612486370773,0.015180808805009334
CaseStudy,Observed_Confounder,pooled,CausalPFN-C (matched label),raw,1800,0.9939277777777779,0.0439277777777779,0.0004253743119484462,1.4095205504410173,0.05901916696417082,1.4218426905582726,0.05898725415273284,0.10008486206465501,0.003314209474387273
CaseStudy,Observed_Confounder,shift-2,CausalPFN-C (matched label),raw,600,0.9914333333333335,0.041433333333333544,0.000866053248091034,1.5365482352456792,0.11079592094011359,1.5540943608618263,0.1107009765977327,0.11105820045498448,0.006069104276425479
CaseStudy,Observed_Confounder,shift0,CausalPFN-C (matched label),raw,600,0.9985833333333335,0.048583333333333534,0.0004478845140586948,1.1744463669383627,0.08607708239643866,1.1793925145717161,0.08615936305029083,0.08008129581658865,0.005214656203930474
CaseStudy,Observed_Confounder,shift+2,CausalPFN-C (matched label),raw,600,0.9917666666666666,0.04176666666666662,0.0007907494760134962,1.5175670491390099,0.10752008245492159,1.532041196241275,0.10735254932148816,0.1091150899223919,0.005825293021087951
CaseStudy,Observed_Confounder,d5,CausalPFN-C (matched label),raw,300,0.9904333333333333,0.04043333333333332,0.0017719594262005768,0.637915093768841,0.026564606145769207,0.6598049259862742,0.02907535477556926,0.05303144425033174,0.003189001930570515
CaseStudy,Observed_Confounder,d10,CausalPFN-C (matched label),raw,300,0.9958666666666667,0.04586666666666672,0.00082919597237893,0.8599015980010098,0.059764528892147215,0.8690913562571374,0.060158646382009455,0.07053455971093711,0.005060954217466619
CaseStudy,Observed_Confounder,d20,CausalPFN-C (matched label),raw,300,0.9974000000000001,0.04740000000000011,0.0005951494758047968,1.0419209131646627,0.07708330700544974,1.0460915436211742,0.07703538439169372,0.0816772461675193,0.005706162704049924
CaseStudy,Observed_Confounder,d30,CausalPFN-C (matched label),raw,300,0.9960333333333333,0.04603333333333337,0.0006045135570473437,1.3270052228631213,0.10303459282990632,1.334003755189348,0.10301357669214596,0.10166291252754694,0.006914680738776323
CaseStudy,Observed_Confounder,d40,CausalPFN-C (matched label),raw,300,0.9933666666666666,0.043366666666666664,0.0008373903473478123,1.9470530316439059,0.16345579907427463,1.9598329979053408,0.16313397191957582,0.12998345306314074,0.008744303131364343
CaseStudy,Observed_Confounder,d50,CausalPFN-C (matched label),raw,300,0.9904666666666666,0.04046666666666665,0.0010649721769342142,2.6433274432045626,0.26203026101915244,2.662231564390361,0.2615566518766585,0.16361955666845424,0.0132645968750671
CaseStudy,Observed_Confounder,pooled,CausalPFN-C (matched resolution),raw,1800,1.0,0.050000000000000044,0.0,3.8714897980872855,0.08382978218324212,3.8714897980872855,0.08382978218324212,0.23659384694457533,0.004713900301037521
CaseStudy,Observed_Confounder,shift-2,CausalPFN-C (matched resolution),raw,600,1.0,0.050000000000000044,0.0,4.255790631176931,0.1359518833224143,4.255790631176931,0.1359518833224143,0.269620023177477,0.0078097044183099325
CaseStudy,Observed_Confounder,shift0,CausalPFN-C (matched resolution),raw,600,1.0,0.050000000000000044,0.0,3.0349684200178273,0.14201527930097013,3.0349684200178273,0.14201527930097013,0.17258063899722584,0.007916238227514258
CaseStudy,Observed_Confounder,shift+2,CausalPFN-C (matched resolution),raw,600,1.0,0.050000000000000044,0.0,4.323710343067098,0.15135996059933868,4.323710343067098,0.15135996059933868,0.26758087865902314,0.008141693503931315
CaseStudy,Observed_Confounder,d5,CausalPFN-C (matched resolution),raw,300,1.0,0.050000000000000044,0.0,2.768702019365261,0.07080007019307806,2.768702019365261,0.07080007019307806,0.17437370834572974,0.004982833316139388
CaseStudy,Observed_Confounder,d10,CausalPFN-C (matched resolution),raw,300,1.0,0.050000000000000044,0.0,3.30954556420403,0.11988875533250226,3.30954556420403,0.11988875533250226,0.21143250490242158,0.008315251861072695
CaseStudy,Observed_Confounder,d20,CausalPFN-C (matched resolution),raw,300,1.0,0.050000000000000044,0.0,3.4556397999264163,0.12220927632147426,3.4556397999264163,0.12220927632147426,0.22196520098866496,0.00820264968965019
CaseStudy,Observed_Confounder,d30,CausalPFN-C (matched resolution),raw,300,1.0,0.050000000000000044,0.0,3.7779458065698375,0.15504411047605204,3.7779458065698375,0.15504411047605204,0.23468579466434467,0.00963736766897214
CaseStudy,Observed_Confounder,d40,CausalPFN-C (matched resolution),raw,300,1.0,0.050000000000000044,0.0,4.534222056050395,0.2353026779490402,4.534222056050395,0.2353026779490402,0.2713858410483869,0.013262794228665171
CaseStudy,Observed_Confounder,d50,CausalPFN-C (matched resolution),raw,300,1.0,0.050000000000000044,0.0,5.3828835424077734,0.3537310640532679,5.3828835424077734,0.3537310640532679,0.30572003171790413,0.01833907194301145
CaseStudy,Observed_Confounder,pooled,"CausalPFN (two-stage, published)",raw,1800,1.0,0.050000000000000044,0.0,4.04566299159743,0.059603802927544594,4.04566299159743,0.059603802927544594,0.2515296622154474,0.003978308068663861
CaseStudy,Observed_Confounder,shift-2,"CausalPFN (two-stage, published)",raw,600,1.0,0.050000000000000044,0.0,4.510353548252021,0.09455684834320804,4.510353548252021,0.09455684834320804,0.28049791865283746,0.0064916658085039025
CaseStudy,Observed_Confounder,shift0,"CausalPFN (two-stage, published)",raw,600,1.0,0.050000000000000044,0.0,3.15279908539748,0.10770101240215756,3.15279908539748,0.10770101240215756,0.19481941555332583,0.006941212129907328
CaseStudy,Observed_Confounder,shift+2,"CausalPFN (two-stage, published)",raw,600,1.0,0.050000000000000044,0.0,4.47383634114279,0.09731980516418111,4.47383634114279,0.09731980516418111,0.2792716524401791,0.006650112073949775
CaseStudy,Observed_Confounder,d5,"CausalPFN (two-stage, published)",raw,300,1.0,0.050000000000000044,0.0,3.296261555252234,0.08145446509427222,3.296261555252234,0.08145446509427222,0.19974372456906841,0.005053949707222107
CaseStudy,Observed_Confounder,d10,"CausalPFN (two-stage, published)",raw,300,1.0,0.050000000000000044,0.0,3.8355770773849,0.12655577311817068,3.8355770773849,0.12655577311817068,0.2329717581258313,0.007862616479057387
CaseStudy,Observed_Confounder,d20,"CausalPFN (two-stage, published)",raw,300,1.0,0.050000000000000044,0.0,3.7622408621178725,0.10333257129621279,3.7622408621178725,0.10333257129621279,0.23175009278973108,0.006728120930717307
CaseStudy,Observed_Confounder,d30,"CausalPFN (two-stage, published)",raw,300,1.0,0.050000000000000044,0.0,3.916647011257781,0.10998346601540042,3.916647011257781,0.10998346601540042,0.24650175082615666,0.007702545841265383
CaseStudy,Observed_Confounder,d40,"CausalPFN (two-stage, published)",raw,300,1.0,0.050000000000000044,0.0,4.514777114614942,0.16553036811350152,4.514777114614942,0.16553036811350152,0.28520699627745383,0.01132166779787679
CaseStudy,Observed_Confounder,d50,"CausalPFN (two-stage, published)",raw,300,1.0,0.050000000000000044,0.0,4.948474328956853,0.2227394180366569,4.948474328956853,0.2227394180366569,0.3130036507044436,0.014942267236911166
CaseStudy,Observed_Mediator,pooled,Do-PFN 1D,raw,1800,0.6657555555555557,0.2842444444444443,0.009041374650762839,0.7697517950259513,0.012794398627039402,18.530470473593482,0.5662876179868798,0.6530679085512422,0.017297890324045002
CaseStudy,Observed_Mediator,shift-2,Do-PFN 1D,raw,600,0.52105,0.42894999999999994,0.01583256494342635,0.9087073411386812,0.0232318903967701,29.117092886749056,1.0264404978455497,0.9944004472930328,0.0303238719068376
CaseStudy,Observed_Mediator,shift0,Do-PFN 1D,raw,600,0.8758999999999999,0.07410000000000005,0.011506659415619605,0.43873202146987694,0.009090021709178334,1.272157509681426,0.10585687829676947,0.07716138940908632,0.004337402919027437
CaseStudy,Observed_Mediator,shift+2,Do-PFN 1D,raw,600,0.6003166666666666,0.34968333333333335,0.015415344045296977,0.9618160224692955,0.023996109783274218,25.202161024349966,1.0324249610761553,0.8876418889516076,0.0302907782085497
CaseStudy,Observed_Mediator,d5,Do-PFN 1D,raw,300,1.0,0.050000000000000044,0.0,0.46770193940588894,0.012856015236925285,0.46770193940588894,0.012856015236925285,0.030767596638062368,0.000809176441096578
CaseStudy,Observed_Mediator,d10,Do-PFN 1D,raw,300,0.8860333333333336,0.0639666666666664,0.014013283897925737,0.6519394128748873,0.025228220530587687,6.477090484209804,0.8368202665667345,0.26070031643470365,0.027190614697486338
CaseStudy,Observed_Mediator,d20,Do-PFN 1D,raw,300,0.6247,0.3252999999999999,0.0211281256222054,0.8042965466149653,0.030947581882375615,20.392937677710357,1.3391272946654744,0.7207764237025935,0.03995097162563747
CaseStudy,Observed_Mediator,d30,Do-PFN 1D,raw,300,0.6247333333333333,0.3252666666666667,0.02001885361817216,0.943667982466391,0.03617507791256621,20.062319737206792,1.249791076099914,0.7476870951351456,0.03775173369140895
CaseStudy,Observed_Mediator,d40,Do-PFN 1D,raw,300,0.47859999999999997,0.4714,0.021326890401101656,0.920281513237343,0.033592152222349014,28.18988497300401,1.4227645638125115,0.9864998276252489,0.04225569490909048
CaseStudy,Observed_Mediator,d50,Do-PFN 1D,raw,300,0.3804666666666667,0.5695333333333332,0.022719346940017867,0.8306233755562317,0.0341769373252321,35.59288803002404,1.6169512877385774,1.1719761917716986,0.046122740156387274
CaseStudy,Observed_Mediator,pooled,Do-PFN 2D,raw,1800,0.9906555555555555,0.040655555555555556,0.0014769371943797872,1.3757431444760935,0.03382730386603399,1.5164068354252862,0.0872829300188997,0.20468811730747621,0.009151194911288199
CaseStudy,Observed_Mediator,shift-2,Do-PFN 2D,raw,600,0.9911833333333334,0.04118333333333346,0.0029960370009397106,2.1869494650013137,0.06292334254864625,2.5727215047869305,0.24661923833829807,0.40383713802721466,0.02346164956970767
CaseStudy,Observed_Mediator,shift0,Do-PFN 2D,raw,600,0.9829666666666667,0.0329666666666667,0.003123821684733541,0.22336049964532492,0.009042295933128336,0.23567805228177738,0.01023039959813901,0.034290635297895423,0.002698105489680394
CaseStudy,Observed_Mediator,shift+2,Do-PFN 2D,raw,600,0.9978166666666668,0.04781666666666684,0.0008571280119462436,1.716919468781642,0.052526270537965485,1.740820949207151,0.055047249772855765,0.17593657859731865,0.008985848171220483
CaseStudy,Observed_Mediator,d5,Do-PFN 2D,raw,300,0.9987999999999999,0.048799999999999955,0.00034324180789132333,0.7194174568581653,0.024246709447808372,0.7197528916491355,0.024219115481737958,0.08926020938209518,0.003331324214950961
CaseStudy,Observed_Mediator,d10,Do-PFN 2D,raw,300,0.9972666666666666,0.04726666666666668,0.0008391126243144656,0.7271574414940469,0.02652034251595325,0.7282774344530779,0.026435972735250758,0.08905767346453451,0.003313015750817915
CaseStudy,Observed_Mediator,d20,Do-PFN 2D,raw,300,0.9952333333333333,0.04523333333333335,0.0014927683972816095,0.8901353430215658,0.04668301073609154,0.8925749420377792,0.046562162184559976,0.10248864853501327,0.005768134401866599
CaseStudy,Observed_Mediator,d30,Do-PFN 2D,raw,300,0.9966999999999999,0.046699999999999964,0.0009315060149909525,1.6563411130579238,0.09154088890439525,1.6723806137952306,0.09266764856543605,0.21810903090099984,0.019514997580488164
CaseStudy,Observed_Mediator,d40,Do-PFN 2D,raw,300,0.9834333333333333,0.033433333333333315,0.004754817619876769,2.080295959605529,0.1013756296136819,2.3949167759371677,0.2683935290037287,0.3030239984960213,0.028388013961578668
CaseStudy,Observed_Mediator,d50,Do-PFN 2D,raw,300,0.9725,0.022500000000000075,0.00709815322913038,2.1811115528193303,0.10701763405189882,2.6905383546793264,0.42210531567699283,0.42618914306619327,0.03820860610329711
CaseStudy,Observed_Mediator,pooled,Do-PFN 2D (262k),raw,1798,0.954914113950949,0.004914113950949095,0.004022575176821441,1.1243010310990755,0.026626706727054708,2.5538768516543455,0.24411634129009688,0.22922755368269768,0.011875062729553758
CaseStudy,Observed_Mediator,shift-2,Do-PFN 2D (262k),raw,600,0.9747000000000001,0.024700000000000166,0.005340687577008623,1.413530912490428,0.03776552809337483,2.4789927456040344,0.32092620748598744,0.23227453138303564,0.015338622526349465
CaseStudy,Observed_Mediator,shift0,Do-PFN 2D (262k),raw,598,0.9448755466284388,0.0051244533715611995,0.007436877336858766,0.1863755980226298,0.006982790812095063,0.4953371825687038,0.09344311091188004,0.0372135117085224,0.003796352039481584
CaseStudy,Observed_Mediator,shift+2,Do-PFN 2D (262k),raw,600,0.9451333333333332,0.004866666666666797,0.007811886362470944,1.7698701646739141,0.05098954330450248,4.680438827893346,0.639892315420543,0.41755457114995437,0.029959670788715476
CaseStudy,Observed_Mediator,d5,Do-PFN 2D (262k),raw,300,0.9994333333333335,0.04943333333333355,0.00019479476855923365,0.7532306133050082,0.02610548309371989,0.7534002104374887,0.02609270562641041,0.08457232952383754,0.003176044491892626
CaseStudy,Observed_Mediator,d10,Do-PFN 2D (262k),raw,300,0.9982666666666667,0.04826666666666679,0.0005310710100246406,0.7423778465739681,0.026297827396673235,0.7429472542488444,0.02625279846783663,0.084309759680465,0.0031554767840718425
CaseStudy,Observed_Mediator,d20,Do-PFN 2D (262k),raw,300,0.9970333333333333,0.04703333333333337,0.0010348426421165548,0.8076215796660514,0.03557887719362969,0.8089362503950038,0.035530852129297005,0.09057940889906844,0.004605422879966957
CaseStudy,Observed_Mediator,d30,Do-PFN 2D (262k),raw,299,0.9653511705685618,0.015351170568561834,0.008041355509615596,1.2962690790801974,0.07431482839076879,1.993217449996421,0.33935486144719207,0.2300734876952816,0.02708027141999978
CaseStudy,Observed_Mediator,d40,Do-PFN 2D (262k),raw,299,0.9416835233912236,0.008316476608776324,0.010355886516497664,1.4774192496874212,0.08097099651311476,3.0390624469902017,0.5376315353713624,0.3090333304868856,0.032852908608102326
CaseStudy,Observed_Mediator,d50,Do-PFN 2D (262k),raw,300,0.8277073446327684,0.12229265536723155,0.018351567496227537,1.6706381058370392,0.09002198147581215,7.985445918503707,1.2688177819014046,0.5770658448467038,0.051061051889319475
CaseStudy,Observed_Mediator,pooled,"Do-PFN 2D (262k, T=1)",raw,1800,0.9620777777777778,0.012077777777777854,0.0036544015183593557,1.1761485151913131,0.02796619479094217,2.316717623924976,0.22070470462659958,0.22590883081145982,0.01156098702285041
CaseStudy,Observed_Mediator,shift-2,"Do-PFN 2D (262k, T=1)",raw,600,0.97815,0.02815000000000001,0.004897458967726796,1.477111682696968,0.03995316135236728,2.3510889356082134,0.2960531479942081,0.2305617801370974,0.014983522993538398
CaseStudy,Observed_Mediator,shift0,"Do-PFN 2D (262k, T=1)",raw,600,0.95645,0.006450000000000067,0.006526590127064825,0.19860920091493023,0.007451574250096378,0.45182287404629035,0.08857232512656034,0.03645464425628618,0.0037085979142665974
CaseStudy,Observed_Mediator,shift+2,"Do-PFN 2D (262k, T=1)",raw,600,0.9516333333333333,0.0016333333333333755,0.007285458514662894,1.8527246619620412,0.05370579402379843,4.147241062120424,0.576184382153376,0.4107100680409959,0.029137866166337487
CaseStudy,Observed_Mediator,d5,"Do-PFN 2D (262k, T=1)",raw,300,0.9995999999999999,0.04959999999999998,0.00013153751621375331,0.7651418732061057,0.026513570477351867,0.7652601332362823,0.026504596708764573,0.08410410978928913,0.003164099583522824
CaseStudy,Observed_Mediator,d10,"Do-PFN 2D (262k, T=1)",raw,300,0.9987,0.04870000000000008,0.0004300968235083507,0.7544987942415463,0.02675216773171246,0.7548917664084094,0.026721060483238725,0.08380997260047521,0.00314328085637727
CaseStudy,Observed_Mediator,d20,"Do-PFN 2D (262k, T=1)",raw,300,0.9983666666666666,0.04836666666666667,0.0005140139402118099,0.8294236278592344,0.03729787867192706,0.8299288332071988,0.037269848406183435,0.0903461239686222,0.0046183202265644525
CaseStudy,Observed_Mediator,d30,"Do-PFN 2D (262k, T=1)",raw,300,0.9733,0.0233000000000001,0.007006473356569698,1.3682649610755073,0.07808508249848083,1.8453276865678012,0.257046632542465,0.22650288874551053,0.026097822288420395
CaseStudy,Observed_Mediator,d40,"Do-PFN 2D (262k, T=1)",raw,300,0.9544,0.0044000000000000705,0.009060672489014116,1.5610837784700755,0.08451461619738411,2.6906357315320863,0.4324000204619545,0.30381962171909116,0.03174352058471161
CaseStudy,Observed_Mediator,d50,"Do-PFN 2D (262k, T=1)",raw,300,0.8481000000000001,0.10189999999999988,0.017111092518582418,1.7784780562954097,0.0937578927604208,7.014261592598078,1.1849070508657413,0.5668702680457708,0.04989701444006584
CaseStudy,Observed_Mediator,pooled,UWYK 1D (noanc),raw,1800,0.22469444444444445,0.7253055555555555,0.008963062707373065,0.6881237130984241,0.011999147675492218,38.067351210737826,0.6533068406929089,1.2909494616704216,0.019920961528930664
CaseStudy,Observed_Mediator,shift-2,UWYK 1D (noanc),raw,600,0.035300000000000005,0.9147,0.0037626972944055244,0.7557466791344117,0.02062926186039813,58.249503170554426,0.626557502330236,1.840210274371032,0.010257285429416294
CaseStudy,Observed_Mediator,shift0,UWYK 1D (noanc),raw,600,0.583,0.367,0.019328444299602832,0.33848585241289403,0.011381250680234047,2.966108065329257,0.19075762954317152,0.13808790020325332,0.006475043665491714
CaseStudy,Observed_Mediator,shift+2,UWYK 1D (noanc),raw,600,0.05578333333333333,0.8942166666666667,0.003774025921541144,0.9701386077479662,0.019941534586983105,52.98644239632979,0.5550618924302274,1.8945502104369787,0.009884481973919087
CaseStudy,Observed_Mediator,d5,UWYK 1D (noanc),raw,300,0.2922,0.6577999999999999,0.020354042490569657,1.0551047913580063,0.04012767101953444,29.093371492110247,1.2327869634644,1.2413320720277048,0.04660747265812495
CaseStudy,Observed_Mediator,d10,UWYK 1D (noanc),raw,300,0.25706666666666667,0.6929333333333333,0.022018290427296243,0.8405003173001044,0.02707727448374994,32.896756592876955,1.3381660863613565,1.2667588964852587,0.04830573528549198
CaseStudy,Observed_Mediator,d20,UWYK 1D (noanc),raw,300,0.18796666666666667,0.7620333333333333,0.021247613720476167,0.6279876200805897,0.02230360977802655,39.261293215953266,1.5881911078136193,1.311348241122061,0.04907781702987884
CaseStudy,Observed_Mediator,d30,UWYK 1D (noanc),raw,300,0.20450000000000002,0.7454999999999999,0.02258945428327239,0.5469563468082543,0.020354652584744514,41.88389758096497,1.682055454934713,1.3068327039874912,0.0495117235859946
CaseStudy,Observed_Mediator,d40,UWYK 1D (noanc),raw,300,0.1931,0.7568999999999999,0.022513371970959546,0.4933575044078869,0.02120079869451745,44.34922360248005,1.7837683738610641,1.318011251748703,0.049870410798862515
CaseStudy,Observed_Mediator,d50,UWYK 1D (noanc),raw,300,0.21333333333333335,0.7366666666666666,0.02245204642572886,0.5648356986357028,0.026618452836111604,40.91956478004146,1.7299160967313911,1.3014136046513098,0.04958007223010123
CaseStudy,Observed_Mediator,pooled,UWYK 1D (v3a),raw,1800,0.4921888888888889,0.45781111111111106,0.00827259271239794,1.0645112503900098,0.017053655664816737,23.570740207345303,0.5096531089459702,1.134006763088817,0.01813849850598289
CaseStudy,Observed_Mediator,shift-2,UWYK 1D (v3a),raw,600,0.29610000000000003,0.6538999999999999,0.01189165450456205,1.3260682158333486,0.026621735949826968,35.684806005842056,0.8254319369756169,1.6283501295462117,0.014571489218307586
CaseStudy,Observed_Mediator,shift0,UWYK 1D (v3a),raw,600,0.7598333333333332,0.1901666666666667,0.01397821893917663,0.382748348745773,0.011867173053793962,1.7354326197615182,0.12149512399199164,0.12111853735101921,0.005681558391696907
CaseStudy,Observed_Mediator,shift+2,UWYK 1D (v3a),raw,600,0.4206333333333333,0.5293666666666667,0.009352932656971652,1.4847171865909081,0.024204543288931533,33.291981996432334,0.6674568330557031,1.6525516223692205,0.012251779151550445
CaseStudy,Observed_Mediator,d5,UWYK 1D (v3a),raw,300,0.7888333333333334,0.16116666666666657,0.010726503536205351,1.5839207837257083,0.0519924992343651,6.685517374016875,0.4128483236181285,0.8742553172991863,0.03497789565214897
CaseStudy,Observed_Mediator,d10,UWYK 1D (v3a),raw,300,0.6369333333333332,0.3130666666666667,0.013443875102729038,1.2464889641198351,0.04404992016253633,17.75529742854606,0.8912132665253861,1.0439267270974604,0.040238309942767114
CaseStudy,Observed_Mediator,d20,UWYK 1D (v3a),raw,300,0.4453333333333333,0.5046666666666666,0.01765621996088972,1.0047901595211712,0.034685609009733734,25.219299115453307,1.1129726582738118,1.1886463398141458,0.0449129538352271
CaseStudy,Observed_Mediator,d30,UWYK 1D (v3a),raw,300,0.3920666666666667,0.5579333333333333,0.020321419102066012,0.8997242641646938,0.031678986200464186,28.63341271697911,1.2427594812241527,1.2169848418391667,0.046364601208000684
CaseStudy,Observed_Mediator,d40,UWYK 1D (v3a),raw,300,0.3324666666666667,0.6175333333333333,0.02125955085168684,0.81819338900803,0.03211210713364996,32.207164646665674,1.4374034441291028,1.2441571984993065,0.047454048362077235
CaseStudy,Observed_Mediator,d50,UWYK 1D (v3a),raw,300,0.3575,0.5925,0.021138768823660375,0.8339499418006207,0.03348137170267911,30.923749962410792,1.40398922006526,1.236070153983637,0.04748325508013306
CaseStudy,Observed_Mediator,pooled,UWYK 2D (noanc),raw,1800,0.9708555555555556,0.020855555555555627,0.0038894965070546857,1.5673130557093466,0.02028990579682798,1.5765752771829693,0.020465657976302207,0.05324508669842497,0.0013322545600526745
CaseStudy,Observed_Mediator,shift-2,UWYK 2D (noanc),raw,600,0.9570000000000001,0.007000000000000117,0.008142511948700139,2.0889841450189945,0.011747745319675483,2.103101345736023,0.012082099738987166,0.07212099339090469,0.0033429016377939285
CaseStudy,Observed_Mediator,shift0,UWYK 2D (noanc),raw,600,0.9983333333333333,0.04833333333333334,0.0016666666666666668,0.42278928401164695,0.012271607605381443,0.4228899867873908,0.012269608540110305,0.0215844538040129,0.0007119239439938061
CaseStudy,Observed_Mediator,shift+2,UWYK 2D (noanc),raw,600,0.9572333333333332,0.007233333333333203,0.008083077146288248,2.1901657380973982,0.011480191316800274,2.203734499025494,0.011652497575846505,0.06602981290035731,0.0013300106564696165
CaseStudy,Observed_Mediator,d5,UWYK 2D (noanc),raw,300,0.9796333333333332,0.02963333333333329,0.008101680783173878,1.5757742015648797,0.049747302727337,1.5799004413478197,0.04990054323193809,0.043297468466248615,0.0014838272644569698
CaseStudy,Observed_Mediator,d10,UWYK 2D (noanc),raw,300,0.9806666666666666,0.03066666666666662,0.007823346892223363,1.52778953224221,0.04897121950617532,1.5329666584183501,0.04921847668842366,0.04088242673264327,0.001358329491508996
CaseStudy,Observed_Mediator,d20,UWYK 2D (noanc),raw,300,0.985,0.03500000000000003,0.006779123965464154,1.5184034998155862,0.04849022531711929,1.5248769085428553,0.04880642119813007,0.0381958724327111,0.0012823992560811893
CaseStudy,Observed_Mediator,d30,UWYK 2D (noanc),raw,300,0.9574333333333334,0.007433333333333403,0.011590044774156996,1.5432862936170189,0.04888286958180582,1.5571774590731866,0.04954673979898478,0.04190161773304674,0.001247871438823755
CaseStudy,Observed_Mediator,d40,UWYK 2D (noanc),raw,300,0.9431333333333335,0.0068666666666664655,0.013169952738973117,1.5955476741894659,0.04985967419118924,1.6140768829970762,0.0506815542052396,0.05175818490723989,0.0018223754181743703
CaseStudy,Observed_Mediator,d50,UWYK 2D (noanc),raw,300,0.9792666666666666,0.029266666666666663,0.007803779968140805,1.6430771328269198,0.052199022641914304,1.6504533127185284,0.05256174541458995,0.10343494991866019,0.006560704843318066
CaseStudy,Observed_Mediator,pooled,UWYK 2D (v3a),raw,1800,0.9728111111111111,0.022811111111111115,0.003763751504810443,1.5524748383402216,0.020414943670279104,1.5606614661829463,0.02056633186952597,0.03872039798539352,0.0005068131083650605
CaseStudy,Observed_Mediator,shift-2,UWYK 2D (v3a),raw,600,0.9586833333333334,0.008683333333333487,0.007992981728345453,2.1123300150385713,0.011103005771006366,2.124499016396801,0.011306889893499933,0.04983404615180522,0.000650867590269244
CaseStudy,Observed_Mediator,shift0,UWYK 2D (v3a),raw,600,0.9983333333333333,0.04833333333333334,0.0016666666666666668,0.39041291398639805,0.011363952705388257,0.39050286489782193,0.011362386655482325,0.018344742222870383,0.0006202007101106994
CaseStudy,Observed_Mediator,shift+2,UWYK 2D (v3a),raw,600,0.9614166666666665,0.01141666666666652,0.007702686158045224,2.154681585995696,0.010935484271513153,2.166982517254216,0.011119982849544399,0.04798240558150495,0.0006808215982984793
CaseStudy,Observed_Mediator,d5,UWYK 2D (v3a),raw,300,0.9795333333333334,0.02953333333333341,0.00810599697257289,1.5417964001294466,0.049482053675331095,1.545948423807854,0.04964980738964365,0.03963659239590279,0.0013429583147775363
CaseStudy,Observed_Mediator,d10,UWYK 2D (v3a),raw,300,0.9804999999999999,0.03049999999999997,0.007886475023374789,1.5327283128571298,0.04986601846833778,1.537905954710473,0.05011516519479021,0.03798443441711252,0.0012204429195664666
CaseStudy,Observed_Mediator,d20,UWYK 2D (v3a),raw,300,0.985,0.03500000000000003,0.006773365768582527,1.5498615592059362,0.0502075911276517,1.5562862205174524,0.050501788760525454,0.036433906159904106,0.0011940583552392384
CaseStudy,Observed_Mediator,d30,UWYK 2D (v3a),raw,300,0.9597333333333334,0.009733333333333483,0.011332601458433183,1.551859412660015,0.05022668329071629,1.565334874549887,0.05084759400743505,0.038293258636731525,0.0011487999663287354
CaseStudy,Observed_Mediator,d40,UWYK 2D (v3a),raw,300,0.9462,0.0037999999999999146,0.012900125741525046,1.5556518884227568,0.04973922225093817,1.5718576542565752,0.05046579067240763,0.0380323778774015,0.0012111019533024019
CaseStudy,Observed_Mediator,d50,UWYK 2D (v3a),raw,300,0.9858999999999999,0.03589999999999993,0.006197472243371313,1.582951456766046,0.05087315923826528,1.5866356692554353,0.05103819081580109,0.041941818425308676,0.0013070605559606027
CaseStudy,Observed_Mediator,pooled,CausalPFN 1D,raw,1800,0.8116611111111113,0.13833888888888868,0.005720000280679587,1.8638049021507899,0.02727533340434804,2.329241457752406,0.04032664922170031,0.28412200085457623,0.0055476550762165525
CaseStudy,Observed_Mediator,shift-2,CausalPFN 1D,raw,600,0.7864333333333333,0.16356666666666664,0.00989277057574142,2.605533453222584,0.03324418332293581,3.0130390686762394,0.04855171588731581,0.38404557383228105,0.0079979601229005
CaseStudy,Observed_Mediator,shift0,CausalPFN 1D,raw,600,0.9421166666666666,0.007883333333333353,0.006165725499325812,0.4971600483995536,0.013935392853445215,0.5531812268691865,0.019733620828068635,0.06549845624459893,0.0027734670584010847
CaseStudy,Observed_Mediator,shift+2,CausalPFN 1D,raw,600,0.7064333333333334,0.2435666666666666,0.010533298729189513,2.4887212048302323,0.026741257026693936,3.421504077711793,0.062187971286703544,0.40282197248684876,0.00925487334201374
CaseStudy,Observed_Mediator,d5,CausalPFN 1D,raw,300,0.8384,0.11159999999999992,0.01589921995239893,1.3369575159948404,0.04761909922667972,1.5443565019145065,0.063148074677307,0.14227583547661218,0.0067302885266633476
CaseStudy,Observed_Mediator,d10,CausalPFN 1D,raw,300,0.8689666666666667,0.08103333333333329,0.012332887243732892,1.604507684982029,0.055855525323119916,1.8780271161849271,0.07749237884384763,0.19207716291951316,0.009836186248208648
CaseStudy,Observed_Mediator,d20,CausalPFN 1D,raw,300,0.8004666666666667,0.1495333333333333,0.014186736259374489,1.8916338010604374,0.06433281817886968,2.3760240217893553,0.09503282953439841,0.27994172917195215,0.012750757483837033
CaseStudy,Observed_Mediator,d30,CausalPFN 1D,raw,300,0.8148,0.1352,0.013022614752163927,2.0767463763733107,0.0708383782791429,2.5040501249627067,0.09657445744618531,0.3119553143972141,0.013010670449987775
CaseStudy,Observed_Mediator,d40,CausalPFN 1D,raw,300,0.7943666666666667,0.1556333333333333,0.013740783742820636,2.14362869289146,0.0727222920639108,2.7598327435893264,0.11105000988523055,0.37058456607954193,0.014930707304622303
CaseStudy,Observed_Mediator,d50,CausalPFN 1D,raw,300,0.7529666666666667,0.19703333333333328,0.013793128233777497,2.129355341602662,0.07224079251888056,2.913158238073617,0.11581807690951974,0.407897397082624,0.015481937604996918
CaseStudy,Observed_Mediator,pooled,CausalPFN 2D,raw,1800,0.9366944444444445,0.01330555555555546,0.004144830010845069,1.9735012614109448,0.02780862254930897,2.3717427380740306,0.04796898786348599,0.3291953259715497,0.008798647012926741
CaseStudy,Observed_Mediator,shift-2,CausalPFN 2D,raw,600,0.9330166666666666,0.01698333333333335,0.007135160619459068,2.5937247629882774,0.020136321046094276,3.0744333527798826,0.06825181499286352,0.39407559050669944,0.01522591420407061
CaseStudy,Observed_Mediator,shift0,CausalPFN 2D,raw,600,0.9578000000000001,0.00780000000000014,0.006066982814170957,0.4287650503348384,0.011705634708797921,0.4796840191690429,0.015996796413837,0.05929477850817154,0.0026927478452288935
CaseStudy,Observed_Mediator,shift+2,CausalPFN 2D,raw,600,0.9192666666666668,0.030733333333333168,0.00811150678884369,2.8980139709097186,0.01929651249394237,3.5611108422731665,0.08158241127655838,0.5342156088997781,0.0161129967314216
CaseStudy,Observed_Mediator,d5,CausalPFN 2D,raw,300,1.0,0.050000000000000044,0.0,1.684637265723708,0.05432041164191069,1.684637265723708,0.05432041164191069,0.10241373175101044,0.0031860529471460365
CaseStudy,Observed_Mediator,d10,CausalPFN 2D,raw,300,1.0,0.050000000000000044,0.0,1.7965554234574677,0.06101832260213077,1.7965554234574677,0.06101832260213077,0.12029833185132678,0.004736852457071333
CaseStudy,Observed_Mediator,d20,CausalPFN 2D,raw,300,0.9971999999999999,0.04719999999999991,0.0013977526156591302,1.9915316304153396,0.06842280742661597,1.9973430610260474,0.06862551553416624,0.19997104399264654,0.009914455944040643
CaseStudy,Observed_Mediator,d30,CausalPFN 2D,raw,300,0.9859666666666668,0.03596666666666681,0.0036955178894439535,2.1198888085266003,0.07312071576986418,2.1802733973437487,0.07748154118455138,0.3317038845235899,0.01629754146647434
CaseStudy,Observed_Mediator,d40,CausalPFN 2D,raw,300,0.8750666666666667,0.0749333333333333,0.012014251415988634,2.1396480481651747,0.0729854452244225,2.7611425239241476,0.12363997627179807,0.5540377016707182,0.025554628842437453
CaseStudy,Observed_Mediator,d50,CausalPFN 2D,raw,300,0.7619333333333332,0.18806666666666672,0.017269029594304024,2.108746392177378,0.07264924075213301,3.8105047569690638,0.19921564430904054,0.6667472620400064,0.02865731140497246
CaseStudy,Observed_Mediator,pooled,Do-PFN (matched label),raw,1800,0.6425611111111111,0.3074388888888888,0.010117222481850447,0.6580686433330273,0.014466578029608063,21.223310472490386,0.696684671124747,0.6817728139751131,0.019497538776773547
CaseStudy,Observed_Mediator,shift-2,Do-PFN (matched label),raw,600,0.5705833333333333,0.3794166666666666,0.017829269439025363,0.7446818137026286,0.026794162261838544,29.793342966118047,1.270937000618239,0.9575638182049084,0.034349586838360126
CaseStudy,Observed_Mediator,shift0,Do-PFN (matched label),raw,600,0.7974333333333334,0.15256666666666652,0.014921389946808665,0.4841152843416986,0.016346399052907176,1.9423940773229977,0.14671652490876008,0.07763843892271946,0.0046339346514786585
CaseStudy,Observed_Mediator,shift+2,Do-PFN (matched label),raw,600,0.5596666666666666,0.3903333333333333,0.01793195986407706,0.7454088319547547,0.028718028771077094,31.93419437403012,1.3422441393448417,1.0101161847977116,0.03616009049043559
CaseStudy,Observed_Mediator,d5,Do-PFN (matched label),raw,300,1.0,0.050000000000000044,0.0,0.3854128050248031,0.018986749432422047,0.3854128050248031,0.018986749432422047,0.021131602119713606,0.0009645522011467553
CaseStudy,Observed_Mediator,d10,Do-PFN (matched label),raw,300,0.9854999999999999,0.035499999999999976,0.005002814146742315,0.4924705176801759,0.02433748633908982,1.1906103281901148,0.2803505420797737,0.06017923945955968,0.011602805174274625
CaseStudy,Observed_Mediator,d20,Do-PFN (matched label),raw,300,0.7668333333333334,0.1831666666666666,0.018936993361595416,0.9132337271240953,0.04023226391307929,13.244731948723475,1.244901191130524,0.5368188704538438,0.038164924090115585
CaseStudy,Observed_Mediator,d30,Do-PFN (matched label),raw,300,0.46976666666666667,0.4802333333333333,0.023855866825879982,0.8288966657336259,0.03848582825342013,30.17151297385274,1.7308131940646896,0.9987690849247758,0.04638457611597015
CaseStudy,Observed_Mediator,d40,Do-PFN (matched label),raw,300,0.35746666666666665,0.5925333333333334,0.023329847167505406,0.7492264742346451,0.04103261930532599,38.23074629717477,1.8321414147247412,1.1945705443994508,0.048022266813991306
CaseStudy,Observed_Mediator,d50,Do-PFN (matched label),raw,300,0.27580000000000005,0.6741999999999999,0.022456276853535427,0.5791716702008185,0.033384909207578674,44.116848481976426,1.8829281826762911,1.279167542493335,0.04942246562568671
CaseStudy,Observed_Mediator,pooled,Do-PFN (matched resolution),raw,1800,0.7546333333333333,0.1953666666666667,0.00874896003948982,5.46501611464468,0.14578275083266384,17.541286254271206,0.45896741005313496,0.6922313810994184,0.016528736635897254
CaseStudy,Observed_Mediator,shift-2,Do-PFN (matched resolution),raw,600,0.6613,0.28869999999999996,0.016668490662572914,2.2409752057624104,0.06882484264102161,20.072742303038478,0.9355197972079768,0.8728816178901887,0.03224716356291066
CaseStudy,Observed_Mediator,shift0,Do-PFN (matched resolution),raw,600,0.9305499999999999,0.01945000000000008,0.008801261877073413,12.021540687947526,0.2756371123109946,12.442933716566174,0.2575801467874424,0.34325247291803207,0.00682458750060314
CaseStudy,Observed_Mediator,shift+2,Do-PFN (matched resolution),raw,600,0.67205,0.2779499999999999,0.016024117405333816,2.1325324502241036,0.055807078829342764,20.10818274320897,0.9441040330614892,0.8605600524900344,0.03271044937498618
CaseStudy,Observed_Mediator,d5,Do-PFN (matched resolution),raw,300,0.9967333333333332,0.04673333333333329,0.003266666666666666,5.159913043676865,0.34577921924912536,5.161160059382616,0.3457207052869625,0.19744913793500465,0.011889250165855774
CaseStudy,Observed_Mediator,d10,Do-PFN (matched resolution),raw,300,0.9904333333333333,0.04043333333333332,0.005211088925447928,5.613881338205008,0.37702877487971953,5.64222491324393,0.37623027021253735,0.18875825941667293,0.01087503413903591
CaseStudy,Observed_Mediator,d20,Do-PFN (matched resolution),raw,300,0.9257666666666667,0.024233333333333218,0.011982113977497919,5.331341200421093,0.3464674282557379,8.308003508421043,0.5935246798829287,0.38720931532848474,0.02629409804296957
CaseStudy,Observed_Mediator,d30,Do-PFN (matched resolution),raw,300,0.6553666666666668,0.2946333333333332,0.021455733295955813,5.800309823795263,0.35979497808073724,21.952439786034418,1.0813678508331013,0.9499007332348441,0.038558695296525676
CaseStudy,Observed_Mediator,d40,Do-PFN (matched resolution),raw,300,0.5200333333333333,0.4299666666666666,0.02293918567247406,5.549868913244143,0.36071457498551524,29.71665636928848,1.2200373472913286,1.1683246616567886,0.04119099612811521
CaseStudy,Observed_Mediator,d50,Do-PFN (matched resolution),raw,300,0.43946666666666667,0.5105333333333333,0.023793967614389868,5.334782368525709,0.3535580029497575,34.46723288925676,1.242216395764208,1.2617461790247153,0.04105490226952816
CaseStudy,Observed_Mediator,pooled,"Do-PFN (matched resolution, 262k, T=1)",raw,1800,0.7771166666666668,0.17288333333333317,0.00821470756557224,6.062334499495691,0.15620869125354894,16.86012923794234,0.4229970039709711,0.6631457084940837,0.015240639832908959
CaseStudy,Observed_Mediator,shift-2,"Do-PFN (matched resolution, 262k, T=1)",raw,600,0.7119666666666666,0.23803333333333332,0.015556338394855013,2.5412371644406857,0.09115517640181421,17.40358261421812,0.8531267045431181,0.7644690985740882,0.02941093545102345
CaseStudy,Observed_Mediator,shift0,"Do-PFN (matched resolution, 262k, T=1)",raw,600,0.944,0.006000000000000005,0.00765403861883588,13.172375604471771,0.28052190380486736,13.589937180634431,0.2608296741741742,0.3800206703039496,0.008115084052370916
CaseStudy,Observed_Mediator,shift+2,"Do-PFN (matched resolution, 262k, T=1)",raw,600,0.6753833333333333,0.2746166666666666,0.01538071046491321,2.473390729574617,0.07909784924645073,19.586867918974463,0.8862923970490836,0.8449473566042135,0.030916379657442504
CaseStudy,Observed_Mediator,d5,"Do-PFN (matched resolution, 262k, T=1)",raw,300,0.9999666666666667,0.049966666666666715,3.3333333333333355e-05,5.474066610617092,0.37507969391115586,5.474066949688488,0.375079677704352,0.20474565207264894,0.013381892350352724
CaseStudy,Observed_Mediator,d10,"Do-PFN (matched resolution, 262k, T=1)",raw,300,0.9951333333333334,0.04513333333333347,0.0023076980056909707,6.042452459481987,0.4047413421968467,6.133591962630044,0.4025209906047349,0.20881236848811704,0.012792248951435334
CaseStudy,Observed_Mediator,d20,"Do-PFN (matched resolution, 262k, T=1)",raw,300,0.8832333333333334,0.06676666666666653,0.012734211010626984,5.950566058081921,0.36665643796404246,11.191098381594548,0.6359872229404573,0.49340333592162966,0.026096148697298472
CaseStudy,Observed_Mediator,d30,"Do-PFN (matched resolution, 262k, T=1)",raw,300,0.7293999999999999,0.22060000000000002,0.02017064657559573,6.534224044707096,0.379787970413854,19.151707254298437,0.9877860993252114,0.8006058757464762,0.035122785378107355
CaseStudy,Observed_Mediator,d40,"Do-PFN (matched resolution, 262k, T=1)",raw,300,0.5708333333333333,0.37916666666666665,0.02211213231219566,6.288700153321493,0.3854210963399882,27.174794535568566,1.13214400468579,1.075937176341982,0.038614875133615625
CaseStudy,Observed_Mediator,d50,"Do-PFN (matched resolution, 262k, T=1)",raw,300,0.48413333333333336,0.4658666666666666,0.023938902784338783,6.083997670764559,0.3834658812370971,32.035516343873944,1.193802627851539,1.1953698423936479,0.039583860087453016
CaseStudy,Observed_Mediator,pooled,UWYK No-Anc (matched label),raw,1800,0.27770555555555554,0.6722944444444444,0.009011292470603166,0.7988016776356016,0.01722183407782874,36.474972300937026,0.6721311879447898,1.2673404212665436,0.019683308397271577
CaseStudy,Observed_Mediator,shift-2,UWYK No-Anc (matched label),raw,600,0.07536666666666667,0.8746333333333333,0.007049613378406795,0.7985958574522276,0.03149827217863614,59.21585484953932,0.8250244430511683,1.831356177745809,0.011414714278750654
CaseStudy,Observed_Mediator,shift0,UWYK No-Anc (matched label),raw,600,0.59785,0.35214999999999996,0.018559678779685805,0.33403152496188276,0.011204089503761352,3.0023143222237088,0.19990150736478984,0.13794235810055797,0.0064849446515932345
CaseStudy,Observed_Mediator,shift+2,UWYK No-Anc (matched label),raw,600,0.1599,0.7901,0.00865224936254842,1.2637776504926945,0.028862830134675988,47.20674773104803,0.6508733131691983,1.8327227279532636,0.011146708306942999
CaseStudy,Observed_Mediator,d5,UWYK No-Anc (matched label),raw,300,0.4947666666666667,0.45523333333333327,0.01761235113980723,1.509847727145084,0.05684001412500894,23.449321001745563,1.0519156269365253,1.1236739941698353,0.04260198424598457
CaseStudy,Observed_Mediator,d10,UWYK No-Anc (matched label),raw,300,0.367,0.583,0.021498774951487717,0.9972415808695609,0.04149130681062454,30.72775123192751,1.375982028813318,1.2273416037413953,0.04716151604832781
CaseStudy,Observed_Mediator,d20,UWYK No-Anc (matched label),raw,300,0.21586666666666662,0.7341333333333333,0.021028322639445443,0.6401530302776941,0.03126981498177016,39.142117350537774,1.7152548019488558,1.3086610026297278,0.04913533146343879
CaseStudy,Observed_Mediator,d30,UWYK No-Anc (matched label),raw,300,0.2064,0.7435999999999999,0.02210709516497411,0.5822342764765281,0.028633105309752646,40.4541725268419,1.7253934407914775,1.3067959865760324,0.04950273657161267
CaseStudy,Observed_Mediator,d40,UWYK No-Anc (matched label),raw,300,0.19556666666666667,0.7544333333333333,0.022085827229240275,0.5556672307559538,0.027276832266320276,41.911420409681405,1.770414394681272,1.3168975173100843,0.04979821922074737
CaseStudy,Observed_Mediator,d50,UWYK No-Anc (matched label),raw,300,0.18663333333333332,0.7633666666666666,0.02181826724516794,0.5076662202887887,0.02584972361153222,43.16505128488797,1.8033839105348144,1.320672423172187,0.04999621089604327
CaseStudy,Observed_Mediator,pooled,UWYK Anc (matched label),raw,1800,0.29410555555555556,0.6558944444444443,0.009086643649455684,0.8221122942636596,0.01975072371600319,38.410458052380335,0.7096688604928043,1.2527149567756735,0.019603301499762974
CaseStudy,Observed_Mediator,shift-2,UWYK Anc (matched label),raw,600,0.08846666666666668,0.8615333333333333,0.007590593520808836,0.9419206673831255,0.0381630182511387,57.81760000274419,0.8745865885456373,1.8156156852594665,0.011826958157901347
CaseStudy,Observed_Mediator,shift0,UWYK Anc (matched label),raw,600,0.6221166666666667,0.3278833333333333,0.017873886704171525,0.34570347810588836,0.01181190802313223,3.015978800481787,0.20282746851683406,0.13614166319578913,0.006369963756333736
CaseStudy,Observed_Mediator,shift+2,UWYK Anc (matched label),raw,600,0.17173333333333332,0.7782666666666667,0.009572003634076103,1.1787127373019648,0.036105761291281326,54.39779535391503,0.7646956267035603,1.8063875218717642,0.01264462375931664
CaseStudy,Observed_Mediator,d5,UWYK Anc (matched label),raw,300,0.5324333333333334,0.41756666666666653,0.016172675962527847,1.7349828994472698,0.06247730215528365,21.979838932978748,1.0262543997486269,1.0501903021766623,0.03985623942539402
CaseStudy,Observed_Mediator,d10,UWYK Anc (matched label),raw,300,0.4455666666666667,0.5044333333333333,0.020040038981827414,1.2458220517366116,0.04898103254596677,29.097587908261872,1.271783121109598,1.1670378746015755,0.044967755352547545
CaseStudy,Observed_Mediator,d20,UWYK Anc (matched label),raw,300,0.2154,0.7345999999999999,0.0212338080484011,0.7172255115057627,0.03415454246123677,38.44271305106674,1.6639808464676835,1.3031059457789536,0.04896149454677113
CaseStudy,Observed_Mediator,d30,UWYK Anc (matched label),raw,300,0.2013333333333333,0.7486666666666666,0.022203544733589927,0.486695481436177,0.02581871403480783,44.317136794246615,1.8271882226769287,1.319581720454352,0.050047533079903596
CaseStudy,Observed_Mediator,d40,UWYK Anc (matched label),raw,300,0.18636666666666665,0.7636333333333333,0.022221430411385683,0.4056664900825641,0.021403201439625253,47.44905927361054,1.9023332716081445,1.335274578534179,0.05049342405359601
CaseStudy,Observed_Mediator,d50,UWYK Anc (matched label),raw,300,0.18353333333333335,0.7664666666666666,0.021999355079902316,0.3422813313735725,0.018385191171242734,49.176412354117495,1.9528778413524317,1.341099319108317,0.050761120745127904
CaseStudy,Observed_Mediator,pooled,UWYK No-Anc (matched resolution),raw,1800,0.21745555555555554,0.7325444444444444,0.009300179781608745,0.8326082039964086,0.013791023113067435,35.03259960779702,0.6320763772112058,1.2769950864872788,0.019820397918579362
CaseStudy,Observed_Mediator,shift-2,UWYK No-Anc (matched resolution),raw,600,0.016866666666666665,0.9331333333333333,0.002824247765432251,1.097829979355642,0.022302406393519953,47.577798379734524,0.7186365316969908,1.7989395705187003,0.010353499110617266
CaseStudy,Observed_Mediator,shift0,UWYK No-Anc (matched resolution),raw,600,0.6223666666666666,0.32763333333333333,0.01877511223794398,0.3623539609658435,0.012123182020005847,2.7667053517013565,0.18129442668267856,0.13211331836545792,0.00635550768196555
CaseStudy,Observed_Mediator,shift+2,UWYK No-Anc (matched resolution),raw,600,0.013133333333333334,0.9368666666666666,0.002871728781030888,1.03764067166774,0.022637855625825095,54.75329509195517,0.6327223968241124,1.8999323705776776,0.010055402478128214
CaseStudy,Observed_Mediator,d5,UWYK No-Anc (matched resolution),raw,300,0.24300000000000002,0.707,0.02240279386144095,1.213603073387947,0.046164553923640245,27.02229753680038,1.2742881558576198,1.251340556988934,0.047503817343349845
CaseStudy,Observed_Mediator,d10,UWYK No-Anc (matched resolution),raw,300,0.24623333333333336,0.7037666666666667,0.023341783069500483,0.9905687366275655,0.03663432916500984,29.43114530317102,1.4126140924027533,1.2580349199901912,0.04839238672756352
CaseStudy,Observed_Mediator,d20,UWYK No-Anc (matched resolution),raw,300,0.1952,0.7547999999999999,0.021845736645568024,0.7604530001889916,0.02896773060778899,36.40045688038019,1.591461432967682,1.2926099092723426,0.04877053896805328
CaseStudy,Observed_Mediator,d30,UWYK No-Anc (matched resolution),raw,300,0.2127,0.7373,0.023285995858487906,0.6610366933264759,0.02236541916161988,39.609933399017784,1.6181820329383876,1.284580067881399,0.04894521023496589
CaseStudy,Observed_Mediator,d40,UWYK No-Anc (matched resolution),raw,300,0.19566666666666666,0.7543333333333333,0.02271287669460504,0.5679849061503562,0.020771711327898363,43.25748585339784,1.7350505264622949,1.2999690197260045,0.04941217929600124
CaseStudy,Observed_Mediator,d50,UWYK No-Anc (matched resolution),raw,300,0.21193333333333333,0.7380666666666666,0.02306495086445632,0.8020028142971153,0.02645449973517556,34.474278674014876,1.4208145371565326,1.2754360450648003,0.04859596122372218
CaseStudy,Observed_Mediator,pooled,UWYK Anc (matched resolution),raw,1800,0.2982388888888889,0.651761111111111,0.009328612541220768,0.8240015883948294,0.015264685538169807,32.990460082100185,0.6673277015506104,1.243310738778206,0.019668456453493733
CaseStudy,Observed_Mediator,shift-2,UWYK Anc (matched resolution),raw,600,0.15,0.7999999999999999,0.010644924279223702,1.0566497972069604,0.02727792101985283,46.57674649289197,0.9619279720624911,1.738609310420546,0.014318365530307573
CaseStudy,Observed_Mediator,shift0,UWYK Anc (matched resolution),raw,600,0.6360666666666667,0.3139333333333333,0.017851573579947565,0.34642556712326134,0.011430640843537497,2.6474910754210796,0.17685347566691942,0.13128757890685422,0.00632302696791303
CaseStudy,Observed_Mediator,shift+2,UWYK Anc (matched resolution),raw,600,0.10865,0.8413499999999999,0.008053764539703811,1.0689294008542662,0.02556188901210551,49.74714267798752,0.8613026505081528,1.8600353270072176,0.011469744038613203
CaseStudy,Observed_Mediator,d5,UWYK Anc (matched resolution),raw,300,0.5910333333333333,0.35896666666666666,0.01725272171398819,1.4413319221155714,0.04909555484416932,11.729331693315805,0.7569900323321621,1.0416995792064294,0.04265224253509739
CaseStudy,Observed_Mediator,d10,UWYK Anc (matched resolution),raw,300,0.38060000000000005,0.5693999999999999,0.02106561708010093,1.1057475534821424,0.037861141589641295,22.827506249845953,1.0996360196538741,1.2104793951787363,0.046945416872266936
CaseStudy,Observed_Mediator,d20,UWYK Anc (matched resolution),raw,300,0.21243333333333334,0.7375666666666666,0.021086519140992976,0.7471804605083245,0.02838077793950629,35.493167367623876,1.5448991354941017,1.2924967648033252,0.048734451601264044
CaseStudy,Observed_Mediator,d30,UWYK Anc (matched resolution),raw,300,0.21083333333333332,0.7391666666666666,0.022830550164420208,0.6715428714982012,0.023515423909214534,37.98713060394611,1.567034498572083,1.2871263546586937,0.04899836696872905
CaseStudy,Observed_Mediator,d40,UWYK Anc (matched resolution),raw,300,0.19390000000000002,0.7561,0.022611136895470018,0.5312270507184581,0.020659246418400484,43.57206292899401,1.7516680981463624,1.3085193646199513,0.04967716013661513
CaseStudy,Observed_Mediator,d50,UWYK Anc (matched resolution),raw,300,0.20063333333333336,0.7493666666666666,0.02225202248437461,0.4469796720462787,0.019571865661828607,46.333561648875374,1.8579297094781946,1.3195429742020996,0.050108264402613276
CaseStudy,Observed_Mediator,pooled,UWYK-B No-Anc,raw,1800,0.21276111111111112,0.7372388888888888,0.008982228717503735,0.6183445750269841,0.011735050756009967,40.731294907898054,0.6975255604141761,1.3042753477833386,0.020096877695612702
CaseStudy,Observed_Mediator,shift-2,UWYK-B No-Anc,raw,600,0.009333333333333332,0.9406666666666667,0.0023447530392478734,0.548418831616454,0.019101061325484905,66.11114644237675,0.5867223099630561,1.8780566199789261,0.010242006822139575
CaseStudy,Observed_Mediator,shift0,UWYK-B No-Anc,raw,600,0.5731666666666666,0.37683333333333335,0.01949659897379971,0.3364762857165324,0.011439281384023219,3.0962958849876387,0.20182097468273263,0.14021921293411124,0.006554019978538326
CaseStudy,Observed_Mediator,shift+2,UWYK-B No-Anc,raw,600,0.05578333333333333,0.8942166666666667,0.003774025921541144,0.9701386077479662,0.019941534586983105,52.98644239632979,0.5550618924302274,1.8945502104369787,0.009884481973919087
CaseStudy,Observed_Mediator,d5,UWYK-B No-Anc,raw,300,0.2527666666666667,0.6972333333333333,0.021088126303143478,0.9792553616218614,0.03840717205576874,31.942298199383192,1.3527688990817754,1.2614686482497377,0.04739011007597081
CaseStudy,Observed_Mediator,d10,UWYK-B No-Anc,raw,300,0.2441,0.7059,0.022394720123483158,0.7303390447675326,0.026923525578924353,37.1319861277172,1.5482833070571742,1.2825953675195292,0.048896465481614464
CaseStudy,Observed_Mediator,d20,UWYK-B No-Anc,raw,300,0.1867,0.7633,0.02125767826393085,0.5441542603901011,0.023170394568344528,42.498266601447604,1.7469312717510814,1.3234740338797835,0.04945704957478078
CaseStudy,Observed_Mediator,d30,UWYK-B No-Anc,raw,300,0.2032,0.7467999999999999,0.0225727433034902,0.5029095984587292,0.020814959732899777,43.5636752716526,1.762308901633859,1.3154073045314947,0.04978731607911935
CaseStudy,Observed_Mediator,d40,UWYK-B No-Anc,raw,300,0.19123333333333334,0.7587666666666666,0.022400391098539352,0.46626467365303625,0.021344874552065386,45.372453765131084,1.829309740548621,1.325279070249048,0.050081177509633916
CaseStudy,Observed_Mediator,d50,UWYK-B No-Anc,raw,300,0.19856666666666667,0.7514333333333333,0.02212971883221105,0.4871445112706449,0.025888625056207402,43.879089482056685,1.8409656500612894,1.31742766227044,0.04999375814015568
CaseStudy,Observed_Mediator,pooled,UWYK-B Anc,raw,1800,0.4025388888888889,0.5474611111111111,0.00899225397825637,0.8839229733747582,0.017057753513128927,30.154026828844675,0.6583722415817835,1.1958260222205963,0.018881027751249252
CaseStudy,Observed_Mediator,shift-2,UWYK-B Anc,raw,600,0.07485,0.87515,0.007485988860221402,0.7988451682903376,0.028923580099460566,54.959507298092355,1.041465566710035,1.8073029090056247,0.012188466127190892
CaseStudy,Observed_Mediator,shift0,UWYK-B Anc,raw,600,0.7121333333333333,0.23786666666666667,0.015659235500639163,0.36820656524302897,0.011853003039412214,2.2105911920093333,0.16746027576313335,0.1276235352869437,0.005995939656293004
CaseStudy,Observed_Mediator,shift+2,UWYK-B Anc,raw,600,0.4206333333333333,0.5293666666666667,0.009352932656971652,1.4847171865909081,0.024204543288931533,33.291981996432334,0.6674568330557031,1.6525516223692205,0.012251779151550445
CaseStudy,Observed_Mediator,d5,UWYK-B Anc,raw,300,0.6397666666666667,0.31023333333333325,0.016777740358425667,1.5425294149493742,0.050469925029421756,7.485845966533204,0.4308714890930067,0.9877574563638583,0.03869891332500744
CaseStudy,Observed_Mediator,d10,UWYK-B Anc,raw,300,0.46573333333333333,0.4842666666666666,0.021734574654553147,1.1005511572202078,0.03941189713003092,22.59325758505616,1.0629983237311813,1.1318934041218054,0.04381960002318242
CaseStudy,Observed_Mediator,d20,UWYK-B Anc,raw,300,0.3526333333333333,0.5973666666666666,0.02123395706736638,0.7334629088666968,0.03319790090548661,35.41445815676511,1.624872410680303,1.2463687430726906,0.04704720432739264
CaseStudy,Observed_Mediator,d30,UWYK-B Anc,raw,300,0.3458333333333333,0.6041666666666666,0.02185425822923091,0.6698812241037729,0.03162005417589219,37.332462040856896,1.6843362667600725,1.2566619894572417,0.04783071348727028
CaseStudy,Observed_Mediator,d40,UWYK-B Anc,raw,300,0.3077666666666667,0.6422333333333332,0.021805976205861506,0.6373864511411252,0.03145244052436249,39.05257563120918,1.7486123022068953,1.2761384778613822,0.04853573454973245
CaseStudy,Observed_Mediator,d50,UWYK-B Anc,raw,300,0.3035,0.6465,0.0218567916733438,0.6197266839673726,0.03223337373202559,39.04556159264749,1.7588361155347918,1.2761360624465998,0.048706269499616914
CaseStudy,Observed_Mediator,pooled,CausalPFN-C (matched label),raw,1800,0.9789166666666668,0.028916666666666813,0.0019794500031236665,2.534839483635079,0.04415928072824464,2.5625987745783863,0.04458357940438693,0.2466540822292725,0.00479016276247556
CaseStudy,Observed_Mediator,shift-2,CausalPFN-C (matched label),raw,600,0.9809333333333334,0.03093333333333348,0.003217698229441689,3.761326360245195,0.06887574422247672,3.812538617924175,0.06966775006767593,0.35337280789700865,0.008417110245083006
CaseStudy,Observed_Mediator,shift0,CausalPFN-C (matched label),raw,600,0.9823833333333333,0.03238333333333332,0.0032040996247761455,0.5195494997073129,0.014693690022119286,0.5335617392510602,0.01601224505449713,0.06145943861512706,0.0025484292755132087
CaseStudy,Observed_Mediator,shift+2,CausalPFN-C (matched label),raw,600,0.9734333333333333,0.023433333333333306,0.0038218273523130944,3.3236425909527294,0.04774723247614031,3.341695966559925,0.048004888320573466,0.3251300001756818,0.006545756671496957
CaseStudy,Observed_Mediator,d5,CausalPFN-C (matched label),raw,300,0.9783333333333334,0.028333333333333433,0.005410224708916089,2.140440099507602,0.09384932713999213,2.1533804542596817,0.09412116050498386,0.12388820350936278,0.00493228377851104
CaseStudy,Observed_Mediator,d10,CausalPFN-C (matched label),raw,300,0.9897333333333334,0.0397333333333334,0.003444056270907281,2.5348577673629022,0.11428203452017828,2.540020570123892,0.11452888152925429,0.1608643167534142,0.006647645118734709
CaseStudy,Observed_Mediator,d20,CausalPFN-C (matched label),raw,300,0.9880666666666665,0.03806666666666658,0.003874679354039293,2.5508912691644983,0.108490648404436,2.559162296283924,0.1085893196635013,0.211687070846727,0.008459679454811988
CaseStudy,Observed_Mediator,d30,CausalPFN-C (matched label),raw,300,0.9883000000000001,0.03830000000000011,0.003355278375424106,2.576545944480907,0.10565100458052386,2.5878487102977985,0.10594062762756029,0.2741699633130307,0.011188998857032851
CaseStudy,Observed_Mediator,d40,CausalPFN-C (matched label),raw,300,0.9733,0.0233000000000001,0.005048077660986302,2.6633892901527116,0.11051407733562435,2.704018509901026,0.11176367133182574,0.3289617080420528,0.012947708652613563
CaseStudy,Observed_Mediator,d50,CausalPFN-C (matched label),raw,300,0.9557666666666668,0.005766666666666809,0.0067600403601424126,2.742912531141853,0.11250063691243649,2.8311621066039976,0.11576953852805359,0.3803532309110475,0.01520987048840429
CaseStudy,Observed_Mediator,pooled,CausalPFN-C (matched resolution),raw,1800,0.9003222222222221,0.04967777777777782,0.005275587568781686,6.561551413023133,0.11498871406446755,8.45345909726057,0.16201678987531748,0.7849361405278458,0.01589632273724575
CaseStudy,Observed_Mediator,shift-2,CausalPFN-C (matched resolution),raw,600,0.9996499999999999,0.04964999999999997,0.00019328242762353415,10.555991235179123,0.12785274963659482,10.55673642645796,0.12786519394893406,1.110357400412381,0.025275155722541503
CaseStudy,Observed_Mediator,shift0,CausalPFN-C (matched resolution),raw,600,0.95955,0.009550000000000058,0.005932419091025491,0.9166932260302925,0.035174808824558056,1.0310014313895202,0.04343955159302083,0.10724669736951147,0.005089264134065567
CaseStudy,Observed_Mediator,shift+2,CausalPFN-C (matched resolution),raw,600,0.7417666666666666,0.20823333333333338,0.012297862255847967,8.211969777859982,0.13103472919706163,13.772639433934234,0.2677246954229159,1.1372043238016447,0.021479265690274845
CaseStudy,Observed_Mediator,d5,CausalPFN-C (matched resolution),raw,300,0.9998333333333332,0.049833333333333285,0.00011999938064995637,5.5023002176512,0.2355662627498225,5.502309098042914,0.23556558833951427,0.2938524227816823,0.012924101915052449
CaseStudy,Observed_Mediator,d10,CausalPFN-C (matched resolution),raw,300,1.0,0.050000000000000044,0.0,6.826649155958468,0.28232047110191016,6.826649155958468,0.28232047110191016,0.43208778165661743,0.019977427409150556
CaseStudy,Observed_Mediator,d20,CausalPFN-C (matched resolution),raw,300,0.9513666666666666,0.0013666666666666272,0.007370539799126594,7.393127568232997,0.2852533900623834,7.718897901930179,0.3032344643787545,0.8494850716268428,0.03604351602033498
CaseStudy,Observed_Mediator,d30,CausalPFN-C (matched resolution),raw,300,0.8840666666666668,0.06593333333333318,0.011272463596118944,7.197344399203905,0.2804287627055013,8.83832157678796,0.3735183392792269,0.9748810682130935,0.04056171593044839
CaseStudy,Observed_Mediator,d40,CausalPFN-C (matched resolution),raw,300,0.8282333333333334,0.12176666666666658,0.014528702866610302,6.586834449052199,0.2860588638752234,10.409942958131378,0.4711095205266224,1.0421100672947055,0.041982327510315554
CaseStudy,Observed_Mediator,d50,CausalPFN-C (matched resolution),raw,300,0.7384333333333334,0.21156666666666657,0.02076699950165518,5.863052688040028,0.30168066093528195,11.424633892712528,0.5257378324232632,1.1172004315941335,0.043603687459256614
CaseStudy,Observed_Mediator,pooled,"CausalPFN (two-stage, published)",raw,1800,1.0,0.050000000000000044,0.0,4.550319244474316,0.0690893542562852,4.550319244474316,0.0690893542562852,0.28976867321410305,0.004653407730808816
CaseStudy,Observed_Mediator,shift-2,"CausalPFN (two-stage, published)",raw,600,1.0,0.050000000000000044,0.0,6.200943548424495,0.05740399125838145,6.200943548424495,0.05740399125838145,0.427240768991043,0.00593884371341217
CaseStudy,Observed_Mediator,shift0,"CausalPFN (two-stage, published)",raw,600,1.0,0.050000000000000044,0.0,0.8288018063104632,0.026154781773385108,0.8288018063104632,0.026154781773385108,0.06119865691740785,0.002271118272321638
CaseStudy,Observed_Mediator,shift+2,"CausalPFN (two-stage, published)",raw,600,1.0,0.050000000000000044,0.0,6.621212378687992,0.06480049875493968,6.621212378687992,0.06480049875493968,0.38086659373385845,0.004696071223366589
CaseStudy,Observed_Mediator,d5,"CausalPFN (two-stage, published)",raw,300,1.0,0.050000000000000044,0.0,4.046720151986736,0.15709609455362958,4.046720151986736,0.15709609455362958,0.20768189707964443,0.007293838785088889
CaseStudy,Observed_Mediator,d10,"CausalPFN (two-stage, published)",raw,300,1.0,0.050000000000000044,0.0,4.5152875734463755,0.17603980094696067,4.5152875734463755,0.17603980094696067,0.2487518184373717,0.009552974488235165
CaseStudy,Observed_Mediator,d20,"CausalPFN (two-stage, published)",raw,300,1.0,0.050000000000000044,0.0,4.678274942765928,0.1701441018717456,4.678274942765928,0.1701441018717456,0.2957433958893037,0.011109287998793354
CaseStudy,Observed_Mediator,d30,"CausalPFN (two-stage, published)",raw,300,1.0,0.050000000000000044,0.0,4.71958009398852,0.17147617084055253,4.71958009398852,0.17147617084055253,0.30991157187289364,0.011726672448838656
CaseStudy,Observed_Mediator,d40,"CausalPFN (two-stage, published)",raw,300,1.0,0.050000000000000044,0.0,4.681401177215765,0.16958285002838924,4.681401177215765,0.16958285002838924,0.33188382854773385,0.012648948005687546
CaseStudy,Observed_Mediator,d50,"CausalPFN (two-stage, published)",raw,300,1.0,0.050000000000000044,0.0,4.660651527442578,0.16863404158132445,4.660651527442578,0.16863404158132445,0.3446395274576711,0.0130651034947975
CaseStudy,Observed_Mediator_and_Confounder,pooled,Do-PFN 1D,raw,1800,0.9255111111111112,0.024488888888888782,0.004008234135654531,4.065588478439815,0.182613203472847,5.1513094451658645,0.1945695688428506,0.5769100857009023,0.011436355123447995
CaseStudy,Observed_Mediator_and_Confounder,shift-2,Do-PFN 1D,raw,600,0.8886333333333334,0.06136666666666657,0.007919756038392907,5.437352595601913,0.5162789744839219,7.120164218164191,0.528298135166901,0.8616545738413801,0.020076995141657176
CaseStudy,Observed_Mediator_and_Confounder,shift0,Do-PFN 1D,raw,600,0.9881333333333333,0.03813333333333335,0.0028834286254562536,2.5314941535528153,0.08499418626493067,2.5975962811835895,0.08852126086892015,0.1531215564773674,0.004330616670585181
CaseStudy,Observed_Mediator_and_Confounder,shift+2,Do-PFN 1D,raw,600,0.8997666666666667,0.05023333333333324,0.007987115273218685,4.227918686164716,0.1399280788798231,5.736167836149813,0.19034287707772077,0.7159541267839591,0.01700354858785348
CaseStudy,Observed_Mediator_and_Confounder,d5,Do-PFN 1D,raw,300,0.9406,0.009399999999999964,0.011288203805322689,1.2429025214685547,0.07160348697572458,1.9196157797617812,0.2115452047514872,0.1660599310837858,0.012348766124806163
CaseStudy,Observed_Mediator_and_Confounder,d10,Do-PFN 1D,raw,300,0.8346,0.11539999999999995,0.014214808489003332,1.5894184024115465,0.0795918597593821,4.084434922885259,0.31734277771506797,0.31392709618946335,0.017151374290388106
CaseStudy,Observed_Mediator_and_Confounder,d20,Do-PFN 1D,raw,300,0.9323,0.017699999999999938,0.007963484808863726,4.029844367115014,0.13436602907677636,5.134810382271829,0.175563132358469,0.5910029908841109,0.023272731287702464
CaseStudy,Observed_Mediator_and_Confounder,d30,Do-PFN 1D,raw,300,0.9489666666666666,0.0010333333333333306,0.006910302575117314,5.190764142231619,0.24326050287316597,5.893737244828632,0.26298155371781706,0.7314006807293376,0.027104756516951004
CaseStudy,Observed_Mediator_and_Confounder,d40,Do-PFN 1D,raw,300,0.9518333333333334,0.0018333333333334645,0.006170461937347372,6.111775101798847,0.8842090608643708,6.81911616285037,0.8865888037405039,0.8163478013014438,0.028983635645422806
CaseStudy,Observed_Mediator_and_Confounder,d50,Do-PFN 1D,raw,300,0.9447666666666665,0.005233333333333423,0.00820384366686995,6.228826335613309,0.502290146341362,7.056142178397319,0.5226511006408139,0.842722014017272,0.029226492303004163
CaseStudy,Observed_Mediator_and_Confounder,pooled,Do-PFN 2D,raw,1800,0.975038888888889,0.025038888888889055,0.0027588184770111633,2.761067286069213,0.04228805867971144,2.9394237948298922,0.05002885702175222,0.42468691497260935,0.010612406442668898
CaseStudy,Observed_Mediator_and_Confounder,shift-2,Do-PFN 2D,raw,600,0.9821666666666666,0.03216666666666668,0.004215330730808475,3.3801784677633306,0.07709279999680209,3.5349948460627214,0.08850305481903463,0.5388960298157716,0.01908807334066685
CaseStudy,Observed_Mediator_and_Confounder,shift0,Do-PFN 2D,raw,600,0.9818666666666667,0.03186666666666671,0.0033124734050793813,1.5933871690086099,0.04581565480926161,1.6787350523994533,0.049128533417450305,0.1334038698797428,0.004720967184092701
CaseStudy,Observed_Mediator_and_Confounder,shift+2,Do-PFN 2D,raw,600,0.9610833333333333,0.011083333333333334,0.006272692988867808,3.3096362214356976,0.06820206182992451,3.6045414860275016,0.09121751510454915,0.6017608452223135,0.02030583923987603
CaseStudy,Observed_Mediator_and_Confounder,d5,Do-PFN 2D,raw,300,0.9489666666666668,0.0010333333333331085,0.008876446396601255,1.5924115307149571,0.05363646442098196,2.059004921576588,0.1281044870919043,0.2350939340996149,0.010581276149952502
CaseStudy,Observed_Mediator_and_Confounder,d10,Do-PFN 2D,raw,300,0.9826333333333332,0.03263333333333329,0.005324288246921479,1.7460279907743173,0.058510719503258535,1.8470065128715074,0.06847655236598522,0.20231260211071914,0.008837134657660272
CaseStudy,Observed_Mediator_and_Confounder,d20,Do-PFN 2D,raw,300,0.9767,0.026700000000000057,0.007260430930882694,2.275506068675167,0.08401541931914963,2.35682991777967,0.08902007711613202,0.2579213855347577,0.013943208023167638
CaseStudy,Observed_Mediator_and_Confounder,d30,Do-PFN 2D,raw,300,0.9931,0.04310000000000003,0.003460587135470664,3.2678447227622685,0.09969051649310748,3.3151404205559563,0.10428131995807806,0.47105331664460864,0.025934217245789072
CaseStudy,Observed_Mediator_and_Confounder,d40,Do-PFN 2D,raw,300,0.9746999999999999,0.024699999999999944,0.006446307698453728,3.6360988000213,0.10169810442112606,3.814072793251503,0.12508346868073167,0.651957056751164,0.031427703610993174
CaseStudy,Observed_Mediator_and_Confounder,d50,Do-PFN 2D,raw,300,0.9741333333333334,0.02413333333333345,0.007603228401514968,4.048514603467265,0.1146840575170883,4.244488202944128,0.1355153011908068,0.7297831946947917,0.03392795374936165
CaseStudy,Observed_Mediator_and_Confounder,pooled,Do-PFN 2D (262k),raw,1800,0.9179795429353736,0.032020457064626306,0.005779436517209117,2.110483477534554,0.035213893835251725,3.749265498230575,0.16427657196052148,0.36081657535538986,0.010724657876921704
CaseStudy,Observed_Mediator_and_Confounder,shift-2,Do-PFN 2D (262k),raw,600,0.9098009803921568,0.04019901960784311,0.010583214040942633,2.4945303247697685,0.06146344224489577,4.317043905422846,0.2775194523965016,0.42001937204543566,0.01863223486080154
CaseStudy,Observed_Mediator_and_Confounder,shift0,Do-PFN 2D (262k),raw,600,0.9748333333333334,0.024833333333333485,0.0038251952035668023,1.164699996498922,0.030683437921703343,1.2876087696929392,0.041793644071600945,0.14083446347135437,0.005344625245827831
CaseStudy,Observed_Mediator_and_Confounder,shift+2,Do-PFN 2D (262k),raw,600,0.869304315080631,0.08069568491936896,0.012839459140385971,2.6722201113349717,0.0647070555426094,5.643143819575938,0.3843762728123494,0.5215958905493796,0.023039025178208758
CaseStudy,Observed_Mediator_and_Confounder,d5,Do-PFN 2D (262k),raw,300,0.9518333333333332,0.0018333333333332424,0.008569144087808402,1.5248006440703452,0.04720973962228926,1.9881341501388097,0.11981801313543888,0.2389311928008308,0.010741023048577799
CaseStudy,Observed_Mediator_and_Confounder,d10,Do-PFN 2D (262k),raw,300,0.9766333333333334,0.026633333333333398,0.005714012648091465,1.6643403838630852,0.05240406434722384,1.8638399015185292,0.0768062035230773,0.20204394445991974,0.009079317073196477
CaseStudy,Observed_Mediator_and_Confounder,d20,Do-PFN 2D (262k),raw,300,0.9711352941176472,0.021135294117647252,0.008435045843374884,1.8710932220038028,0.0719708798876723,2.2117474977100438,0.1710044926443757,0.223629779365419,0.0136119139640886
CaseStudy,Observed_Mediator_and_Confounder,d30,Do-PFN 2D (262k),raw,300,0.9258419634945951,0.024158036505404823,0.013568356959952668,2.322546596332894,0.08835303210470107,3.3093587091255925,0.26120722142476355,0.3546105975553535,0.025325672810984513
CaseStudy,Observed_Mediator_and_Confounder,d40,Do-PFN 2D (262k),raw,300,0.8508666666666668,0.09913333333333318,0.01917744827870352,2.4883641327878667,0.09441425527445504,5.8247187403932985,0.5315710909450644,0.5337686703672173,0.03464373669876043
CaseStudy,Observed_Mediator_and_Confounder,d50,Do-PFN 2D (262k),raw,300,0.8315666666666667,0.11843333333333328,0.020289917554450695,2.7917558861493306,0.11706902088384533,7.297793990497173,0.6975680127878011,0.6119152675835989,0.037676929469576785
CaseStudy,Observed_Mediator_and_Confounder,pooled,"Do-PFN 2D (262k, T=1)",raw,1800,0.9342944444444444,0.015705555555555528,0.0051780569201306855,2.2835375841104613,0.03887197751124966,3.4022616628339604,0.1306018149829166,0.35595281094896936,0.010415761622300084
CaseStudy,Observed_Mediator_and_Confounder,shift-2,"Do-PFN 2D (262k, T=1)",raw,600,0.9259333333333333,0.02406666666666668,0.00961065614598179,2.687892164409381,0.06837676826626839,3.9152240568291905,0.21404043310277615,0.41406177536109473,0.01798779500775083
CaseStudy,Observed_Mediator_and_Confounder,shift0,"Do-PFN 2D (262k, T=1)",raw,600,0.9820333333333334,0.03203333333333347,0.003270208918383613,1.2675849036824252,0.033821154468376524,1.359249710201685,0.041641978892951854,0.13933899432669739,0.005219169877213835
CaseStudy,Observed_Mediator_and_Confounder,shift+2,"Do-PFN 2D (262k, T=1)",raw,600,0.8949166666666667,0.05508333333333326,0.011489560700962173,2.8951356842395777,0.0719346894129768,4.932311221471006,0.30792749000283187,0.5144576631591159,0.022377797831068347
CaseStudy,Observed_Mediator_and_Confounder,d5,"Do-PFN 2D (262k, T=1)",raw,300,0.9594,0.009400000000000075,0.007978435260655604,1.5806665029331368,0.04929272774615815,1.9772563928321134,0.11291166866557428,0.2343350316289314,0.010521383971985583
CaseStudy,Observed_Mediator_and_Confounder,d10,"Do-PFN 2D (262k, T=1)",raw,300,0.9814999999999999,0.03149999999999997,0.00514735485316414,1.7454040679788303,0.055879482082390144,1.9027022336950268,0.07351865887596967,0.19942760437065624,0.008895066622435237
CaseStudy,Observed_Mediator_and_Confounder,d20,"Do-PFN 2D (262k, T=1)",raw,300,0.9769,0.026900000000000035,0.007581307323660341,2.0032351690480814,0.07891905247705065,2.2327265078144736,0.13717445628363742,0.22262721760272192,0.01328385460284428
CaseStudy,Observed_Mediator_and_Confounder,d30,"Do-PFN 2D (262k, T=1)",raw,300,0.9575666666666666,0.0075666666666666105,0.009622601869608264,2.54109953755339,0.09741589540807206,3.0135200925731414,0.18364548541681952,0.35142317825565006,0.024444865328063
CaseStudy,Observed_Mediator_and_Confounder,d40,"Do-PFN 2D (262k, T=1)",raw,300,0.8755999999999998,0.07440000000000013,0.01769221307715479,2.7434581328503924,0.1035894157440203,4.884749049492313,0.3937592006561379,0.5256354693896812,0.03351215322460318
CaseStudy,Observed_Mediator_and_Confounder,d50,"Do-PFN 2D (262k, T=1)",raw,300,0.8548,0.09519999999999995,0.019094404907555772,3.0873620942989364,0.128738969840502,6.402615700596696,0.5772041166085494,0.6022683644461753,0.03659810738001481
CaseStudy,Observed_Mediator_and_Confounder,pooled,UWYK 1D (noanc),raw,1800,0.48269444444444437,0.4673055555555556,0.010772735436119186,2.9438502332378946,0.05964077078462914,19.640874585030073,0.42126211438341976,1.1234476806743174,0.01685053424839647
CaseStudy,Observed_Mediator_and_Confounder,shift-2,UWYK 1D (noanc),raw,600,0.23378333333333334,0.7162166666666666,0.01454935298644734,3.2705703240328736,0.09772530395851968,28.11758139895492,0.6299211471528292,1.596179491973553,0.00906900205176464
CaseStudy,Observed_Mediator_and_Confounder,shift0,UWYK 1D (noanc),raw,600,0.9726999999999998,0.02269999999999983,0.00449788981624824,2.2894924700953987,0.11110226135147641,2.4027581641798443,0.11127315445217234,0.1517355763354925,0.004888444620012971
CaseStudy,Observed_Mediator_and_Confounder,shift+2,UWYK 1D (noanc),raw,600,0.24159999999999995,0.7084,0.014573863830708652,3.271487905585413,0.09530282240236124,28.40228419195545,0.6675040287020619,1.622427973713907,0.009332095947987895
CaseStudy,Observed_Mediator_and_Confounder,d5,UWYK 1D (noanc),raw,300,0.42879999999999996,0.5212,0.0235567030984721,2.017505276194798,0.10565605042667907,24.139732381843892,1.1799262451004624,1.1554311013794325,0.043146301005542946
CaseStudy,Observed_Mediator_and_Confounder,d10,UWYK 1D (noanc),raw,300,0.43183333333333335,0.5181666666666667,0.026471054776651425,2.4352356713635483,0.1285627953453096,24.69853448708825,1.1982520366251967,1.1790624832493966,0.043220871935090575
CaseStudy,Observed_Mediator_and_Confounder,d20,UWYK 1D (noanc),raw,300,0.4227666666666667,0.5272333333333332,0.027233906433086204,2.6667591394958396,0.1410190209364102,21.907161930526648,1.0499846830892214,1.146586709777935,0.04268897083716624
CaseStudy,Observed_Mediator_and_Confounder,d30,UWYK 1D (noanc),raw,300,0.4883,0.46169999999999994,0.027114200247701642,3.13987462422926,0.14048252727566407,18.295311907827152,0.9353859227527893,1.1255354447375865,0.04120991458870709
CaseStudy,Observed_Mediator_and_Confounder,d40,UWYK 1D (noanc),raw,300,0.47879999999999995,0.4712,0.027362704398016732,3.1955541777329985,0.14286589753588663,18.554683947675432,0.9367169072609136,1.1268006962025097,0.04101241318731559
CaseStudy,Observed_Mediator_and_Confounder,d50,UWYK 1D (noanc),raw,300,0.6456666666666666,0.30433333333333334,0.024267867526365398,4.208172510410925,0.176088598414067,10.249822855219044,0.49816111193502005,1.0072696486990453,0.035458801865289914
CaseStudy,Observed_Mediator_and_Confounder,pooled,UWYK 1D (v3a),raw,1800,0.6394444444444445,0.3105555555555555,0.009224209948653616,3.1856361602900263,0.05524035281666286,10.397332495265934,0.2305055842680543,0.9532779260034258,0.014726384320126547
CaseStudy,Observed_Mediator_and_Confounder,shift-2,UWYK 1D (v3a),raw,600,0.48465,0.46534999999999993,0.01496351772902795,3.7367314083163943,0.08714904084446422,13.714118359018933,0.36197147692384946,1.3291414223375497,0.012181959885082312
CaseStudy,Observed_Mediator_and_Confounder,shift0,UWYK 1D (v3a),raw,600,0.9864333333333335,0.03643333333333354,0.0023264270955646897,2.1486485331518193,0.09878458900558798,2.1891485825662675,0.0985360505144227,0.14187776234030594,0.004613870953304703
CaseStudy,Observed_Mediator_and_Confounder,shift+2,UWYK 1D (v3a),raw,600,0.44725000000000004,0.5027499999999999,0.015317776807047344,3.6715285394018657,0.08628029667011311,15.288730544212598,0.4089112491050129,1.3888145933324219,0.011516778019764057
CaseStudy,Observed_Mediator_and_Confounder,d5,UWYK 1D (v3a),raw,300,0.8074333333333334,0.1425666666666665,0.014616206268832243,2.774648099554115,0.12095481285864969,6.52107896467762,0.4066539093190685,0.7219269274658808,0.030378890019346586
CaseStudy,Observed_Mediator_and_Confounder,d10,UWYK 1D (v3a),raw,300,0.6889000000000001,0.2610999999999999,0.01921356155435846,3.045043377862604,0.1323081690851819,9.404584229224934,0.5204506670158096,0.9410157260378329,0.034738584524339665
CaseStudy,Observed_Mediator_and_Confounder,d20,UWYK 1D (v3a),raw,300,0.5554666666666667,0.3945333333333333,0.02320276447861372,2.958421787158922,0.13693815421412106,11.819223444915458,0.5734761008007856,1.0128791506408088,0.03764598567200443
CaseStudy,Observed_Mediator_and_Confounder,d30,UWYK 1D (v3a),raw,300,0.5800333333333334,0.36996666666666655,0.024214044513274136,3.2395717382698814,0.13048160988165827,11.763344321401876,0.6114200377873585,1.0239493356604672,0.03739719405115619
CaseStudy,Observed_Mediator_and_Confounder,d40,UWYK 1D (v3a),raw,300,0.5459666666666666,0.40403333333333336,0.025684350059490442,3.2416678432336212,0.13202705612810614,13.27371968378123,0.681955098899097,1.0413389450157597,0.037870307676949294
CaseStudy,Observed_Mediator_and_Confounder,d50,UWYK 1D (v3a),raw,300,0.6588666666666667,0.29113333333333324,0.02315225516792764,3.8544641156610124,0.14998621762325914,9.602044327594479,0.4666556044485235,0.9785574711998059,0.034831088549158756
CaseStudy,Observed_Mediator_and_Confounder,pooled,UWYK 2D (noanc),raw,1800,0.9985222222222223,0.048522222222222355,0.0006070909480103018,3.8699473432419413,0.04844474252082981,3.87696955938104,0.04845281071286992,0.22782678690029218,0.003296583154302445
CaseStudy,Observed_Mediator_and_Confounder,shift-2,UWYK 2D (noanc),raw,600,0.9983166666666666,0.048316666666666674,0.0009127182632575311,4.532208628476085,0.07930626268209552,4.541867812888304,0.07909134871654601,0.25576971323113434,0.005286039920205618
CaseStudy,Observed_Mediator_and_Confounder,shift0,UWYK 2D (noanc),raw,600,0.9992166666666669,0.04921666666666691,0.0002777795399684412,2.53427894957477,0.055354870404811525,2.5372288924965996,0.05536987395236913,0.1666710544598868,0.0053292818092155044
CaseStudy,Observed_Mediator_and_Confounder,shift+2,UWYK 2D (noanc),raw,600,0.9980333333333332,0.04803333333333326,0.001552171306044929,4.5433544516749675,0.08558227741314538,4.551811972758217,0.0856533065141411,0.2610395930098553,0.00567306686845094
CaseStudy,Observed_Mediator_and_Confounder,d5,UWYK 2D (noanc),raw,300,0.9927333333333335,0.04273333333333351,0.0035864209818337275,3.321081642692846,0.10985100839116835,3.3564908392202573,0.11076032168825486,0.25519494781936525,0.011597474227340499
CaseStudy,Observed_Mediator_and_Confounder,d10,UWYK 2D (noanc),raw,300,0.9988666666666668,0.048866666666666836,0.0005195687546622257,3.4111132176618497,0.09991044743199948,3.416622281252327,0.09982219468894034,0.2225296936118076,0.007495160295450812
CaseStudy,Observed_Mediator_and_Confounder,d20,UWYK 2D (noanc),raw,300,0.9998666666666668,0.04986666666666684,9.412311173940226e-05,3.5218130239161867,0.09532437833573155,3.52201091873061,0.09531166045528904,0.2043106244471673,0.0059743164511719005
CaseStudy,Observed_Mediator_and_Confounder,d30,UWYK 2D (noanc),raw,300,0.9998666666666668,0.04986666666666684,8.142177693922279e-05,3.768181864502739,0.10371863721713497,3.768551733509279,0.10370208833419124,0.19801134645419263,0.006017789315783027
CaseStudy,Observed_Mediator_and_Confounder,d40,UWYK 2D (noanc),raw,300,0.9998,0.049800000000000066,0.0001411846676091034,4.106216619624435,0.12143420201294797,4.106863892520176,0.12141110766325447,0.21609629664646698,0.007178895667317613
CaseStudy,Observed_Mediator_and_Confounder,d50,UWYK 2D (noanc),raw,300,1.0,0.050000000000000044,0.0,5.091277691053589,0.14407154983599876,5.091277691053589,0.14407154983599876,0.2708178124227532,0.00800838279680517
CaseStudy,Observed_Mediator_and_Confounder,pooled,UWYK 2D (v3a),raw,1800,0.9975555555555556,0.047555555555555684,0.0006447778768077743,3.548533131860301,0.04146871851633074,3.5615374390662113,0.04151005275247215,0.2271822331328467,0.0031936694888203636
CaseStudy,Observed_Mediator_and_Confounder,shift-2,UWYK 2D (v3a),raw,600,0.9964500000000001,0.0464500000000001,0.0012917900294726124,4.125311118966637,0.0686491856222384,4.145371077550227,0.0686679818452573,0.2572978801363246,0.005430037795863625
CaseStudy,Observed_Mediator_and_Confounder,shift0,UWYK 2D (v3a),raw,600,0.9989666666666667,0.048966666666666714,0.00047461824079414396,2.5775867434805946,0.055712124773289025,2.584563308231735,0.055694985514451845,0.18051351726779014,0.005073980331622232
CaseStudy,Observed_Mediator_and_Confounder,shift+2,UWYK 2D (v3a),raw,600,0.9972500000000001,0.047250000000000125,0.0013587885574681997,3.9427015331336723,0.07272519141891917,3.9546779314166733,0.07271356957852504,0.24373530199442536,0.0055731272272102296
CaseStudy,Observed_Mediator_and_Confounder,d5,UWYK 2D (v3a),raw,300,0.9882000000000001,0.03820000000000012,0.0037533010368681623,3.0271885092342914,0.11105049319536237,3.0942968715457373,0.11281753261032774,0.2679897623476599,0.011176474409525461
CaseStudy,Observed_Mediator_and_Confounder,d10,UWYK 2D (v3a),raw,300,0.9976333333333334,0.047633333333333416,0.0007052887219750681,3.0739472121076443,0.08891858110973991,3.0827133415938617,0.08887224680811007,0.2273829796132978,0.008011547580482644
CaseStudy,Observed_Mediator_and_Confounder,d20,UWYK 2D (v3a),raw,300,0.9999666666666667,0.049966666666666715,3.333333333333335e-05,3.3432492399244387,0.08215019653727752,3.343288209777479,0.08214977137665876,0.21258343475567856,0.006252549463775788
CaseStudy,Observed_Mediator_and_Confounder,d30,UWYK 2D (v3a),raw,300,0.9999000000000001,0.049900000000000166,7.443581928658485e-05,3.5799161039385567,0.08792605770702248,3.580464056874169,0.08790610483266563,0.203563423349018,0.0061438591681409116
CaseStudy,Observed_Mediator_and_Confounder,d40,UWYK 2D (v3a),raw,300,0.9996333333333333,0.04963333333333331,0.00022791935308886995,3.726645459205847,0.09685824026743421,3.7282098878549914,0.09679649945551093,0.20943588949452258,0.006779917495324561
CaseStudy,Observed_Mediator_and_Confounder,d50,UWYK 2D (v3a),raw,300,1.0,0.050000000000000044,0.0,4.540252266751031,0.11304089915415218,4.540252266751031,0.11304089915415218,0.2421379092369032,0.006808062347502497
CaseStudy,Observed_Mediator_and_Confounder,pooled,CausalPFN 1D,raw,1800,0.9200944444444444,0.02990555555555552,0.004587495253380127,3.338742980869569,0.08721698506414653,4.20095414319718,0.1090195401466965,0.3572164902791553,0.007499946343135082
CaseStudy,Observed_Mediator_and_Confounder,shift-2,CausalPFN 1D,raw,600,0.8932333333333334,0.05676666666666652,0.008725474784831955,4.006248793910901,0.15586868149138547,5.322720976409628,0.2082661976601426,0.48007936199581575,0.013299796071314138
CaseStudy,Observed_Mediator_and_Confounder,shift0,CausalPFN 1D,raw,600,0.9849666666666667,0.0349666666666667,0.0026451198927256534,2.2157036473223486,0.12901852672544065,2.2700959429733736,0.12884802117319585,0.1624772635911141,0.007501797236658798
CaseStudy,Observed_Mediator_and_Confounder,shift+2,CausalPFN 1D,raw,600,0.8820833333333333,0.06791666666666663,0.009789989525911405,3.7942765013754585,0.15620748381626215,5.010045510208537,0.19414445475206482,0.429092845250536,0.013285630790084473
CaseStudy,Observed_Mediator_and_Confounder,d5,CausalPFN 1D,raw,300,0.9942999999999999,0.044299999999999895,0.0021131667708822128,2.837924488518516,0.22541404489604308,2.872438452042755,0.22552300627748825,0.17064905140669429,0.009409483474793583
CaseStudy,Observed_Mediator_and_Confounder,d10,CausalPFN 1D,raw,300,0.9866666666666667,0.036666666666666736,0.002838394718537876,3.3082396863081183,0.19209267568826383,3.379116425787418,0.1924704803093379,0.26053368953155276,0.012679130770438958
CaseStudy,Observed_Mediator_and_Confounder,d20,CausalPFN 1D,raw,300,0.9299000000000001,0.020099999999999896,0.009472660302130233,3.0255215445752217,0.20799865475914833,3.5789116542532877,0.23007185434220012,0.34812714461725547,0.0161121255204248
CaseStudy,Observed_Mediator_and_Confounder,d30,CausalPFN 1D,raw,300,0.9034,0.046599999999999975,0.012013988502260249,3.4496622531591297,0.18690171393768254,4.6835761550386374,0.29497260741490094,0.4027266331033694,0.01846673805574992
CaseStudy,Observed_Mediator_and_Confounder,d40,CausalPFN 1D,raw,300,0.8673,0.0827,0.013909611460062412,3.369714193725257,0.21106574603518996,4.744522922592712,0.2713877935010473,0.43397503816936267,0.01892670282057305
CaseStudy,Observed_Mediator_and_Confounder,d50,CausalPFN 1D,raw,300,0.8390000000000001,0.11099999999999988,0.015933004945702395,4.041395718931174,0.2475619088547284,5.947159249468266,0.32579433223420395,0.5272873848466969,0.023476684522586944
CaseStudy,Observed_Mediator_and_Confounder,pooled,CausalPFN 2D,raw,1800,0.9792277777777778,0.029227777777777852,0.0016986760014311235,2.7462537903859627,0.03411921039707205,2.951150557135584,0.04374412124779795,0.31559506228188716,0.0069913322540971785
CaseStudy,Observed_Mediator_and_Confounder,shift-2,CausalPFN 2D,raw,600,0.9894499999999999,0.039449999999999985,0.0017540147921067616,3.1078176996845044,0.054422156443766835,3.2731210512183613,0.07272610913035914,0.3160094285904433,0.013000388914144092
CaseStudy,Observed_Mediator_and_Confounder,shift0,CausalPFN 2D,raw,600,0.9896166666666666,0.03961666666666663,0.0018525290158066328,1.8224490424297937,0.04996134718207629,1.8764293892070774,0.052120666749513676,0.17237626231426892,0.005424242179046663
CaseStudy,Observed_Mediator_and_Confounder,shift+2,CausalPFN 2D,raw,600,0.9586166666666668,0.008616666666666828,0.0042925670617038275,3.30849462904359,0.05348011528122507,3.703901230981313,0.07866488491192794,0.4583994959409491,0.013178656083743906
CaseStudy,Observed_Mediator_and_Confounder,d5,CausalPFN 2D,raw,300,0.9859666666666665,0.03596666666666659,0.0043613531118431095,2.550053934266456,0.07503880253749019,2.626913955451379,0.07748764815072882,0.21990856096014214,0.008768995737180211
CaseStudy,Observed_Mediator_and_Confounder,d10,CausalPFN 2D,raw,300,0.9931333333333333,0.04313333333333336,0.0021427710693902144,2.506044092272281,0.06175889103514635,2.5563712349278966,0.06495473762465528,0.2177114015095669,0.0074133863464407555
CaseStudy,Observed_Mediator_and_Confounder,d20,CausalPFN 2D,raw,300,0.9892333333333333,0.03923333333333334,0.002631012340965525,2.5593714699065413,0.06466190223752434,2.658121340813957,0.07650746055674224,0.2520705943659438,0.01076530378700569
CaseStudy,Observed_Mediator_and_Confounder,d30,CausalPFN 2D,raw,300,0.9834333333333334,0.033433333333333426,0.003013465999782791,2.709107726506191,0.06574687879444431,2.8915754269281466,0.08779537444977091,0.3106336190800465,0.013657560147730678
CaseStudy,Observed_Mediator_and_Confounder,d40,CausalPFN 2D,raw,300,0.9640333333333334,0.014033333333333453,0.005294472061594019,2.9141631472568172,0.09972497629399998,3.220787522954701,0.12861007633707766,0.41940403957405636,0.024566991268325306
CaseStudy,Observed_Mediator_and_Confounder,d50,CausalPFN 2D,raw,300,0.9595666666666667,0.009566666666666723,0.005767362586165125,3.2387823721074906,0.11305979632827776,3.753133861737424,0.1587077834000044,0.473842158201567,0.023036675798083814
CaseStudy,Observed_Mediator_and_Confounder,pooled,Do-PFN (matched label),raw,1800,0.9153444444444444,0.03465555555555555,0.004680073730777705,3.3651116572502353,0.05734219864157279,4.324995906147558,0.08180129409471942,0.46457316763866124,0.009304978958568959
CaseStudy,Observed_Mediator_and_Confounder,shift-2,Do-PFN (matched label),raw,600,0.9004666666666666,0.04953333333333332,0.008461650260704669,3.643791036396536,0.09508108005816188,4.930580862595267,0.15224711723125423,0.6042346782007679,0.016535309911559746
CaseStudy,Observed_Mediator_and_Confounder,shift0,Do-PFN (matched label),raw,600,0.9426666666666667,0.007333333333333303,0.007469904993762718,2.724816225713457,0.09612599723423089,3.206185442696966,0.12075067516889813,0.17834624091937662,0.005304131669308219
CaseStudy,Observed_Mediator_and_Confounder,shift+2,Do-PFN (matched label),raw,600,0.9029,0.04709999999999992,0.008250689925789862,3.726727709640714,0.10155327866555068,4.838221413150442,0.13924257457608027,0.6111385837958392,0.016533733339365204
CaseStudy,Observed_Mediator_and_Confounder,d5,Do-PFN (matched label),raw,300,0.7410666666666667,0.2089333333333333,0.018629838650553867,0.7983920894459438,0.031858172365410026,3.6412163776656916,0.32022064276260975,0.21804736681968345,0.013810497708530099
CaseStudy,Observed_Mediator_and_Confounder,d10,Do-PFN (matched label),raw,300,0.8719666666666666,0.0780333333333334,0.013497982700207545,1.4448503679000653,0.06013328606392021,2.4690313739807124,0.158163276015113,0.22910815712728416,0.011351704643738313
CaseStudy,Observed_Mediator_and_Confounder,d20,Do-PFN (matched label),raw,300,0.9648,0.014800000000000035,0.0054945883988012055,3.285398293900661,0.1057879394775369,3.716316322584939,0.11864690584536682,0.3621923222705019,0.014216477952356855
CaseStudy,Observed_Mediator_and_Confounder,d30,Do-PFN (matched label),raw,300,0.984,0.03400000000000003,0.002579829140592227,4.487962728885017,0.11594411457172436,4.700696994124645,0.11430951625444045,0.5068683832176973,0.01821267369513893
CaseStudy,Observed_Mediator_and_Confounder,d40,Do-PFN (matched label),raw,300,0.9599333333333332,0.009933333333333239,0.00629026487370327,4.806899950723582,0.11468106957107257,5.516549603060074,0.17078467559402527,0.7237230283532348,0.026825652368806994
CaseStudy,Observed_Mediator_and_Confounder,d50,Do-PFN (matched label),raw,300,0.9703,0.020300000000000096,0.006038221810350477,5.367166512646145,0.13162021519264933,5.90616476546929,0.1725985678053155,0.7474997480435656,0.02511148901476881
CaseStudy,Observed_Mediator_and_Confounder,pooled,Do-PFN (matched resolution),raw,1800,0.9573111111111111,0.007311111111111157,0.0022527980514286208,11.998198465062794,0.16134137419718264,17.012307983771805,0.25450724682841036,0.9155703081133809,0.013232130083571447
CaseStudy,Observed_Mediator_and_Confounder,shift-2,Do-PFN (matched resolution),raw,600,0.9450833333333333,0.00491666666666668,0.004349376097274265,11.43531640874712,0.25637080057213396,18.275877107086686,0.4742011033046813,1.1329848131713276,0.02278745014139772
CaseStudy,Observed_Mediator_and_Confounder,shift0,Do-PFN (matched resolution),raw,600,0.9832000000000001,0.03320000000000012,0.002343045214937856,12.884500101224004,0.3083026361569152,13.73683468359873,0.3143356795091202,0.47269655866004273,0.010223507151325239
CaseStudy,Observed_Mediator_and_Confounder,shift+2,Do-PFN (matched resolution),raw,600,0.9436500000000001,0.006349999999999856,0.0044316695866842976,11.674778885217256,0.2678593350587234,19.02421216063,0.4822930871864912,1.1410295525087726,0.02150706193937709
CaseStudy,Observed_Mediator_and_Confounder,d5,Do-PFN (matched resolution),raw,300,0.8464999999999999,0.10350000000000004,0.008046565287872554,3.628737073481751,0.08061341234642548,22.504081521853994,1.0904967735422646,1.2000020340754554,0.043630672182057136
CaseStudy,Observed_Mediator_and_Confounder,d10,Do-PFN (matched resolution),raw,300,0.9033333333333333,0.046666666666666634,0.006560299727588167,4.742960245934022,0.11817347093661837,15.75374113698081,0.8549795136113142,1.0662676384971335,0.045622929626269085
CaseStudy,Observed_Mediator_and_Confounder,d20,Do-PFN (matched resolution),raw,300,0.9972666666666666,0.04726666666666668,0.0007095358341640254,11.323258302119685,0.20526966919106715,11.463853045774316,0.20145086183948804,0.7323910063708924,0.019983844995091888
CaseStudy,Observed_Mediator_and_Confounder,d30,Do-PFN (matched resolution),raw,300,0.9992333333333333,0.04923333333333335,0.00033925070997932927,16.1004501848458,0.24119141372675879,16.111846990297533,0.23997251433171432,0.7439126858085545,0.01829548127633063
CaseStudy,Observed_Mediator_and_Confounder,d40,Do-PFN (matched resolution),raw,300,0.9979666666666667,0.04796666666666671,0.0011137113758123772,17.53719985977404,0.22129087391501312,17.577943925510983,0.21750129243442354,0.8637268773360688,0.022648731332648612
CaseStudy,Observed_Mediator_and_Confounder,d50,Do-PFN (matched resolution),raw,300,0.9995666666666667,0.04956666666666676,0.00020154549645756497,18.656585124221454,0.2257734809173562,18.66238128221319,0.2251594219820118,0.887121606592181,0.022795970078109795
CaseStudy,Observed_Mediator_and_Confounder,pooled,"Do-PFN (matched resolution, 262k, T=1)",raw,1800,0.9658500000000001,0.015850000000000142,0.0019697310724582236,13.37632192989484,0.1714867804610034,18.10026113834294,0.24735670807119145,0.988542316550925,0.01400841712788707
CaseStudy,Observed_Mediator_and_Confounder,shift-2,"Do-PFN (matched resolution, 262k, T=1)",raw,600,0.9591833333333333,0.009183333333333321,0.0035553105714037974,12.997322999066078,0.27935590761306334,19.32725191714338,0.4527983788324514,1.245048400188321,0.024186199787132323
CaseStudy,Observed_Mediator_and_Confounder,shift0,"Do-PFN (matched resolution, 262k, T=1)",raw,600,0.9803666666666667,0.030366666666666764,0.0029514336957983233,13.977474171807877,0.319487640041122,15.12961726415002,0.3184469722955529,0.5101125197371469,0.011041840004938878
CaseStudy,Observed_Mediator_and_Confounder,shift+2,"Do-PFN (matched resolution, 262k, T=1)",raw,600,0.958,0.008000000000000007,0.0036162620398403384,13.154168618810564,0.2897005914685008,19.843914233735426,0.47172516692837874,1.2104660297273073,0.02206811314916298
CaseStudy,Observed_Mediator_and_Confounder,d5,"Do-PFN (matched resolution, 262k, T=1)",raw,300,0.8601666666666667,0.08983333333333321,0.008106655032482996,3.8637168914075875,0.10321501529884318,24.19432824937652,1.1665517503112781,1.3329794863531548,0.0484345025542774
CaseStudy,Observed_Mediator_and_Confounder,d10,"Do-PFN (matched resolution, 262k, T=1)",raw,300,0.9444333333333332,0.00556666666666672,0.004275365209832176,5.958356344595299,0.14249796576416468,13.746564935195805,0.6035255956046,1.136092666803976,0.04563555751322757
CaseStudy,Observed_Mediator_and_Confounder,d20,"Do-PFN (matched resolution, 262k, T=1)",raw,300,0.9948333333333333,0.04483333333333339,0.000951977737546079,13.24424660633333,0.23919608494364844,13.383753593659328,0.22978016438299195,0.7932696715743575,0.02054581295436051
CaseStudy,Observed_Mediator_and_Confounder,d30,"Do-PFN (matched resolution, 262k, T=1)",raw,300,0.9992666666666667,0.04926666666666679,0.00028407503418366643,17.659620140379985,0.24982803473298976,17.670684247977896,0.24900442652367677,0.8006961058039764,0.020721883622254023
CaseStudy,Observed_Mediator_and_Confounder,d40,"Do-PFN (matched resolution, 262k, T=1)",raw,300,0.9980666666666668,0.04806666666666681,0.0011541146720878742,19.23498633425584,0.21039013343571486,19.271109089591864,0.20816275725784159,0.9203994558325929,0.02274870566213275
CaseStudy,Observed_Mediator_and_Confounder,d50,"Do-PFN (matched resolution, 262k, T=1)",raw,300,0.9983333333333333,0.04833333333333334,0.0011467887726331874,20.297005262397,0.20904645366860355,20.33512671425623,0.20417039818431748,0.9478165129374927,0.023461190928826516
CaseStudy,Observed_Mediator_and_Confounder,pooled,UWYK No-Anc (matched label),raw,1800,0.4388555555555556,0.5111444444444444,0.010630204530561613,2.446922280735649,0.05390470931596871,24.298967221713504,0.4895945384082944,1.1421754756784195,0.017281904965260855
CaseStudy,Observed_Mediator_and_Confounder,shift-2,UWYK No-Anc (matched label),raw,600,0.20475,0.74525,0.013572018017458621,2.7736686058778286,0.090132951951029,34.16098899205209,0.6667944188472898,1.608378608224421,0.009027729921301958
CaseStudy,Observed_Mediator_and_Confounder,shift0,UWYK No-Anc (matched label),raw,600,0.9376666666666668,0.012333333333333196,0.006687710248897945,1.8062707948196957,0.09113963370259057,2.0477229364205263,0.09307564538415844,0.14032989517397004,0.004497635820216146
CaseStudy,Observed_Mediator_and_Confounder,shift+2,UWYK No-Anc (matched label),raw,600,0.17415,0.7758499999999999,0.012859495678449536,2.760827441509423,0.09339296841348829,36.688189736667894,0.6791584336481953,1.6778179236368675,0.008472944904927707
CaseStudy,Observed_Mediator_and_Confounder,d5,UWYK No-Anc (matched label),raw,300,0.46903333333333325,0.4809666666666667,0.021262866041884484,2.2627349362287545,0.10452202893390124,17.86249856106358,0.9247469375938544,1.0682316933944136,0.03925523786086379
CaseStudy,Observed_Mediator_and_Confounder,d10,UWYK No-Anc (matched label),raw,300,0.41589999999999994,0.5341,0.024175560274877522,2.105428904624166,0.10450355977084848,25.670662963737644,1.2631648575148955,1.1484675531390784,0.042416978717903585
CaseStudy,Observed_Mediator_and_Confounder,d20,UWYK No-Anc (matched label),raw,300,0.39093333333333335,0.5590666666666666,0.027150215659009633,2.050617947702853,0.12600683799823142,29.376242546619444,1.3365372958152724,1.1792203464696316,0.044324561356060006
CaseStudy,Observed_Mediator_and_Confounder,d30,UWYK No-Anc (matched label),raw,300,0.4531666666666666,0.49683333333333335,0.027084592630014826,2.438667640911758,0.12111730312598852,25.47853429458306,1.2714978089035824,1.1592398710945357,0.043331228351971604
CaseStudy,Observed_Mediator_and_Confounder,d40,UWYK No-Anc (matched label),raw,300,0.4213666666666667,0.5286333333333333,0.027662107520821634,2.5211505617975765,0.13663773231977047,25.836728080119016,1.2037474632472918,1.1644482526583015,0.04319437909746983
CaseStudy,Observed_Mediator_and_Confounder,d50,UWYK No-Anc (matched label),raw,300,0.4827333333333333,0.46726666666666666,0.028040653451822453,3.302933693148786,0.17417357060194016,21.569136884158283,1.0401983973338518,1.1334451373145562,0.041325440846735964
CaseStudy,Observed_Mediator_and_Confounder,pooled,UWYK Anc (matched label),raw,1800,0.4833944444444444,0.46660555555555555,0.010471907591382154,2.725056600686329,0.056665817100710454,20.390681856061804,0.42356428314546163,1.0903422461248573,0.016481882524894412
CaseStudy,Observed_Mediator_and_Confounder,shift-2,UWYK Anc (matched label),raw,600,0.25755,0.69245,0.014137639104696606,3.1070148947410896,0.09354537091050821,28.58102463285709,0.6144093456722883,1.5355029822123194,0.009274431091633189
CaseStudy,Observed_Mediator_and_Confounder,shift0,UWYK Anc (matched label),raw,600,0.9604166666666667,0.01041666666666674,0.004654864986154249,1.9682520169143185,0.09617540757485557,2.113201118967936,0.09610042307543544,0.13935272209232555,0.004316553833190509
CaseStudy,Observed_Mediator_and_Confounder,shift+2,UWYK Anc (matched label),raw,600,0.23221666666666663,0.7177833333333333,0.0140051616044738,3.099902890403579,0.09745017260730902,30.477819816360388,0.6246279082693503,1.5961710340699273,0.00866867259718756
CaseStudy,Observed_Mediator_and_Confounder,d5,UWYK Anc (matched label),raw,300,0.5866333333333332,0.3633666666666667,0.019129990016281753,2.6249755839973727,0.10502997449424738,12.059226979674573,0.6455466176058585,0.9730950413619324,0.03547158627090084
CaseStudy,Observed_Mediator_and_Confounder,d10,UWYK Anc (matched label),raw,300,0.5061,0.44389999999999996,0.023192937311542143,2.5957929192061058,0.11071801860051349,17.14845047186843,0.8492540536252134,1.0407439086833168,0.03803830713530546
CaseStudy,Observed_Mediator_and_Confounder,d20,UWYK Anc (matched label),raw,300,0.41169999999999995,0.5383,0.02692837707027284,2.287219694143981,0.1294780852565641,25.017110202702536,1.1544510367823828,1.1339552206372838,0.042469804737828215
CaseStudy,Observed_Mediator_and_Confounder,d30,UWYK Anc (matched label),raw,300,0.46930000000000005,0.4806999999999999,0.02702085428575896,2.6302411383586577,0.12848331598012822,23.380875927138003,1.1586704479563783,1.1341314336355306,0.04224863847710853
CaseStudy,Observed_Mediator_and_Confounder,d40,UWYK Anc (matched label),raw,300,0.4323666666666666,0.5176333333333334,0.02749987730116879,2.7059814720621578,0.14743929056476116,24.337794140633452,1.1317061424458912,1.1462987878169746,0.042364071750442295
CaseStudy,Observed_Mediator_and_Confounder,d50,UWYK Anc (matched label),raw,300,0.4942666666666667,0.45573333333333327,0.027912136922640964,3.5061287963497003,0.18659009895335646,20.40063341435382,0.9806847213231505,1.1138290846141057,0.04048402907684351
CaseStudy,Observed_Mediator_and_Confounder,pooled,UWYK No-Anc (matched resolution),raw,1800,0.5615833333333333,0.38841666666666663,0.00946832856014896,2.869482253194364,0.06340709950304353,15.9088444574377,0.3476682585302445,1.05659722024882,0.016229205372997695
CaseStudy,Observed_Mediator_and_Confounder,shift-2,UWYK No-Anc (matched resolution),raw,600,0.3602333333333333,0.5897666666666667,0.01359645434538327,3.4204863774567675,0.1084245448149905,22.44321232627004,0.526048666524836,1.498340279916451,0.0102125354240058
CaseStudy,Observed_Mediator_and_Confounder,shift0,UWYK No-Anc (matched resolution),raw,600,0.96845,0.018450000000000077,0.004147079783292427,1.7374924589107983,0.09639139690488653,1.8333158478269729,0.0968109046548848,0.13131483733713967,0.004463293791144424
CaseStudy,Observed_Mediator_and_Confounder,shift+2,UWYK No-Anc (matched resolution),raw,600,0.35606666666666664,0.5939333333333333,0.013824715285894372,3.4504679232155255,0.10939666432395087,23.45000519821609,0.5531689736754322,1.5401365434928693,0.01017375053706447
CaseStudy,Observed_Mediator_and_Confounder,d5,UWYK No-Anc (matched resolution),raw,300,0.5914333333333334,0.3585666666666666,0.020894405556868063,2.2140293415540913,0.08068719596804229,15.215380949288125,0.8802221523047343,1.03714264478702,0.0403602841857496
CaseStudy,Observed_Mediator_and_Confounder,d10,UWYK No-Anc (matched resolution),raw,300,0.5413666666666668,0.4086333333333332,0.022055251302043322,2.397074312033205,0.11165486626477182,16.733065450629553,0.8818198843927801,1.0807668681528357,0.04058425015578016
CaseStudy,Observed_Mediator_and_Confounder,d20,UWYK No-Anc (matched resolution),raw,300,0.5160666666666667,0.4339333333333333,0.022874812879854746,2.5614067597836847,0.14645730528301576,16.996727644978726,0.8560525009851032,1.0723514231992661,0.0406966136543161
CaseStudy,Observed_Mediator_and_Confounder,d30,UWYK No-Anc (matched resolution),raw,300,0.5585333333333333,0.39146666666666663,0.024631091885598054,3.0140589200955628,0.15899643566251093,16.210163257338458,0.8781560971838491,1.061878317185459,0.03983921681466256
CaseStudy,Observed_Mediator_and_Confounder,d40,UWYK No-Anc (matched resolution),raw,300,0.5094,0.4406,0.025320265655059966,3.012867188698546,0.1706838003982072,18.272678283397724,0.9308205930468999,1.0823334227393815,0.04032346184019011
CaseStudy,Observed_Mediator_and_Confounder,d50,UWYK No-Anc (matched resolution),raw,300,0.6527000000000001,0.2972999999999999,0.02222864688807927,4.017456997001093,0.20797431650948595,12.025051158993614,0.6028908798689594,1.0051106454289576,0.03671165595997617
CaseStudy,Observed_Mediator_and_Confounder,pooled,UWYK Anc (matched resolution),raw,1800,0.6075222222222222,0.34247777777777777,0.009594054094939544,2.736224682972484,0.05544913275811416,14.233482934340302,0.3377385245738946,0.9600593130781515,0.015816373745767057
CaseStudy,Observed_Mediator_and_Confounder,shift-2,UWYK Anc (matched resolution),raw,600,0.4543833333333333,0.49561666666666665,0.01568149275085748,3.3021146676355566,0.09397687214708303,19.12679527392648,0.5530622047728455,1.3214670244621354,0.01680631121116773
CaseStudy,Observed_Mediator_and_Confounder,shift0,UWYK Anc (matched resolution),raw,600,0.9733666666666666,0.023366666666666647,0.0038512258140521623,1.6382133482574124,0.08247996164432352,1.7164401337760589,0.08255713420352132,0.12406334796807111,0.004004113407350726
CaseStudy,Observed_Mediator_and_Confounder,shift+2,UWYK Anc (matched resolution),raw,600,0.3948166666666667,0.5551833333333333,0.015181170775467009,3.268346033024484,0.09511888251965775,21.85721339531837,0.5625718265103041,1.434647566804248,0.013950165608025606
CaseStudy,Observed_Mediator_and_Confounder,d5,UWYK Anc (matched resolution),raw,300,0.8708999999999999,0.07910000000000006,0.011493906582066856,2.4491032451419907,0.0809506294423421,5.01679332439997,0.3368822984937972,0.6160086011978473,0.029422466082312276
CaseStudy,Observed_Mediator_and_Confounder,d10,UWYK Anc (matched resolution),raw,300,0.6524000000000001,0.29759999999999986,0.019351605558225893,2.421840723005925,0.10285090612792074,12.402777395641442,0.7209856548399584,0.93852519491529,0.03756759301537857
CaseStudy,Observed_Mediator_and_Confounder,d20,UWYK Anc (matched resolution),raw,300,0.5037666666666667,0.44623333333333326,0.023251147744213888,2.3709779980957704,0.12839965527881259,17.78556719165587,0.8707102472735714,1.0529103203849381,0.04021400998777104
CaseStudy,Observed_Mediator_and_Confounder,d30,UWYK Anc (matched resolution),raw,300,0.5395,0.4105,0.0251193860653236,2.7945937196184243,0.14040557209108548,17.144898817968357,0.9089407284376513,1.0674253894122259,0.04006660290798541
CaseStudy,Observed_Mediator_and_Confounder,d40,UWYK Anc (matched resolution),raw,300,0.46586666666666665,0.4841333333333333,0.026384405267561518,2.765048337376308,0.15326243642900866,20.401464899964303,0.9914319833719686,1.1067490817009846,0.04119484327294057
CaseStudy,Observed_Mediator_and_Confounder,d50,UWYK Anc (matched resolution),raw,300,0.6127,0.33729999999999993,0.024313383416442905,3.615784074596486,0.1746981417112228,12.649395976411872,0.6448411077241173,0.9787372908576231,0.03600410470269669
CaseStudy,Observed_Mediator_and_Confounder,pooled,UWYK-B No-Anc,raw,1800,0.47594444444444445,0.4740555555555555,0.010830979126543265,2.9174642240881337,0.05988685836869063,20.566176473554144,0.43783296061644905,1.1397888556848532,0.017110411524099322
CaseStudy,Observed_Mediator_and_Confounder,shift-2,UWYK-B No-Anc,raw,600,0.21275000000000002,0.73725,0.014287605730775388,3.1947740441798405,0.09989306104701333,30.897958667977996,0.6613841333454933,1.645398572500482,0.008978011386462578
CaseStudy,Observed_Mediator_and_Confounder,shift0,UWYK-B No-Anc,raw,600,0.97345,0.023450000000000082,0.004464775417930252,2.28616323282564,0.11067698485097877,2.396631998508653,0.11094706761561256,0.15153619030642088,0.004900402752520562
CaseStudy,Observed_Mediator_and_Confounder,shift+2,UWYK-B No-Anc,raw,600,0.2416333333333333,0.7083666666666666,0.014573514000817883,3.271455395258921,0.09530427031206255,28.403938754175783,0.6675031481080118,1.6224318042476564,0.009331923434641504
CaseStudy,Observed_Mediator_and_Confounder,d5,UWYK-B No-Anc,raw,300,0.42903333333333327,0.5209666666666667,0.023836777666623826,1.9921069840662884,0.1063489672911648,24.55282524796404,1.2109459273407717,1.1550094192058844,0.04337717602441745
CaseStudy,Observed_Mediator_and_Confounder,d10,UWYK-B No-Anc,raw,300,0.4298,0.5202,0.026537995310399017,2.4128637050465085,0.12952652516544427,25.404460635019,1.2389203298748737,1.1833223060468663,0.04352120006130692
CaseStudy,Observed_Mediator_and_Confounder,d20,UWYK-B No-Anc,raw,300,0.4200333333333333,0.5299666666666667,0.027289214400451896,2.642559252440738,0.14121160285441017,22.78706965809226,1.0943948914817307,1.1588027865345387,0.04317318803994392
CaseStudy,Observed_Mediator_and_Confounder,d30,UWYK-B No-Anc,raw,300,0.4823333333333333,0.4676666666666667,0.027086995293122893,3.1227916940863354,0.1406277108188067,19.140797083562042,0.9768200681973273,1.141937981676049,0.041873939856581374
CaseStudy,Observed_Mediator_and_Confounder,d40,UWYK-B No-Anc,raw,300,0.47370000000000007,0.4762999999999999,0.02735928690061466,3.190025326877847,0.14462864745155116,19.30945915987076,0.974868616972367,1.1439356509655947,0.04163188737940136
CaseStudy,Observed_Mediator_and_Confounder,d50,UWYK-B No-Anc,raw,300,0.6207666666666666,0.3292333333333334,0.025304240981869515,4.144438382011083,0.17708011664312784,12.20244705681676,0.6502450931162765,1.0557249896801857,0.0375591269436845
CaseStudy,Observed_Mediator_and_Confounder,pooled,UWYK-B Anc,raw,1800,0.5859833333333333,0.36401666666666666,0.009908351248528107,3.063084886110672,0.05497714337594468,13.484929532582614,0.3076311199769183,1.009579209054967,0.015684005990572077
CaseStudy,Observed_Mediator_and_Confounder,shift-2,UWYK-B Anc,raw,600,0.3243166666666667,0.6256833333333333,0.015147238759970988,3.372751543688246,0.0890442700673074,22.978584689857342,0.5539025859417016,1.4977007592849054,0.012988008221525904
CaseStudy,Observed_Mediator_and_Confounder,shift0,UWYK-B Anc,raw,600,0.98625,0.036250000000000004,0.002551671083815025,2.1445972588249447,0.09835299969356318,2.1871291738487284,0.09809577346571743,0.1422501434839002,0.004608007757504676
CaseStudy,Observed_Mediator_and_Confounder,shift+2,UWYK-B Anc,raw,600,0.44738333333333336,0.5026166666666666,0.015322138357767575,3.671905855818824,0.08627389742084382,15.289074734041773,0.4089739962390987,1.3887867243960947,0.011521442865776709
CaseStudy,Observed_Mediator_and_Confounder,d5,UWYK-B Anc,raw,300,0.7638666666666667,0.18613333333333326,0.016417597577576607,2.703976993433335,0.12123376231225372,7.710341854687152,0.4695322288562857,0.7728945706285799,0.03232899320090112
CaseStudy,Observed_Mediator_and_Confounder,d10,UWYK-B Anc,raw,300,0.6152,0.3348,0.02156726740714667,2.9036149464372647,0.13139234782644502,12.49250512895257,0.680652242042324,0.9835174002412426,0.03658036865821366
CaseStudy,Observed_Mediator_and_Confounder,d20,UWYK-B Anc,raw,300,0.4938666666666667,0.4561333333333333,0.025218888946929783,2.799288002462704,0.13582982281343048,16.02689697868089,0.808255755772606,1.0682736062767262,0.039925762777841566
CaseStudy,Observed_Mediator_and_Confounder,d30,UWYK-B Anc,raw,300,0.5292666666666667,0.4207333333333333,0.025642521182695343,3.106114961991646,0.1294239586169078,15.411392001093718,0.8062183887485844,1.0797616216681165,0.03981639096101075
CaseStudy,Observed_Mediator_and_Confounder,d40,UWYK-B Anc,raw,300,0.5077333333333333,0.4422666666666667,0.02662197872101029,3.125711288648354,0.13123758747900766,16.546194588770888,0.8744269032971476,1.0979285839702224,0.040189151547118517
CaseStudy,Observed_Mediator_and_Confounder,d50,UWYK-B Anc,raw,300,0.6059666666666668,0.3440333333333332,0.025250455511342484,3.739803123690727,0.14975843375769587,12.722246643310463,0.6947365141712496,1.055099471544913,0.03810150533087062
CaseStudy,Observed_Mediator_and_Confounder,pooled,CausalPFN-C (matched label),raw,1800,0.9189444444444446,0.031055555555555392,0.00462766579722327,3.8746313336146705,0.099454056691479,4.78899148851262,0.12419376346878482,0.41428273383774183,0.00908307303245498
CaseStudy,Observed_Mediator_and_Confounder,shift-2,CausalPFN-C (matched label),raw,600,0.8972166666666668,0.05278333333333318,0.008816980984558302,4.7805849994379255,0.1744032270400786,6.048658757796408,0.2230140289529238,0.5557742636693256,0.01654598629957638
CaseStudy,Observed_Mediator_and_Confounder,shift0,CausalPFN-C (matched label),raw,600,0.9925666666666666,0.04256666666666664,0.0015088749999702265,2.38210056721386,0.1265305303355122,2.414725943892076,0.12722595552147647,0.17285393240817598,0.007970654411111087
CaseStudy,Observed_Mediator_and_Confounder,shift+2,CausalPFN-C (matched label),raw,600,0.86705,0.08294999999999997,0.009929926788307473,4.4612084341922245,0.19242931012566042,5.903589763849378,0.24272552242539303,0.5142200054357238,0.016082320841640203
CaseStudy,Observed_Mediator_and_Confounder,d5,CausalPFN-C (matched label),raw,300,0.9977666666666668,0.047766666666666846,0.0009046126481022981,3.8312781723740854,0.2707511818636505,3.8402347322162527,0.27060662930669416,0.20506551240189053,0.012606576162842923
CaseStudy,Observed_Mediator_and_Confounder,d10,CausalPFN-C (matched label),raw,300,0.9921666666666668,0.0421666666666668,0.0018088462994318817,4.344310977124085,0.26028636834977714,4.37994629579009,0.2596694193751712,0.3179691533184789,0.01802709455665744
CaseStudy,Observed_Mediator_and_Confounder,d20,CausalPFN-C (matched label),raw,300,0.9429666666666666,0.007033333333333336,0.00792527789599364,3.466388202756009,0.2460163156897373,3.865284390516693,0.25867480894823863,0.39112354602017907,0.01989407186900802
CaseStudy,Observed_Mediator_and_Confounder,d30,CausalPFN-C (matched label),raw,300,0.9077999999999999,0.042200000000000015,0.011568297508552277,3.7204062548479215,0.19755739270831832,4.829032177719454,0.29724021589489813,0.4489972664830034,0.02115854310486545
CaseStudy,Observed_Mediator_and_Confounder,d40,CausalPFN-C (matched label),raw,300,0.8496666666666666,0.10033333333333339,0.014711406879765578,3.618507262281974,0.22045016258049427,5.199079757372404,0.3075217050529314,0.5098908856113532,0.022831274017044777
CaseStudy,Observed_Mediator_and_Confounder,d50,CausalPFN-C (matched label),raw,300,0.8233,0.12669999999999992,0.016378205941963514,4.266897132303946,0.25641936641239343,6.620371577460828,0.384858307926246,0.6126500391915457,0.02800557361323784
CaseStudy,Observed_Mediator_and_Confounder,pooled,CausalPFN-C (matched resolution),raw,1800,0.9901388888888889,0.040138888888888946,0.001425638656950636,5.877878369051475,0.10648532967142933,5.96166536456356,0.1077044696506941,0.5473623012141684,0.011170703323028556
CaseStudy,Observed_Mediator_and_Confounder,shift-2,CausalPFN-C (matched resolution),raw,600,0.99245,0.0424500000000001,0.0016913298992351387,7.480007919824658,0.17912869878488089,7.54395217213358,0.1804967252924293,0.6934136620338774,0.019554162304945482
CaseStudy,Observed_Mediator_and_Confounder,shift0,CausalPFN-C (matched resolution),raw,600,0.9993833333333333,0.049383333333333335,0.0002598736547889151,3.315011516096354,0.14784674267016984,3.3162118053717706,0.14782615861346235,0.25243669896062193,0.013980247711331531
CaseStudy,Observed_Mediator_and_Confounder,shift+2,CausalPFN-C (matched resolution),raw,600,0.9785833333333335,0.028583333333333516,0.0038742388748734618,6.838615671233416,0.17728067372629225,7.024832116185329,0.1798238411114721,0.6962365426480059,0.01812943460982905
CaseStudy,Observed_Mediator_and_Confounder,d5,CausalPFN-C (matched resolution),raw,300,0.9997,0.04970000000000008,0.0002686312803294887,4.661391643686494,0.2369676457980613,4.664144994166436,0.2369213883897399,0.2646662294152534,0.011073278383500867
CaseStudy,Observed_Mediator_and_Confounder,d10,CausalPFN-C (matched resolution),raw,300,0.9999333333333333,0.049933333333333385,6.66666666666667e-05,6.021952538434564,0.26340393276672247,6.023150898395239,0.26338069408384274,0.387914466052916,0.01804899427894895
CaseStudy,Observed_Mediator_and_Confounder,d20,CausalPFN-C (matched resolution),raw,300,0.9984333333333333,0.04843333333333333,0.0008730044399295755,5.976927371135692,0.29090418909306803,5.982865827955186,0.29091569304500997,0.5460177975888078,0.026469641728753778
CaseStudy,Observed_Mediator_and_Confounder,d30,CausalPFN-C (matched resolution),raw,300,0.9932333333333332,0.043233333333333235,0.00236464969715682,6.1111280554116005,0.22172623025843555,6.176949762155126,0.22544620554220088,0.6060733889247503,0.025098740697788967
CaseStudy,Observed_Mediator_and_Confounder,d40,CausalPFN-C (matched resolution),raw,300,0.986,0.03600000000000003,0.003281310883599297,5.95688231879449,0.2544204939504613,6.0330312152822705,0.2559542197357016,0.6620274031498821,0.030052818451988716
CaseStudy,Observed_Mediator_and_Confounder,d50,CausalPFN-C (matched resolution),raw,300,0.9635333333333334,0.013533333333333397,0.007270574670454002,6.538988286846011,0.2803163256186406,6.8898494894271005,0.28914217616763693,0.8174745221534011,0.03421678796132425
CaseStudy,Observed_Mediator_and_Confounder,pooled,"CausalPFN (two-stage, published)",raw,1800,0.9997777777777778,0.04977777777777781,9.416145609113168e-05,5.388318502715124,0.0904421917570154,5.392229102646476,0.09054737182631209,0.3831067540380913,0.006600619047901481
CaseStudy,Observed_Mediator_and_Confounder,shift-2,"CausalPFN (two-stage, published)",raw,600,0.9995999999999999,0.04959999999999998,0.00025244491732394494,6.226820098583948,0.1439474953137197,6.232380151509291,0.14408458105414626,0.4890147180079123,0.010835467807530613
CaseStudy,Observed_Mediator_and_Confounder,shift0,"CausalPFN (two-stage, published)",raw,600,0.9998333333333335,0.04983333333333351,9.411352108319543e-05,3.296931094438823,0.13121884265036582,3.2991622170049264,0.1313580570710319,0.21113494533363394,0.008203292338945265
CaseStudy,Observed_Mediator_and_Confounder,shift+2,"CausalPFN (two-stage, published)",raw,600,0.9999000000000001,0.049900000000000166,8.495637035362134e-05,6.641204315122597,0.15704915303029843,6.645144939425209,0.15730046271904338,0.4491705987727277,0.011509310491799509
CaseStudy,Observed_Mediator_and_Confounder,d5,"CausalPFN (two-stage, published)",raw,300,0.9999666666666667,0.049966666666666715,3.3333333333333355e-05,5.14917020631284,0.24161173199428856,5.1499644619825435,0.24161008523222066,0.2877694772050544,0.012391046346595382
CaseStudy,Observed_Mediator_and_Confounder,d10,"CausalPFN (two-stage, published)",raw,300,1.0,0.050000000000000044,0.0,5.5558216534544025,0.20800417573546523,5.5558216534544025,0.20800417573546523,0.318341277924423,0.011325770472868658
CaseStudy,Observed_Mediator_and_Confounder,d20,"CausalPFN (two-stage, published)",raw,300,1.0,0.050000000000000044,0.0,4.843227363602855,0.1766237553113136,4.843227363602855,0.1766237553113136,0.33245670196266147,0.01172361812620161
CaseStudy,Observed_Mediator_and_Confounder,d30,"CausalPFN (two-stage, published)",raw,300,1.0,0.050000000000000044,0.0,5.259850782416345,0.1841777695391512,5.259850782416345,0.1841777695391512,0.389735901449599,0.013452670872137898
CaseStudy,Observed_Mediator_and_Confounder,d40,"CausalPFN (two-stage, published)",raw,300,0.9999333333333333,0.049933333333333385,4.7061555869701135e-05,5.427023458329117,0.23661631295888672,5.427166248164468,0.2366073193238568,0.43467773847899394,0.018138110349492313
CaseStudy,Observed_Mediator_and_Confounder,d50,"CausalPFN (two-stage, published)",raw,300,0.9987666666666667,0.048766666666666736,0.0005591407911944495,6.094817552175173,0.26370076351532795,6.117344106258236,0.26480890205873425,0.5356594272078159,0.022443770427012392
CaseStudy,Unobserved_Confounder,pooled,Do-PFN 1D,raw,1800,0.9958,0.04580000000000006,0.0008212949248543435,6.193109905354081,0.10082654351088334,6.251905075344499,0.10122802286144186,0.5852668137543874,0.00939865809840273
CaseStudy,Unobserved_Confounder,shift-2,Do-PFN 1D,raw,600,0.9928000000000001,0.04280000000000017,0.002186043656243067,7.177101505471565,0.17626878323542697,7.292450826238725,0.1779813508994514,0.8603423758960813,0.01567926917073227
CaseStudy,Unobserved_Confounder,shift0,Do-PFN 1D,raw,600,0.9998833333333335,0.0498833333333335,4.981416029361279e-05,4.965940524797039,0.16390076182000676,4.966248014832516,0.16389719887861515,0.23740690091314803,0.006102894520529218
CaseStudy,Unobserved_Confounder,shift+2,Do-PFN 1D,raw,600,0.9947166666666666,0.04471666666666663,0.0011186582626801563,6.436287685793639,0.17155863367697186,6.497016384962261,0.17064488060327604,0.6580511644539325,0.013252670556103742
CaseStudy,Unobserved_Confounder,d5,Do-PFN 1D,raw,300,0.996,0.04600000000000004,0.001742638602137248,2.910031282560047,0.16858571381455612,2.9475231770188386,0.17072906129016147,0.24645906118879965,0.013416819521526855
CaseStudy,Unobserved_Confounder,d10,Do-PFN 1D,raw,300,0.9959333333333332,0.04593333333333327,0.0005709296011233528,4.913835482579449,0.1928428297018638,4.962727708622001,0.1913503605178062,0.435706003999278,0.017176628104469658
CaseStudy,Unobserved_Confounder,d20,Do-PFN 1D,raw,300,0.9979333333333333,0.04793333333333338,0.0005736568012356036,6.809913843793974,0.22275301568085462,6.838127764338299,0.22183732480256987,0.619404116070185,0.019689715148406766
CaseStudy,Unobserved_Confounder,d30,Do-PFN 1D,raw,300,0.9990666666666668,0.049066666666666814,0.00046909703182754903,7.410479309376499,0.26659055491962347,7.421699052024039,0.266187326146694,0.6656533225862062,0.021233608101916327
CaseStudy,Unobserved_Confounder,d40,Do-PFN 1D,raw,300,0.9905666666666667,0.04056666666666675,0.003912082399833156,7.429954926413536,0.24808554988241635,7.59956587298892,0.2536379578090094,0.759389883893646,0.024297727361665824
CaseStudy,Unobserved_Confounder,d50,Do-PFN 1D,raw,300,0.9953000000000001,0.04530000000000012,0.0022340054563588802,7.684444587400986,0.24257883121994522,7.741786877074904,0.24178574001763348,0.784988494788209,0.023788506238352568
CaseStudy,Unobserved_Confounder,pooled,Do-PFN 2D,raw,1800,0.9947833333333334,0.0447833333333334,0.0013427860563698885,3.205319752014865,0.05820337896656785,3.2371520889263845,0.059134122605093827,0.3198462479616162,0.006842500499684428
CaseStudy,Unobserved_Confounder,shift-2,Do-PFN 2D,raw,600,0.99815,0.048150000000000026,0.0010312945492982856,3.8685176833559582,0.1115918144597519,3.878380633862503,0.11167112311406034,0.3767205296640361,0.0105689002044625
CaseStudy,Unobserved_Confounder,shift0,Do-PFN 2D,raw,600,0.9979166666666667,0.04791666666666672,0.0007994430332553507,2.010984281348335,0.07636775921073155,2.020811894879511,0.07651235689285264,0.12509818749682736,0.005724313746198737
CaseStudy,Unobserved_Confounder,shift+2,Do-PFN 2D,raw,600,0.9882833333333334,0.03828333333333345,0.0037996323495132077,3.736457291340304,0.09301215560902122,3.812263738037139,0.09733197834100367,0.4577200267239853,0.013301353639303567
CaseStudy,Unobserved_Confounder,d5,Do-PFN 2D,raw,300,0.9962666666666666,0.04626666666666668,0.0011777322021990476,2.3476246518263784,0.1189378126423186,2.3740328695119715,0.12021378543578767,0.27433173683440887,0.014043092811865422
CaseStudy,Unobserved_Confounder,d10,Do-PFN 2D,raw,300,0.9971666666666666,0.04716666666666669,0.0010668391025615653,2.278549673039429,0.10491630278118644,2.2879412441036115,0.10472977805016546,0.24269945133893125,0.012132826389898635
CaseStudy,Unobserved_Confounder,d20,Do-PFN 2D,raw,300,0.9957000000000001,0.045700000000000185,0.003395440906872394,3.07425609993146,0.132786921153893,3.094034596899526,0.1339030251605616,0.2584451810383395,0.014327922153988164
CaseStudy,Unobserved_Confounder,d30,Do-PFN 2D,raw,300,0.9984,0.0484,0.0016,3.6981287027231775,0.15459920342413283,3.7019416659429014,0.15451234830468652,0.291120537368399,0.01527481090925812
CaseStudy,Unobserved_Confounder,d40,Do-PFN 2D,raw,300,0.9986000000000002,0.0486000000000002,0.0010453059059491927,3.832579653270979,0.15224345949065685,3.8365980975673324,0.15221257218473846,0.3729303908987705,0.01764398947738997
CaseStudy,Unobserved_Confounder,d50,Do-PFN 2D,raw,300,0.9825666666666666,0.03256666666666663,0.006838415055819557,4.000779731297768,0.15097996522430462,4.128364059532965,0.16028318496902014,0.4795501902908484,0.021423084373069473
CaseStudy,Unobserved_Confounder,pooled,Do-PFN 2D (262k),raw,1800,0.9939222222222222,0.043922222222222196,0.0013657253399308297,2.8990409674569286,0.05846703614152899,2.934454260291044,0.059518446414043594,0.27516762613314893,0.006072732630893563
CaseStudy,Unobserved_Confounder,shift-2,Do-PFN 2D (262k),raw,600,0.9950333333333333,0.04503333333333337,0.0023967837690414867,3.5358620757831196,0.11818594500930552,3.5978571752155184,0.12202274547140958,0.3109735272565348,0.00892346975300425
CaseStudy,Unobserved_Confounder,shift0,Do-PFN 2D (262k),raw,600,0.9968666666666667,0.04686666666666672,0.001187850447171323,1.70976375965091,0.062484782421327836,1.7219993787056849,0.06266702394604357,0.12272128088690608,0.005651545708807926
CaseStudy,Unobserved_Confounder,shift+2,Do-PFN 2D (262k),raw,600,0.9898666666666668,0.03986666666666683,0.003099351599544605,3.4514970669367555,0.09684900267849438,3.483506226951928,0.09699803589865771,0.39180807025600606,0.012532073174485828
CaseStudy,Unobserved_Confounder,d5,Do-PFN 2D (262k),raw,300,0.9944333333333333,0.044433333333333325,0.0019284979704806274,2.3394422024204276,0.11144763544203846,2.4207465376294217,0.11932388987826133,0.2697994202684371,0.014108688121242644
CaseStudy,Unobserved_Confounder,d10,Do-PFN 2D (262k),raw,300,0.9950666666666667,0.0450666666666667,0.0020163729666265984,2.2736383392159034,0.0997022807301751,2.2914632845072154,0.09973767992297644,0.24414193266736395,0.012595089279187326
CaseStudy,Unobserved_Confounder,d20,Do-PFN 2D (262k),raw,300,0.9970000000000001,0.04700000000000015,0.0020119486995638577,2.8126168036681567,0.1364534476202698,2.817408407844481,0.1364903376581674,0.2572489950750638,0.014173266444463544
CaseStudy,Unobserved_Confounder,d30,Do-PFN 2D (262k),raw,300,0.9981,0.04810000000000003,0.0018999999999999998,3.243478927322952,0.16279762068269615,3.249289899474736,0.1627613056734398,0.24572738999258292,0.014101999100653736
CaseStudy,Unobserved_Confounder,d40,Do-PFN 2D (262k),raw,300,0.9938666666666666,0.04386666666666661,0.004235690931394199,3.2825744144097335,0.1610963099593301,3.2996686014147363,0.1615802204135283,0.29136654155806874,0.015615151586185339
CaseStudy,Unobserved_Confounder,d50,Do-PFN 2D (262k),raw,300,0.9850666666666666,0.03506666666666669,0.005795953175016707,3.442495117704398,0.1603511281625462,3.528148830875673,0.16793171048939912,0.34272147723737717,0.017510292155914837
CaseStudy,Unobserved_Confounder,pooled,"Do-PFN 2D (262k, T=1)",raw,1800,0.9963166666666667,0.046316666666666784,0.000952954165557174,3.1283805756560397,0.06462728471291006,3.1514170645401385,0.06522508832166499,0.27760793214721424,0.006014133232356307
CaseStudy,Unobserved_Confounder,shift-2,"Do-PFN 2D (262k, T=1)",raw,600,0.9962333333333333,0.04623333333333335,0.0019186917998897579,3.7991307772581573,0.12957356795541827,3.8458249692111464,0.13191667273201907,0.3169791573302097,0.0090652109206424
CaseStudy,Unobserved_Confounder,shift0,"Do-PFN 2D (262k, T=1)",raw,600,0.9983666666666666,0.04836666666666667,0.000682884266846793,1.8486557452188754,0.06854764944507384,1.85662991580762,0.06857415151727898,0.12409365377861616,0.005551820308692361
CaseStudy,Unobserved_Confounder,shift+2,"Do-PFN 2D (262k, T=1)",raw,600,0.9943500000000001,0.04435000000000011,0.002005242502997175,3.7373552044910876,0.1097253866368824,3.751796308601647,0.10964232380114637,0.3917509853328169,0.012215072189486326
CaseStudy,Unobserved_Confounder,d5,"Do-PFN 2D (262k, T=1)",raw,300,0.9958,0.04580000000000006,0.0016155183891097742,2.4588804020803523,0.11877432445546314,2.5148289682872256,0.1234826384495432,0.26798117104702013,0.013970621599759701
CaseStudy,Unobserved_Confounder,d10,"Do-PFN 2D (262k, T=1)",raw,300,0.9973666666666667,0.04736666666666678,0.0010591201132752175,2.4261114059217364,0.10881573467239399,2.436486124373674,0.1087119007604601,0.24364721895410252,0.012387485912657849
CaseStudy,Unobserved_Confounder,d20,"Do-PFN 2D (262k, T=1)",raw,300,0.9989666666666667,0.048966666666666714,0.0008819992660507206,3.039204664414239,0.1507845943243248,3.04065279936455,0.15078944148907117,0.2586737307990714,0.013986619839851206
CaseStudy,Unobserved_Confounder,d30,"Do-PFN 2D (262k, T=1)",raw,300,0.9990666666666668,0.049066666666666814,0.0009333333333333332,3.53768728510335,0.1805565603847508,3.53984949700454,0.1805165792352464,0.25086603903340204,0.014051808098353442
CaseStudy,Unobserved_Confounder,d40,"Do-PFN 2D (262k, T=1)",raw,300,0.9962666666666666,0.04626666666666668,0.002739566539342619,3.5686068393586083,0.17906294544326573,3.577515629999688,0.17913631468612534,0.29717658637412947,0.015519468154018255
CaseStudy,Unobserved_Confounder,d50,"Do-PFN 2D (262k, T=1)",raw,300,0.9904333333333333,0.04043333333333332,0.004441674118014837,3.739792857057953,0.17831853962718286,3.799169368211151,0.1829792283142743,0.34730284667556005,0.017259689905451545
CaseStudy,Unobserved_Confounder,pooled,UWYK 1D (noanc),raw,1800,0.9867444444444445,0.03674444444444458,0.0010946953306072548,6.1149662841078944,0.12195791920789861,6.263471825029818,0.12189468624236355,0.6208342488554912,0.0093467681731014
CaseStudy,Unobserved_Confounder,shift-2,UWYK 1D (noanc),raw,600,0.9791833333333333,0.02918333333333334,0.002355270811091985,6.769123299708998,0.19719977885637202,7.024720014024219,0.19599960921907555,0.8283533256845402,0.012330145451840108
CaseStudy,Unobserved_Confounder,shift0,UWYK 1D (noanc),raw,600,1.0,0.050000000000000044,0.0,4.853863219956066,0.2298685709525086,4.853863219956066,0.2298685709525086,0.21131198672640672,0.008077412882303547
CaseStudy,Unobserved_Confounder,shift+2,UWYK 1D (noanc),raw,600,0.98105,0.031050000000000022,0.002192488885381376,6.721912332658615,0.1957059758461527,6.91183224110917,0.19398926212492212,0.8228374341555267,0.012241736584063852
CaseStudy,Unobserved_Confounder,d5,UWYK 1D (noanc),raw,300,0.9657333333333334,0.015733333333333488,0.005105725758971669,5.6888080160280605,0.2852633612878322,6.1707146985095855,0.29140544225097603,0.6811183630682494,0.02331416963143956
CaseStudy,Unobserved_Confounder,d10,UWYK 1D (noanc),raw,300,0.9730333333333332,0.02303333333333324,0.003212884572483975,4.946590366620911,0.22586299137741245,5.201685443600958,0.2256456993242403,0.6808571411756331,0.024153585341817822
CaseStudy,Unobserved_Confounder,d20,UWYK 1D (noanc),raw,300,0.9893666666666667,0.03936666666666677,0.0016593361645172347,6.173755388826865,0.29488087254264544,6.266544989840541,0.2935962729964898,0.6811008722258699,0.023388076635142557
CaseStudy,Unobserved_Confounder,d30,UWYK 1D (noanc),raw,300,0.9954999999999999,0.045499999999999985,0.0007332294443489032,6.854788286945856,0.33315022893121465,6.893062092484206,0.33238695517953426,0.6688885251170562,0.02301316336190284
CaseStudy,Unobserved_Confounder,d40,UWYK 1D (noanc),raw,300,0.9968333333333333,0.04683333333333339,0.0005160918512818188,6.459116519936642,0.3105351494658021,6.482084599454595,0.3101561761431941,0.6298021897285776,0.022047554515838355
CaseStudy,Unobserved_Confounder,d50,UWYK 1D (noanc),raw,300,1.0,0.050000000000000044,0.0,6.566739126289025,0.31951184969639634,6.566739126289025,0.31951184969639634,0.383238401817561,0.015198890693260015
CaseStudy,Unobserved_Confounder,pooled,UWYK 1D (v3a),raw,1800,0.9996222222222223,0.049622222222222345,0.00013167290077382583,5.2775820016014565,0.12381272002414662,5.2799709144856735,0.12379471072194922,0.27354323633636923,0.005026141279608279
CaseStudy,Unobserved_Confounder,shift-2,UWYK 1D (v3a),raw,600,0.9994666666666667,0.04946666666666677,0.00027117775924658384,5.472134156503291,0.2041272652031317,5.47564725262493,0.20408586753904345,0.29766639405634254,0.008529947733324286
CaseStudy,Unobserved_Confounder,shift0,UWYK 1D (v3a),raw,600,0.9999833333333333,0.04998333333333338,1.6666666666666678e-05,4.889141660501327,0.23372355492337432,4.889168943988311,0.23372293299725502,0.22234198091719595,0.008607698055708334
CaseStudy,Unobserved_Confounder,shift+2,UWYK 1D (v3a),raw,600,0.9994166666666668,0.049416666666666886,0.00028647801508244864,5.471470187799751,0.20358627948236663,5.475096546843778,0.2035184927982845,0.3006213340355692,0.0086132039707908
CaseStudy,Unobserved_Confounder,d5,UWYK 1D (v3a),raw,300,0.9980666666666665,0.04806666666666659,0.0007634243883514859,4.639557461749034,0.3088048617164303,4.65187714254942,0.3086565397303247,0.3009207434033842,0.015826566902879303
CaseStudy,Unobserved_Confounder,d10,UWYK 1D (v3a),raw,300,0.9997333333333334,0.04973333333333341,0.000176003783615288,3.933068560026794,0.22629462654310714,3.9345672548657724,0.22630005837606537,0.2375049499123625,0.011056967280487323
CaseStudy,Unobserved_Confounder,d20,UWYK 1D (v3a),raw,300,0.9999333333333333,0.049933333333333385,4.7061555869701135e-05,5.238182882288921,0.29003097540508266,5.238697983954853,0.2900205183014322,0.26921828629602584,0.01165561304646999
CaseStudy,Unobserved_Confounder,d30,UWYK 1D (v3a),raw,300,1.0,0.050000000000000044,0.0,5.971260712888763,0.333717122827541,5.971260712888763,0.333717122827541,0.2715239993951591,0.012087637558030578
CaseStudy,Unobserved_Confounder,d40,UWYK 1D (v3a),raw,300,1.0,0.050000000000000044,0.0,5.681255173208193,0.31181995096966314,5.681255173208193,0.31181995096966314,0.2688872889300679,0.011036510766498838
CaseStudy,Unobserved_Confounder,d50,UWYK 1D (v3a),raw,300,1.0,0.050000000000000044,0.0,6.202167219447036,0.31889017866726554,6.202167219447036,0.31889017866726554,0.293204150081216,0.011277080372255908
CaseStudy,Unobserved_Confounder,pooled,UWYK 2D (noanc),raw,1800,0.999211111111111,0.049211111111111094,0.00027409503642568796,4.1401571760583,0.06309680566978433,4.14433089217475,0.06300683587726293,0.1969843284762232,0.002971421497871658
CaseStudy,Unobserved_Confounder,shift-2,UWYK 2D (noanc),raw,600,0.9999833333333333,0.04998333333333338,1.6666666666666678e-05,5.091138630184708,0.11595979086953273,5.09137311808607,0.11595259670435301,0.23231498110768067,0.004898782658328487
CaseStudy,Unobserved_Confounder,shift0,UWYK 2D (noanc),raw,600,0.9977333333333334,0.047733333333333405,0.0008180581084607628,2.787593567607978,0.07135769856349052,2.7996262965084586,0.0710341265201466,0.13799416280884433,0.004568452183837049
CaseStudy,Unobserved_Confounder,shift+2,UWYK 2D (noanc),raw,600,0.9999166666666668,0.04991666666666683,4.4001104520630304e-05,4.541739330382213,0.11179886948153508,4.541993261929721,0.11179269790466097,0.22064384151214456,0.005084869748531111
CaseStudy,Unobserved_Confounder,d5,UWYK 2D (noanc),raw,300,0.9995,0.0495000000000001,0.00026763342039925466,4.450476653840845,0.16677056591485856,4.452338693662664,0.16669010922439045,0.2546954603596854,0.009353451354682726
CaseStudy,Unobserved_Confounder,d10,UWYK 2D (noanc),raw,300,0.9983666666666666,0.04836666666666667,0.0011950271668017748,3.7125810350679496,0.12891768860633437,3.7180502554351302,0.12855959740588105,0.20534473328063071,0.007767530903494992
CaseStudy,Unobserved_Confounder,d20,UWYK 2D (noanc),raw,300,0.9980000000000001,0.048000000000000154,0.0010027831949174849,3.9226036238207445,0.15019161187661426,3.9376515769471907,0.14950020791137245,0.19263546292333075,0.006838765237490787
CaseStudy,Unobserved_Confounder,d30,UWYK 2D (noanc),raw,300,0.9995,0.0495000000000001,0.000435659650534312,4.232745423107797,0.1764059125999213,4.234991178333547,0.17627716714339023,0.17859903765358928,0.006575428458746436
CaseStudy,Unobserved_Confounder,d40,UWYK 2D (noanc),raw,300,0.9999000000000001,0.049900000000000166,7.443581928658485e-05,4.060437722215371,0.1505686513363282,4.0608550503728775,0.15054884780633662,0.17219400968837642,0.005904141506637433
CaseStudy,Unobserved_Confounder,d50,UWYK 2D (noanc),raw,300,1.0,0.050000000000000044,0.0,4.462098598297091,0.14647474612434,4.462098598297091,0.14647474612434,0.1784372669517266,0.005503131852617678
CaseStudy,Unobserved_Confounder,pooled,UWYK 2D (v3a),raw,1800,0.9992833333333333,0.049283333333333346,0.00025825599385025414,4.111250609934105,0.06353871349810919,4.114712249330768,0.06346552785565562,0.19581864060618853,0.002941080760914411
CaseStudy,Unobserved_Confounder,shift-2,UWYK 2D (v3a),raw,600,0.9999833333333333,0.04998333333333338,1.6666666666666678e-05,5.044027183814084,0.116919544922548,5.044270397135944,0.11691226576459775,0.23027599264539514,0.004836676416496533
CaseStudy,Unobserved_Confounder,shift0,UWYK 2D (v3a),raw,600,0.9979666666666667,0.04796666666666671,0.0007707784538812293,2.7489303196416772,0.0693310907595212,2.7587344751598875,0.06906501432989565,0.14027532445254248,0.00473576008341375
CaseStudy,Unobserved_Confounder,shift+2,UWYK 2D (v3a),raw,600,0.9999000000000001,0.049900000000000166,4.700252778577603e-05,4.540794326346556,0.11418864318372723,4.541131875696474,0.11418002676330499,0.21690460472062806,0.004923476055559222
CaseStudy,Unobserved_Confounder,d5,UWYK 2D (v3a),raw,300,0.9993666666666668,0.04936666666666689,0.000319902205420771,4.380715069001783,0.16572158307319593,4.38260729348882,0.1656420823236584,0.2519256217757833,0.009166927356915362
CaseStudy,Unobserved_Confounder,d10,UWYK 2D (v3a),raw,300,0.9984,0.0484,0.0012260276557684291,3.662450824156005,0.12797783468407595,3.6681266035608755,0.1276176132978024,0.20363430188872578,0.007738762274399009
CaseStudy,Unobserved_Confounder,d20,UWYK 2D (v3a),raw,300,0.9984333333333333,0.04843333333333333,0.00081897553174102,3.907619333194084,0.15043414426442467,3.9188353319810174,0.14992902825237134,0.19160752384863491,0.006723712219558567
CaseStudy,Unobserved_Confounder,d30,UWYK 2D (v3a),raw,300,0.9995333333333334,0.04953333333333343,0.00034914558342384556,4.2158751212561185,0.17754953999353276,4.217516204555213,0.17745582689685033,0.17762887113912731,0.006488832727004416
CaseStudy,Unobserved_Confounder,d40,UWYK 2D (v3a),raw,300,0.9999666666666667,0.049966666666666715,3.3333333333333355e-05,4.049534936521549,0.15283716696667565,4.049879686923591,0.15282225703645264,0.17121933974677395,0.005864200030915848
CaseStudy,Unobserved_Confounder,d50,UWYK 2D (v3a),raw,300,1.0,0.050000000000000044,0.0,4.451308375475093,0.15131556518458725,4.451308375475093,0.15131556518458725,0.17889618523808604,0.005635869754609149
CaseStudy,Unobserved_Confounder,pooled,CausalPFN 1D,raw,1800,0.9883222222222222,0.03832222222222226,0.0011998102076343146,2.7507359423866995,0.07964177384110739,2.7847098021646133,0.07948123835305312,0.2066722233116849,0.005173910579721534
CaseStudy,Unobserved_Confounder,shift-2,CausalPFN 1D,raw,600,0.9849333333333334,0.03493333333333348,0.002123743750133418,2.85063557044837,0.14586885002041752,2.897476835746563,0.14535132734602543,0.2176875942862072,0.009000122163883309
CaseStudy,Unobserved_Confounder,shift0,CausalPFN 1D,raw,600,0.9947333333333332,0.04473333333333329,0.0011189138014043366,2.4943886648638376,0.11722541044204336,2.509047695627439,0.11727426814103208,0.1862677523901167,0.008785241121571698
CaseStudy,Unobserved_Confounder,shift+2,CausalPFN 1D,raw,600,0.9853000000000001,0.03530000000000011,0.0026655252843925956,2.9071835918478914,0.1481961428448392,2.9476048751198367,0.1478040337773393,0.21606132325873087,0.009053443249780819
CaseStudy,Unobserved_Confounder,d5,CausalPFN 1D,raw,300,0.9519333333333333,0.0019333333333333425,0.0063657376735012814,2.4686819060429177,0.17411376295026543,2.621240836839639,0.17335579074677,0.29731385566899576,0.02160347804601723
CaseStudy,Unobserved_Confounder,d10,CausalPFN 1D,raw,300,0.9902666666666666,0.04026666666666667,0.0018827938474164378,1.8235677599410633,0.10950370756617785,1.839068568722411,0.10914578920586639,0.18286673924981187,0.009080193407147918
CaseStudy,Unobserved_Confounder,d20,CausalPFN 1D,raw,300,0.9979999999999999,0.04799999999999993,0.00046982527172681704,2.365283100318329,0.14466376424388908,2.368511574804251,0.14462900782457164,0.16699795967233202,0.008396994776781718
CaseStudy,Unobserved_Confounder,d30,CausalPFN 1D,raw,300,0.9981666666666669,0.04816666666666691,0.0009294612305607858,3.011124089766195,0.19041959577103842,3.014235639933738,0.19039744132119835,0.1987871828650523,0.010644894372423625
CaseStudy,Unobserved_Confounder,d40,CausalPFN 1D,raw,300,0.9951333333333334,0.04513333333333347,0.0010371831045049528,3.0226045102311616,0.21452470960624914,3.042981264736834,0.2141264082279825,0.188425420804348,0.00958285382382103
CaseStudy,Unobserved_Confounder,d50,CausalPFN 1D,raw,300,0.9964333333333334,0.04643333333333344,0.0005350967224861869,3.813154288020531,0.27491068633425336,3.8222209279508053,0.27461377107232227,0.20564218160956968,0.010276443689546702
CaseStudy,Unobserved_Confounder,pooled,CausalPFN 2D,raw,1800,0.9982000000000001,0.04820000000000013,0.00026216790728727466,3.451947243708166,0.05162670507427655,3.492224106347506,0.05521298322001416,0.27898306042753285,0.005701982628925536
CaseStudy,Unobserved_Confounder,shift-2,CausalPFN 2D,raw,600,0.9989166666666669,0.04891666666666694,0.00029837173285421245,3.7821314295141066,0.08338222042020968,3.8248529659281933,0.09024480641193035,0.3039750131706591,0.00980499893534363
CaseStudy,Unobserved_Confounder,shift0,CausalPFN 2D,raw,600,0.9967166666666666,0.04671666666666663,0.0006546606025602973,2.821045226939223,0.09509579556968623,2.8667449403043963,0.10132975329390062,0.22917830795764052,0.009781763941768573
CaseStudy,Unobserved_Confounder,shift+2,CausalPFN 2D,raw,600,0.9989666666666667,0.048966666666666714,0.00031009419886290825,3.7526650746711696,0.08379297899842447,3.7850744128099283,0.08985510104030621,0.3037958601542991,0.009741999233802742
CaseStudy,Unobserved_Confounder,d5,CausalPFN 2D,raw,300,0.9934666666666665,0.04346666666666654,0.0013562468158459882,3.7168951254577056,0.1596270879669849,3.869268076171903,0.1905614099833569,0.3732294652164958,0.024250307926503806
CaseStudy,Unobserved_Confounder,d10,CausalPFN 2D,raw,300,0.9989333333333333,0.048933333333333384,0.000511393778976408,3.1655851842277767,0.10462461253585623,3.1701112613885813,0.10449133629563291,0.2607797717695812,0.009633127676856137
CaseStudy,Unobserved_Confounder,d20,CausalPFN 2D,raw,300,0.9995333333333334,0.04953333333333343,0.00015426550057420462,3.4180693151802717,0.11298055196346353,3.4220521355412665,0.11340774442187788,0.2565848115404475,0.009832806856486822
CaseStudy,Unobserved_Confounder,d30,CausalPFN 2D,raw,300,0.9984666666666667,0.04846666666666677,0.0004466481967595131,3.5433845850105765,0.13109900572798464,3.5949245575071282,0.13824295618433025,0.27426727229010156,0.012690701046063972
CaseStudy,Unobserved_Confounder,d40,CausalPFN 2D,raw,300,0.9993666666666666,0.04936666666666667,0.00018225842785035318,3.3645817459114347,0.12003565500890333,3.3761444376168943,0.12176022157849727,0.24811192112148858,0.009800482821826401
CaseStudy,Unobserved_Confounder,d50,CausalPFN 2D,raw,300,0.9994333333333335,0.04943333333333355,0.00017679377434554378,3.503167506461234,0.12188707402388453,3.520844169859262,0.12287725722585294,0.2609251206270828,0.01010982166853477
CaseStudy,Unobserved_Confounder,pooled,Do-PFN (matched label),raw,1800,0.9985277777777777,0.048527777777777725,0.00021364038023203403,5.851892967003892,0.10336981344304312,5.861254369001884,0.10318507700469665,0.4533672227870392,0.007016453079648258
CaseStudy,Unobserved_Confounder,shift-2,Do-PFN (matched label),raw,600,0.9975,0.0475000000000001,0.0005115526791764667,6.078704907923631,0.17252066337503666,6.097954808244339,0.17180455173014936,0.5425883941711213,0.011798113034521707
CaseStudy,Unobserved_Confounder,shift0,Do-PFN (matched label),raw,600,0.9993666666666666,0.04936666666666667,0.00018693656455863678,5.312318547542823,0.1855281696907612,5.315944691905801,0.1854236364648768,0.2610029048755582,0.007546020192335188
CaseStudy,Unobserved_Confounder,shift+2,Do-PFN (matched label),raw,600,0.9987166666666667,0.04871666666666674,0.00033407749432272084,6.164655445545224,0.17707507586012297,6.169863606855514,0.17687113245910788,0.5565103693144385,0.012434003985865647
CaseStudy,Unobserved_Confounder,d5,Do-PFN (matched label),raw,300,0.9927666666666666,0.04276666666666662,0.00115084994361405,2.5780235143435184,0.1581927702701288,2.624815077080157,0.15755422030892344,0.2516895046021312,0.014895660412241548
CaseStudy,Unobserved_Confounder,d10,Do-PFN (matched label),raw,300,0.9992,0.04920000000000002,0.000397988252124898,3.884135255628296,0.17139033854120542,3.887260443347578,0.1712734228471774,0.27180916908043123,0.010679531910295388
CaseStudy,Unobserved_Confounder,d20,Do-PFN (matched label),raw,300,0.9996333333333333,0.04963333333333331,0.00011850361450944156,6.348068315169428,0.22335707795211135,6.351707409452569,0.22321070398456613,0.4208942558717947,0.012451374110386208
CaseStudy,Unobserved_Confounder,d30,Do-PFN (matched label),raw,300,0.9996999999999999,0.049699999999999966,0.00010937136679743638,7.224532891625672,0.2707541114267663,7.226139003374404,0.27069889234141475,0.5053223478452777,0.014542552154796586
CaseStudy,Unobserved_Confounder,d40,Do-PFN (matched label),raw,300,0.9999000000000001,0.049900000000000166,5.754160919975792e-05,7.320737161196371,0.2576202687665223,7.321683488397888,0.2575879170902841,0.6122660207305195,0.016915261324648108
CaseStudy,Unobserved_Confounder,d50,Do-PFN (matched label),raw,300,0.9999666666666667,0.049966666666666715,3.3333333333333355e-05,7.755860664060068,0.2579108167435228,7.755920792358711,0.2579095833511788,0.6582220385920815,0.01746510463887176
CaseStudy,Unobserved_Confounder,pooled,Do-PFN (matched resolution),raw,1800,0.9898111111111112,0.03981111111111124,0.001161066228850221,16.994988919751513,0.16618491363292698,18.321089724248175,0.19719511324342,0.8482902655098905,0.010143731248194978
CaseStudy,Unobserved_Confounder,shift-2,Do-PFN (matched resolution),raw,600,0.9866833333333334,0.0366833333333334,0.002219268476119247,16.293471183758513,0.27966921525927124,18.06502740686306,0.3424554202514251,1.0181092245898673,0.014081900600585001
CaseStudy,Unobserved_Confounder,shift0,Do-PFN (matched resolution),raw,600,0.9987666666666667,0.048766666666666736,0.00030249994059581436,17.92623441580987,0.28874259960328214,17.944646631587094,0.2875695406715718,0.4864261834651473,0.0077963028286610735
CaseStudy,Unobserved_Confounder,shift+2,Do-PFN (matched resolution),raw,600,0.9839833333333333,0.033983333333333365,0.0026310820487341724,16.765261159686162,0.29135690056499425,18.95359513429438,0.3864930051451747,1.040335388474657,0.018430492474535074
CaseStudy,Unobserved_Confounder,d5,Do-PFN (matched resolution),raw,300,0.9406333333333333,0.009366666666666634,0.00621070000082002,7.524760257150225,0.23087357058491756,15.401032250015353,0.8890611596356816,1.0999173589573463,0.04466063653949762
CaseStudy,Unobserved_Confounder,d10,Do-PFN (matched resolution),raw,300,0.9982333333333334,0.04823333333333346,0.0006153342138408618,12.107296282979872,0.2095988545545712,12.187629117094712,0.2072372177729543,0.8791527124369406,0.024513803954578
CaseStudy,Unobserved_Confounder,d20,Do-PFN (matched resolution),raw,300,1.0,0.050000000000000044,0.0,17.79178518186796,0.2661366075098682,17.79178518186796,0.2661366075098682,0.7770211894024377,0.014544707899184746
CaseStudy,Unobserved_Confounder,d30,Do-PFN (matched resolution),raw,300,1.0,0.050000000000000044,0.0,20.272767866226793,0.3101610671735892,20.272767866226793,0.3101610671735892,0.7414610702126802,0.013869988711258021
CaseStudy,Unobserved_Confounder,d40,Do-PFN (matched resolution),raw,300,1.0,0.050000000000000044,0.0,21.793525241872874,0.2646221714926671,21.793525241872874,0.2646221714926671,0.7825438806769869,0.014144369045763697
CaseStudy,Unobserved_Confounder,d50,Do-PFN (matched resolution),raw,300,1.0,0.050000000000000044,0.0,22.479798688411353,0.2591978382542232,22.479798688411353,0.2591978382542232,0.8096453813729516,0.015017105350816467
CaseStudy,Unobserved_Confounder,pooled,"Do-PFN (matched resolution, 262k, T=1)",raw,1800,0.9940055555555556,0.04400555555555563,0.0007797028220932643,18.74283700148414,0.17162318901856013,19.694156648168292,0.18547347722095503,0.9077233462747025,0.010584664625539758
CaseStudy,Unobserved_Confounder,shift-2,"Do-PFN (matched resolution, 262k, T=1)",raw,600,0.9911833333333334,0.04118333333333346,0.0016227890085291224,18.2619141706608,0.2942561556762345,19.763445403910044,0.3320142320772088,1.091637534623454,0.015818175413968648
CaseStudy,Unobserved_Confounder,shift0,"Do-PFN (matched resolution, 262k, T=1)",raw,600,0.9991166666666668,0.04911666666666681,0.00024533393669326503,19.368180749122914,0.2936630173643707,19.378409306075426,0.2929899585654024,0.5222185480767958,0.00804455584060366
CaseStudy,Unobserved_Confounder,shift+2,"Do-PFN (matched resolution, 262k, T=1)",raw,600,0.9917166666666666,0.041716666666666624,0.0016487055286610259,18.598416084668717,0.3024686217483976,19.940615234519413,0.3370398354893746,1.109313956123858,0.017946945420107215
CaseStudy,Unobserved_Confounder,d5,"Do-PFN (matched resolution, 262k, T=1)",raw,300,0.9646333333333333,0.014633333333333387,0.004282212394915634,8.735925293743234,0.2444288470043073,14.387608738946033,0.7281009553889524,1.1205355942243274,0.04535766671521642
CaseStudy,Unobserved_Confounder,d10,"Do-PFN (matched resolution, 262k, T=1)",raw,300,0.9994000000000002,0.04940000000000022,0.0003820381882188285,13.889671029370229,0.2497588953289176,13.94590546427234,0.24897879833726627,0.8968375961862741,0.025210049781473808
CaseStudy,Unobserved_Confounder,d20,"Do-PFN (matched resolution, 262k, T=1)",raw,300,1.0,0.050000000000000044,0.0,20.252418482722568,0.28131960417772517,20.252418482722568,0.28131960417772517,0.8287094152329608,0.015554271488143579
CaseStudy,Unobserved_Confounder,d30,"Do-PFN (matched resolution, 262k, T=1)",raw,300,1.0,0.050000000000000044,0.0,22.147801339735356,0.31875646806611285,22.147801339735356,0.31875646806611285,0.8105586764619203,0.01607276568552125
CaseStudy,Unobserved_Confounder,d40,"Do-PFN (matched resolution, 262k, T=1)",raw,300,1.0,0.050000000000000044,0.0,23.42315863546616,0.26362535808864535,23.42315863546616,0.26362535808864535,0.8843837230882418,0.017809424049986675
CaseStudy,Unobserved_Confounder,d50,"Do-PFN (matched resolution, 262k, T=1)",raw,300,1.0,0.050000000000000044,0.0,24.008047227867305,0.254731596274479,24.008047227867305,0.254731596274479,0.905315072454491,0.018111730667799354
CaseStudy,Unobserved_Confounder,pooled,UWYK No-Anc (matched label),raw,1800,0.9407444444444445,0.009255555555555461,0.0034328395159658664,5.458521336418043,0.10635794956489658,6.028424429228174,0.10957632214810542,0.8110316062455957,0.011286569765466853
CaseStudy,Unobserved_Confounder,shift-2,UWYK No-Anc (matched label),raw,600,0.9215166666666667,0.028483333333333305,0.00648818965427166,6.316036731004334,0.1667798561537947,7.115464024279925,0.16987548152607918,1.1241954090558302,0.006792414034128756
CaseStudy,Unobserved_Confounder,shift0,UWYK No-Anc (matched label),raw,600,0.9990666666666668,0.049066666666666814,0.00035650147777286777,3.916894116397321,0.1956668879348588,3.918033132751578,0.19563783182124075,0.17623679751789942,0.006816320279496757
CaseStudy,Unobserved_Confounder,shift+2,UWYK No-Anc (matched label),raw,600,0.9016500000000001,0.04834999999999989,0.007423373443981833,6.142633161852475,0.17275365113746938,7.0517761306530184,0.17290115807982964,1.132662612163057,0.006782625406742034
CaseStudy,Unobserved_Confounder,d5,UWYK No-Anc (matched label),raw,300,0.9052333333333333,0.04476666666666662,0.010463230553147723,5.219175228046918,0.25019560370826543,6.164739154491792,0.2636757120543343,0.8213893461298601,0.027877825653688924
CaseStudy,Unobserved_Confounder,d10,UWYK No-Anc (matched label),raw,300,0.8498,0.10019999999999996,0.012976605310934121,4.214438682891133,0.20029735906636412,5.846212152943107,0.25338951623264866,0.8343664262665813,0.030157370914364
CaseStudy,Unobserved_Confounder,d20,UWYK No-Anc (matched label),raw,300,0.9197333333333334,0.030266666666666553,0.008722003254156391,5.142410242716001,0.2565231464085705,5.818183060110599,0.26470751213343646,0.8246382156743067,0.02874756114061327
CaseStudy,Unobserved_Confounder,d30,UWYK No-Anc (matched label),raw,300,0.9797666666666667,0.02976666666666672,0.0030911166037607403,5.980177995830655,0.29602412988382354,6.100242279280962,0.29463571110596487,0.7828878451984749,0.02633534915416056
CaseStudy,Unobserved_Confounder,d40,UWYK No-Anc (matched label),raw,300,0.9927000000000002,0.04270000000000029,0.0017113725446617617,5.649639660531185,0.2528145634872068,5.686580091987435,0.25235545308628404,0.7743061006951599,0.025854290129839884
CaseStudy,Unobserved_Confounder,d50,UWYK No-Anc (matched label),raw,300,0.9972333333333334,0.04723333333333346,0.0009180687564370622,6.545286208492368,0.2785973561504024,6.554589836555153,0.27839891894027213,0.8286017035091908,0.026695542105100972
CaseStudy,Unobserved_Confounder,pooled,UWYK Anc (matched label),raw,1800,0.9531833333333334,0.003183333333333427,0.002958113465146723,5.594203589306917,0.11013194742280712,5.968105398519163,0.11084531333384405,0.8041008841975341,0.011080579579207352
CaseStudy,Unobserved_Confounder,shift-2,UWYK Anc (matched label),raw,600,0.9501166666666666,0.00011666666666665382,0.005003085256614803,6.4959732311839256,0.17376177511528038,6.892726497092933,0.17246301557398197,1.1030951940331704,0.005752020895685763
CaseStudy,Unobserved_Confounder,shift0,UWYK Anc (matched label),raw,600,0.9994,0.0494,0.00025067521504740974,4.008494307396542,0.19957814001818047,4.00924943780313,0.19955920235987595,0.17838035978822295,0.006855303345042815
CaseStudy,Unobserved_Confounder,shift+2,UWYK Anc (matched label),raw,600,0.9100333333333332,0.039966666666666706,0.006859874079011393,6.278143229340283,0.18144428947806707,7.002340260661425,0.17753033721741507,1.1308270987712088,0.006713466831802536
CaseStudy,Unobserved_Confounder,d5,UWYK Anc (matched label),raw,300,0.9160333333333331,0.03396666666666681,0.009928383277260491,5.360819633174769,0.26101651716405255,6.106754167271563,0.2676330289970446,0.8165358684839121,0.027464965523574532
CaseStudy,Unobserved_Confounder,d10,UWYK Anc (matched label),raw,300,0.8778333333333332,0.07216666666666671,0.011063156922866222,4.349550996158018,0.20975869366723587,5.40883614472919,0.2317880471633617,0.8261902044702554,0.029546144357684462
CaseStudy,Unobserved_Confounder,d20,UWYK Anc (matched label),raw,300,0.9419000000000002,0.008099999999999774,0.006928860522354203,5.315069988376119,0.26810947060316587,5.687798089224463,0.26877720596712257,0.8189656667849571,0.028264126891526537
CaseStudy,Unobserved_Confounder,d30,UWYK Anc (matched label),raw,300,0.9884666666666667,0.03846666666666676,0.0018925856233947096,6.142643118351621,0.307914137811586,6.190467147132929,0.307054359605186,0.7815494442169826,0.026037792750007085
CaseStudy,Unobserved_Confounder,d40,UWYK Anc (matched label),raw,300,0.9959333333333334,0.04593333333333349,0.0012671946326774687,5.774740905817797,0.26230098287437165,5.789422222827767,0.26203849855231837,0.7711089814244471,0.025500530762575416
CaseStudy,Unobserved_Confounder,d50,UWYK Anc (matched label),raw,300,0.9989333333333333,0.048933333333333384,0.0006513742155137819,6.622396893963178,0.28277919209253494,6.62535461992906,0.2827055876381913,0.8102551398046505,0.025876866551609215
CaseStudy,Unobserved_Confounder,pooled,UWYK No-Anc (matched resolution),raw,1800,0.9959833333333334,0.04598333333333349,0.0004304006676681282,5.63528910892145,0.11976392726788083,5.659900230278988,0.11960853854105122,0.47964873591832,0.006870314456346804
CaseStudy,Unobserved_Confounder,shift-2,UWYK No-Anc (matched resolution),raw,600,0.9943333333333334,0.04433333333333345,0.000832247483988882,6.49709273132556,0.1959150270833768,6.536978585224531,0.19518512333500737,0.6386398250096339,0.00830977440862581
CaseStudy,Unobserved_Confounder,shift0,UWYK No-Anc (matched resolution),raw,600,0.9998166666666667,0.04981666666666673,0.0001091250340099469,3.9512004888213377,0.21041174074769264,3.95149739547081,0.21040491462063732,0.167470169729817,0.0063481621066517144
CaseStudy,Unobserved_Confounder,shift+2,UWYK No-Anc (matched resolution),raw,600,0.9937999999999999,0.04379999999999995,0.0009630571799672528,6.45757410661745,0.19868299519969332,6.491224710141623,0.19804326162340677,0.6328362130155091,0.008476955439224452
CaseStudy,Unobserved_Confounder,d5,UWYK No-Anc (matched resolution),raw,300,0.9903000000000001,0.040300000000000114,0.001909528416570457,5.085611885354729,0.24421606992337652,5.16286822113347,0.24350617992828288,0.51217671969907,0.01772402899438721
CaseStudy,Unobserved_Confounder,d10,UWYK No-Anc (matched resolution),raw,300,0.9929999999999999,0.04299999999999993,0.0012515319486557789,4.48146660473655,0.2132765146274745,4.518022871936292,0.21303303731985743,0.48837592256787316,0.01723373424172223
CaseStudy,Unobserved_Confounder,d20,UWYK No-Anc (matched resolution),raw,300,0.9961666666666665,0.04616666666666658,0.0009543169921941485,5.667785542171661,0.29956228147888236,5.6852455686059455,0.29928939876493177,0.5053511219635991,0.01762890166548314
CaseStudy,Unobserved_Confounder,d30,UWYK No-Anc (matched resolution),raw,300,0.9986666666666667,0.04866666666666675,0.0003544063553807967,6.393881577759509,0.33970742463675424,6.400415006797966,0.33955265034078774,0.4818963808302585,0.017022325280259862
CaseStudy,Unobserved_Confounder,d40,UWYK No-Anc (matched resolution),raw,300,0.9984999999999998,0.04849999999999988,0.0003691715392850054,5.893525963478836,0.3136333023599869,5.901074588286413,0.31348287583885465,0.4690193064946747,0.016580921269163048
CaseStudy,Unobserved_Confounder,d50,UWYK No-Anc (matched resolution),raw,300,0.9992666666666665,0.04926666666666657,0.000287972706085175,6.289463080027409,0.3164223234311104,6.29177512491384,0.3163631708221502,0.42107296395444477,0.01412442742942814
CaseStudy,Unobserved_Confounder,pooled,UWYK Anc (matched resolution),raw,1800,0.9994111111111111,0.04941111111111118,9.393927319110983e-05,4.369877671478965,0.117489999110912,4.3726590755513755,0.11748282281987397,0.23871131912292745,0.005103872004126267
CaseStudy,Unobserved_Confounder,shift-2,UWYK Anc (matched resolution),raw,600,0.9995666666666667,0.04956666666666676,0.00013226477775232263,4.595542985272382,0.19933981777079404,4.597379732040751,0.19935481636375452,0.2659692187021121,0.008943262817996966
CaseStudy,Unobserved_Confounder,shift0,UWYK Anc (matched resolution),raw,600,0.9995833333333334,0.049583333333333424,0.00014345131094731185,3.905812218066457,0.2075767894970881,3.906625340495141,0.20756470644610883,0.18248243114360826,0.007892667623234886
CaseStudy,Unobserved_Confounder,shift+2,UWYK Anc (matched resolution),raw,600,0.9990833333333334,0.04908333333333348,0.0002028993608205953,4.608277811098056,0.20250791571782806,4.613972154118236,0.20245646553481886,0.2676823075230619,0.009192959148232621
CaseStudy,Unobserved_Confounder,d5,UWYK Anc (matched resolution),raw,300,0.9980666666666668,0.04806666666666681,0.0004100013142250831,3.925896813922806,0.24789414763045334,3.9355279478998786,0.24796232499935703,0.3060776101150367,0.01892615764686091
CaseStudy,Unobserved_Confounder,d10,UWYK Anc (matched resolution),raw,300,0.9988666666666666,0.048866666666666614,0.00032397108660691494,3.1568526209860557,0.2099826022138944,3.1618888976572213,0.20996630569018776,0.21748936452940687,0.01110479523447472
CaseStudy,Unobserved_Confounder,d20,UWYK Anc (matched resolution),raw,300,0.9995999999999999,0.04959999999999998,0.00018141030565173405,4.245871322384619,0.2876327778002578,4.247551596898946,0.2876110576906339,0.22307535776094484,0.011071148366025732
CaseStudy,Unobserved_Confounder,d30,UWYK Anc (matched resolution),raw,300,1.0,0.050000000000000044,0.0,5.082042872654686,0.3336246779616808,5.082042872654686,0.3336246779616808,0.23059518316663594,0.011044046479851674
CaseStudy,Unobserved_Confounder,d40,UWYK Anc (matched resolution),raw,300,0.9999666666666667,0.049966666666666715,3.3333333333333355e-05,4.66357179438022,0.30519491513409175,4.663618346533147,0.30519359698240156,0.2186150861454713,0.010037103078178395
CaseStudy,Unobserved_Confounder,d50,UWYK Anc (matched resolution),raw,300,0.9999666666666667,0.049966666666666715,3.3333333333333355e-05,5.1450306045454015,0.30979518599940015,5.145324791664376,0.30978623845755743,0.23641531302006882,0.009721358334091925
CaseStudy,Unobserved_Confounder,pooled,UWYK-B No-Anc,raw,1800,0.9855111111111111,0.03551111111111116,0.0011721040841139476,6.101795749398679,0.12303454169089388,6.265517122328521,0.12325906089101274,0.6310387280561185,0.009401398424578565
CaseStudy,Unobserved_Confounder,shift-2,UWYK-B No-Anc,raw,600,0.9754833333333333,0.025483333333333302,0.002649460961615908,6.7320066462202535,0.20355306891643432,7.033250856559222,0.20370689698386113,0.8588749204439612,0.011805688086399079
CaseStudy,Unobserved_Confounder,shift0,UWYK-B No-Anc,raw,600,1.0,0.050000000000000044,0.0,4.851468269317168,0.2296508787617379,4.851468269317168,0.2296508787617379,0.21140382956886752,0.008066905165278101
CaseStudy,Unobserved_Confounder,shift+2,UWYK-B No-Anc,raw,600,0.98105,0.031050000000000022,0.002192488885381376,6.721912332658615,0.1957059758461527,6.91183224110917,0.19398926212492212,0.8228374341555267,0.012241736584063852
CaseStudy,Unobserved_Confounder,d5,UWYK-B No-Anc,raw,300,0.9658333333333333,0.015833333333333366,0.0051170160822521845,5.691080843176771,0.28974052298283587,6.200377011493503,0.3004279831909556,0.6829159488127838,0.023322277791298706
CaseStudy,Unobserved_Confounder,d10,UWYK-B No-Anc,raw,300,0.9695666666666667,0.019566666666666732,0.003940815870949235,4.907417569469905,0.2267786672201177,5.182789430838761,0.22739250530650926,0.6965553818903012,0.024575901478826396
CaseStudy,Unobserved_Confounder,d20,UWYK-B No-Anc,raw,300,0.9876333333333333,0.037633333333333296,0.001802449920343823,6.139024474049023,0.2965446010008893,6.255681444900211,0.2949659541911435,0.6881783879114751,0.023611924154310775
CaseStudy,Unobserved_Confounder,d30,UWYK-B No-Anc,raw,300,0.9943000000000001,0.04430000000000012,0.0008754868051789038,6.827327797013732,0.3341050036943589,6.873878057889433,0.33315113807740937,0.6763958973740508,0.023102787088876812
CaseStudy,Unobserved_Confounder,d40,UWYK-B No-Anc,raw,300,0.9959333333333332,0.04593333333333327,0.0006249964697038909,6.42887605625035,0.31232026568499066,6.461781722717347,0.3117212391544345,0.6367505585052888,0.02224983695974029
CaseStudy,Unobserved_Confounder,d50,UWYK-B No-Anc,raw,300,0.9998,0.049800000000000066,0.0001049499535665605,6.617047756432294,0.32501653828725263,6.618595066131864,0.32498792800861387,0.40543619384281115,0.015654577600010097
CaseStudy,Unobserved_Confounder,pooled,UWYK-B Anc,raw,1800,0.9994722222222223,0.04947222222222236,0.0001606747736931268,5.295274917919603,0.12580606219180562,5.2986022103815875,0.12578116184064358,0.28494722628293073,0.0052104871252822245
CaseStudy,Unobserved_Confounder,shift-2,UWYK-B Anc,raw,600,0.9990500000000001,0.04905000000000015,0.00038531220854303263,5.5349237152179205,0.2157459058121126,5.541102527380332,0.21566742948542858,0.33249507843466564,0.00932001012381563
CaseStudy,Unobserved_Confounder,shift0,UWYK-B Anc,raw,600,0.99995,0.04995000000000005,3.7242904632488934e-05,4.8794308507411355,0.23275084538224008,4.879607556920652,0.23274686124175128,0.22172526637855744,0.008526863987500268
CaseStudy,Unobserved_Confounder,shift+2,UWYK-B Anc,raw,600,0.9994166666666668,0.049416666666666886,0.00028647801508244864,5.471470187799751,0.20358627948236663,5.475096546843778,0.2035184927982845,0.3006213340355692,0.0086132039707908
CaseStudy,Unobserved_Confounder,d5,UWYK-B Anc,raw,300,0.9983333333333333,0.04833333333333334,0.0006607879039691619,4.683357008250727,0.31589834064351113,4.693169912764115,0.31575314717576664,0.30410246072451314,0.016079011340046027
CaseStudy,Unobserved_Confounder,d10,UWYK-B Anc,raw,300,0.9987666666666667,0.048766666666666736,0.0006878761090737278,3.9219052654193365,0.22851645773642415,3.930103205440445,0.22851502261557885,0.2459422298110991,0.011464592701952063
CaseStudy,Unobserved_Confounder,d20,UWYK-B Anc,raw,300,0.9998666666666668,0.04986666666666684,8.142177693922279e-05,5.24465152785128,0.2950102567764256,5.245883145015794,0.29498665713425976,0.28325678815173083,0.012458520833961746
CaseStudy,Unobserved_Confounder,d30,UWYK-B Anc,raw,300,0.9999000000000001,0.049900000000000166,7.443581928658484e-05,5.990939452182243,0.3388083023439471,5.991639115895737,0.33879748505772694,0.2870393636780611,0.012664004014148042
CaseStudy,Unobserved_Confounder,d40,UWYK-B Anc,raw,300,0.9999666666666667,0.049966666666666715,3.3333333333333355e-05,5.7175551186021485,0.31793640567001474,5.717576747961553,0.3179359501395693,0.28220799496208104,0.011471425700940927
CaseStudy,Unobserved_Confounder,d50,UWYK-B Anc,raw,300,1.0,0.050000000000000044,0.0,6.213241135211878,0.3222521842153042,6.213241135211878,0.3222521842153042,0.3071345203700994,0.011615781164648887
CaseStudy,Unobserved_Confounder,pooled,CausalPFN-C (matched label),raw,1800,0.9910499999999999,0.04104999999999992,0.0009347687914514916,2.6067236491075185,0.07104466935250317,2.6297552132078454,0.07094968431538633,0.20548257918220417,0.0052021239071222206
CaseStudy,Unobserved_Confounder,shift-2,CausalPFN-C (matched label),raw,600,0.9901166666666665,0.04011666666666658,0.0017018205523373002,2.6982530292226534,0.12940109995224058,2.7228691317539164,0.12917931841804933,0.21597297852406114,0.009207623009277953
CaseStudy,Unobserved_Confounder,shift0,CausalPFN-C (matched label),raw,600,0.9958999999999999,0.04589999999999994,0.0009659103214202419,2.435256966410366,0.10990454088901523,2.4469439256483554,0.10991444642239585,0.18627945066650947,0.008717620347831603
CaseStudy,Unobserved_Confounder,shift+2,CausalPFN-C (matched label),raw,600,0.9871333333333333,0.03713333333333335,0.0019943362580061934,2.686660951689537,0.12876052731244317,2.7194525822212645,0.12846385083928127,0.21419530835604184,0.009062373186135942
CaseStudy,Unobserved_Confounder,d5,CausalPFN-C (matched label),raw,300,0.9610000000000001,0.01100000000000012,0.00505984255574847,2.4667649241876433,0.17355113331967711,2.572558328513192,0.17315169156875163,0.2966967677133711,0.021655106925442088
CaseStudy,Unobserved_Confounder,d10,CausalPFN-C (matched label),raw,300,0.9941333333333333,0.04413333333333336,0.0011949105500387181,1.8404427141546587,0.10948020951739612,1.850296768435309,0.10930066248159373,0.18265760659874597,0.009240087632098284
CaseStudy,Unobserved_Confounder,d20,CausalPFN-C (matched label),raw,300,0.9986333333333335,0.04863333333333353,0.00038851497658500065,2.266926637861086,0.1304559339814788,2.269495229453724,0.130526093205937,0.16294158637357084,0.008248569349006096
CaseStudy,Unobserved_Confounder,d30,CausalPFN-C (matched label),raw,300,0.9987666666666667,0.048766666666666736,0.0003104222080191954,2.804119531037766,0.1682183716826227,2.8069713699339274,0.16812368936720815,0.19603281825865018,0.010563964465804541
CaseStudy,Unobserved_Confounder,d40,CausalPFN-C (matched label),raw,300,0.9964999999999999,0.046499999999999986,0.0006337321985212577,2.7963883862626577,0.18621615238670777,2.806662641029958,0.18591043271881516,0.18853352596883505,0.009770267754876317
CaseStudy,Unobserved_Confounder,d50,CausalPFN-C (matched label),raw,300,0.9972666666666665,0.04726666666666657,0.00043990810161551275,3.465699701141301,0.23447489653518466,3.472546941880961,0.23423967379564942,0.20603317018005174,0.010519111577387549
CaseStudy,Unobserved_Confounder,pooled,CausalPFN-C (matched resolution),raw,1800,0.9999666666666667,0.049966666666666715,1.5698191094251833e-05,4.684344253994938,0.09647482927319657,4.684400575875109,0.0964744909807321,0.3089680095536184,0.0062973970912920145
CaseStudy,Unobserved_Confounder,shift-2,CausalPFN-C (matched resolution),raw,600,1.0,0.050000000000000044,0.0,5.00601856472609,0.16198525193715285,5.00601856472609,0.16198525193715285,0.3349658309834452,0.010833164773474053
CaseStudy,Unobserved_Confounder,shift0,CausalPFN-C (matched resolution),raw,600,0.9999000000000001,0.049900000000000166,4.700252778577603e-05,3.9329695505104025,0.16534976706211332,3.9331385161509123,0.16534927038556863,0.2549687165294894,0.010655975732355518
CaseStudy,Unobserved_Confounder,shift+2,CausalPFN-C (matched resolution),raw,600,1.0,0.050000000000000044,0.0,5.114044646748323,0.1698719784905784,5.114044646748323,0.1698719784905784,0.33696948114792086,0.010913272528870449
CaseStudy,Unobserved_Confounder,d5,CausalPFN-C (matched resolution),raw,300,0.9998666666666668,0.04986666666666684,8.142177693922279e-05,4.2415825593976075,0.2053540911055848,4.241832409099931,0.2053543588617824,0.3710704067000331,0.023353888260215557
CaseStudy,Unobserved_Confounder,d10,CausalPFN-C (matched resolution),raw,300,0.9999333333333333,0.049933333333333385,4.706155586970113e-05,3.588986338113956,0.13369445735540306,3.589074419692652,0.13369041369778933,0.2660753348636162,0.009773976095119307
CaseStudy,Unobserved_Confounder,d20,CausalPFN-C (matched resolution),raw,300,1.0,0.050000000000000044,0.0,4.326980589771502,0.17797438267575505,4.326980589771502,0.17797438267575505,0.27520863599273865,0.010973966524034429
CaseStudy,Unobserved_Confounder,d30,CausalPFN-C (matched resolution),raw,300,1.0,0.050000000000000044,0.0,5.077710638458991,0.24374309901284746,5.077710638458991,0.24374309901284746,0.3113610536241515,0.014347986348470815
CaseStudy,Unobserved_Confounder,d40,CausalPFN-C (matched resolution),raw,300,1.0,0.050000000000000044,0.0,5.122372037886436,0.27310131433849977,5.122372037886436,0.27310131433849977,0.30524368281883035,0.01448840993848347
CaseStudy,Unobserved_Confounder,d50,CausalPFN-C (matched resolution),raw,300,1.0,0.050000000000000044,0.0,5.7484333603411395,0.3166132388657913,5.7484333603411395,0.3166132388657913,0.324848943322341,0.01518962274226223
CaseStudy,Unobserved_Confounder,pooled,"CausalPFN (two-stage, published)",raw,1800,0.9999833333333333,0.04998333333333338,9.617154191675635e-06,4.76821264315693,0.07713180722659323,4.768241995279182,0.07713120061079627,0.32706575033303087,0.006046637235365981
CaseStudy,Unobserved_Confounder,shift-2,"CausalPFN (two-stage, published)",raw,600,1.0,0.050000000000000044,0.0,5.163482990442783,0.1263354748011542,5.163482990442783,0.1263354748011542,0.35081848209210775,0.010161977858056417
CaseStudy,Unobserved_Confounder,shift0,"CausalPFN (two-stage, published)",raw,600,0.99995,0.04995000000000005,2.8819280320594343e-05,3.9551765686803857,0.1403312467933557,3.9552646250471404,0.1403290943352458,0.2772143074996642,0.01065108844815375
CaseStudy,Unobserved_Confounder,shift+2,"CausalPFN (two-stage, published)",raw,600,1.0,0.050000000000000044,0.0,5.18597837034762,0.12764862788291526,5.18597837034762,0.12764862788291526,0.35316446140732055,0.010319072833962979
CaseStudy,Unobserved_Confounder,d5,"CausalPFN (two-stage, published)",raw,300,0.9999666666666667,0.049966666666666715,3.3333333333333355e-05,4.752638048451661,0.21462177495462575,4.752749539500398,0.21461645577386,0.39224287059060153,0.023076902973799704
CaseStudy,Unobserved_Confounder,d10,"CausalPFN (two-stage, published)",raw,300,0.9999333333333333,0.049933333333333385,4.706155586970113e-05,4.042675710180613,0.13803456088409477,4.042740331865387,0.13803177233875288,0.28622993047328515,0.010036925205985222
CaseStudy,Unobserved_Confounder,d20,"CausalPFN (two-stage, published)",raw,300,1.0,0.050000000000000044,0.0,4.571733015515398,0.15587583301143604,4.571733015515398,0.15587583301143604,0.29729215963904,0.01072187769817491
CaseStudy,Unobserved_Confounder,d30,"CausalPFN (two-stage, published)",raw,300,1.0,0.050000000000000044,0.0,5.000761196696054,0.19394883011259492,5.000761196696054,0.19394883011259492,0.3316597452470094,0.01409685426040653
CaseStudy,Unobserved_Confounder,d40,"CausalPFN (two-stage, published)",raw,300,1.0,0.050000000000000044,0.0,4.876791870348922,0.19214154643444703,4.876791870348922,0.19214154643444703,0.3155474338646635,0.012633424340328525
CaseStudy,Unobserved_Confounder,d50,"CausalPFN (two-stage, published)",raw,300,1.0,0.050000000000000044,0.0,5.364676017748926,0.21799957518915114,5.364676017748926,0.21799957518915114,0.33942236218358535,0.013767820865635964
CaseStudy,Frontdoor_Criterion,pooled,Do-PFN 1D,raw,1800,1.0,0.050000000000000044,0.0,4.368805604623228,0.09342476298821067,4.368805604623228,0.09342476298821067,0.19927682131164198,0.0034553958367247815
CaseStudy,Frontdoor_Criterion,shift-2,Do-PFN 1D,raw,600,1.0,0.050000000000000044,0.0,4.368805604623228,0.16190645923974206,4.368805604623228,0.16190645923974206,0.19927682131164198,0.005988250730338516
CaseStudy,Frontdoor_Criterion,shift0,Do-PFN 1D,raw,600,1.0,0.050000000000000044,0.0,4.368805604623228,0.16190645923974206,4.368805604623228,0.16190645923974206,0.19927682131164198,0.005988250730338516
CaseStudy,Frontdoor_Criterion,shift+2,Do-PFN 1D,raw,600,1.0,0.050000000000000044,0.0,4.368805604623228,0.16190645923974206,4.368805604623228,0.16190645923974206,0.19927682131164198,0.005988250730338516
CaseStudy,Frontdoor_Criterion,d5,Do-PFN 1D,raw,300,1.0,0.050000000000000044,0.0,0.5732159605277836,0.021727371886712626,0.5732159605277836,0.021727371886712626,0.034915799414066605,0.0013443892321868196
CaseStudy,Frontdoor_Criterion,d10,Do-PFN 1D,raw,300,1.0,0.050000000000000044,0.0,3.926944443913466,0.2129705414806948,3.926944443913466,0.2129705414806948,0.19683091239604036,0.008060630572250932
CaseStudy,Frontdoor_Criterion,d20,Do-PFN 1D,raw,300,1.0,0.050000000000000044,0.0,5.629599303345796,0.25868228688449657,5.629599303345796,0.25868228688449657,0.23655337176322802,0.008443525314763905
CaseStudy,Frontdoor_Criterion,d30,Do-PFN 1D,raw,300,1.0,0.050000000000000044,0.0,4.9216627645836395,0.15428314173260216,4.9216627645836395,0.15428314173260216,0.22986718608125875,0.006443895240403727
CaseStudy,Frontdoor_Criterion,d40,Do-PFN 1D,raw,300,1.0,0.050000000000000044,0.0,6.016984430603609,0.26235641903435736,6.016984430603609,0.26235641903435736,0.25651894458648417,0.008817312230497401
CaseStudy,Frontdoor_Criterion,d50,Do-PFN 1D,raw,300,1.0,0.050000000000000044,0.0,5.144426724765073,0.20842278338437126,5.144426724765073,0.20842278338437126,0.24097471362877398,0.007665888411783844
CaseStudy,Frontdoor_Criterion,pooled,Do-PFN 2D,raw,1800,0.9982666666666667,0.04826666666666679,0.0008766827612229993,1.8102052004742304,0.039902463803607055,1.8187736027309098,0.04014322919848955,0.08089124043267128,0.0022628856019633
CaseStudy,Frontdoor_Criterion,shift-2,Do-PFN 2D,raw,600,0.9982666666666667,0.04826666666666679,0.0015193038462837484,1.8102052004742306,0.06915154422387179,1.8187736027309098,0.06956879411936043,0.08089124043267128,0.003921613325630844
CaseStudy,Frontdoor_Criterion,shift0,Do-PFN 2D,raw,600,0.9982666666666667,0.04826666666666679,0.0015193038462837484,1.8102052004742306,0.06915154422387179,1.8187736027309098,0.06956879411936043,0.08089124043267128,0.003921613325630844
CaseStudy,Frontdoor_Criterion,shift+2,Do-PFN 2D,raw,600,0.9982666666666667,0.04826666666666679,0.0015193038462837484,1.8102052004742306,0.06915154422387179,1.8187736027309098,0.06956879411936043,0.08089124043267128,0.003921613325630844
CaseStudy,Frontdoor_Criterion,d5,Do-PFN 2D,raw,300,0.9994000000000002,0.04940000000000022,0.00015984942747749518,1.0970712369370113,0.050053440115808215,1.1051849694952933,0.05138974440467449,0.06784982669706012,0.004606312015764792
CaseStudy,Frontdoor_Criterion,d10,Do-PFN 2D,raw,300,0.9902,0.040200000000000014,0.00524004391209357,1.5718364690648676,0.08787812813728645,1.6151331500466624,0.09157216545299021,0.08410194900925749,0.006615732126136726
CaseStudy,Frontdoor_Criterion,d20,Do-PFN 2D,raw,300,1.0,0.050000000000000044,0.0,2.108722297051225,0.11441246655663334,2.108722297051225,0.11441246655663334,0.09827553479951086,0.007073323158490829
CaseStudy,Frontdoor_Criterion,d30,Do-PFN 2D,raw,300,1.0,0.050000000000000044,0.0,1.7996623024623342,0.0725724589535312,1.7996623024623342,0.0725724589535312,0.07609075934327801,0.00409333845873684
CaseStudy,Frontdoor_Criterion,d40,Do-PFN 2D,raw,300,1.0,0.050000000000000044,0.0,2.361906066813569,0.12242285589551952,2.361906066813569,0.12242285589551952,0.08865050305733752,0.005516141658665082
CaseStudy,Frontdoor_Criterion,d50,Do-PFN 2D,raw,300,1.0,0.050000000000000044,0.0,1.9220328305163739,0.10323683247199014,1.9220328305163739,0.10323683247199014,0.07037886968958365,0.004515969769017166
CaseStudy,Frontdoor_Criterion,pooled,Do-PFN 2D (262k),raw,1800,0.9935333333333334,0.043533333333333424,0.001582664253080194,1.5243685292103455,0.03189564955128794,1.5385577405802884,0.03214002912373214,0.08480927851123267,0.0025878591503289933
CaseStudy,Frontdoor_Criterion,shift-2,Do-PFN 2D (262k),raw,600,0.9935333333333332,0.0435333333333332,0.0027427799352711317,1.5243685292103453,0.05527561985522361,1.5385577405802884,0.0556991331724579,0.0848092785112327,0.004484797163400965
CaseStudy,Frontdoor_Criterion,shift0,Do-PFN 2D (262k),raw,600,0.9935333333333332,0.0435333333333332,0.0027427799352711317,1.5243685292103453,0.05527561985522361,1.5385577405802884,0.0556991331724579,0.0848092785112327,0.004484797163400965
CaseStudy,Frontdoor_Criterion,shift+2,Do-PFN 2D (262k),raw,600,0.9935333333333332,0.0435333333333332,0.0027427799352711317,1.5243685292103453,0.05527561985522361,1.5385577405802884,0.0556991331724579,0.0848092785112327,0.004484797163400965
CaseStudy,Frontdoor_Criterion,d5,Do-PFN 2D (262k),raw,300,0.9991000000000001,0.049100000000000144,0.00020191391920625686,1.0789064971514093,0.04810461928590675,1.084029448217416,0.04878271568339078,0.07205252875138156,0.004969013258264664
CaseStudy,Frontdoor_Criterion,d10,Do-PFN 2D (262k),raw,300,0.9843999999999999,0.034399999999999986,0.006042945526434231,1.4742248493344179,0.07551830660489897,1.5039379726825104,0.07704447370440076,0.08745314895834269,0.007057393887605256
CaseStudy,Frontdoor_Criterion,d20,Do-PFN 2D (262k),raw,300,0.9795,0.02950000000000008,0.007169414318634458,1.7826269120555926,0.09172069471838197,1.8276564972948457,0.0927469320449608,0.10147107356563768,0.008362441226536016
CaseStudy,Frontdoor_Criterion,d30,Do-PFN 2D (262k),raw,300,1.0,0.050000000000000044,0.0,1.467216817374406,0.05808180733317318,1.467216817374406,0.05808180733317318,0.08328885247606471,0.005452076826728362
CaseStudy,Frontdoor_Criterion,d40,Do-PFN 2D (262k),raw,300,0.9982,0.04820000000000002,0.001035748965595642,1.845103059828731,0.09567745821458695,1.8503726683950374,0.095715885656408,0.09400620345030382,0.006828947416467527
CaseStudy,Frontdoor_Criterion,d50,Do-PFN 2D (262k),raw,300,1.0,0.050000000000000044,0.0,1.4981330395175148,0.08072295359417031,1.4981330395175148,0.08072295359417031,0.07058386386566566,0.00430266826777133
CaseStudy,Frontdoor_Criterion,pooled,"Do-PFN 2D (262k, T=1)",raw,1800,0.9970666666666665,0.04706666666666659,0.0008521612178901464,1.6443711660614546,0.035175387576206626,1.6492874355572087,0.03520750084249795,0.08652738392731117,0.0025399058251881455
CaseStudy,Frontdoor_Criterion,shift-2,"Do-PFN 2D (262k, T=1)",raw,600,0.9970666666666667,0.0470666666666667,0.001476807658665728,1.6443711660614546,0.06095945306886033,1.6492874355572087,0.06101510582165894,0.08652738392731117,0.004401693360576156
CaseStudy,Frontdoor_Criterion,shift0,"Do-PFN 2D (262k, T=1)",raw,600,0.9970666666666667,0.0470666666666667,0.001476807658665728,1.6443711660614546,0.06095945306886033,1.6492874355572087,0.06101510582165894,0.08652738392731117,0.004401693360576156
CaseStudy,Frontdoor_Criterion,shift+2,"Do-PFN 2D (262k, T=1)",raw,600,0.9970666666666667,0.0470666666666667,0.001476807658665728,1.6443711660614546,0.06095945306886033,1.6492874355572087,0.06101510582165894,0.08652738392731117,0.004401693360576156
CaseStudy,Frontdoor_Criterion,d5,"Do-PFN 2D (262k, T=1)",raw,300,0.9992,0.04920000000000002,0.00017693034738587669,1.097843182613905,0.04870589393767858,1.1012578619856475,0.04911037485841808,0.07066915173787972,0.004827279602214261
CaseStudy,Frontdoor_Criterion,d10,"Do-PFN 2D (262k, T=1)",raw,300,0.9941000000000001,0.04410000000000014,0.0029478125215500655,1.578888924641285,0.08317499906514024,1.5889080148150623,0.08339147785016854,0.08909005245031323,0.006883484965084725
CaseStudy,Frontdoor_Criterion,d20,"Do-PFN 2D (262k, T=1)",raw,300,0.9896999999999999,0.03969999999999996,0.004131982283598665,1.9414037290430357,0.1015560472317101,1.9563983799243057,0.10150853311861985,0.10402711588572063,0.0081362015270289
CaseStudy,Frontdoor_Criterion,d30,"Do-PFN 2D (262k, T=1)",raw,300,1.0,0.050000000000000044,0.0,1.5951642122942025,0.0637186887761909,1.5951642122942025,0.0637186887761909,0.08523882484139106,0.005355680905091655
CaseStudy,Frontdoor_Criterion,d40,"Do-PFN 2D (262k, T=1)",raw,300,0.9994,0.0494,0.00034524965519854744,2.01930693450522,0.10563953920221664,2.0203761310529544,0.10563657117181846,0.09673396073054111,0.006735554228965655
CaseStudy,Frontdoor_Criterion,d50,"Do-PFN 2D (262k, T=1)",raw,300,1.0,0.050000000000000044,0.0,1.6336200132710799,0.08975765655258737,1.6336200132710799,0.08975765655258737,0.07340519791802133,0.004374557509641372
CaseStudy,Frontdoor_Criterion,pooled,UWYK 1D (noanc),raw,1800,0.9996833333333334,0.04968333333333341,0.00017335968143980274,4.231616523615909,0.12596627459397136,4.231888612986731,0.1259620267112447,0.17934019019592692,0.00454886483900943
CaseStudy,Frontdoor_Criterion,shift-2,UWYK 1D (noanc),raw,600,0.9996833333333333,0.0496833333333333,0.0003004348236921942,4.23161652361591,0.21830136733346178,4.231888612986731,0.21829400569154225,0.1793401901959269,0.007883248253325667
CaseStudy,Frontdoor_Criterion,shift0,UWYK 1D (noanc),raw,600,0.9996833333333333,0.0496833333333333,0.0003004348236921942,4.23161652361591,0.21830136733346178,4.231888612986731,0.21829400569154225,0.1793401901959269,0.007883248253325667
CaseStudy,Frontdoor_Criterion,shift+2,UWYK 1D (noanc),raw,600,0.9996833333333333,0.0496833333333333,0.0003004348236921942,4.23161652361591,0.21830136733346178,4.231888612986731,0.21829400569154225,0.1793401901959269,0.007883248253325667
CaseStudy,Frontdoor_Criterion,d5,UWYK 1D (noanc),raw,300,0.9981,0.04810000000000003,0.0010367656163009138,2.7358826361237343,0.2329530011073471,2.73751517234867,0.2329051168854321,0.13292160759552113,0.00975487453682688
CaseStudy,Frontdoor_Criterion,d10,UWYK 1D (noanc),raw,300,1.0,0.050000000000000044,0.0,3.4716062070577687,0.3089148949098434,3.4716062070577687,0.3089148949098434,0.14904365947151912,0.011696384808519726
CaseStudy,Frontdoor_Criterion,d20,UWYK 1D (noanc),raw,300,1.0,0.050000000000000044,0.0,5.234915609256356,0.3649090565915191,5.234915609256356,0.3649090565915191,0.2092602127859583,0.01316335801531326
CaseStudy,Frontdoor_Criterion,d30,UWYK 1D (noanc),raw,300,1.0,0.050000000000000044,0.0,3.92090396254541,0.22642668708473335,3.92090396254541,0.22642668708473335,0.1670609002352225,0.0078054586873832444
CaseStudy,Frontdoor_Criterion,d40,UWYK 1D (noanc),raw,300,1.0,0.050000000000000044,0.0,5.615589294320101,0.3683626328865183,5.615589294320101,0.3683626328865183,0.224574397980523,0.012488861033581334
CaseStudy,Frontdoor_Criterion,d50,UWYK 1D (noanc),raw,300,1.0,0.050000000000000044,0.0,4.410801432392085,0.28877493345141636,4.410801432392085,0.28877493345141636,0.1931803631068173,0.010178514745413874
CaseStudy,Frontdoor_Criterion,pooled,UWYK 1D (v3a),raw,1800,0.9995333333333333,0.04953333333333332,0.00026928031736691763,3.798952817022473,0.11650908996305527,3.7993719560054924,0.11650272298129527,0.16890484721573085,0.004407428948388697
CaseStudy,Frontdoor_Criterion,shift-2,UWYK 1D (v3a),raw,600,0.9995333333333334,0.04953333333333343,0.00046666666666666677,3.798952817022473,0.20191193021857878,3.799371956005492,0.201900896147527,0.16890484721573085,0.007638137818710896
CaseStudy,Frontdoor_Criterion,shift0,UWYK 1D (v3a),raw,600,0.9995333333333334,0.04953333333333343,0.00046666666666666677,3.798952817022473,0.20191193021857878,3.799371956005492,0.201900896147527,0.16890484721573085,0.007638137818710896
CaseStudy,Frontdoor_Criterion,shift+2,UWYK 1D (v3a),raw,600,0.9995333333333334,0.04953333333333343,0.00046666666666666677,3.798952817022473,0.20191193021857878,3.799371956005492,0.201900896147527,0.16890484721573085,0.007638137818710896
CaseStudy,Frontdoor_Criterion,d5,UWYK 1D (v3a),raw,300,0.9971999999999999,0.04719999999999991,0.0016111650575932196,2.1554586888400857,0.1744270067587939,2.1579735227382013,0.1743526641831476,0.11977576127928058,0.008658228723428186
CaseStudy,Frontdoor_Criterion,d10,UWYK 1D (v3a),raw,300,1.0,0.050000000000000044,0.0,3.0419777299203514,0.28090636758750126,3.0419777299203514,0.28090636758750126,0.1372317396217986,0.010948346258091815
CaseStudy,Frontdoor_Criterion,d20,UWYK 1D (v3a),raw,300,1.0,0.050000000000000044,0.0,4.855492381306375,0.34937785986881353,4.855492381306375,0.34937785986881353,0.1981778671866765,0.012739103530140055
CaseStudy,Frontdoor_Criterion,d30,UWYK 1D (v3a),raw,300,1.0,0.050000000000000044,0.0,3.5668696998058076,0.21004843194571524,3.5668696998058076,0.21004843194571524,0.15730019387029728,0.007621689151582216
CaseStudy,Frontdoor_Criterion,d40,UWYK 1D (v3a),raw,300,1.0,0.050000000000000044,0.0,5.182366915229638,0.34659538844298954,5.182366915229638,0.34659538844298954,0.21696406762436363,0.012459317905654538
CaseStudy,Frontdoor_Criterion,d50,UWYK 1D (v3a),raw,300,1.0,0.050000000000000044,0.0,3.991551487032582,0.2701925161739796,3.991551487032582,0.2701925161739796,0.18397945371196842,0.01037280875733486
CaseStudy,Frontdoor_Criterion,pooled,UWYK 2D (noanc),raw,1800,0.99955,0.049550000000000094,0.00015573318735541324,2.533104981852545,0.04148247434646903,2.534584359039628,0.04145012577771539,0.11661892729091045,0.002570086235376886
CaseStudy,Frontdoor_Criterion,shift-2,UWYK 2D (noanc),raw,600,0.99955,0.049550000000000094,0.000269887855685715,2.533104981852545,0.07188972524113084,2.534584359039628,0.0718336647057775,0.11661892729091046,0.004453996445922797
CaseStudy,Frontdoor_Criterion,shift0,UWYK 2D (noanc),raw,600,0.99955,0.049550000000000094,0.000269887855685715,2.533104981852545,0.07188972524113084,2.534584359039628,0.0718336647057775,0.11661892729091046,0.004453996445922797
CaseStudy,Frontdoor_Criterion,shift+2,UWYK 2D (noanc),raw,600,0.99955,0.049550000000000094,0.000269887855685715,2.533104981852545,0.07188972524113084,2.534584359039628,0.0718336647057775,0.11661892729091046,0.004453996445922797
CaseStudy,Frontdoor_Criterion,d5,UWYK 2D (noanc),raw,300,1.0,0.050000000000000044,0.0,2.9604918353523235,0.11241193740642352,2.9604918353523235,0.11241193740642352,0.18715496431162726,0.009138934181747237
CaseStudy,Frontdoor_Criterion,d10,UWYK 2D (noanc),raw,300,1.0,0.050000000000000044,0.0,2.508043682866728,0.1104316043645651,2.508043682866728,0.1104316043645651,0.12108043392711747,0.00643892634838753
CaseStudy,Frontdoor_Criterion,d20,UWYK 2D (noanc),raw,300,0.9995999999999999,0.04959999999999998,0.0001619281809505474,2.247147440303363,0.08977156514229362,2.2495094406659217,0.08972222676737339,0.10199835917576815,0.005405666906493131
CaseStudy,Frontdoor_Criterion,d30,UWYK 2D (noanc),raw,300,0.9998000000000001,0.04980000000000018,0.00011508321839951581,2.1942334352214954,0.06895037320290838,2.194640906137303,0.06891374210780607,0.09033458517933998,0.003767367726352702
CaseStudy,Frontdoor_Criterion,d40,UWYK 2D (noanc),raw,300,0.9994,0.0494,0.000292835292205711,2.6725910622499494,0.12431783852740193,2.6734917405165866,0.12426373743472416,0.09862304334083241,0.005211373237306078
CaseStudy,Frontdoor_Criterion,d50,UWYK 2D (noanc),raw,300,0.9984999999999998,0.04849999999999988,0.000863124137996368,2.6161224351214103,0.08753877149716087,2.6213285486989046,0.08715035558516035,0.10052217781077741,0.004606606633352179
CaseStudy,Frontdoor_Criterion,pooled,UWYK 2D (v3a),raw,1800,0.9994833333333334,0.049483333333333435,0.0001303486343434494,3.0039366081167187,0.04688968160246945,3.0052121942357255,0.04686391463799193,0.13819443389807912,0.002746030854837049
CaseStudy,Frontdoor_Criterion,shift-2,UWYK 2D (v3a),raw,600,0.9994833333333334,0.049483333333333435,0.000225896059869554,3.0039366081167183,0.08126049326015106,3.005212194235726,0.08121583873975975,0.13819443389807914,0.0047589110044181015
CaseStudy,Frontdoor_Criterion,shift0,UWYK 2D (v3a),raw,600,0.9994833333333334,0.049483333333333435,0.000225896059869554,3.0039366081167183,0.08126049326015106,3.005212194235726,0.08121583873975975,0.13819443389807914,0.0047589110044181015
CaseStudy,Frontdoor_Criterion,shift+2,UWYK 2D (v3a),raw,600,0.9994833333333334,0.049483333333333435,0.000225896059869554,3.0039366081167183,0.08126049326015106,3.005212194235726,0.08121583873975975,0.13819443389807914,0.0047589110044181015
CaseStudy,Frontdoor_Criterion,d5,UWYK 2D (v3a),raw,300,0.9991000000000001,0.049100000000000144,0.00038443808622516635,3.011868489190437,0.11514072715983671,3.0136663940263158,0.11514620395204442,0.20032284342449547,0.010165465629980478
CaseStudy,Frontdoor_Criterion,d10,UWYK 2D (v3a),raw,300,1.0,0.050000000000000044,0.0,2.8844869465752905,0.11799174271927056,2.8844869465752905,0.11799174271927056,0.13466677339141375,0.006091361562088311
CaseStudy,Frontdoor_Criterion,d20,UWYK 2D (v3a),raw,300,0.9997,0.04970000000000008,0.0001281460287417221,2.7914014802286355,0.10840010247366914,2.7926492988658578,0.1083495692176443,0.12212490986361005,0.005825250139887382
CaseStudy,Frontdoor_Criterion,d30,UWYK 2D (v3a),raw,300,0.9999000000000001,0.049900000000000166,5.754160919975792e-05,2.859635674115892,0.08668276097901262,2.859732445336705,0.086673779899553,0.1163732881100749,0.004506505394207361
CaseStudy,Frontdoor_Criterion,d40,UWYK 2D (v3a),raw,300,0.9988999999999999,0.048899999999999944,0.0005293714326561023,3.2440913515687275,0.14121273882523627,3.246191366108602,0.1410746320530645,0.12506372190949233,0.006079657640922776
CaseStudy,Frontdoor_Criterion,d50,UWYK 2D (v3a),raw,300,0.9993000000000001,0.04930000000000012,0.0004027912643983047,3.2321357070213264,0.11113532860264921,3.2345467145015823,0.11094497438621968,0.13061506668938824,0.004939582534817278
CaseStudy,Frontdoor_Criterion,pooled,CausalPFN 1D,raw,1800,0.9983666666666667,0.04836666666666678,0.00021990812282427427,1.2410022373703304,0.050783792554271054,1.250967162548992,0.051027957961265566,0.08537222473338521,0.0031462443348780613
CaseStudy,Frontdoor_Criterion,shift-2,CausalPFN 1D,raw,600,0.9983666666666666,0.04836666666666667,0.00038110394274192076,1.2410022373703304,0.08800904360084029,1.250967162548992,0.08843218576626706,0.08537222473338521,0.0054524867269664405
CaseStudy,Frontdoor_Criterion,shift0,CausalPFN 1D,raw,600,0.9983666666666666,0.04836666666666667,0.00038110394274192076,1.2410022373703304,0.08800904360084029,1.250967162548992,0.08843218576626706,0.08537222473338521,0.0054524867269664405
CaseStudy,Frontdoor_Criterion,shift+2,CausalPFN 1D,raw,600,0.9983666666666666,0.04836666666666667,0.00038110394274192076,1.2410022373703304,0.08800904360084029,1.250967162548992,0.08843218576626706,0.08537222473338521,0.0054524867269664405
CaseStudy,Frontdoor_Criterion,d5,CausalPFN 1D,raw,300,0.9971999999999999,0.04719999999999991,0.0006748219138295788,0.5865436424733061,0.03272189629597177,0.5966761543440807,0.03431750723112612,0.04799300153990485,0.003217750205036497
CaseStudy,Frontdoor_Criterion,d10,CausalPFN 1D,raw,300,0.996,0.04600000000000004,0.0010345212002237432,0.6973027441544427,0.06171759039911645,0.7447573696809644,0.06944242315639879,0.0635341542499817,0.006560822703906909
CaseStudy,Frontdoor_Criterion,d20,CausalPFN 1D,raw,300,1.0,0.050000000000000044,0.0,1.49952164912736,0.1195325683697423,1.49952164912736,0.1195325683697423,0.10938417616833748,0.00876780137117321
CaseStudy,Frontdoor_Criterion,d30,CausalPFN 1D,raw,300,0.9993000000000001,0.04930000000000012,0.00022029168866220437,1.0107163489573212,0.08064307843851133,1.0110618912726665,0.08063188805052314,0.07602606362348865,0.006064734527609969
CaseStudy,Frontdoor_Criterion,d40,CausalPFN 1D,raw,300,0.9998000000000001,0.04980000000000018,8.096409047527371e-05,2.011997415865559,0.17522388371259998,2.012147797696014,0.17521942508648192,0.12481371990267585,0.010571750951650074
CaseStudy,Frontdoor_Criterion,d50,CausalPFN 1D,raw,300,0.9979,0.047900000000000054,0.00034982078545992587,1.6399316236439943,0.17715990404598858,1.6416381131728677,0.1771228533654348,0.09048223291592272,0.008047224942431569
CaseStudy,Frontdoor_Criterion,pooled,CausalPFN 2D,raw,1800,0.9994666666666666,0.04946666666666666,0.00014732917561040523,2.4705565556523106,0.04773709376218476,2.4768005634333825,0.04784865558753956,0.1493646761332817,0.003388112000834134
CaseStudy,Frontdoor_Criterion,shift-2,CausalPFN 2D,raw,600,0.9994666666666667,0.04946666666666677,0.00025532358234401915,2.4705565556523106,0.0827290707326304,2.4768005634333825,0.08292240898206005,0.14936467613328172,0.005871646874094349
CaseStudy,Frontdoor_Criterion,shift0,CausalPFN 2D,raw,600,0.9994666666666667,0.04946666666666677,0.00025532358234401915,2.4705565556523106,0.0827290707326304,2.4768005634333825,0.08292240898206005,0.14936467613328172,0.005871646874094349
CaseStudy,Frontdoor_Criterion,shift+2,CausalPFN 2D,raw,600,0.9994666666666667,0.04946666666666677,0.00025532358234401915,2.4705565556523106,0.0827290707326304,2.4768005634333825,0.08292240898206005,0.14936467613328172,0.005871646874094349
CaseStudy,Frontdoor_Criterion,d5,CausalPFN 2D,raw,300,0.9981,0.04810000000000003,0.0007346876113611998,2.273495479717503,0.11046522601851005,2.2932390087402985,0.11107032777577508,0.13486194687368372,0.0070573148318027485
CaseStudy,Frontdoor_Criterion,d10,CausalPFN 2D,raw,300,0.9998000000000001,0.04980000000000018,8.09640904752737e-05,2.2948010278582616,0.1142560066350732,2.297384698300052,0.11437480800909164,0.12869980313237597,0.0071557864450202515
CaseStudy,Frontdoor_Criterion,d20,CausalPFN 2D,raw,300,1.0,0.050000000000000044,0.0,2.7189517746305962,0.1314290114619177,2.7189517746305962,0.1314290114619177,0.1655430706161386,0.009263417868418737
CaseStudy,Frontdoor_Criterion,d30,CausalPFN 2D,raw,300,0.9992,0.04920000000000002,0.00046033287359806263,2.2894906659176466,0.08060842785826236,2.3028712872503094,0.08230774937294659,0.14141922977075236,0.0067771054596073325
CaseStudy,Frontdoor_Criterion,d40,CausalPFN 2D,raw,300,0.9998000000000001,0.04980000000000018,0.00011508321839951581,2.878382021265318,0.14289081512541466,2.8795758827396054,0.1428617112049942,0.18258101043800307,0.010843136845774886
CaseStudy,Frontdoor_Criterion,d50,CausalPFN 2D,raw,300,0.9999000000000001,0.049900000000000166,5.754160919975792e-05,2.3682183645245374,0.10807387226446692,2.368780728939434,0.10805753042981957,0.14308299596873658,0.0075526030490161876
CaseStudy,Frontdoor_Criterion,pooled,Do-PFN (matched label),raw,1800,0.9989,0.048900000000000055,0.00022873523405971384,4.6712801668296295,0.1057879920459879,4.684958725598695,0.1055396587790815,0.21118885520798708,0.003936090822407018
CaseStudy,Frontdoor_Criterion,shift-2,Do-PFN (matched label),raw,600,0.9989,0.048900000000000055,0.0003964014535916482,4.6712801668296295,0.1833321131829819,4.684958725598694,0.18290174805632567,0.21118885520798708,0.0068213020608078314
CaseStudy,Frontdoor_Criterion,shift0,Do-PFN (matched label),raw,600,0.9989,0.048900000000000055,0.0003964014535916482,4.6712801668296295,0.1833321131829819,4.684958725598694,0.18290174805632567,0.21118885520798708,0.0068213020608078314
CaseStudy,Frontdoor_Criterion,shift+2,Do-PFN (matched label),raw,600,0.9989,0.048900000000000055,0.0003964014535916482,4.6712801668296295,0.1833321131829819,4.684958725598694,0.18290174805632567,0.21118885520798708,0.0068213020608078314
CaseStudy,Frontdoor_Criterion,d5,Do-PFN (matched label),raw,300,0.9938999999999999,0.04389999999999994,0.0013235580909302356,0.4416139557065249,0.015190440693037953,0.5224407178402495,0.024890994108209084,0.03364469396964471,0.001403448630546542
CaseStudy,Frontdoor_Criterion,d10,Do-PFN (matched label),raw,300,0.9995999999999999,0.04959999999999998,0.00018141030565173405,3.6745851990444196,0.218165213509542,3.675563998161283,0.21815042176752425,0.19754691868300397,0.009203802796316328
CaseStudy,Frontdoor_Criterion,d20,Do-PFN (matched label),raw,300,0.9999000000000001,0.049900000000000166,5.754160919975792e-05,6.011222453226881,0.27794783628485903,6.0114882445906845,0.2779404785741871,0.2553377407720739,0.009768825321224172
CaseStudy,Frontdoor_Criterion,d30,Do-PFN (matched label),raw,300,1.0,0.050000000000000044,0.0,5.26454980832864,0.17597505921780054,5.26454980832864,0.17597505921780054,0.2409932811908241,0.007070453056946671
CaseStudy,Frontdoor_Criterion,d40,Do-PFN (matched label),raw,300,1.0,0.050000000000000044,0.0,6.807027831320187,0.30897007268654136,6.807027831320187,0.30897007268654136,0.2804086099913336,0.01035874716294052
CaseStudy,Frontdoor_Criterion,d50,Do-PFN (matched label),raw,300,1.0,0.050000000000000044,0.0,5.828681753351125,0.24983531747949664,5.828681753351125,0.24983531747949664,0.25920188664104227,0.00897885950924
CaseStudy,Frontdoor_Criterion,pooled,Do-PFN (matched resolution),raw,1800,0.9972166666666666,0.047216666666666685,0.00048111629173343284,16.34662123935713,0.1944984598156108,16.491143517846183,0.1958768906570657,0.4177187841916543,0.004793356329099473
CaseStudy,Frontdoor_Criterion,shift-2,Do-PFN (matched resolution),raw,600,0.9972166666666668,0.047216666666666796,0.000833781459921334,16.34662123935713,0.33706863093998557,16.491143517846183,0.3394574714326822,0.41771878419165437,0.008306955525451394
CaseStudy,Frontdoor_Criterion,shift0,Do-PFN (matched resolution),raw,600,0.9972166666666668,0.047216666666666796,0.000833781459921334,16.34662123935713,0.33706863093998557,16.491143517846183,0.3394574714326822,0.41771878419165437,0.008306955525451394
CaseStudy,Frontdoor_Criterion,shift+2,Do-PFN (matched resolution),raw,600,0.9972166666666668,0.047216666666666796,0.000833781459921334,16.34662123935713,0.33706863093998557,16.491143517846183,0.3394574714326822,0.41771878419165437,0.008306955525451394
CaseStudy,Frontdoor_Criterion,d5,Do-PFN (matched resolution),raw,300,0.9835000000000003,0.03350000000000031,0.0027558087026045854,2.27656748326735,0.07544953408273934,3.14075824921713,0.32332820198431506,0.18619247809093195,0.01229489319706752
CaseStudy,Frontdoor_Criterion,d10,Do-PFN (matched resolution),raw,300,0.9998000000000001,0.04980000000000018,8.096409047527371e-05,12.08174551428212,0.27371481462662844,12.084688419266651,0.273559709334565,0.42219808666303105,0.013198880386455999
CaseStudy,Frontdoor_Criterion,d20,Do-PFN (matched resolution),raw,300,1.0,0.050000000000000044,0.0,19.36498870524943,0.30176134415062117,19.36498870524943,0.30176134415062117,0.460536113782937,0.008615686058552388
CaseStudy,Frontdoor_Criterion,d30,Do-PFN (matched resolution),raw,300,1.0,0.050000000000000044,0.0,20.104945113538427,0.2154277746847281,20.104945113538427,0.2154277746847281,0.46778996484476504,0.007439215280530565
CaseStudy,Frontdoor_Criterion,d40,Do-PFN (matched resolution),raw,300,1.0,0.050000000000000044,0.0,22.45987064241467,0.26860506336529283,22.45987064241467,0.26860506336529283,0.49033665836439905,0.009057015027613866
CaseStudy,Frontdoor_Criterion,d50,Do-PFN (matched resolution),raw,300,1.0,0.050000000000000044,0.0,21.79160997739079,0.22504996688708873,21.79160997739079,0.22504996688708873,0.47925940340386186,0.008264914495068667
CaseStudy,Frontdoor_Criterion,pooled,"Do-PFN (matched resolution, 262k, T=1)",raw,1800,0.9974000000000001,0.04740000000000011,0.00043997068981157595,17.768585375923585,0.20550816004170047,17.927012946270132,0.2071748307929372,0.4533045628622568,0.005024095533182279
CaseStudy,Frontdoor_Criterion,shift-2,"Do-PFN (matched resolution, 262k, T=1)",raw,600,0.9974000000000001,0.04740000000000011,0.0007624755394418095,17.76858537592359,0.3561485999319551,17.927012946270132,0.3590369643379234,0.45330456286225684,0.008706829887943034
CaseStudy,Frontdoor_Criterion,shift0,"Do-PFN (matched resolution, 262k, T=1)",raw,600,0.9974000000000001,0.04740000000000011,0.0007624755394418095,17.76858537592359,0.3561485999319551,17.927012946270132,0.3590369643379234,0.45330456286225684,0.008706829887943034
CaseStudy,Frontdoor_Criterion,shift+2,"Do-PFN (matched resolution, 262k, T=1)",raw,600,0.9974000000000001,0.04740000000000011,0.0007624755394418095,17.76858537592359,0.3561485999319551,17.927012946270132,0.3590369643379234,0.45330456286225684,0.008706829887943034
CaseStudy,Frontdoor_Criterion,d5,"Do-PFN (matched resolution, 262k, T=1)",raw,300,0.9845,0.034500000000000086,0.002513342322905302,2.6171244345768154,0.09326091759474317,3.5650378262783224,0.35676484829154104,0.20425127922651906,0.01336468919987402
CaseStudy,Frontdoor_Criterion,d10,"Do-PFN (matched resolution, 262k, T=1)",raw,300,0.9999000000000001,0.049900000000000166,5.754160919975792e-05,14.02984322670337,0.3447686499738436,14.032495257081125,0.34459460639582107,0.4399278158036802,0.011324632334131111
CaseStudy,Frontdoor_Criterion,d20,"Do-PFN (matched resolution, 262k, T=1)",raw,300,1.0,0.050000000000000044,0.0,21.416492185270727,0.3198176762308205,21.416492185270727,0.3198176762308205,0.5046380685406805,0.009693029412983308
CaseStudy,Frontdoor_Criterion,d30,"Do-PFN (matched resolution, 262k, T=1)",raw,300,1.0,0.050000000000000044,0.0,21.74637255029678,0.21767408520771322,21.74637255029678,0.21767408520771322,0.5140225879201022,0.008212837375083538
CaseStudy,Frontdoor_Criterion,d40,"Do-PFN (matched resolution, 262k, T=1)",raw,300,1.0,0.050000000000000044,0.0,23.703000816283144,0.2712140611392434,23.703000816283144,0.2712140611392434,0.5294807666832742,0.010086967298784852
CaseStudy,Frontdoor_Criterion,d50,"Do-PFN (matched resolution, 262k, T=1)",raw,300,1.0,0.050000000000000044,0.0,23.098679042410687,0.22159735906219324,23.098679042410687,0.22159735906219324,0.5275068589992845,0.008613919567240287
CaseStudy,Frontdoor_Criterion,pooled,UWYK No-Anc (matched label),raw,1800,0.9973833333333333,0.04738333333333333,0.0006387463353971297,3.354283957034266,0.10675117397294918,3.3588224910349296,0.10669863238197964,0.14625857525171834,0.003760164125658837
CaseStudy,Frontdoor_Criterion,shift-2,UWYK No-Anc (matched label),raw,600,0.9973833333333333,0.04738333333333333,0.001106956594897225,3.3542839570342657,0.18500132132876757,3.358822491034929,0.18491026599520707,0.14625857525171834,0.006516418562630414
CaseStudy,Frontdoor_Criterion,shift0,UWYK No-Anc (matched label),raw,600,0.9973833333333333,0.04738333333333333,0.001106956594897225,3.3542839570342657,0.18500132132876757,3.358822491034929,0.18491026599520707,0.14625857525171834,0.006516418562630414
CaseStudy,Frontdoor_Criterion,shift+2,UWYK No-Anc (matched label),raw,600,0.9973833333333333,0.04738333333333333,0.001106956594897225,3.3542839570342657,0.18500132132876757,3.358822491034929,0.18491026599520707,0.14625857525171834,0.006516418562630414
CaseStudy,Frontdoor_Criterion,d5,UWYK No-Anc (matched label),raw,300,0.9858999999999999,0.03589999999999993,0.0037157308188826925,1.9264366247517561,0.15898119555840795,1.95163658812474,0.15857299513547163,0.10816017334416929,0.006786183403234146
CaseStudy,Frontdoor_Criterion,d10,UWYK No-Anc (matched label),raw,300,0.9993000000000001,0.04930000000000012,0.00034943815391478276,2.6219218711825354,0.2520209891423069,2.6222925225231326,0.25201080511519747,0.11493888629331486,0.008825487093452789
CaseStudy,Frontdoor_Criterion,d20,UWYK No-Anc (matched label),raw,300,1.0,0.050000000000000044,0.0,4.123188100026463,0.31304286360742056,4.123188100026463,0.31304286360742056,0.16599378702453482,0.010933611000734119
CaseStudy,Frontdoor_Criterion,d30,UWYK No-Anc (matched label),raw,300,0.9991000000000001,0.049100000000000144,0.0005178744827978207,2.9891909033754964,0.1898562206808976,2.9908514926658967,0.1897896453503596,0.1316000933507419,0.006505180197960848
CaseStudy,Frontdoor_Criterion,d40,UWYK No-Anc (matched label),raw,300,1.0,0.050000000000000044,0.0,4.486411211779453,0.3130719117656347,4.486411211779453,0.3130719117656347,0.1838385335098906,0.010798306563611013
CaseStudy,Frontdoor_Criterion,d50,UWYK No-Anc (matched label),raw,300,1.0,0.050000000000000044,0.0,3.9785550310898916,0.27188653785493055,3.9785550310898916,0.27188653785493055,0.17301997798765847,0.009525524757897195
CaseStudy,Frontdoor_Criterion,pooled,UWYK Anc (matched label),raw,1800,0.9985499999999999,0.04854999999999998,0.00039409023720960714,3.663264750930263,0.11352061146407892,3.6661853561604696,0.11348579649084306,0.14774887806515033,0.003451113149055053
CaseStudy,Frontdoor_Criterion,shift-2,UWYK Anc (matched label),raw,600,0.9985500000000002,0.048550000000000204,0.0006829640545688002,3.663264750930263,0.1967328539564916,3.66618535616047,0.19667251910666317,0.14774887806515036,0.005980828770951549
CaseStudy,Frontdoor_Criterion,shift0,UWYK Anc (matched label),raw,600,0.9985500000000002,0.048550000000000204,0.0006829640545688002,3.663264750930263,0.1967328539564916,3.66618535616047,0.19667251910666317,0.14774887806515036,0.005980828770951549
CaseStudy,Frontdoor_Criterion,shift+2,UWYK Anc (matched label),raw,600,0.9985500000000002,0.048550000000000204,0.0006829640545688002,3.663264750930263,0.1967328539564916,3.66618535616047,0.19667251910666317,0.14774887806515036,0.005980828770951549
CaseStudy,Frontdoor_Criterion,d5,UWYK Anc (matched label),raw,300,0.9921,0.042100000000000026,0.0023180187018963278,2.1878409766690723,0.17376190491524307,2.204156835737773,0.17347051898979968,0.11322879067458161,0.006580697771249599
CaseStudy,Frontdoor_Criterion,d10,UWYK Anc (matched label),raw,300,0.9995999999999999,0.04959999999999998,0.00018141030565173405,2.8722522192691105,0.25761473016709047,2.872761333255864,0.2576002678700117,0.11832194140870361,0.008091367533704073
CaseStudy,Frontdoor_Criterion,d20,UWYK Anc (matched label),raw,300,0.9999000000000001,0.049900000000000166,5.754160919975792e-05,4.442616201916747,0.3305229487636557,4.442681947583713,0.3305206101621146,0.16312893859873437,0.009988144707399818
CaseStudy,Frontdoor_Criterion,d30,UWYK Anc (matched label),raw,300,0.9996999999999999,0.049699999999999966,0.00017262482759927372,3.264607807142987,0.20221018933516097,3.265240719801805,0.20218349819598927,0.13343371826825917,0.005850898110467927
CaseStudy,Frontdoor_Criterion,d40,UWYK Anc (matched label),raw,300,1.0,0.050000000000000044,0.0,4.915951665300587,0.33906339663703805,4.915951665300587,0.33906339663703805,0.18314264705329775,0.009977571705104509
CaseStudy,Frontdoor_Criterion,d50,UWYK Anc (matched label),raw,300,1.0,0.050000000000000044,0.0,4.2963196352830755,0.29161768277854616,4.2963196352830755,0.29161768277854616,0.17523723238732544,0.008518386698784582
CaseStudy,Frontdoor_Criterion,pooled,UWYK No-Anc (matched resolution),raw,1800,0.9998166666666667,0.04981666666666673,6.860148626834684e-05,3.189299509231412,0.11426606242857065,3.1898470727955455,0.11425938934257415,0.12479571836035973,0.0034043080335636215
CaseStudy,Frontdoor_Criterion,shift-2,UWYK No-Anc (matched resolution),raw,600,0.9998166666666667,0.04981666666666673,0.00011888736331815397,3.1892995092314127,0.19802473120977335,3.1898470727955455,0.19801316665567292,0.12479571836035973,0.005899714831979275
CaseStudy,Frontdoor_Criterion,shift0,UWYK No-Anc (matched resolution),raw,600,0.9998166666666667,0.04981666666666673,0.00011888736331815397,3.1892995092314127,0.19802473120977335,3.1898470727955455,0.19801316665567292,0.12479571836035973,0.005899714831979275
CaseStudy,Frontdoor_Criterion,shift+2,UWYK No-Anc (matched resolution),raw,600,0.9998166666666667,0.04981666666666673,0.00011888736331815397,3.1892995092314127,0.19802473120977335,3.1898470727955455,0.19801316665567292,0.12479571836035973,0.005899714831979275
CaseStudy,Frontdoor_Criterion,d5,UWYK No-Anc (matched resolution),raw,300,0.9995,0.0495000000000001,0.0002877080459987895,1.5372792484531521,0.10794324281881398,1.5383562582047212,0.10791336204067009,0.08677737952075226,0.005349552642245387
CaseStudy,Frontdoor_Criterion,d10,UWYK No-Anc (matched resolution),raw,300,1.0,0.050000000000000044,0.0,2.306032521437052,0.225508275059053,2.306032521437052,0.225508275059053,0.09625037301657886,0.00736810008337046
CaseStudy,Frontdoor_Criterion,d20,UWYK No-Anc (matched resolution),raw,300,1.0,0.050000000000000044,0.0,4.4267177902485715,0.3525895536856189,4.4267177902485715,0.3525895536856189,0.15658919443717195,0.01049348500200474
CaseStudy,Frontdoor_Criterion,d30,UWYK No-Anc (matched resolution),raw,300,0.9995,0.0495000000000001,0.0002877080459987895,3.0163022745741035,0.22856843647130404,3.0180359662438914,0.22850866120713614,0.11849305973296723,0.006638481096194161
CaseStudy,Frontdoor_Criterion,d40,UWYK No-Anc (matched resolution),raw,300,1.0,0.050000000000000044,0.0,4.675371214302714,0.37070710156323855,4.675371214302714,0.37070710156323855,0.16367749452985975,0.010457872169946383
CaseStudy,Frontdoor_Criterion,d50,UWYK No-Anc (matched resolution),raw,300,0.9999000000000001,0.049900000000000166,5.754160919975792e-05,3.1740940063728793,0.2655469740783761,3.17456868633632,0.26553316639711944,0.1269868089248283,0.0074683774006776785
CaseStudy,Frontdoor_Criterion,pooled,UWYK Anc (matched resolution),raw,1800,0.9998666666666668,0.04986666666666684,5.2625467335135114e-05,3.0035839838988956,0.10377657510078521,3.003872999089427,0.1037729646121406,0.11811387878441247,0.002989583088120739
CaseStudy,Frontdoor_Criterion,shift-2,UWYK Anc (matched resolution),raw,600,0.9998666666666668,0.04986666666666684,9.120069250958258e-05,3.0035839838988956,0.1798462986597631,3.003872999089427,0.17984004163096382,0.11811387878441247,0.0051809905309764944
CaseStudy,Frontdoor_Criterion,shift0,UWYK Anc (matched resolution),raw,600,0.9998666666666668,0.04986666666666684,9.120069250958258e-05,3.0035839838988956,0.1798462986597631,3.003872999089427,0.17984004163096382,0.11811387878441247,0.0051809905309764944
CaseStudy,Frontdoor_Criterion,shift+2,UWYK Anc (matched resolution),raw,600,0.9998666666666668,0.04986666666666684,9.120069250958258e-05,3.0035839838988956,0.1798462986597631,3.003872999089427,0.17984004163096382,0.11811387878441247,0.0051809905309764944
CaseStudy,Frontdoor_Criterion,d5,UWYK Anc (matched resolution),raw,300,1.0,0.050000000000000044,0.0,1.3919206088017892,0.09272128762423465,1.3919206088017892,0.09272128762423465,0.0812157665930824,0.00498477105945663
CaseStudy,Frontdoor_Criterion,d10,UWYK Anc (matched resolution),raw,300,0.9998000000000001,0.04980000000000018,0.00011508321839951581,2.045813072967109,0.18877609815998844,2.045939922237004,0.1887726847724562,0.09035708542609276,0.006383721437831177
CaseStudy,Frontdoor_Criterion,d20,UWYK Anc (matched resolution),raw,300,1.0,0.050000000000000044,0.0,4.059645006660071,0.31473946386251844,4.059645006660071,0.31473946386251844,0.14427222529257416,0.00918152651850718
CaseStudy,Frontdoor_Criterion,d30,UWYK Anc (matched resolution),raw,300,0.9995,0.0495000000000001,0.0002877080459987895,2.8987519067538137,0.21077812426017067,2.900212051598669,0.21072617216547812,0.11327824548928286,0.005887933395262171
CaseStudy,Frontdoor_Criterion,d40,UWYK Anc (matched resolution),raw,300,1.0,0.050000000000000044,0.0,4.451491147142493,0.34485571508123153,4.451491147142493,0.34485571508123153,0.15365727786788105,0.0093163521512009
CaseStudy,Frontdoor_Criterion,d50,UWYK Anc (matched resolution),raw,300,0.9999000000000001,0.049900000000000166,5.754160919975792e-05,3.1738821610680996,0.2439416625164167,3.174029258096538,0.24393714945608116,0.1259026720375616,0.0061125473146241335
CaseStudy,Frontdoor_Criterion,pooled,UWYK-B No-Anc,raw,1800,0.9996333333333334,0.04963333333333342,0.00017726885806320877,4.227123398718371,0.12573484179680197,4.227423728278872,0.1257301372537256,0.1791879421951032,0.004541720753925802
CaseStudy,Frontdoor_Criterion,shift-2,UWYK-B No-Anc,raw,600,0.9996333333333333,0.04963333333333331,0.00030720948305866535,4.227123398718371,0.21790029096416583,4.227423728278873,0.217892137923286,0.17918794219510323,0.007870867451026563
CaseStudy,Frontdoor_Criterion,shift0,UWYK-B No-Anc,raw,600,0.9996333333333333,0.04963333333333331,0.00030720948305866535,4.227123398718371,0.21790029096416583,4.227423728278873,0.217892137923286,0.17918794219510323,0.007870867451026563
CaseStudy,Frontdoor_Criterion,shift+2,UWYK-B No-Anc,raw,600,0.9996333333333333,0.04963333333333331,0.00030720948305866535,4.227123398718371,0.21790029096416583,4.227423728278873,0.217892137923286,0.17918794219510323,0.007870867451026563
CaseStudy,Frontdoor_Criterion,d5,UWYK-B No-Anc,raw,300,0.9978000000000001,0.047800000000000176,0.0010587428653122055,2.7315563583445717,0.2324506434898335,2.7333583357075804,0.23239752906834749,0.13251022559652195,0.009718459800182102
CaseStudy,Frontdoor_Criterion,d10,UWYK-B No-Anc,raw,300,1.0,0.050000000000000044,0.0,3.461740988693817,0.30701099974564605,3.461740988693817,0.30701099974564605,0.14892154158770496,0.011662215241719575
CaseStudy,Frontdoor_Criterion,d20,UWYK-B No-Anc,raw,300,1.0,0.050000000000000044,0.0,5.22786671760636,0.36426043981378564,5.22786671760636,0.36426043981378564,0.20904767764054014,0.013146718359342712
CaseStudy,Frontdoor_Criterion,d30,UWYK-B No-Anc,raw,300,1.0,0.050000000000000044,0.0,3.9183068130512977,0.22634586244256405,3.9183068130512977,0.22634586244256405,0.16701795197375954,0.007814229070417452
CaseStudy,Frontdoor_Criterion,d40,UWYK-B No-Anc,raw,300,1.0,0.050000000000000044,0.0,5.612709584335942,0.3681175059253318,5.612709584335942,0.3681175059253318,0.2244257306180151,0.012469609446981512
CaseStudy,Frontdoor_Criterion,d50,UWYK-B No-Anc,raw,300,1.0,0.050000000000000044,0.0,4.410559930278237,0.28872098093532084,4.410559930278237,0.28872098093532084,0.19320452575407768,0.010172271923110928
CaseStudy,Frontdoor_Criterion,pooled,UWYK-B Anc,raw,1800,0.9995166666666667,0.049516666666666764,0.000269435951938303,3.7931539148581246,0.1161291505241705,3.7935812730214287,0.11612266909390011,0.16867925411761014,0.004390206102815213
CaseStudy,Frontdoor_Criterion,shift-2,UWYK-B Anc,raw,600,0.9995166666666667,0.049516666666666764,0.00046693638361945667,3.7931539148581246,0.20125348970122758,3.7935812730214282,0.20124225728925965,0.16867925411761014,0.007608290379384905
CaseStudy,Frontdoor_Criterion,shift0,UWYK-B Anc,raw,600,0.9995166666666667,0.049516666666666764,0.00046693638361945667,3.7931539148581246,0.20125348970122758,3.7935812730214282,0.20124225728925965,0.16867925411761014,0.007608290379384905
CaseStudy,Frontdoor_Criterion,shift+2,UWYK-B Anc,raw,600,0.9995166666666667,0.049516666666666764,0.00046693638361945667,3.7931539148581246,0.20125348970122758,3.7935812730214282,0.20124225728925965,0.16867925411761014,0.007608290379384905
CaseStudy,Frontdoor_Criterion,d5,UWYK-B Anc,raw,300,0.9971,0.04710000000000003,0.001611611296156634,2.155823466851939,0.17410602926507218,2.158387615831762,0.17403054637957396,0.11943400779916845,0.008488637449677301
CaseStudy,Frontdoor_Criterion,d10,UWYK-B Anc,raw,300,1.0,0.050000000000000044,0.0,3.015786884194833,0.2760762222748046,3.015786884194833,0.2760762222748046,0.13628222575400226,0.01083302377802475
CaseStudy,Frontdoor_Criterion,d20,UWYK-B Anc,raw,300,1.0,0.050000000000000044,0.0,4.849295451380172,0.34868178385255744,4.849295451380172,0.34868178385255744,0.19800885096502602,0.01271774027532769
CaseStudy,Frontdoor_Criterion,d30,UWYK-B Anc,raw,300,1.0,0.050000000000000044,0.0,3.5642959977329487,0.2099421069056149,3.5642959977329487,0.2099421069056149,0.15733953042015192,0.007633967056634963
CaseStudy,Frontdoor_Criterion,d40,UWYK-B Anc,raw,300,1.0,0.050000000000000044,0.0,5.17949700513548,0.34646666928813985,5.17949700513548,0.34646666928813985,0.21680291355815215,0.012449115993365222
CaseStudy,Frontdoor_Criterion,d50,UWYK-B Anc,raw,300,1.0,0.050000000000000044,0.0,3.9942246838533735,0.27049505821584113,3.9942246838533735,0.27049505821584113,0.18420799620916004,0.010387704507532299
CaseStudy,Frontdoor_Criterion,pooled,CausalPFN-C (matched label),raw,1800,0.9992166666666668,0.0492166666666668,0.00012744489969455732,1.214982505581308,0.04707479552003253,1.2194815554195109,0.04718700801808934,0.08595361975651042,0.0032064848762375898
CaseStudy,Frontdoor_Criterion,shift-2,CausalPFN-C (matched label),raw,600,0.9992166666666666,0.049216666666666686,0.0002208638459196701,1.2149825055813082,0.08158129834426368,1.2194815554195106,0.08177576421885324,0.08595361975651042,0.005556884452390024
CaseStudy,Frontdoor_Criterion,shift0,CausalPFN-C (matched label),raw,600,0.9992166666666666,0.049216666666666686,0.0002208638459196701,1.2149825055813082,0.08158129834426368,1.2194815554195106,0.08177576421885324,0.08595361975651042,0.005556884452390024
CaseStudy,Frontdoor_Criterion,shift+2,CausalPFN-C (matched label),raw,600,0.9992166666666666,0.049216666666666686,0.0002208638459196701,1.2149825055813082,0.08158129834426368,1.2194815554195106,0.08177576421885324,0.08595361975651042,0.005556884452390024
CaseStudy,Frontdoor_Criterion,d5,CausalPFN-C (matched label),raw,300,0.9992,0.04920000000000002,0.00019491872931247362,0.6301018534881204,0.03300827195223858,0.6316403813697805,0.03301555402112127,0.05000166814975741,0.003433567713439634
CaseStudy,Frontdoor_Criterion,d10,CausalPFN-C (matched label),raw,300,0.9979,0.047900000000000054,0.0006808169399226334,0.7678875802609104,0.06652048560223435,0.7891501168943474,0.06938501806134813,0.06588866045897822,0.006926088650273713
CaseStudy,Frontdoor_Criterion,d20,CausalPFN-C (matched label),raw,300,0.9995,0.0495000000000001,0.00012604081729907212,1.4922950738873377,0.11680194889187988,1.4948205226287408,0.11702938499225887,0.10397906358608992,0.00817685475656727
CaseStudy,Frontdoor_Criterion,d30,CausalPFN-C (matched label),raw,300,0.9998000000000001,0.04980000000000018,0.00011508321839951581,0.9808415760015127,0.07413214611059735,0.9815763084086575,0.07418943906086631,0.0747451950467656,0.0058216385533811765
CaseStudy,Frontdoor_Criterion,d40,CausalPFN-C (matched label),raw,300,0.9997,0.04970000000000008,9.8653137160315e-05,1.8986766506070614,0.16122635154118478,1.8988124637051464,0.1612220255989344,0.12816694171890933,0.011190409958063249
CaseStudy,Frontdoor_Criterion,d50,CausalPFN-C (matched label),raw,300,0.9992,0.04920000000000002,0.00019491872931247362,1.5200922992429062,0.15882397909269322,1.5208895395103919,0.15880653953718157,0.09294018957856205,0.008492950290778132
CaseStudy,Frontdoor_Criterion,pooled,CausalPFN-C (matched resolution),raw,1800,1.0,0.050000000000000044,0.0,3.0422958502509823,0.07990945035239738,3.0422958502509823,0.07990945035239738,0.1664248039277431,0.004586587713239355
CaseStudy,Frontdoor_Criterion,shift-2,CausalPFN-C (matched resolution),raw,600,1.0,0.050000000000000044,0.0,3.042295850250982,0.13848422786989845,3.042295850250982,0.13848422786989845,0.1664248039277431,0.007948622537440084
CaseStudy,Frontdoor_Criterion,shift0,CausalPFN-C (matched resolution),raw,600,1.0,0.050000000000000044,0.0,3.042295850250982,0.13848422786989845,3.042295850250982,0.13848422786989845,0.1664248039277431,0.007948622537440084
CaseStudy,Frontdoor_Criterion,shift+2,CausalPFN-C (matched resolution),raw,600,1.0,0.050000000000000044,0.0,3.042295850250982,0.13848422786989845,3.042295850250982,0.13848422786989845,0.1664248039277431,0.007948622537440084
CaseStudy,Frontdoor_Criterion,d5,CausalPFN-C (matched resolution),raw,300,1.0,0.050000000000000044,0.0,2.327894769284156,0.11278673863741306,2.327894769284156,0.11278673863741306,0.12592630198347518,0.005957274208258343
CaseStudy,Frontdoor_Criterion,d10,CausalPFN-C (matched resolution),raw,300,1.0,0.050000000000000044,0.0,2.414026537506509,0.1263027841062551,2.414026537506509,0.1263027841062551,0.1292941308869871,0.007740805479714896
CaseStudy,Frontdoor_Criterion,d20,CausalPFN-C (matched resolution),raw,300,1.0,0.050000000000000044,0.0,3.240069601908575,0.18672358742574308,3.240069601908575,0.18672358742574308,0.17979682083510756,0.011116234299381328
CaseStudy,Frontdoor_Criterion,d30,CausalPFN-C (matched resolution),raw,300,1.0,0.050000000000000044,0.0,2.6815978069148003,0.12222683951409002,2.6815978069148003,0.12222683951409002,0.1490019576242916,0.0074865833525279155
CaseStudy,Frontdoor_Criterion,d40,CausalPFN-C (matched resolution),raw,300,1.0,0.050000000000000044,0.0,4.214252643294952,0.2851734889859379,4.214252643294952,0.2851734889859379,0.23507890334797746,0.01660750552938715
CaseStudy,Frontdoor_Criterion,d50,CausalPFN-C (matched resolution),raw,300,1.0,0.050000000000000044,0.0,3.3759337425968994,0.24931561500427474,3.3759337425968994,0.24931561500427474,0.17945070888861958,0.013437115719056009
CaseStudy,Frontdoor_Criterion,pooled,"CausalPFN (two-stage, published)",raw,1800,1.0,0.050000000000000044,0.0,3.152358419295188,0.06411499398070182,3.152358419295188,0.06411499398070182,0.19468983812642798,0.004103291632499171
CaseStudy,Frontdoor_Criterion,shift-2,"CausalPFN (two-stage, published)",raw,600,1.0,0.050000000000000044,0.0,3.152358419295188,0.11111220759428361,3.152358419295188,0.11111220759428361,0.19468983812642798,0.007111063471788913
CaseStudy,Frontdoor_Criterion,shift0,"CausalPFN (two-stage, published)",raw,600,1.0,0.050000000000000044,0.0,3.152358419295188,0.11111220759428361,3.152358419295188,0.11111220759428361,0.19468983812642798,0.007111063471788913
CaseStudy,Frontdoor_Criterion,shift+2,"CausalPFN (two-stage, published)",raw,600,1.0,0.050000000000000044,0.0,3.152358419295188,0.11111220759428361,3.152358419295188,0.11111220759428361,0.19468983812642798,0.007111063471788913
CaseStudy,Frontdoor_Criterion,d5,"CausalPFN (two-stage, published)",raw,300,1.0,0.050000000000000044,0.0,2.7696265134206004,0.13139826171211583,2.7696265134206004,0.13139826171211583,0.16848240104384118,0.008115923507665917
CaseStudy,Frontdoor_Criterion,d10,"CausalPFN (two-stage, published)",raw,300,1.0,0.050000000000000044,0.0,2.823986973967652,0.13853967205166579,2.823986973967652,0.13853967205166579,0.17314592464611844,0.008836007266972763
CaseStudy,Frontdoor_Criterion,d20,"CausalPFN (two-stage, published)",raw,300,1.0,0.050000000000000044,0.0,3.3419444104638374,0.1588771875798282,3.3419444104638374,0.1588771875798282,0.2065565265601351,0.010154665726885172
CaseStudy,Frontdoor_Criterion,d30,"CausalPFN (two-stage, published)",raw,300,1.0,0.050000000000000044,0.0,2.8616189125291096,0.10004688656541835,2.8616189125291096,0.10004688656541835,0.17739480059806997,0.00651335649001655
CaseStudy,Frontdoor_Criterion,d40,"CausalPFN (two-stage, published)",raw,300,1.0,0.050000000000000044,0.0,3.8834308223779908,0.20910636609017388,3.8834308223779908,0.20910636609017388,0.24405799810639564,0.013777093736544817
CaseStudy,Frontdoor_Criterion,d50,"CausalPFN (two-stage, published)",raw,300,1.0,0.050000000000000044,0.0,3.2335428830119386,0.17291687163330396,3.2335428830119386,0.17291687163330396,0.1985013778040075,0.010724189690659329
CaseStudy,Backdoor_Criterion,pooled,Do-PFN 1D,raw,1800,1.0,0.050000000000000044,0.0,4.5542103184681135,0.12685175837573237,4.5542103184681135,0.12685175837573237,0.21062942312146002,0.00373035245147343
CaseStudy,Backdoor_Criterion,shift-2,Do-PFN 1D,raw,600,1.0,0.050000000000000044,0.0,4.554210318468114,0.21983592347504097,4.554210318468114,0.21983592347504097,0.21062942312146002,0.006464754502086027
CaseStudy,Backdoor_Criterion,shift0,Do-PFN 1D,raw,600,1.0,0.050000000000000044,0.0,4.554210318468114,0.21983592347504097,4.554210318468114,0.21983592347504097,0.21062942312146002,0.006464754502086027
CaseStudy,Backdoor_Criterion,shift+2,Do-PFN 1D,raw,600,1.0,0.050000000000000044,0.0,4.554210318468114,0.21983592347504097,4.554210318468114,0.21983592347504097,0.21062942312146002,0.006464754502086027
CaseStudy,Backdoor_Criterion,d5,Do-PFN 1D,raw,300,1.0,0.050000000000000044,0.0,1.5387377775619504,0.5566039488082978,1.5387377775619504,0.5566039488082978,0.04890680269705644,0.0084226146565334
CaseStudy,Backdoor_Criterion,d10,Do-PFN 1D,raw,300,1.0,0.050000000000000044,0.0,4.546520060204504,0.20367662764977756,4.546520060204504,0.20367662764977756,0.23074916726266062,0.008099721308479258
CaseStudy,Backdoor_Criterion,d20,Do-PFN 1D,raw,300,1.0,0.050000000000000044,0.0,4.7800317752468695,0.22521811601810007,4.7800317752468695,0.22521811601810007,0.24014017158978562,0.009176774422690777
CaseStudy,Backdoor_Criterion,d30,Do-PFN 1D,raw,300,1.0,0.050000000000000044,0.0,5.515630225623154,0.23698188979892965,5.515630225623154,0.23698188979892965,0.24895770418018837,0.00820562288935149
CaseStudy,Backdoor_Criterion,d40,Do-PFN 1D,raw,300,1.0,0.050000000000000044,0.0,5.5175954750008165,0.21539802455081133,5.5175954750008165,0.21539802455081133,0.24457346194724047,0.007363449860760156
CaseStudy,Backdoor_Criterion,d50,Do-PFN 1D,raw,300,1.0,0.050000000000000044,0.0,5.426746597171392,0.19237385285028827,5.426746597171392,0.19237385285028827,0.25044923105182854,0.007364436851391163
CaseStudy,Backdoor_Criterion,pooled,Do-PFN 2D,raw,1800,0.9945333333333334,0.044533333333333425,0.0015503618175052509,1.8747303460825226,0.0399628604184919,1.918778257746299,0.043365366372672326,0.09037747499214463,0.0029300844468128084
CaseStudy,Backdoor_Criterion,shift-2,Do-PFN 2D,raw,600,0.9945333333333334,0.044533333333333425,0.0026867993493806547,1.8747303460825226,0.06925621242696163,1.9187782577462993,0.07515280422942637,0.09037747499214464,0.005077878529023028
CaseStudy,Backdoor_Criterion,shift0,Do-PFN 2D,raw,600,0.9945333333333334,0.044533333333333425,0.0026867993493806547,1.8747303460825226,0.06925621242696163,1.9187782577462993,0.07515280422942637,0.09037747499214464,0.005077878529023028
CaseStudy,Backdoor_Criterion,shift+2,Do-PFN 2D,raw,600,0.9945333333333334,0.044533333333333425,0.0026867993493806547,1.8747303460825226,0.06925621242696163,1.9187782577462993,0.07515280422942637,0.09037747499214464,0.005077878529023028
CaseStudy,Backdoor_Criterion,d5,Do-PFN 2D,raw,300,0.9994,0.0494,0.00021358541405486946,1.1675921058831504,0.04940104761539331,1.1765664565728557,0.04973770830294116,0.059580496660134194,0.004697768219987077
CaseStudy,Backdoor_Criterion,d10,Do-PFN 2D,raw,300,0.9759999999999999,0.025999999999999912,0.008278189904420257,1.9156891803353877,0.09761421435826403,2.155534363412311,0.13960971667061928,0.12246928616941913,0.012100161551602996
CaseStudy,Backdoor_Criterion,d20,Do-PFN 2D,raw,300,0.9918,0.04180000000000006,0.0040797894889623276,1.812357203123037,0.10553583509400925,1.8278251393390663,0.10585886916524559,0.1083152720549236,0.0080493120241936
CaseStudy,Backdoor_Criterion,d30,Do-PFN 2D,raw,300,1.0,0.050000000000000044,0.0,2.078863421607147,0.10908613563567056,2.078863421607147,0.10908613563567056,0.09289332587134679,0.00586184392168025
CaseStudy,Backdoor_Criterion,d40,Do-PFN 2D,raw,300,1.0,0.050000000000000044,0.0,2.172337345477524,0.10534985352622518,2.172337345477524,0.10534985352622518,0.08146007932203196,0.004249088631981497
CaseStudy,Backdoor_Criterion,d50,Do-PFN 2D,raw,300,1.0,0.050000000000000044,0.0,2.1015428200688895,0.09617424964929612,2.1015428200688895,0.09617424964929612,0.07754638987501215,0.003964202295353971
CaseStudy,Backdoor_Criterion,pooled,Do-PFN 2D (262k),raw,1800,0.9924833333333335,0.04248333333333354,0.0019266712491763016,1.5884999228303351,0.03230975719722044,1.6434982058513377,0.03740541469948011,0.09402934370347651,0.0031660801012773866
CaseStudy,Backdoor_Criterion,shift-2,Do-PFN 2D (262k),raw,600,0.9924833333333334,0.04248333333333343,0.0033389490119713743,1.5884999228303354,0.055993274367288015,1.6434982058513377,0.0648241221778776,0.09402934370347651,0.005486862395700292
CaseStudy,Backdoor_Criterion,shift0,Do-PFN 2D (262k),raw,600,0.9924833333333334,0.04248333333333343,0.0033389490119713743,1.5884999228303354,0.055993274367288015,1.6434982058513377,0.0648241221778776,0.09402934370347651,0.005486862395700292
CaseStudy,Backdoor_Criterion,shift+2,Do-PFN 2D (262k),raw,600,0.9924833333333334,0.04248333333333343,0.0033389490119713743,1.5884999228303354,0.055993274367288015,1.6434982058513377,0.0648241221778776,0.09402934370347651,0.005486862395700292
CaseStudy,Backdoor_Criterion,d5,Do-PFN 2D (262k),raw,300,0.9993000000000001,0.04930000000000012,0.00022029168866220434,1.1479208107855499,0.047341927371369746,1.15779650500944,0.04770014145166634,0.06160701942935596,0.004790270681755067
CaseStudy,Backdoor_Criterion,d10,Do-PFN 2D (262k),raw,300,0.9758,0.025800000000000045,0.008218658924365348,1.8584125088480414,0.09238070593584485,2.099490971265674,0.14105728570977072,0.12607482353418234,0.012119873244233546
CaseStudy,Backdoor_Criterion,d20,Do-PFN 2D (262k),raw,300,0.98,0.030000000000000027,0.00801461875028217,1.5450053794478416,0.0825739978307622,1.623790597657964,0.0877876761816888,0.12385537952336165,0.009653907442499396
CaseStudy,Backdoor_Criterion,d30,Do-PFN 2D (262k),raw,300,0.9998000000000001,0.04980000000000018,0.00011508321839951581,1.705461391229341,0.08521095324935665,1.7057117145037086,0.08521707776138814,0.09566968197211348,0.00644624996432952
CaseStudy,Backdoor_Criterion,d40,Do-PFN 2D (262k),raw,300,1.0,0.050000000000000044,0.0,1.652189038213807,0.07972485751805294,1.652189038213807,0.07972485751805294,0.0723367647842056,0.004003224294662347
CaseStudy,Backdoor_Criterion,d50,Do-PFN 2D (262k),raw,300,1.0,0.050000000000000044,0.0,1.6220104084574316,0.07424786207570098,1.6220104084574316,0.07424786207570098,0.08463239297764008,0.005427020408867976
CaseStudy,Backdoor_Criterion,pooled,"Do-PFN 2D (262k, T=1)",raw,1800,0.9927,0.04270000000000007,0.0018925230528718238,1.70609376146148,0.035397286909086736,1.7507316395484533,0.03880593359400255,0.09556535684175034,0.003094925194298696
CaseStudy,Backdoor_Criterion,shift-2,"Do-PFN 2D (262k, T=1)",raw,600,0.9927,0.04270000000000007,0.003279769696164286,1.7060937614614802,0.06134400780729528,1.7507316395484531,0.06725124158452891,0.09556535684175035,0.005363549917531022
CaseStudy,Backdoor_Criterion,shift0,"Do-PFN 2D (262k, T=1)",raw,600,0.9927,0.04270000000000007,0.003279769696164286,1.7060937614614802,0.06134400780729528,1.7507316395484531,0.06725124158452891,0.09556535684175035,0.005363549917531022
CaseStudy,Backdoor_Criterion,shift+2,"Do-PFN 2D (262k, T=1)",raw,600,0.9927,0.04270000000000007,0.003279769696164286,1.7060937614614802,0.06134400780729528,1.7507316395484531,0.06725124158452891,0.09556535684175035,0.005363549917531022
CaseStudy,Backdoor_Criterion,d5,"Do-PFN 2D (262k, T=1)",raw,300,0.9993000000000001,0.04930000000000012,0.00022029168866220434,1.1668845400888486,0.04789000627913111,1.1763572569646839,0.048244282434443064,0.06066437257024778,0.004682634810240537
CaseStudy,Backdoor_Criterion,d10,"Do-PFN 2D (262k, T=1)",raw,300,0.9761,0.026100000000000012,0.008164240078140261,1.987141100305317,0.10016171892409029,2.188912387875537,0.1353039645247667,0.12821813102290064,0.011818475320924008
CaseStudy,Backdoor_Criterion,d20,"Do-PFN 2D (262k, T=1)",raw,300,0.9808,0.03080000000000005,0.007779434340760731,1.6592129900825714,0.09025540868362128,1.715796254158356,0.09237722108578643,0.12405349202099179,0.009356151118828442
CaseStudy,Backdoor_Criterion,d30,"Do-PFN 2D (262k, T=1)",raw,300,1.0,0.050000000000000044,0.0,1.8493683246533015,0.09440084895614423,1.8493683246533015,0.09440084895614423,0.09801507860582709,0.006326140189502893
CaseStudy,Backdoor_Criterion,d40,"Do-PFN 2D (262k, T=1)",raw,300,1.0,0.050000000000000044,0.0,1.8042711652575587,0.08822763509109117,1.8042711652575587,0.08822763509109117,0.07539012958847287,0.00403306893774417
CaseStudy,Backdoor_Criterion,d50,"Do-PFN 2D (262k, T=1)",raw,300,1.0,0.050000000000000044,0.0,1.7696844483812832,0.0818946190692239,1.7696844483812832,0.0818946190692239,0.08705093724206196,0.005327729606070742
CaseStudy,Backdoor_Criterion,pooled,UWYK 1D (noanc),raw,1800,0.9994333333333334,0.04943333333333344,0.00026813911619529555,4.237772963597769,0.12421472328003265,4.238255905274591,0.124206840116926,0.18245079658335542,0.00448892344319839
CaseStudy,Backdoor_Criterion,shift-2,UWYK 1D (noanc),raw,600,0.9994333333333333,0.04943333333333333,0.000464688948607046,4.237772963597769,0.2152659036903555,4.23825590527459,0.21525224205520244,0.18245079658335542,0.007779368951444236
CaseStudy,Backdoor_Criterion,shift0,UWYK 1D (noanc),raw,600,0.9994333333333333,0.04943333333333333,0.000464688948607046,4.237772963597769,0.2152659036903555,4.23825590527459,0.21525224205520244,0.18245079658335542,0.007779368951444236
CaseStudy,Backdoor_Criterion,shift+2,UWYK 1D (noanc),raw,600,0.9994333333333333,0.04943333333333333,0.000464688948607046,4.237772963597769,0.2152659036903555,4.23825590527459,0.21525224205520244,0.18245079658335542,0.007779368951444236
CaseStudy,Backdoor_Criterion,d5,UWYK 1D (noanc),raw,300,0.9966,0.046600000000000086,0.0016010448093683543,2.7226592992261858,0.23871117023994665,2.7255569492871157,0.23862453507166817,0.13208446907873309,0.00962057240820027
CaseStudy,Backdoor_Criterion,d10,UWYK 1D (noanc),raw,300,1.0,0.050000000000000044,0.0,4.286424392675975,0.3245029483527218,4.286424392675975,0.3245029483527218,0.1834170445653053,0.012248169547172874
CaseStudy,Backdoor_Criterion,d20,UWYK 1D (noanc),raw,300,1.0,0.050000000000000044,0.0,3.8263336994649526,0.31698476249653035,3.8263336994649526,0.31698476249653035,0.16331591800858314,0.01151198574286168
CaseStudy,Backdoor_Criterion,d30,UWYK 1D (noanc),raw,300,1.0,0.050000000000000044,0.0,4.8144285542436505,0.3284706697348349,4.8144285542436505,0.3284706697348349,0.2009519194858232,0.011611493530445325
CaseStudy,Backdoor_Criterion,d40,UWYK 1D (noanc),raw,300,1.0,0.050000000000000044,0.0,4.950329979605746,0.31737144582512244,4.950329979605746,0.31737144582512244,0.2050225217291155,0.010688461096157927
CaseStudy,Backdoor_Criterion,d50,UWYK 1D (noanc),raw,300,1.0,0.050000000000000044,0.0,4.826461856370103,0.27092393799397196,4.826461856370103,0.27092393799397196,0.2099129066325724,0.009390720407986376
CaseStudy,Backdoor_Criterion,pooled,UWYK 1D (v3a),raw,1800,0.99975,0.04975000000000007,7.494362033813624e-05,4.131976563458581,0.12207764307944068,4.132921656628605,0.12207166297044911,0.2045116488625037,0.004846488456879943
CaseStudy,Backdoor_Criterion,shift-2,UWYK 1D (v3a),raw,600,0.99975,0.04975000000000007,0.00012987837296505998,4.131976563458581,0.2115623129364473,4.132921656628605,0.2115519493214728,0.20451164886250367,0.008399034267806835
CaseStudy,Backdoor_Criterion,shift0,UWYK 1D (v3a),raw,600,0.99975,0.04975000000000007,0.00012987837296505998,4.131976563458581,0.2115623129364473,4.132921656628605,0.2115519493214728,0.20451164886250367,0.008399034267806835
CaseStudy,Backdoor_Criterion,shift+2,UWYK 1D (v3a),raw,600,0.99975,0.04975000000000007,0.00012987837296505998,4.131976563458581,0.2115623129364473,4.132921656628605,0.2115519493214728,0.20451164886250367,0.008399034267806835
CaseStudy,Backdoor_Criterion,d5,UWYK 1D (v3a),raw,300,0.9990000000000001,0.049000000000000155,0.0003421357277270106,2.7664003102273385,0.2446756839720397,2.767982347360489,0.24464221918224208,0.16877690599853457,0.01218484722343887
CaseStudy,Backdoor_Criterion,d10,UWYK 1D (v3a),raw,300,0.9995,0.0495000000000001,0.00028770804599878943,4.2450205219753325,0.32838798283590137,4.249109043862328,0.32834988531666476,0.21554486049347238,0.013259360613728536
CaseStudy,Backdoor_Criterion,d20,UWYK 1D (v3a),raw,300,1.0,0.050000000000000044,0.0,3.8590122240725773,0.32098342621246045,3.8590122240725773,0.32098342621246045,0.1991159733513545,0.012201739681737322
CaseStudy,Backdoor_Criterion,d30,UWYK 1D (v3a),raw,300,1.0,0.050000000000000044,0.0,4.7974412401158695,0.32549685947388374,4.7974412401158695,0.32549685947388374,0.22259708557551192,0.012273453651011193
CaseStudy,Backdoor_Criterion,d40,UWYK 1D (v3a),raw,300,1.0,0.050000000000000044,0.0,4.816086239626024,0.30173472213204383,4.816086239626024,0.30173472213204383,0.21517728813853546,0.01095641465227964
CaseStudy,Backdoor_Criterion,d50,UWYK 1D (v3a),raw,300,1.0,0.050000000000000044,0.0,4.307898844734344,0.246161944241272,4.307898844734344,0.246161944241272,0.20585777961761334,0.009891455141338525
CaseStudy,Backdoor_Criterion,pooled,UWYK 2D (noanc),raw,1800,0.9986499999999999,0.04864999999999997,0.0003505025640901355,2.6915486137049873,0.04397554727338273,2.695324568461942,0.043911731425766876,0.13039765452423804,0.003070494880758399
CaseStudy,Backdoor_Criterion,shift-2,UWYK 2D (noanc),raw,600,0.99865,0.04865000000000008,0.0006074259895467516,2.6915486137049873,0.07621025651477177,2.695324568461942,0.07609966273213442,0.13039765452423804,0.005321211832456881
CaseStudy,Backdoor_Criterion,shift0,UWYK 2D (noanc),raw,600,0.99865,0.04865000000000008,0.0006074259895467516,2.6915486137049873,0.07621025651477177,2.695324568461942,0.07609966273213442,0.13039765452423804,0.005321211832456881
CaseStudy,Backdoor_Criterion,shift+2,UWYK 2D (noanc),raw,600,0.99865,0.04865000000000008,0.0006074259895467516,2.6915486137049873,0.07621025651477177,2.695324568461942,0.07609966273213442,0.13039765452423804,0.005321211832456881
CaseStudy,Backdoor_Criterion,d5,UWYK 2D (noanc),raw,300,0.9996999999999999,0.049699999999999966,0.00017262482759927372,3.352401424634168,0.11913377030285267,3.3530472304127557,0.11909945131053809,0.20520850326976792,0.009308864950043103
CaseStudy,Backdoor_Criterion,d10,UWYK 2D (noanc),raw,300,0.9970000000000001,0.04700000000000015,0.001726248275992736,2.935961506742071,0.13219955402105665,2.945704576051242,0.1319311663641139,0.1586272631400724,0.010459487736957927
CaseStudy,Backdoor_Criterion,d20,UWYK 2D (noanc),raw,300,1.0,0.050000000000000044,0.0,2.3744734042024755,0.09282151592047384,2.3744734042024755,0.09282151592047384,0.11921638655919689,0.006342078536921821
CaseStudy,Backdoor_Criterion,d30,UWYK 2D (noanc),raw,300,0.9977000000000001,0.04770000000000019,0.0008374790967291028,2.2698438035560966,0.09105627825492557,2.27437828581821,0.09080250544558521,0.10235606624605552,0.005717172163878715
CaseStudy,Backdoor_Criterion,d40,UWYK 2D (noanc),raw,300,0.9975,0.0475000000000001,0.0008315476967115919,2.4105822036895925,0.09110598465857632,2.4183145748814487,0.09072641341809662,0.09280565069797872,0.004559721950882949
CaseStudy,Backdoor_Criterion,d50,UWYK 2D (noanc),raw,300,1.0,0.050000000000000044,0.0,2.8060293394055194,0.10018160002819046,2.8060293394055194,0.10018160002819046,0.10417205723235677,0.004374821828441024
CaseStudy,Backdoor_Criterion,pooled,UWYK 2D (v3a),raw,1800,0.9988833333333335,0.0488833333333335,0.0002673510649572774,1.9208177699581515,0.042760315235681225,1.923447132135583,0.04272932564710373,0.08812501658939347,0.002180356411349289
CaseStudy,Backdoor_Criterion,shift-2,UWYK 2D (v3a),raw,600,0.9988833333333335,0.0488833333333335,0.00046332324446645193,1.9208177699581515,0.07410424189845666,1.9234471321355826,0.07405053649531305,0.08812501658939345,0.003778589050172715
CaseStudy,Backdoor_Criterion,shift0,UWYK 2D (v3a),raw,600,0.9988833333333335,0.0488833333333335,0.00046332324446645193,1.9208177699581515,0.07410424189845666,1.9234471321355826,0.07405053649531305,0.08812501658939345,0.003778589050172715
CaseStudy,Backdoor_Criterion,shift+2,UWYK 2D (v3a),raw,600,0.9988833333333335,0.0488833333333335,0.00046332324446645193,1.9208177699581515,0.07410424189845666,1.9234471321355826,0.07405053649531305,0.08812501658939345,0.003778589050172715
CaseStudy,Backdoor_Criterion,d5,UWYK 2D (v3a),raw,300,0.9974000000000001,0.04740000000000011,0.0012202856181921322,2.1528145075210854,0.10633047387101768,2.1588815292819485,0.10613692899329308,0.11476415273543962,0.005836975648190393
CaseStudy,Backdoor_Criterion,d10,UWYK 2D (v3a),raw,300,0.9999000000000001,0.049900000000000166,5.754160919975792e-05,2.009627582057011,0.13371495503480352,2.009668107089585,0.13371337264067729,0.10281199830862112,0.008130551214560054
CaseStudy,Backdoor_Criterion,d20,UWYK 2D (v3a),raw,300,0.9998000000000001,0.04980000000000018,0.00011508321839951581,1.5531044095709843,0.09637899873541797,1.5531659104926252,0.09637679482101894,0.07565983325266468,0.004430786301656812
CaseStudy,Backdoor_Criterion,d30,UWYK 2D (v3a),raw,300,0.9987,0.04870000000000008,0.0005465305592315154,1.6579686291717666,0.0944162921766636,1.6601387312642695,0.09434698032347673,0.07639144250368117,0.0043342116932694585
CaseStudy,Backdoor_Criterion,d40,UWYK 2D (v3a),raw,300,0.9975,0.0475000000000001,0.0008669903348957675,1.7641848347061242,0.08722617496074771,1.7716218579631307,0.08700547889774013,0.07096263820428053,0.003882776641367901
CaseStudy,Backdoor_Criterion,d50,UWYK 2D (v3a),raw,300,1.0,0.050000000000000044,0.0,2.387206656721938,0.09649162765413873,2.387206656721938,0.09649162765413873,0.08816003453167366,0.003590252757228849
CaseStudy,Backdoor_Criterion,pooled,CausalPFN 1D,raw,1800,0.99865,0.04865000000000008,0.00015281467653973578,1.2407602941683276,0.04999357274837557,1.2461624703567324,0.05008917112997705,0.08571173735664964,0.0031467341145843468
CaseStudy,Backdoor_Criterion,shift-2,CausalPFN 1D,raw,600,0.99865,0.04865000000000008,0.00026483003442606825,1.2407602941683276,0.08663958130089527,1.2461624703567324,0.08680525467248412,0.08571173735664964,0.005453335522248503
CaseStudy,Backdoor_Criterion,shift0,CausalPFN 1D,raw,600,0.99865,0.04865000000000008,0.00026483003442606825,1.2407602941683276,0.08663958130089527,1.2461624703567324,0.08680525467248412,0.08571173735664964,0.005453335522248503
CaseStudy,Backdoor_Criterion,shift+2,CausalPFN 1D,raw,600,0.99865,0.04865000000000008,0.00026483003442606825,1.2407602941683276,0.08663958130089527,1.2461624703567324,0.08680525467248412,0.08571173735664964,0.005453335522248503
CaseStudy,Backdoor_Criterion,d5,CausalPFN 1D,raw,300,0.9992,0.04920000000000002,0.00022665223903194526,0.5611116544285221,0.030927668161318,0.5622242846882314,0.031075237331124442,0.045193187197952046,0.003114735041399253
CaseStudy,Backdoor_Criterion,d10,CausalPFN 1D,raw,300,0.9971999999999999,0.04719999999999991,0.0006648358361003194,0.8206463827636575,0.05730314996992974,0.8448505240125573,0.06071560431203021,0.07272649719183766,0.006064965919191573
CaseStudy,Backdoor_Criterion,d20,CausalPFN 1D,raw,300,0.9991000000000001,0.049100000000000144,0.00023269541721021396,1.000758335596288,0.10627066682148491,1.0051219785603234,0.10640163599454482,0.07392556225597374,0.007428364738194794
CaseStudy,Backdoor_Criterion,d30,CausalPFN 1D,raw,300,0.9994,0.0494,0.00019730627432062997,1.4959758284430864,0.13552751211369157,1.4963581122805985,0.13551662261524308,0.10337665175025165,0.00907581027955883
CaseStudy,Backdoor_Criterion,d40,CausalPFN 1D,raw,300,0.9987,0.04870000000000008,0.0003436475599869,1.691970475576315,0.14316372736872002,1.6929218503887182,0.14313184752720237,0.10997404164317752,0.008767467224930705
CaseStudy,Backdoor_Criterion,d50,CausalPFN 1D,raw,300,0.9983000000000001,0.04830000000000012,0.00035701287649037716,1.8740990882020976,0.1768116150970661,1.8754980722099663,0.1767746186773336,0.10907448410070525,0.009230447466696275
CaseStudy,Backdoor_Criterion,pooled,CausalPFN 2D,raw,1800,0.9994666666666666,0.04946666666666666,8.296286002505304e-05,2.5567516373330585,0.04653379220157967,2.5651663355283816,0.04701717103466704,0.15533689716818253,0.003428435243335595
CaseStudy,Backdoor_Criterion,shift-2,CausalPFN 2D,raw,600,0.9994666666666667,0.04946666666666677,0.00014377583079074762,2.556751637333059,0.08064373180487942,2.565166335528381,0.08148143428153959,0.15533689716818255,0.005941527633859306
CaseStudy,Backdoor_Criterion,shift0,CausalPFN 2D,raw,600,0.9994666666666667,0.04946666666666677,0.00014377583079074762,2.556751637333059,0.08064373180487942,2.565166335528381,0.08148143428153959,0.15533689716818255,0.005941527633859306
CaseStudy,Backdoor_Criterion,shift+2,CausalPFN 2D,raw,600,0.9994666666666667,0.04946666666666677,0.00014377583079074762,2.556751637333059,0.08064373180487942,2.565166335528381,0.08148143428153959,0.15533689716818255,0.005941527633859306
CaseStudy,Backdoor_Criterion,d5,CausalPFN 2D,raw,300,0.9998000000000001,0.04980000000000018,0.00011508321839951581,2.4542919536740744,0.1084604533958228,2.455486933154296,0.10852436780936302,0.135589719427342,0.006499067152685899
CaseStudy,Backdoor_Criterion,d10,CausalPFN 2D,raw,300,0.9987,0.04870000000000008,0.00038927941319630787,2.7197981358158327,0.11680091404461926,2.7485446660168296,0.12113386782593168,0.16247574727205266,0.009325426422514282
CaseStudy,Backdoor_Criterion,d20,CausalPFN 2D,raw,300,0.9999000000000001,0.049900000000000166,5.754160919975792e-05,2.37794313267658,0.11694506072791015,2.378003359568372,0.11694843413193791,0.13900199440635694,0.007974675158585593
CaseStudy,Backdoor_Criterion,d30,CausalPFN 2D,raw,300,0.9996999999999999,0.049699999999999966,9.8653137160315e-05,2.651696174979213,0.12283727664980892,2.6565997554686867,0.12330114076739569,0.16457683192542333,0.00891869816054832
CaseStudy,Backdoor_Criterion,d40,CausalPFN 2D,raw,300,0.9994000000000002,0.04940000000000022,0.00017955724066599302,2.603702939706878,0.11489525525745295,2.6083142040997287,0.11517367806775947,0.16592897682185578,0.008558183267114723
CaseStudy,Backdoor_Criterion,d50,CausalPFN 2D,raw,300,0.9993000000000001,0.04930000000000012,0.00018748467049932603,2.5330774871457753,0.1026104590362301,2.5440490948623746,0.10441430616010798,0.1644481131560644,0.008685700436788775
CaseStudy,Backdoor_Criterion,pooled,Do-PFN (matched label),raw,1800,0.9994000000000001,0.04940000000000011,7.569087635989049e-05,4.716684903651259,0.10216810665580486,4.727400071086146,0.10196491147186969,0.22211586453967375,0.004038520509877752
CaseStudy,Backdoor_Criterion,shift-2,Do-PFN (matched label),raw,600,0.9994,0.0494,0.00013117337840856403,4.716684903651258,0.17705879968844124,4.727400071086144,0.17670665950940043,0.22211586453967375,0.0069988141838143725
CaseStudy,Backdoor_Criterion,shift0,Do-PFN (matched label),raw,600,0.9994,0.0494,0.00013117337840856403,4.716684903651258,0.17705879968844124,4.727400071086144,0.17670665950940043,0.22211586453967375,0.0069988141838143725
CaseStudy,Backdoor_Criterion,shift+2,Do-PFN (matched label),raw,600,0.9994,0.0494,0.00013117337840856403,4.716684903651258,0.17705879968844124,4.727400071086144,0.17670665950940043,0.22211586453967375,0.0069988141838143725
CaseStudy,Backdoor_Criterion,d5,Do-PFN (matched label),raw,300,0.9964999999999999,0.046499999999999986,0.00041198597242087285,0.4100814063446653,0.014785633945404863,0.4742384675964641,0.02368184197032101,0.030316725737258098,0.0012056504416053544
CaseStudy,Backdoor_Criterion,d10,Do-PFN (matched label),raw,300,0.9999000000000001,0.049900000000000166,5.754160919975792e-05,4.307469169148017,0.19940153004130146,4.3076031125055385,0.19939511914445376,0.24998750910855672,0.010699853816974018
CaseStudy,Backdoor_Criterion,d20,Do-PFN (matched label),raw,300,1.0,0.050000000000000044,0.0,5.1167515730743105,0.2466037168806309,5.1167515730743105,0.2466037168806309,0.24555267059873542,0.009665972794345196
CaseStudy,Backdoor_Criterion,d30,Do-PFN (matched label),raw,300,1.0,0.050000000000000044,0.0,6.137913157724411,0.2681034305593829,6.137913157724411,0.2681034305593829,0.2691326748448923,0.009411607892244987
CaseStudy,Backdoor_Criterion,d40,Do-PFN (matched label),raw,300,1.0,0.050000000000000044,0.0,6.141819114807602,0.2567352910180769,6.141819114807602,0.2567352910180769,0.2648412672918175,0.008452686898389837
CaseStudy,Backdoor_Criterion,d50,Do-PFN (matched label),raw,300,1.0,0.050000000000000044,0.0,6.186075000808545,0.23312514752576466,6.186075000808545,0.23312514752576466,0.27286433965678253,0.008354986672211002
CaseStudy,Backdoor_Criterion,pooled,Do-PFN (matched resolution),raw,1800,0.9974333333333334,0.04743333333333344,0.0003607161126016316,16.19774879830149,0.19149721966304675,16.310165230682582,0.18798480883055116,0.43101722335485443,0.0047362641689887896
CaseStudy,Backdoor_Criterion,shift-2,Do-PFN (matched resolution),raw,600,0.9974333333333334,0.04743333333333344,0.0006251262161556042,16.19774879830149,0.3318674385485089,16.310165230682586,0.32578038000968834,0.4310172233548545,0.008208013990057446
CaseStudy,Backdoor_Criterion,shift0,Do-PFN (matched resolution),raw,600,0.9974333333333334,0.04743333333333344,0.0006251262161556042,16.19774879830149,0.3318674385485089,16.310165230682586,0.32578038000968834,0.4310172233548545,0.008208013990057446
CaseStudy,Backdoor_Criterion,shift+2,Do-PFN (matched resolution),raw,600,0.9974333333333334,0.04743333333333344,0.0006251262161556042,16.19774879830149,0.3318674385485089,16.310165230682586,0.32578038000968834,0.4310172233548545,0.008208013990057446
CaseStudy,Backdoor_Criterion,d5,Do-PFN (matched resolution),raw,300,0.9847000000000001,0.034700000000000175,0.0020107653412382766,2.3698211708406833,0.08851975083186081,3.04357013409166,0.14427023078624135,0.18885938296752539,0.010126016700181963
CaseStudy,Backdoor_Criterion,d10,Do-PFN (matched resolution),raw,300,0.9999000000000001,0.049900000000000166,5.754160919975792e-05,12.56445631838222,0.24335925454900292,12.565205949417793,0.24330896260405693,0.4522685211506666,0.012476315699208365
CaseStudy,Backdoor_Criterion,d20,Do-PFN (matched resolution),raw,300,1.0,0.050000000000000044,0.0,17.87185210028258,0.290582899944502,17.87185210028258,0.290582899944502,0.48184954716843625,0.01100349175130848
CaseStudy,Backdoor_Criterion,d30,Do-PFN (matched resolution),raw,300,1.0,0.050000000000000044,0.0,20.628035566056216,0.2865090406315324,20.628035566056216,0.2865090406315324,0.4913053338398284,0.008543249796714432
CaseStudy,Backdoor_Criterion,d40,Do-PFN (matched resolution),raw,300,1.0,0.050000000000000044,0.0,21.61621594345175,0.26699575959262095,21.61621594345175,0.26699575959262095,0.48549881691109353,0.007331731675195399
CaseStudy,Backdoor_Criterion,d50,Do-PFN (matched resolution),raw,300,1.0,0.050000000000000044,0.0,22.136111690795502,0.21015702629489466,22.136111690795502,0.21015702629489466,0.4863217380915766,0.008075280743061483
CaseStudy,Backdoor_Criterion,pooled,"Do-PFN (matched resolution, 262k, T=1)",raw,1800,0.9974333333333334,0.04743333333333344,0.0003607161126016316,17.64181789238793,0.20012140624811312,17.819557000122458,0.19502440105496424,0.4698507890752653,0.005026833505479758
CaseStudy,Backdoor_Criterion,shift-2,"Do-PFN (matched resolution, 262k, T=1)",raw,600,0.9974333333333334,0.04743333333333344,0.0006251262161556042,17.64181789238793,0.346813278057753,17.819557000122458,0.33798009467945067,0.46985078907526523,0.008711574833351539
CaseStudy,Backdoor_Criterion,shift0,"Do-PFN (matched resolution, 262k, T=1)",raw,600,0.9974333333333334,0.04743333333333344,0.0006251262161556042,17.64181789238793,0.346813278057753,17.819557000122458,0.33798009467945067,0.46985078907526523,0.008711574833351539
CaseStudy,Backdoor_Criterion,shift+2,"Do-PFN (matched resolution, 262k, T=1)",raw,600,0.9974333333333334,0.04743333333333344,0.0006251262161556042,17.64181789238793,0.346813278057753,17.819557000122458,0.33798009467945067,0.46985078907526523,0.008711574833351539
CaseStudy,Backdoor_Criterion,d5,"Do-PFN (matched resolution, 262k, T=1)",raw,300,0.9847000000000001,0.034700000000000175,0.0020107653412382766,2.6713489907379984,0.10803322904913122,3.7371170257760644,0.20630640098690445,0.21639844643350378,0.012075890292540482
CaseStudy,Backdoor_Criterion,d10,"Do-PFN (matched resolution, 262k, T=1)",raw,300,0.9999000000000001,0.049900000000000166,5.754160919975792e-05,14.670848902279431,0.3014478824516776,14.671515513648526,0.30140083638691206,0.48153865999407686,0.012485029487472958
CaseStudy,Backdoor_Criterion,d20,"Do-PFN (matched resolution, 262k, T=1)",raw,300,1.0,0.050000000000000044,0.0,20.017400878925674,0.29036657222429274,20.017400878925674,0.29036657222429274,0.5234019419633359,0.010942708312151562
CaseStudy,Backdoor_Criterion,d30,"Do-PFN (matched resolution, 262k, T=1)",raw,300,1.0,0.050000000000000044,0.0,22.341228841303003,0.27381894243341387,22.341228841303003,0.27381894243341387,0.5327249821197375,0.009323588708209832
CaseStudy,Backdoor_Criterion,d40,"Do-PFN (matched resolution, 262k, T=1)",raw,300,1.0,0.050000000000000044,0.0,22.944865595118348,0.26525825371835365,22.944865595118348,0.26525825371835365,0.5300872997375506,0.008021313939347147
CaseStudy,Backdoor_Criterion,d50,"Do-PFN (matched resolution, 262k, T=1)",raw,300,1.0,0.050000000000000044,0.0,23.205214145963133,0.21023428733683103,23.205214145963133,0.21023428733683103,0.534953404203387,0.008664983980409376
CaseStudy,Backdoor_Criterion,pooled,UWYK No-Anc (matched label),raw,1800,0.9968333333333335,0.046833333333333504,0.0007279482063942722,3.3444870258398574,0.10412858909684886,3.3492246626095867,0.10406563799489678,0.1488588455891182,0.003706405337144413
CaseStudy,Backdoor_Criterion,shift-2,UWYK No-Anc (matched label),raw,600,0.9968333333333333,0.04683333333333339,0.0012615447215219623,3.3444870258398574,0.18045634398267907,3.3492246626095863,0.18034724881672626,0.14885884558911816,0.006423253808201368
CaseStudy,Backdoor_Criterion,shift0,UWYK No-Anc (matched label),raw,600,0.9968333333333333,0.04683333333333339,0.0012615447215219623,3.3444870258398574,0.18045634398267907,3.3492246626095863,0.18034724881672626,0.14885884558911816,0.006423253808201368
CaseStudy,Backdoor_Criterion,shift+2,UWYK No-Anc (matched label),raw,600,0.9968333333333333,0.04683333333333339,0.0012615447215219623,3.3444870258398574,0.18045634398267907,3.3492246626095863,0.18034724881672626,0.14885884558911816,0.006423253808201368
CaseStudy,Backdoor_Criterion,d5,UWYK No-Anc (matched label),raw,300,0.9837,0.03370000000000006,0.004222613909348657,1.928588072902454,0.16257068555578744,1.954628582591894,0.16200332869000814,0.10824297887644399,0.007072640660853583
CaseStudy,Backdoor_Criterion,d10,UWYK No-Anc (matched label),raw,300,0.9976000000000002,0.0476000000000002,0.0007633757101954372,3.1539351438988388,0.25671325210494567,3.156060565327231,0.25664145206640016,0.1388138604107733,0.009062827465246517
CaseStudy,Backdoor_Criterion,d20,UWYK No-Anc (matched label),raw,300,0.9998000000000001,0.04980000000000018,8.09640904752737e-05,2.890702892202821,0.2681211110322972,2.890860314311088,0.2681167511029893,0.12767043776139517,0.00943096328588423
CaseStudy,Backdoor_Criterion,d30,UWYK No-Anc (matched label),raw,300,0.9999000000000001,0.049900000000000166,5.754160919975792e-05,3.8326011232183776,0.2875755094839684,3.832703590610654,0.28757178814503526,0.16347705527746462,0.01015925983003201
CaseStudy,Backdoor_Criterion,d40,UWYK No-Anc (matched label),raw,300,1.0,0.050000000000000044,0.0,3.9370611362206667,0.26107023387415157,3.9370611362206667,0.26107023387415157,0.16675898846666437,0.009024992662910972
CaseStudy,Backdoor_Criterion,d50,UWYK No-Anc (matched label),raw,300,1.0,0.050000000000000044,0.0,4.324033786595984,0.2522990792621789,4.324033786595984,0.2522990792621789,0.18818975274196756,0.008709124328582245
CaseStudy,Backdoor_Criterion,pooled,UWYK Anc (matched label),raw,1800,0.9973666666666666,0.04736666666666667,0.0006464218107653406,3.613684497359899,0.11422085091073161,3.617917751526141,0.11416436096353012,0.1514617328493178,0.0036647574759984757
CaseStudy,Backdoor_Criterion,shift-2,UWYK Anc (matched label),raw,600,0.9973666666666667,0.04736666666666678,0.0011202583042096233,3.613684497359899,0.19794637899847475,3.617917751526141,0.1978484811067221,0.15146173284931777,0.006351077465255783
CaseStudy,Backdoor_Criterion,shift0,UWYK Anc (matched label),raw,600,0.9973666666666667,0.04736666666666678,0.0011202583042096233,3.613684497359899,0.19794637899847475,3.617917751526141,0.1978484811067221,0.15146173284931777,0.006351077465255783
CaseStudy,Backdoor_Criterion,shift+2,UWYK Anc (matched label),raw,600,0.9973666666666667,0.04736666666666678,0.0011202583042096233,3.613684497359899,0.19794637899847475,3.617917751526141,0.1978484811067221,0.15146173284931777,0.006351077465255783
CaseStudy,Backdoor_Criterion,d5,UWYK Anc (matched label),raw,300,0.9858999999999999,0.03589999999999993,0.0037852866006194866,1.9628767615723992,0.16124331521226867,1.98695082939674,0.16070069079992752,0.10775401689552438,0.006819019938147758
CaseStudy,Backdoor_Criterion,d10,UWYK Anc (matched label),raw,300,0.9984,0.0484,0.00046782782757568087,3.35861125514753,0.2754774865793823,3.359865588077348,0.27543516807979807,0.14286600014582376,0.009321185819080105
CaseStudy,Backdoor_Criterion,d20,UWYK Anc (matched label),raw,300,1.0,0.050000000000000044,0.0,3.1096715504504653,0.2937577261863459,3.1096715504504653,0.2937577261863459,0.13045790535900478,0.009549903515113131
CaseStudy,Backdoor_Criterion,d30,UWYK Anc (matched label),raw,300,0.9999000000000001,0.049900000000000166,5.754160919975792e-05,4.205256992204284,0.3193127448024554,4.205328116447577,0.3193101866414633,0.16667000388795425,0.01004022072194234
CaseStudy,Backdoor_Criterion,d40,UWYK Anc (matched label),raw,300,1.0,0.050000000000000044,0.0,4.417285671247441,0.29858739249224325,4.417285671247441,0.29858739249224325,0.1715537763719715,0.008797301423302227
CaseStudy,Backdoor_Criterion,d50,UWYK Anc (matched label),raw,300,1.0,0.050000000000000044,0.0,4.628404753537276,0.2733646768169127,4.628404753537276,0.2733646768169127,0.18946869443562792,0.008185002796319266
CaseStudy,Backdoor_Criterion,pooled,UWYK No-Anc (matched resolution),raw,1800,0.9996333333333334,0.04963333333333342,0.00011191451867313747,3.180454191138838,0.11238079185414221,3.1806889042616744,0.11237762576245229,0.1271873806403055,0.0033627650556121093
CaseStudy,Backdoor_Criterion,shift-2,UWYK No-Anc (matched resolution),raw,600,0.9996333333333333,0.04963333333333331,0.0001939494720278201,3.1804541911388386,0.1947575301631611,3.180688904261675,0.19475204328068207,0.12718738064030546,0.00582772025311957
CaseStudy,Backdoor_Criterion,shift0,UWYK No-Anc (matched resolution),raw,600,0.9996333333333333,0.04963333333333331,0.0001939494720278201,3.1804541911388386,0.1947575301631611,3.180688904261675,0.19475204328068207,0.12718738064030546,0.00582772025311957
CaseStudy,Backdoor_Criterion,shift+2,UWYK No-Anc (matched resolution),raw,600,0.9996333333333333,0.04963333333333331,0.0001939494720278201,3.1804541911388386,0.1947575301631611,3.180688904261675,0.19475204328068207,0.12718738064030546,0.00582772025311957
CaseStudy,Backdoor_Criterion,d5,UWYK No-Anc (matched resolution),raw,300,0.9984000000000002,0.04840000000000022,0.0006425284502374571,1.7013604496833934,0.1376645180329293,1.7023270560802455,0.1376351645776242,0.08918484452024884,0.006027695778785792
CaseStudy,Backdoor_Criterion,d10,UWYK No-Anc (matched resolution),raw,300,0.9995999999999999,0.04959999999999998,0.00013975611820328608,2.939296382586082,0.25621940006236993,2.939670035558455,0.25620721290352305,0.12162249125651371,0.008043070686145112
CaseStudy,Backdoor_Criterion,d20,UWYK No-Anc (matched resolution),raw,300,0.9998000000000001,0.04980000000000018,0.00011508321839951581,2.9602075222542985,0.2987025499072597,2.960275541622089,0.29870070940841964,0.11425942471862148,0.008784587763833382
CaseStudy,Backdoor_Criterion,d30,UWYK No-Anc (matched resolution),raw,300,1.0,0.050000000000000044,0.0,3.9362894782271396,0.32810794384862896,3.9362894782271396,0.32810794384862896,0.1488604109129693,0.00978011890079029
CaseStudy,Backdoor_Criterion,d40,UWYK No-Anc (matched resolution),raw,300,1.0,0.050000000000000044,0.0,4.0062736955751115,0.31379182075202616,4.0062736955751115,0.31379182075202616,0.14984493544823507,0.008835360725905246
CaseStudy,Backdoor_Criterion,d50,UWYK No-Anc (matched resolution),raw,300,1.0,0.050000000000000044,0.0,3.539297618507006,0.2523650924617935,3.539297618507006,0.2523650924617935,0.1393521769852444,0.006859047824136057
CaseStudy,Backdoor_Criterion,pooled,UWYK Anc (matched resolution),raw,1800,0.9999,0.049900000000000055,2.7121833426859555e-05,3.2045855043365927,0.1057911659466047,3.2047355912629234,0.10579149873226466,0.13817022512097868,0.0034539976126410432
CaseStudy,Backdoor_Criterion,shift-2,UWYK Anc (matched resolution),raw,600,0.9999000000000001,0.049900000000000166,4.700252778577603e-05,3.2045855043365927,0.1833376135984436,3.2047355912629234,0.18333819032078322,0.13817022512097868,0.00598582758787199
CaseStudy,Backdoor_Criterion,shift0,UWYK Anc (matched resolution),raw,600,0.9999000000000001,0.049900000000000166,4.700252778577603e-05,3.2045855043365927,0.1833376135984436,3.2047355912629234,0.18333819032078322,0.13817022512097868,0.00598582758787199
CaseStudy,Backdoor_Criterion,shift+2,UWYK Anc (matched resolution),raw,600,0.9999000000000001,0.049900000000000166,4.700252778577603e-05,3.2045855043365927,0.1833376135984436,3.2047355912629234,0.18333819032078322,0.13817022512097868,0.00598582758787199
CaseStudy,Backdoor_Criterion,d5,UWYK Anc (matched resolution),raw,300,0.9998000000000001,0.04980000000000018,0.00011508321839951578,1.9919717892609035,0.161909791487297,1.9924008629386942,0.1619422049227263,0.12428478178778296,0.010162305504276175
CaseStudy,Backdoor_Criterion,d10,UWYK Anc (matched resolution),raw,300,0.9996999999999999,0.049699999999999966,9.8653137160315e-05,3.0386607389467417,0.24777480175963354,3.039038483716901,0.24776991171286444,0.14964182869360074,0.009691896048190127
CaseStudy,Backdoor_Criterion,d20,UWYK Anc (matched resolution),raw,300,0.9999000000000001,0.049900000000000166,5.754160919975792e-05,2.8757444212729,0.2746282629516944,2.8758381243829336,0.27462566474189315,0.12002944455084133,0.007785554765452683
CaseStudy,Backdoor_Criterion,d30,UWYK Anc (matched resolution),raw,300,1.0,0.050000000000000044,0.0,3.8215283189884373,0.30761833322358073,3.8215283189884373,0.30761833322358073,0.14616500099122187,0.00883753581492617
CaseStudy,Backdoor_Criterion,d40,UWYK Anc (matched resolution),raw,300,1.0,0.050000000000000044,0.0,3.9222851330297255,0.29787585019885404,3.9222851330297255,0.29787585019885404,0.14550452083376733,0.007877091623352917
CaseStudy,Backdoor_Criterion,d50,UWYK Anc (matched resolution),raw,300,1.0,0.050000000000000044,0.0,3.577322624520848,0.22092503982882533,3.577322624520848,0.22092503982882533,0.14339577386865773,0.0054808044347662635
CaseStudy,Backdoor_Criterion,pooled,UWYK-B No-Anc,raw,1800,0.9994333333333334,0.04943333333333344,0.00026813911619529555,4.233915756616835,0.12408689938516178,4.234398698293656,0.12407901644619353,0.1823993193475679,0.004490212643330407
CaseStudy,Backdoor_Criterion,shift-2,UWYK-B No-Anc,raw,600,0.9994333333333333,0.04943333333333333,0.000464688948607046,4.233915756616835,0.21504438304033907,4.234398698293656,0.2150307217936211,0.18239931934756787,0.007781603153832878
CaseStudy,Backdoor_Criterion,shift0,UWYK-B No-Anc,raw,600,0.9994333333333333,0.04943333333333333,0.000464688948607046,4.233915756616835,0.21504438304033907,4.234398698293656,0.2150307217936211,0.18239931934756787,0.007781603153832878
CaseStudy,Backdoor_Criterion,shift+2,UWYK-B No-Anc,raw,600,0.9994333333333333,0.04943333333333333,0.000464688948607046,4.233915756616835,0.21504438304033907,4.234398698293656,0.2150307217936211,0.18239931934756787,0.007781603153832878
CaseStudy,Backdoor_Criterion,d5,UWYK-B No-Anc,raw,300,0.9966,0.046600000000000086,0.0016010448093683543,2.7180528507116835,0.23823808822117248,2.720950500772614,0.23815146840524504,0.13229907820950917,0.009683979939079828
CaseStudy,Backdoor_Criterion,d10,UWYK-B No-Anc,raw,300,1.0,0.050000000000000044,0.0,4.278701168540493,0.3238996529403466,4.278701168540493,0.3238996529403466,0.1830101197954056,0.012242033543962227
CaseStudy,Backdoor_Criterion,d20,UWYK-B No-Anc,raw,300,1.0,0.050000000000000044,0.0,3.82378114128991,0.31700769968968734,3.82378114128991,0.31700769968968734,0.16333221564173467,0.011512837522957928
CaseStudy,Backdoor_Criterion,d30,UWYK-B No-Anc,raw,300,1.0,0.050000000000000044,0.0,4.810842260971973,0.32830224499047017,4.810842260971973,0.32830224499047017,0.20093269280029208,0.011614366300978408
CaseStudy,Backdoor_Criterion,d40,UWYK-B No-Anc,raw,300,1.0,0.050000000000000044,0.0,4.947140471127053,0.3169982727253599,4.947140471127053,0.3169982727253599,0.20491465110833232,0.010669155277317526
CaseStudy,Backdoor_Criterion,d50,UWYK-B No-Anc,raw,300,1.0,0.050000000000000044,0.0,4.824976647059892,0.27053137446254444,4.824976647059892,0.27053137446254444,0.20990715853013348,0.009378260859821947
CaseStudy,Backdoor_Criterion,pooled,UWYK-B Anc,raw,1800,0.9999833333333333,0.04998333333333338,9.617154191675635e-06,4.106955314871807,0.12128284994790352,4.10699915509173,0.12128216935506837,0.19716594501376372,0.004773759607977747
CaseStudy,Backdoor_Criterion,shift-2,UWYK-B Anc,raw,600,0.9999833333333333,0.04998333333333338,1.6666666666666678e-05,4.106955314871808,0.21018492499732577,4.106999155091731,0.21018374552014435,0.1971659450137637,0.008272994125625016
CaseStudy,Backdoor_Criterion,shift0,UWYK-B Anc,raw,600,0.9999833333333333,0.04998333333333338,1.6666666666666678e-05,4.106955314871808,0.21018492499732577,4.106999155091731,0.21018374552014435,0.1971659450137637,0.008272994125625016
CaseStudy,Backdoor_Criterion,shift+2,UWYK-B Anc,raw,600,0.9999833333333333,0.04998333333333338,1.6666666666666678e-05,4.106955314871808,0.21018492499732577,4.106999155091731,0.21018374552014435,0.1971659450137637,0.008272994125625016
CaseStudy,Backdoor_Criterion,d5,UWYK-B Anc,raw,300,0.9999000000000001,0.049900000000000166,5.754160919975792e-05,2.7371780935451775,0.23844714707602813,2.737441134864711,0.2384397033011499,0.16738169484645718,0.012034247442470978
CaseStudy,Backdoor_Criterion,d10,UWYK-B Anc,raw,300,1.0,0.050000000000000044,0.0,4.203155271968903,0.32470279994250084,4.203155271968903,0.32470279994250084,0.20635627077137564,0.01290832158495111
CaseStudy,Backdoor_Criterion,d20,UWYK-B Anc,raw,300,1.0,0.050000000000000044,0.0,3.8237263251890483,0.32078248419683253,3.8237263251890483,0.32078248419683253,0.17988110865307372,0.012014635720221477
CaseStudy,Backdoor_Criterion,d30,UWYK-B Anc,raw,300,1.0,0.050000000000000044,0.0,4.770895696819184,0.32421263552091695,4.770895696819184,0.32421263552091695,0.21285302383816143,0.011968374330907748
CaseStudy,Backdoor_Criterion,d40,UWYK-B Anc,raw,300,1.0,0.050000000000000044,0.0,4.8021667543589395,0.30053916039339257,4.8021667543589395,0.30053916039339257,0.2119410159741352,0.010898399928789382
CaseStudy,Backdoor_Criterion,d50,UWYK-B Anc,raw,300,1.0,0.050000000000000044,0.0,4.304609747349591,0.24616071355438113,4.304609747349591,0.24616071355438113,0.20458255599937908,0.009943865451660197
CaseStudy,Backdoor_Criterion,pooled,CausalPFN-C (matched label),raw,1800,0.9993833333333333,0.049383333333333335,0.000108349901100531,1.210591212825859,0.045232594976755726,1.217944962807036,0.04546292254422308,0.08525879609817172,0.003087390234171256
CaseStudy,Backdoor_Criterion,shift-2,CausalPFN-C (matched label),raw,600,0.9993833333333333,0.049383333333333335,0.00018777193845679772,1.2105912128258594,0.07838873828169106,1.2179449628070362,0.07878789927200203,0.08525879609817175,0.005350491723153794
CaseStudy,Backdoor_Criterion,shift0,CausalPFN-C (matched label),raw,600,0.9993833333333333,0.049383333333333335,0.00018777193845679772,1.2105912128258594,0.07838873828169106,1.2179449628070362,0.07878789927200203,0.08525879609817175,0.005350491723153794
CaseStudy,Backdoor_Criterion,shift+2,CausalPFN-C (matched label),raw,600,0.9993833333333333,0.049383333333333335,0.00018777193845679772,1.2105912128258594,0.07838873828169106,1.2179449628070362,0.07878789927200203,0.08525879609817175,0.005350491723153794
CaseStudy,Backdoor_Criterion,d5,CausalPFN-C (matched label),raw,300,0.9998000000000001,0.04980000000000018,8.096409047527371e-05,0.6215909607840782,0.0321385184481621,0.6217039475013348,0.032136580404406395,0.04579380940594595,0.0030424324386919247
CaseStudy,Backdoor_Criterion,d10,CausalPFN-C (matched label),raw,300,0.9978000000000001,0.047800000000000176,0.0005930477937053041,0.9014989096583182,0.061227703026011285,0.9426334249781557,0.06752950749762748,0.07693195726969719,0.006648928504019754
CaseStudy,Backdoor_Criterion,d20,CausalPFN-C (matched label),raw,300,0.9999000000000001,0.049900000000000166,5.754160919975792e-05,0.9914395510608296,0.09977194876281606,0.9915740731477563,0.0997762112868216,0.07041908202530704,0.006948431218226534
CaseStudy,Backdoor_Criterion,d30,CausalPFN-C (matched label),raw,300,0.9998000000000001,0.04980000000000018,8.096409047527371e-05,1.4213579440438935,0.1228783834510562,1.4213777989237,0.12287777818434348,0.09801447155974367,0.008170248541232432
CaseStudy,Backdoor_Criterion,d40,CausalPFN-C (matched label),raw,300,0.9994000000000002,0.04940000000000022,0.00015984942747749518,1.608240409725101,0.12968248557451634,1.6088385278094735,0.12966223855988593,0.11008240103218017,0.008697795934422431
CaseStudy,Backdoor_Criterion,d50,CausalPFN-C (matched label),raw,300,0.9995999999999999,0.04959999999999998,0.0001397561182032861,1.7194195016829348,0.1549977060248098,1.7215420044817962,0.15506108237539692,0.11031105529615634,0.00943801560882583
CaseStudy,Backdoor_Criterion,pooled,CausalPFN-C (matched resolution),raw,1800,0.9999833333333333,0.04998333333333338,9.617154191675635e-06,3.095663215913771,0.07344979720470214,3.0957610825426065,0.07345041590385593,0.16876576684805222,0.004308250376822437
CaseStudy,Backdoor_Criterion,shift-2,CausalPFN-C (matched resolution),raw,600,0.9999833333333333,0.04998333333333338,1.6666666666666678e-05,3.0956632159137714,0.12728955596912875,3.0957610825426065,0.1272906281836693,0.16876576684805225,0.007466259926371208
CaseStudy,Backdoor_Criterion,shift0,CausalPFN-C (matched resolution),raw,600,0.9999833333333333,0.04998333333333338,1.6666666666666678e-05,3.0956632159137714,0.12728955596912875,3.0957610825426065,0.1272906281836693,0.16876576684805225,0.007466259926371208
CaseStudy,Backdoor_Criterion,shift+2,CausalPFN-C (matched resolution),raw,600,0.9999833333333333,0.04998333333333338,1.6666666666666678e-05,3.0956632159137714,0.12728955596912875,3.0957610825426065,0.1272906281836693,0.16876576684805225,0.007466259926371208
CaseStudy,Backdoor_Criterion,d5,CausalPFN-C (matched resolution),raw,300,1.0,0.050000000000000044,0.0,2.5086779851268224,0.1106298379874444,2.5086779851268224,0.1106298379874444,0.12938529779024183,0.005887358375938626
CaseStudy,Backdoor_Criterion,d10,CausalPFN-C (matched resolution),raw,300,1.0,0.050000000000000044,0.0,2.8335721831539247,0.12465141942348949,2.8335721831539247,0.12465141942348949,0.1497782911001728,0.007445724921905815
CaseStudy,Backdoor_Criterion,d20,CausalPFN-C (matched resolution),raw,300,0.9999000000000001,0.049900000000000166,5.754160919975792e-05,2.6414546767057345,0.15206000814312748,2.642041876478748,0.15207665892248892,0.1417990815930527,0.008833403339354373
CaseStudy,Backdoor_Criterion,d30,CausalPFN-C (matched resolution),raw,300,1.0,0.050000000000000044,0.0,3.3899022252555344,0.21344983153753033,3.3899022252555344,0.21344983153753033,0.18960099141567163,0.012634200821920516
CaseStudy,Backdoor_Criterion,d40,CausalPFN-C (matched resolution),raw,300,1.0,0.050000000000000044,0.0,3.5359582059548234,0.20633069847313806,3.5359582059548234,0.20633069847313806,0.2007154460243838,0.012418033110586613
CaseStudy,Backdoor_Criterion,d50,CausalPFN-C (matched resolution),raw,300,1.0,0.050000000000000044,0.0,3.6644140192857875,0.22722783725293189,3.6644140192857875,0.22722783725293189,0.20131549316479078,0.013071565631257227
CaseStudy,Backdoor_Criterion,pooled,"CausalPFN (two-stage, published)",raw,1800,1.0,0.050000000000000044,0.0,3.2601785554982468,0.061211802100114544,3.2601785554982468,0.061211802100114544,0.20203041063852387,0.004018797339512043
CaseStudy,Backdoor_Criterion,shift-2,"CausalPFN (two-stage, published)",raw,600,1.0,0.050000000000000044,0.0,3.2601785554982468,0.10608093426968584,3.2601785554982468,0.10608093426968584,0.20203041063852387,0.006964633645627753
CaseStudy,Backdoor_Criterion,shift0,"CausalPFN (two-stage, published)",raw,600,1.0,0.050000000000000044,0.0,3.2601785554982468,0.10608093426968584,3.2601785554982468,0.10608093426968584,0.20203041063852387,0.006964633645627753
CaseStudy,Backdoor_Criterion,shift+2,"CausalPFN (two-stage, published)",raw,600,1.0,0.050000000000000044,0.0,3.2601785554982468,0.10608093426968584,3.2601785554982468,0.10608093426968584,0.20203041063852387,0.006964633645627753
CaseStudy,Backdoor_Criterion,d5,"CausalPFN (two-stage, published)",raw,300,1.0,0.050000000000000044,0.0,3.0125336529278646,0.13116992455167895,3.0125336529278646,0.13116992455167895,0.18190291472967146,0.008013491478975988
CaseStudy,Backdoor_Criterion,d10,"CausalPFN (two-stage, published)",raw,300,1.0,0.050000000000000044,0.0,3.317936985589497,0.13854676072295566,3.317936985589497,0.13854676072295566,0.20294375211554794,0.008829422851640201
CaseStudy,Backdoor_Criterion,d20,"CausalPFN (two-stage, published)",raw,300,1.0,0.050000000000000044,0.0,2.9375970033164465,0.1418512056940598,2.9375970033164465,0.1418512056940598,0.17978160093896217,0.008891251070167841
CaseStudy,Backdoor_Criterion,d30,"CausalPFN (two-stage, published)",raw,300,1.0,0.050000000000000044,0.0,3.3490460628968153,0.16123081856362118,3.3490460628968153,0.16123081856362118,0.20844571378222365,0.010460847373958335
CaseStudy,Backdoor_Criterion,d40,"CausalPFN (two-stage, published)",raw,300,1.0,0.050000000000000044,0.0,3.4593309195354336,0.16037260973289244,3.4593309195354336,0.16037260973289244,0.21907153269435842,0.01084729499200599
CaseStudy,Backdoor_Criterion,d50,"CausalPFN (two-stage, published)",raw,300,1.0,0.050000000000000044,0.0,3.4846267087234235,0.16166225911849047,3.4846267087234235,0.16166225911849047,0.22003694957037956,0.011380600485183027
ComplexMech,all-rho,n5,Do-PFN 1D,raw,115,0.8955544604442809,0.05444553955571907,0.021030212969116988,7.928994169313272,3.797564974431526,9.119680893656538,3.8243660086580307,0.19646874231016137,0.05598195340369985
ComplexMech,all-rho,n10,Do-PFN 1D,raw,116,0.928718283486472,0.02128171651352795,0.016162101210692968,5.608523156051022,2.8082564911410786,6.056343284352396,2.804209797108323,0.3048455531475163,0.15384783002919544
ComplexMech,all-rho,n20,Do-PFN 1D,raw,127,0.9191554800657629,0.03084451993423709,0.015813306048290093,4.452900586780675,2.323171943772402,5.213151881927501,2.3315910360515426,0.20541771791363,0.06741245531098655
ComplexMech,all-rho,n30,Do-PFN 1D,raw,127,0.9411483153110548,0.00885168468894515,0.013317070697005296,5.252462994501106,2.3487026161405424,6.209288482017752,2.5791926110106584,0.17810342299915566,0.01800932396166679
ComplexMech,all-rho,n40,Do-PFN 1D,raw,115,0.975923948723805,0.02592394872380499,0.008412808025943156,3.1775624172260084,1.579214171364275,3.3837606369796713,1.5803152798063111,0.11639770306476209,0.01273023863108611
ComplexMech,all-rho,n50,Do-PFN 1D,raw,129,0.955634862255196,0.005634862255196049,0.011029010431959349,4.285877818888148,2.2706611431599892,4.978707550028873,2.2845852721290614,0.17645978890976197,0.022339518211725633
ComplexMech,all-rho,n5,Do-PFN 2D,raw,115,0.8025682241285408,0.14743177587145917,0.02936208403247735,0.4794277542219132,0.033780443649036616,2.7000585610715846,0.6992745637318223,0.14296553796022218,0.02160867756150742
ComplexMech,all-rho,n10,Do-PFN 2D,raw,116,0.8490463236805824,0.10095367631941754,0.0216065500386783,0.50482672321616,0.03180174717527275,2.1115016306559387,0.476801223373055,0.13407536081323565,0.019374108577914946
ComplexMech,all-rho,n20,Do-PFN 2D,raw,127,0.8405492478701224,0.10945075212987754,0.02332777323660697,0.5572897886860878,0.03250500867823971,2.1879562403711543,0.3352306826813357,0.12660876469586177,0.014475400461548568
ComplexMech,all-rho,n30,Do-PFN 2D,raw,127,0.8305626019437302,0.11943739805626974,0.022462721452294214,0.6838801935238219,0.051112065276391276,2.7378898652468027,0.4709719358028869,0.15817847497189913,0.019278615415154146
ComplexMech,all-rho,n40,Do-PFN 2D,raw,115,0.8591284571807459,0.09087154281925403,0.019603346824078046,0.5211064664517268,0.04242097059315143,1.5611364157882852,0.21483871795165832,0.10248621796472891,0.011407597220441837
ComplexMech,all-rho,n50,Do-PFN 2D,raw,129,0.8722176399602439,0.07778236003975603,0.020302403209506305,0.8238375475607216,0.0761691324372027,2.2870155368739566,0.3226146532070371,0.16313241321342956,0.021944359207896322
ComplexMech,all-rho,n5,Do-PFN 2D (262k),raw,115,0.7790783854204818,0.17092161457951816,0.030666169917176477,0.46943023502870573,0.030258884034796162,2.9641928677428924,0.7690902234587236,0.15249527422740577,0.024160982437836754
ComplexMech,all-rho,n10,Do-PFN 2D (262k),raw,116,0.8553316741836409,0.09466832581635909,0.021285557409605794,0.5423253549137976,0.04049045652988014,1.9001044391454747,0.3467035594221391,0.13198598214445273,0.017192610185825553
ComplexMech,all-rho,n20,Do-PFN 2D (262k),raw,127,0.8519098131689604,0.09809018683103954,0.021842476990397163,0.5493688239259522,0.03258751760535832,2.128963249119662,0.32505584391635084,0.12323390234321312,0.013786790503692553
ComplexMech,all-rho,n30,Do-PFN 2D (262k),raw,127,0.8160219970949557,0.13397800290504425,0.022700649644917286,0.5764116260360582,0.035649091068790675,2.992019129071204,0.4938306631368183,0.1588357816402498,0.019526469943567947
ComplexMech,all-rho,n40,Do-PFN 2D (262k),raw,115,0.8655466199367178,0.08445338006328218,0.017802913822794652,0.4854962148097554,0.03800253622734578,1.4953778651521659,0.20662756192113613,0.10396011067568081,0.011552481150310023
ComplexMech,all-rho,n50,Do-PFN 2D (262k),raw,129,0.8397197374662041,0.11028026253379586,0.02239279533510803,0.6735471754000989,0.06366507739735332,2.7728609572470035,0.46792740652708886,0.16309492960926317,0.02342987517743987
ComplexMech,all-rho,n5,"Do-PFN 2D (262k, T=1)",raw,115,0.7901548525939429,0.15984514740605704,0.030000891612159516,0.4997369443553773,0.032341752224943454,2.8341012391755216,0.7463292124331442,0.15046252078984762,0.023913090186088122
ComplexMech,all-rho,n10,"Do-PFN 2D (262k, T=1)",raw,116,0.8710300222128227,0.07896997778717729,0.020197875780143214,0.5808945454953898,0.042801736090969954,1.7959681607823175,0.3204141669335367,0.1300087903705556,0.01693543858730089
ComplexMech,all-rho,n20,"Do-PFN 2D (262k, T=1)",raw,127,0.8647659497721598,0.08523405022784014,0.021130934307011677,0.6057854305829941,0.036099773390193116,1.9919691955962937,0.3000495570672265,0.12173358604569993,0.013515336298068706
ComplexMech,all-rho,n30,"Do-PFN 2D (262k, T=1)",raw,127,0.8310077694653902,0.11899223053460972,0.02198728950135358,0.6405053170039315,0.040078448714204046,2.8252641118445876,0.4731702931516842,0.15665567695020569,0.01921378924383839
ComplexMech,all-rho,n40,"Do-PFN 2D (262k, T=1)",raw,115,0.8821884720397103,0.06781152796028966,0.016357337658072634,0.5325749561077996,0.040820298547566865,1.4309123407507902,0.19428699653699968,0.10273713526751833,0.011326923879442077
ComplexMech,all-rho,n50,"Do-PFN 2D (262k, T=1)",raw,129,0.8598066244278276,0.09019337557217233,0.02072075273961438,0.749076227991612,0.06783605977867938,2.561528614192852,0.41663191647133635,0.16080992032656516,0.022902706355562078
ComplexMech,all-rho,n5,UWYK 1D (noanc),raw,115,0.852591691714486,0.09740830828551394,0.024275494083055536,1.0409197652320044,0.06412680152738535,3.3853675256227,0.852665461271003,0.2002650410257799,0.0274695724232531
ComplexMech,all-rho,n10,UWYK 1D (noanc),raw,116,0.8053043706382086,0.14469562936179137,0.025869690562280053,0.8873801794426072,0.061622425059004775,2.770252744923445,0.4144072261505542,0.18159084312431104,0.022372929325620523
ComplexMech,all-rho,n20,UWYK 1D (noanc),raw,127,0.8199020439701675,0.13009795602983243,0.024935462946374904,0.8702046878170865,0.0668443991112865,2.6755754925492665,0.3887589015147394,0.1465062630326964,0.014995269067490977
ComplexMech,all-rho,n30,UWYK 1D (noanc),raw,127,0.8365731708005653,0.1134268291994347,0.022443870505161456,0.9773144545961536,0.06879990457175117,2.728573589273513,0.3849913574726543,0.16564491800646897,0.019094058357986197
ComplexMech,all-rho,n40,UWYK 1D (noanc),raw,115,0.9006190399860501,0.04938096001394987,0.01779040703791365,0.7656784287210917,0.05434641379834491,1.770024847850364,0.4746348633902449,0.10570747025194356,0.01502031263262758
ComplexMech,all-rho,n50,UWYK 1D (noanc),raw,129,0.9067530856612384,0.0432469143387616,0.0171844928740608,1.0182933888174968,0.07519912156843209,2.424386341529745,0.4714079751550459,0.15624195054836007,0.022229703593912666
ComplexMech,all-rho,n5,UWYK 1D (v3a),raw,115,0.9267184356235038,0.0232815643764962,0.017351432278917844,1.0252903702520013,0.0556302353550196,1.8808297884758287,0.38298780625936313,0.13312210866203833,0.018022616596830267
ComplexMech,all-rho,n10,UWYK 1D (v3a),raw,116,0.9341878455409356,0.015812154459064365,0.012603510854343367,1.0020205754754536,0.0608230241746547,1.4305662365748442,0.12127209773033397,0.13083598725712453,0.013682661924702197
ComplexMech,all-rho,n20,UWYK 1D (v3a),raw,127,0.8976607470127275,0.05233925298727249,0.016900736150506756,0.9795686918016668,0.06536771501768225,1.8034878563749317,0.20384033864667034,0.12493619621353877,0.012427501071836173
ComplexMech,all-rho,n30,UWYK 1D (v3a),raw,127,0.8697615148868608,0.08023848511313914,0.019683906043774388,1.0085411379066003,0.06737501202601195,2.482439858373484,0.3679236262956903,0.15240076034098798,0.017064976832403825
ComplexMech,all-rho,n40,UWYK 1D (v3a),raw,115,0.9308643328896941,0.0191356671103059,0.015972638884593042,0.7693530379630505,0.054914206276585845,1.5965916778432252,0.41905164864236555,0.09726160288185048,0.01404958387999147
ComplexMech,all-rho,n50,UWYK 1D (v3a),raw,129,0.9073939672204495,0.04260603277955044,0.016695840032091225,0.9775308578094275,0.07342830533528581,2.3740460771067116,0.46020637660953245,0.1517893842379791,0.021891972235006538
ComplexMech,all-rho,n5,UWYK 2D (noanc),raw,115,0.9448089142244765,0.0051910857755234074,0.016279918394416573,0.9863011970944524,0.07242265029533737,1.7565978119644665,0.4256298319488474,0.11414793961070586,0.01632638281988755
ComplexMech,all-rho,n10,UWYK 2D (noanc),raw,116,0.9644199538488333,0.014419953848833322,0.009598949698076092,1.0004493155873302,0.07826022837592303,1.14876876046334,0.0893103388628687,0.10135672331115239,0.0093921560755693
ComplexMech,all-rho,n20,UWYK 2D (noanc),raw,127,0.9532496883118085,0.0032496883118084963,0.012924092992914719,0.8425243162563574,0.05956056903603716,1.3941205416859863,0.22400545864550978,0.10468063151197651,0.01153067711363988
ComplexMech,all-rho,n30,UWYK 2D (noanc),raw,127,0.9347701127422493,0.015229887257750652,0.014751593204943401,1.0049343299797775,0.07401889547094512,1.662223202229851,0.290748444790472,0.13596826320194375,0.016671750428533017
ComplexMech,all-rho,n40,UWYK 2D (noanc),raw,115,0.9584270305107643,0.008427030510764322,0.008726170187414797,0.7265985410189859,0.06091171090682436,0.9639527140619842,0.10107798985820124,0.08307113447650408,0.008840605245970886
ComplexMech,all-rho,n50,UWYK 2D (noanc),raw,129,0.9377618759061288,0.01223812409387115,0.013495735984301852,0.9421661548025434,0.07675175907897,1.6245294812689768,0.3295971601125683,0.1304371508904134,0.01992230462057397
ComplexMech,all-rho,n5,UWYK 2D (v3a),raw,115,0.9318681260875136,0.018131873912486385,0.01733296500721702,0.8032662281082519,0.06532443444178027,1.7435741904220772,0.5166566531768663,0.11317388160166024,0.016926528802106055
ComplexMech,all-rho,n10,UWYK 2D (v3a),raw,116,0.9355262756879138,0.014473724312086156,0.013482273960701344,0.8013443579562971,0.06856252422685298,1.1255831120479174,0.10179633058812142,0.09960716573763333,0.00988256342689358
ComplexMech,all-rho,n20,UWYK 2D (v3a),raw,127,0.9072447279850929,0.04275527201490703,0.017970511845863686,0.6143746658599288,0.049720745699122416,1.578226037421592,0.28012506089019684,0.10916757319658772,0.013015413664841184
ComplexMech,all-rho,n30,UWYK 2D (v3a),raw,127,0.877613117343223,0.07238688265677695,0.019558081466332262,0.7191681526909848,0.062095123799443326,2.1861317456598153,0.4100289184719951,0.14207407758218152,0.018386386710126188
ComplexMech,all-rho,n40,UWYK 2D (v3a),raw,115,0.9295336047512068,0.020466395248793123,0.011914571665075566,0.5541300936949086,0.050456809012374315,0.9856691977919586,0.13084019863311383,0.0838701465703735,0.009520942934744165
ComplexMech,all-rho,n50,UWYK 2D (v3a),raw,129,0.8974336977515481,0.052566302248451824,0.01857349264681712,0.7824142627152503,0.07016998026931318,1.982756622300167,0.46381317560809215,0.13366446071462876,0.02120005121054641
ComplexMech,all-rho,n5,CausalPFN 1D,raw,115,0.8170926412065932,0.13290735879340676,0.026125475980784615,0.7904636172581131,0.06172390234096421,2.4220215884521603,0.4849455457200762,0.13840033340675786,0.018554625774643237
ComplexMech,all-rho,n10,CausalPFN 1D,raw,116,0.8497825229971382,0.10021747700286177,0.021242830730810673,0.8495464280312399,0.07417622019461202,1.76870953575066,0.19816511030398296,0.1320138027466649,0.014286193414998698
ComplexMech,all-rho,n20,CausalPFN 1D,raw,127,0.8201059018540567,0.12989409814594322,0.022377569002067003,0.7087592651062975,0.0587567930979094,2.065524956235281,0.2680362723406672,0.12978640495457075,0.013591563489865288
ComplexMech,all-rho,n30,CausalPFN 1D,raw,127,0.8170007615563178,0.1329992384436821,0.020963726817489505,0.6923003570524542,0.052301846886398586,2.968088626645294,0.5223974662259374,0.15240191553307347,0.017698212815467976
ComplexMech,all-rho,n40,CausalPFN 1D,raw,115,0.8402077190699088,0.10979228093009119,0.020777655739939022,0.5736532493508925,0.052010597073208195,1.481544695499255,0.1922614304943304,0.09369125856569137,0.010362611917696513
ComplexMech,all-rho,n50,CausalPFN 1D,raw,129,0.8560556849244887,0.09394431507551126,0.019242394971492844,0.7064624695334115,0.06752197877764257,2.8766983262897767,0.6554536904584043,0.1453596468182498,0.02170637962573484
ComplexMech,all-rho,n5,CausalPFN 2D,raw,115,0.9223828578151843,0.0276171421848157,0.017714960877613192,0.8919147705853995,0.05339066894753543,1.71351684666582,0.37821047978707795,0.134893957595587,0.01658929397136638
ComplexMech,all-rho,n10,CausalPFN 2D,raw,116,0.9249918583485135,0.02500814165148646,0.014779046104581878,0.9174280358884096,0.059329164999914294,1.510299405371518,0.18515272215769157,0.13044344083672482,0.012002980766006104
ComplexMech,all-rho,n20,CausalPFN 2D,raw,127,0.9233934390560546,0.026606560943945312,0.013876728477589195,0.9179180816494694,0.05448884990748809,1.5603694072742509,0.15702729556734957,0.13252943605171422,0.012420382155345336
ComplexMech,all-rho,n30,CausalPFN 2D,raw,127,0.8976202291985272,0.052379770801472714,0.016474146720022863,0.95732544765771,0.051170226400135105,2.2899955328774357,0.3357927498971681,0.15671357417749326,0.01604624077470594
ComplexMech,all-rho,n40,CausalPFN 2D,raw,115,0.9365806662482973,0.013419333751702678,0.01142071584252669,0.711223660608155,0.04293988686118448,1.1783011883350898,0.13066353740149989,0.09875540883151722,0.009561347804637915
ComplexMech,all-rho,n50,CausalPFN 2D,raw,129,0.9089602132635165,0.04103978673648345,0.015561101148140946,0.92490797598206,0.058636183232183114,2.1937950814001823,0.3733991764209748,0.15471519588959992,0.020108859480609195
ComplexMech,all-rho,n5,Do-PFN (matched label),raw,115,0.862880522867792,0.08711947713220791,0.02469388489204087,1.2108011151342053,0.12155716139860802,2.7543315684491834,0.6245481982271319,0.15171040153943977,0.021898928979499178
ComplexMech,all-rho,n10,Do-PFN (matched label),raw,116,0.9025737131129138,0.047426286887086166,0.018839966185970093,1.1621913655925216,0.08990450392310016,2.1891172882492604,0.6049687237518554,0.14255812515426877,0.020222867485741477
ComplexMech,all-rho,n20,Do-PFN (matched label),raw,127,0.9032958525674623,0.0467041474325377,0.018131640081637593,1.3527729955892591,0.11965410981316466,2.0137840280140296,0.20053013783822543,0.13126498993640293,0.01193637795707339
ComplexMech,all-rho,n30,Do-PFN (matched label),raw,127,0.9367097057485327,0.013290294251467216,0.013693570539944145,1.5779721612369169,0.10417962186891712,2.4419119767781505,0.3355184713078386,0.1611057790255571,0.01670735059594208
ComplexMech,all-rho,n40,Do-PFN (matched label),raw,115,0.9750635020182309,0.025063502018230932,0.007788259115533667,1.3335252807157407,0.08800464876235371,1.5828800203339042,0.15245221865241299,0.10672297074793366,0.011671946537395948
ComplexMech,all-rho,n50,Do-PFN (matched label),raw,129,0.9505382096031698,0.0005382096031698591,0.01154341846104336,1.6988370807062687,0.11885488863830566,2.507062420063342,0.41008214871412774,0.16064376519876064,0.019727662578976027
ComplexMech,all-rho,n5,Do-PFN (matched resolution),raw,115,0.9075274043221683,0.04247259567783168,0.02097811396872776,8.505223751205499,0.5580969701913406,15.80060913904886,3.5539316384715893,0.7843683427283971,0.1144228826016172
ComplexMech,all-rho,n10,Do-PFN (matched resolution),raw,116,0.9645499387253141,0.014549938725314182,0.008910648923349357,9.229530427952135,0.5568453022047447,12.022261496187024,1.4866645249668975,0.6336240744600343,0.06993983570400682
ComplexMech,all-rho,n20,Do-PFN (matched resolution),raw,127,0.9768692867875391,0.026869286787539193,0.008036375171680096,9.348756370021658,0.5034613601493322,9.732205369533242,0.5014430947627576,0.35334010951086664,0.03242617296939936
ComplexMech,all-rho,n30,Do-PFN (matched resolution),raw,127,0.9786096775382271,0.028609677538227185,0.00891301954298197,11.598214864121092,0.5629321996398299,12.101957887449815,0.5696526430969738,0.37656623137898837,0.025527038890958764
ComplexMech,all-rho,n40,Do-PFN (matched resolution),raw,115,0.9950517598343684,0.04505175983436849,0.002892117582775542,12.409104325130182,0.5812020571880576,12.471970100045867,0.5780090595383338,0.30563861127207054,0.028348446277734925
ComplexMech,all-rho,n50,Do-PFN (matched resolution),raw,129,0.9861714025341731,0.03617140253417317,0.006899394338447814,13.402682360682242,0.6051461528919588,13.826339897376842,0.6485615097771098,0.35696748589232,0.027681817024560403
ComplexMech,all-rho,n5,"Do-PFN (matched resolution, 262k, T=1)",raw,115,0.9257485903836257,0.024251409616374286,0.019054318841206803,9.554970170019004,0.5834010584097536,15.889560408745417,3.577411974014203,0.7576532682793033,0.1196910859813048
ComplexMech,all-rho,n10,"Do-PFN (matched resolution, 262k, T=1)",raw,116,0.9690282639301906,0.019028263930190636,0.009058096595243769,9.49999353518289,0.5709997043573214,12.187506551907488,1.5509789913108092,0.6531227574756026,0.07255747012910412
ComplexMech,all-rho,n20,"Do-PFN (matched resolution, 262k, T=1)",raw,127,0.9858213052228731,0.03582130522287319,0.003943911554824806,10.396638541367949,0.5307305997465099,10.5783606836055,0.5241559434042747,0.37385152447271025,0.02880258394919155
ComplexMech,all-rho,n30,"Do-PFN (matched resolution, 262k, T=1)",raw,127,0.9798042970094816,0.029804297009481617,0.008665923223166783,11.68132852535097,0.5479963282307818,12.095575026319151,0.5600230476537511,0.394724942449396,0.02655869629511514
ComplexMech,all-rho,n40,"Do-PFN (matched resolution, 262k, T=1)",raw,115,0.9974865424430642,0.04748654244306427,0.0013794234493138685,13.571316520285668,0.6026898978489201,13.601904084257125,0.6006011778769945,0.3109428627254016,0.021344605994860617
ComplexMech,all-rho,n50,"Do-PFN (matched resolution, 262k, T=1)",raw,129,0.9866226695683106,0.03662266956831062,0.004120275289282754,13.63142092848011,0.6170919716006461,13.882818566758496,0.6218379639057262,0.3715119852839811,0.03364778306408091
ComplexMech,all-rho,n5,UWYK No-Anc (matched label),raw,115,0.852331541174569,0.09766845882543096,0.022134901482959966,1.047439693026762,0.07123964695907621,2.9302484092326258,0.6739486278618025,0.21015799949704755,0.02729690639535846
ComplexMech,all-rho,n10,UWYK No-Anc (matched label),raw,116,0.777922929141517,0.172077070858483,0.025997196844081142,0.8430614941292504,0.06530004508509082,2.635461329504034,0.38487395880953257,0.18186580673090308,0.021422067759914884
ComplexMech,all-rho,n20,UWYK No-Anc (matched label),raw,127,0.7884436153439067,0.16155638465609323,0.025829774270810516,0.7841025953247595,0.06571317143348983,2.572574694757412,0.3630545944765865,0.14486909520438188,0.014577299728457333
ComplexMech,all-rho,n30,UWYK No-Anc (matched label),raw,127,0.8269082014480106,0.12309179855198937,0.022893209127627837,0.8865584231007396,0.06730946479395179,2.850955110903025,0.4623145135330862,0.16196128491129605,0.018489458634619264
ComplexMech,all-rho,n40,UWYK No-Anc (matched label),raw,115,0.890843531250535,0.05915646874946501,0.01774539738938144,0.7160423123044115,0.05411862165417673,1.7371124642107136,0.4772243287623738,0.10586342674384457,0.015034920252594204
ComplexMech,all-rho,n50,UWYK No-Anc (matched label),raw,129,0.8944355843754628,0.05556441562453718,0.01778242062458302,0.9591766338768813,0.07716823087908427,2.445725617254148,0.49665503354025986,0.15680670265999164,0.022209152352500434
ComplexMech,all-rho,n5,UWYK Anc (matched label),raw,115,0.9135558291582073,0.036444170841792634,0.018534280213490368,1.231938049188637,0.07111806797874055,2.67861107547456,0.6300484453453976,0.1992854448069201,0.025328386939325216
ComplexMech,all-rho,n10,UWYK Anc (matched label),raw,116,0.8301543379504108,0.11984566204958913,0.02296537610721331,0.9295074556564653,0.06561866030631991,2.281114188794897,0.32293304505522413,0.17629225566899667,0.020990930183236053
ComplexMech,all-rho,n20,UWYK Anc (matched label),raw,127,0.8083752450988024,0.14162475490119752,0.02481657594788308,0.8006020598540281,0.06593896426276907,2.470672284821931,0.3517668488137735,0.14217561664141595,0.014301375643113125
ComplexMech,all-rho,n30,UWYK Anc (matched label),raw,127,0.8247881788836532,0.12521182111634677,0.02357043225479999,0.8786581360556236,0.06906789572906234,2.79934961705845,0.4592806854358654,0.16129299709608985,0.018435362574474642
ComplexMech,all-rho,n40,UWYK Anc (matched label),raw,115,0.8940523017140559,0.055947698285944036,0.017594752309796492,0.7205879695321025,0.05630369230297874,1.7225702307211936,0.47085903760861386,0.10570859581926607,0.014962203235024738
ComplexMech,all-rho,n50,UWYK Anc (matched label),raw,129,0.8923053180147639,0.057694681985236085,0.018293281099283416,0.9528370598513649,0.08017989661002912,2.522180368194138,0.5342999645506673,0.15767777052499982,0.02232127598880162
ComplexMech,all-rho,n5,UWYK No-Anc (matched resolution),raw,115,0.8656816936061946,0.08431830639380533,0.02404954160924659,0.9605925842632577,0.06174722947847475,3.161360384709016,0.7862884351032099,0.19624153736948988,0.027815268133172782
ComplexMech,all-rho,n10,UWYK No-Anc (matched resolution),raw,116,0.8152804198149723,0.1347195801850276,0.02451097860704609,0.825329664132672,0.05961846828348246,2.4111428205529104,0.334031608900908,0.17931564495799324,0.022469883780074487
ComplexMech,all-rho,n20,UWYK No-Anc (matched resolution),raw,127,0.8262534314665886,0.12374656853341137,0.02380426197406722,0.7323919225512397,0.0583241342427292,2.5776874384534674,0.37365226391177575,0.14116903546941043,0.014858293382534643
ComplexMech,all-rho,n30,UWYK No-Anc (matched resolution),raw,127,0.823173340572492,0.12682665942750793,0.023425863072811966,0.7971844252999699,0.062213722066209454,3.1558277214203816,0.5107094756561885,0.1650293033921109,0.019623637911549627
ComplexMech,all-rho,n40,UWYK No-Anc (matched resolution),raw,115,0.9074825919478677,0.04251740805213222,0.017283528005231325,0.6737800088421831,0.048803963665065786,1.8128854905311285,0.4824892788444267,0.10332555697934405,0.014988787115165464
ComplexMech,all-rho,n50,UWYK No-Anc (matched resolution),raw,129,0.8797734394917038,0.07022656050829612,0.019933591029035903,0.8845724253481422,0.07284850775681707,2.8562076802547103,0.5960244609067591,0.15534738044910879,0.02281607597030687
ComplexMech,all-rho,n5,UWYK Anc (matched resolution),raw,115,0.9264377806326383,0.023562219367361692,0.017551796307597862,0.9593878690073198,0.057094774837903074,1.67391569179836,0.3723820983347334,0.13954477832731985,0.0191299570565567
ComplexMech,all-rho,n10,UWYK Anc (matched resolution),raw,116,0.9382158326764456,0.011784167323554362,0.01205365527451668,0.9181827983627824,0.05917194543862979,1.2905752387461806,0.10524483703344165,0.12299477227573308,0.011956156704250003
ComplexMech,all-rho,n20,UWYK Anc (matched resolution),raw,127,0.8746307590619211,0.07536924093807884,0.019257530868002366,0.7759366775025307,0.05839239644688169,1.894669532003463,0.26646729786148965,0.12472938055551394,0.013158156238954447
ComplexMech,all-rho,n30,UWYK Anc (matched resolution),raw,127,0.8537642656065824,0.0962357343934176,0.021024166310920266,0.8222355283354921,0.06259905765120996,2.7128311264732705,0.4512772117354269,0.15236827277594886,0.01767847457924902
ComplexMech,all-rho,n40,UWYK Anc (matched resolution),raw,115,0.9257467376024697,0.02425326239753023,0.0158077654136621,0.6840563317612188,0.04859605513850776,1.6375801955514668,0.43297739455894074,0.09759083517684672,0.014354136057788828
ComplexMech,all-rho,n50,UWYK Anc (matched resolution),raw,129,0.8979181882817864,0.05208181171821358,0.017814725272556092,0.9105580316489212,0.07480468710970874,2.337644060890133,0.4924891013081575,0.14680490970646104,0.02120682429191293
ComplexMech,all-rho,n5,UWYK-B No-Anc,raw,115,0.8136871329948946,0.13631286700510536,0.02492622505576074,0.8667369853749813,0.05902495935648987,3.154043875413912,0.7060985634153397,0.1949851281476733,0.026720839756001473
ComplexMech,all-rho,n10,UWYK-B No-Anc,raw,116,0.7653932543778434,0.1846067456221565,0.027254235669303892,0.7682862901774186,0.06040763434841568,2.940666922690016,0.5188033656372958,0.17658430639598877,0.020723075845147897
ComplexMech,all-rho,n20,UWYK-B No-Anc,raw,127,0.7942951513496966,0.15570484865030332,0.025201633482206075,0.7703766301169375,0.06618365138987793,2.7127323970671062,0.38639117622480273,0.14419749037021803,0.01470862262588199
ComplexMech,all-rho,n30,UWYK-B No-Anc,raw,127,0.8173099613655421,0.13269003863445783,0.023626034448551797,0.8784017666638259,0.0657045604447125,2.852239026745633,0.4261737256343194,0.16525409595697313,0.019157450865261848
ComplexMech,all-rho,n40,UWYK-B No-Anc,raw,115,0.886576783067426,0.06342321693257391,0.01893095403205151,0.7077653334130353,0.0538857041806095,1.8025799642097386,0.48443306455418483,0.10606247522997113,0.015094781070173046
ComplexMech,all-rho,n50,UWYK-B No-Anc,raw,129,0.8817070410700992,0.06829295892990073,0.020638312683902007,0.9357396540319672,0.07482601372652103,2.8240949146736787,0.5703640471956017,0.15834156760224546,0.022950167518301548
ComplexMech,all-rho,n5,UWYK-B Anc,raw,115,0.8924613477648182,0.05753865223518173,0.019621018369642772,0.9373093987497794,0.05566950533934697,2.4261012196089857,0.6114170217901057,0.17837639323299048,0.024204262482510307
ComplexMech,all-rho,n10,UWYK-B Anc,raw,116,0.8409738957885212,0.10902610421147874,0.02113829350250954,0.8245841408777607,0.05890954248651107,2.1536551760767293,0.2902062527088593,0.15516629890391417,0.017853053256955825
ComplexMech,all-rho,n20,UWYK-B Anc,raw,127,0.8178007616115246,0.13219923838847536,0.023690948334010437,0.7847300033781599,0.0652551882090748,2.405299340197703,0.35546388062258893,0.13741176479048445,0.013772597775687047
ComplexMech,all-rho,n30,UWYK-B Anc,raw,127,0.8224734860833763,0.12752651391662362,0.023294965734063124,0.8535058968060831,0.06591138257023195,2.9612383474069075,0.4595007621758756,0.1642315240521976,0.019182415811938594
ComplexMech,all-rho,n40,UWYK-B Anc,raw,115,0.8922506544917379,0.05774934550826205,0.01850746142035408,0.692567738139223,0.05282549703083846,1.7520901697324143,0.4715405125231347,0.10365031028487348,0.01486501699434619
ComplexMech,all-rho,n50,UWYK-B Anc,raw,129,0.880567777700443,0.06943222229955692,0.020746249362123347,0.9135808255042669,0.07503423273803429,2.823586286787271,0.5735421667616317,0.15778262455990666,0.022902249270195664
ComplexMech,all-rho,n5,CausalPFN-C (matched label),raw,115,0.8400687790979733,0.10993122090202667,0.025882321610405344,0.9579471283153964,0.0700998150241692,2.3546662667100007,0.45288864637791953,0.1425941507052082,0.018680219148293195
ComplexMech,all-rho,n10,CausalPFN-C (matched label),raw,116,0.8640589457748079,0.08594105422519205,0.02122168051800084,0.9973145206526246,0.08672470776199542,1.8984072756802046,0.21049958300805874,0.13556362849964268,0.013450656439921702
ComplexMech,all-rho,n20,CausalPFN-C (matched label),raw,127,0.8223120793235763,0.12768792067642365,0.022713613003292783,0.8384648106813689,0.07129027613604427,2.258548571569856,0.29399542596398626,0.13372221387374353,0.01325643997002334
ComplexMech,all-rho,n30,CausalPFN-C (matched label),raw,127,0.835036953439945,0.11496304656005496,0.020147090637959022,0.749541579917286,0.05386618518852003,2.9212410185657602,0.5161994637461802,0.1561222590084054,0.017922830497422656
ComplexMech,all-rho,n40,CausalPFN-C (matched label),raw,115,0.8491426008268825,0.10085739917311742,0.020593059439392995,0.6165101427269319,0.056323008116035925,1.5454356376295406,0.19772742941570146,0.09647039482413157,0.010987125654450106
ComplexMech,all-rho,n50,CausalPFN-C (matched label),raw,129,0.8488898850343473,0.1011101149656527,0.02014121951131934,0.7274900564136318,0.06626304270475167,2.8271734487864633,0.6390843777860095,0.1480699830937199,0.021883288350952865
ComplexMech,all-rho,n5,CausalPFN-C (matched resolution),raw,115,0.924635201524882,0.025364798475117967,0.018382524888008987,1.169742341519225,0.08486762241815107,1.9185942704251624,0.37522177828435677,0.15004401568527873,0.017946996612462126
ComplexMech,all-rho,n10,CausalPFN-C (matched resolution),raw,116,0.9448952917526823,0.00510470824731768,0.011910607365284109,1.1646143098706154,0.07535429132499127,1.5084625097126143,0.11671544887136553,0.1428315398671364,0.0144217066181973
ComplexMech,all-rho,n20,CausalPFN-C (matched resolution),raw,127,0.9415923880340962,0.008407611965903783,0.011453491936752913,1.0818559275821769,0.06416163080699781,1.559379997632844,0.1363152794402514,0.13109058693403014,0.011541491304902153
ComplexMech,all-rho,n30,CausalPFN-C (matched resolution),raw,127,0.9198646964529266,0.03013530354707339,0.014046459271485637,1.111597977838966,0.06005762589617546,2.1036210460470155,0.26073199196848296,0.15787630799983496,0.016225755378084357
ComplexMech,all-rho,n40,CausalPFN-C (matched resolution),raw,115,0.9541078680035484,0.004107868003548454,0.009530412782683965,0.8662596667412518,0.060596972669105624,1.189684239314976,0.11516323595674179,0.09972710139377786,0.010764173639590376
ComplexMech,all-rho,n50,CausalPFN-C (matched resolution),raw,129,0.9257153193321016,0.02428468066789835,0.015072216637227761,1.073822213702221,0.07194779575161511,2.1618915972587036,0.36007292609545766,0.15374888940732323,0.020524831523849277
ComplexMech,all-rho,n5,"CausalPFN (two-stage, published)",raw,115,0.9261590070081505,0.023840992991849497,0.0197763423289507,1.1987808679780454,0.08418345591953137,1.9899770949633526,0.41393766545668575,0.151108577662266,0.01815913082367559
ComplexMech,all-rho,n10,"CausalPFN (two-stage, published)",raw,116,0.9530157581548305,0.0030157581548305723,0.012110378984873842,1.2603625264309204,0.08268133097734823,1.5318485619525368,0.11678409387868058,0.1466383215368742,0.015283714618436537
ComplexMech,all-rho,n20,"CausalPFN (two-stage, published)",raw,127,0.9562711249538286,0.006271124953828644,0.010063405348259695,1.1850365531342189,0.06537190163020744,1.5383556623050116,0.11691414253411722,0.1321144523423141,0.01065879825451806
ComplexMech,all-rho,n30,"CausalPFN (two-stage, published)",raw,127,0.9378939626882452,0.012106037311754747,0.012335219355542366,1.2404811170551384,0.0660830685306147,1.894222997218587,0.18564069605205386,0.15797993213169312,0.01488799699351622
ComplexMech,all-rho,n40,"CausalPFN (two-stage, published)",raw,115,0.9664930794962812,0.016493079496281204,0.008460284916667178,0.9504731240515496,0.06129817669671529,1.1895379188378665,0.10552239455954046,0.10057761928016956,0.009144712498684092
ComplexMech,all-rho,n50,"CausalPFN (two-stage, published)",raw,129,0.9370042177764266,0.012995782223573338,0.014111267003554466,1.1976938447648255,0.0761315436250556,2.0126158565109344,0.30112055180174574,0.155344041788441,0.019194713629188908
