model,realization,L_y0y1,L_tau,L_ate,Q,n_nonfinite_y0y1,n_nonfinite_tau,nonfinite_ate,tau_grid_mass_min,n_malc_fallback,dataset,working_shift,working_scale,seconds,dump
Do-PFN 2D,0,3.2858364844813273,2.0853380750570745,1.5580579038733096,75,0,0,0,0.9999296291754332,2,IHDP,4.482928345768412,7.558475046363377,39.3,/scratch/furkanbd/dumps_all/dopfn_repro_joint2d_262k_t1/rc/dopfn_native/IHDP/r000.npz
Do-PFN 2D,1,3.211896418785363,2.333557199023366,1.2359773306855986,75,0,0,0,0.9998453169476114,11,IHDP,5.6876408479371,7.1476945138904,44.4,/scratch/furkanbd/dumps_all/dopfn_repro_joint2d_262k_t1/rc/dopfn_native/IHDP/r001.npz
Do-PFN 2D,2,3.514762092227948,2.7005870656524085,1.709551228218415,75,0,0,0,0.9996264626606673,12,IHDP,5.982596608156835,8.910845891520264,41.9,/scratch/furkanbd/dumps_all/dopfn_repro_joint2d_262k_t1/rc/dopfn_native/IHDP/r002.npz
Do-PFN 2D,3,3.92464600221059,2.397057281626529,1.4916506833071486,75,0,0,0,0.9998379416406779,1,IHDP,10.202826892337319,9.42862234707078,41.9,/scratch/furkanbd/dumps_all/dopfn_repro_joint2d_262k_t1/rc/dopfn_native/IHDP/r003.npz
Do-PFN 2D,4,5.154979044287728,4.040484219769627,3.647002624686599,75,0,0,0,0.9964892306712501,10,IHDP,9.22287965410382,10.015755672831581,44.5,/scratch/furkanbd/dumps_all/dopfn_repro_joint2d_262k_t1/rc/dopfn_native/IHDP/r004.npz
Do-PFN 2D,5,3.295312030657686,2.2013989631407616,1.619261149903175,75,0,0,0,0.9998994436678742,4,IHDP,4.192778346699971,7.374118047268539,40.1,/scratch/furkanbd/dumps_all/dopfn_repro_joint2d_262k_t1/rc/dopfn_native/IHDP/r005.npz
Do-PFN 2D,6,3.030848962913004,2.3074593193758868,1.4589232454057706,75,0,0,0,0.9998689526333361,7,IHDP,3.5874437662357526,6.979083563190846,42.7,/scratch/furkanbd/dumps_all/dopfn_repro_joint2d_262k_t1/rc/dopfn_native/IHDP/r006.npz
Do-PFN 2D,7,3.9859934641293604,2.8579161543815945,1.6956908815129763,75,0,0,0,0.9998899222235057,10,IHDP,7.197609165578344,9.915962872620254,43.2,/scratch/furkanbd/dumps_all/dopfn_repro_joint2d_262k_t1/rc/dopfn_native/IHDP/r007.npz
Do-PFN 2D,8,8.175655123294693,4.446858189769273,3.9540410278677722,75,0,0,0,0.999941684421937,3,IHDP,131.94356029093427,127.8054783525917,42.3,/scratch/furkanbd/dumps_all/dopfn_repro_joint2d_262k_t1/rc/dopfn_native/IHDP/r008.npz
Do-PFN 2D,9,6.303637305687983,3.6354797544731796,2.624473866110662,75,0,0,0,0.9995214503192843,5,IHDP,28.810266595793877,25.791203785768523,41.0,/scratch/furkanbd/dumps_all/dopfn_repro_joint2d_262k_t1/rc/dopfn_native/IHDP/r009.npz
Do-PFN 2D,10,4.343518618304581,2.353483259482398,2.2328832790406135,75,0,0,0,0.9982402288498948,0,IHDP,5.77798863149796,9.230367231030339,41.2,/scratch/furkanbd/dumps_all/dopfn_repro_joint2d_262k_t1/rc/dopfn_native/IHDP/r010.npz
Do-PFN 2D,11,5.06229715433496,2.925925819469652,2.3905750292152375,75,0,0,0,0.9986607835244369,0,IHDP,11.64006768626314,13.58580476609896,41.5,/scratch/furkanbd/dumps_all/dopfn_repro_joint2d_262k_t1/rc/dopfn_native/IHDP/r011.npz
Do-PFN 2D,12,8.88827192790067,4.854297843191163,4.405566674036074,75,0,0,0,0.9953358068251343,3,IHDP,101.73665271474326,91.71426107613775,39.9,/scratch/furkanbd/dumps_all/dopfn_repro_joint2d_262k_t1/rc/dopfn_native/IHDP/r012.npz
Do-PFN 2D,13,3.201743857591246,2.127829141978563,1.4936734038949644,75,0,0,0,0.9997146679742653,10,IHDP,4.236555926512995,6.921237478144855,40.9,/scratch/furkanbd/dumps_all/dopfn_repro_joint2d_262k_t1/rc/dopfn_native/IHDP/r013.npz
Do-PFN 2D,14,4.072104245123881,2.325549951760339,1.5801994476571708,75,0,0,0,0.9998592233083076,0,IHDP,7.40356767156333,9.93795165166367,41.3,/scratch/furkanbd/dumps_all/dopfn_repro_joint2d_262k_t1/rc/dopfn_native/IHDP/r014.npz
Do-PFN 2D,15,3.9154053591113938,2.250396383988322,1.5772978336220818,75,0,0,0,0.9997962263358404,3,IHDP,6.325261365396756,8.500444775492145,42.1,/scratch/furkanbd/dumps_all/dopfn_repro_joint2d_262k_t1/rc/dopfn_native/IHDP/r015.npz
Do-PFN 2D,16,4.85656906149573,2.748745539829739,2.1863866635402456,75,0,0,0,0.9990087805821677,0,IHDP,11.04031948402785,13.72999525903265,39.7,/scratch/furkanbd/dumps_all/dopfn_repro_joint2d_262k_t1/rc/dopfn_native/IHDP/r016.npz
Do-PFN 2D,17,4.140457808453446,2.5292838452918165,1.726392706941837,75,0,0,0,0.999952284038109,3,IHDP,11.089708246895265,13.280817533699635,41.9,/scratch/furkanbd/dumps_all/dopfn_repro_joint2d_262k_t1/rc/dopfn_native/IHDP/r017.npz
Do-PFN 2D,18,4.438813693549419,2.5577414862324446,2.095048714615072,75,0,0,0,0.9997030582971161,1,IHDP,9.506368286423426,13.020077793907573,39.9,/scratch/furkanbd/dumps_all/dopfn_repro_joint2d_262k_t1/rc/dopfn_native/IHDP/r018.npz
Do-PFN 2D,19,3.548682585081672,2.3573152218469384,1.4682027109580198,75,0,0,0,0.9998484652776968,7,IHDP,6.06352880310614,8.89049584934196,41.9,/scratch/furkanbd/dumps_all/dopfn_repro_joint2d_262k_t1/rc/dopfn_native/IHDP/r019.npz
Do-PFN 2D,20,6.555163357410864,3.44049089416619,3.073178497983929,75,0,0,0,0.9930018375861012,0,IHDP,21.99868395171069,21.05087298430901,39.9,/scratch/furkanbd/dumps_all/dopfn_repro_joint2d_262k_t1/rc/dopfn_native/IHDP/r020.npz
Do-PFN 2D,21,3.2400767534357597,2.0318978442966675,1.5458110918677654,75,0,0,0,0.9999612225894668,1,IHDP,5.4432128741992,8.15850781068051,39.3,/scratch/furkanbd/dumps_all/dopfn_repro_joint2d_262k_t1/rc/dopfn_native/IHDP/r021.npz
Do-PFN 2D,22,4.74985081660246,2.5746272483299517,2.0038560539551606,75,0,0,0,0.9989509355405102,3,IHDP,8.392273971576008,10.36860961280099,39.9,/scratch/furkanbd/dumps_all/dopfn_repro_joint2d_262k_t1/rc/dopfn_native/IHDP/r022.npz
Do-PFN 2D,23,5.388630752009943,3.1473676465718,2.8985731389582985,75,0,0,0,0.9999149815603555,5,IHDP,23.11250486267872,23.42620249366618,40.2,/scratch/furkanbd/dumps_all/dopfn_repro_joint2d_262k_t1/rc/dopfn_native/IHDP/r023.npz
Do-PFN 2D,24,4.374458830339723,2.514118402955066,2.07502417499323,75,0,0,0,0.9998927546255143,2,IHDP,15.483072675528668,17.958893409671028,40.8,/scratch/furkanbd/dumps_all/dopfn_repro_joint2d_262k_t1/rc/dopfn_native/IHDP/r024.npz
Do-PFN 2D,25,7.080033915539442,4.066354500893446,3.957406135628462,75,0,0,0,0.9994166378802708,1,IHDP,39.623725308854254,35.62870207221385,39.0,/scratch/furkanbd/dumps_all/dopfn_repro_joint2d_262k_t1/rc/dopfn_native/IHDP/r025.npz
Do-PFN 2D,26,4.3418777883705175,3.2879055045702685,3.0202982011036554,75,0,0,0,0.9983786575730531,7,IHDP,7.28121351335893,8.91180565023697,43.4,/scratch/furkanbd/dumps_all/dopfn_repro_joint2d_262k_t1/rc/dopfn_native/IHDP/r026.npz
Do-PFN 2D,27,9.323926258658123,4.963103178185383,4.632448737522065,75,0,0,0,0.9993872131270318,1,IHDP,174.31892360517375,171.23128232682225,41.4,/scratch/furkanbd/dumps_all/dopfn_repro_joint2d_262k_t1/rc/dopfn_native/IHDP/r027.npz
Do-PFN 2D,28,4.361067104871363,2.6146686955361917,1.9829231108674201,75,0,0,0,0.9995762562715491,1,IHDP,9.12577496147626,11.01267170486414,39.9,/scratch/furkanbd/dumps_all/dopfn_repro_joint2d_262k_t1/rc/dopfn_native/IHDP/r028.npz
Do-PFN 2D,29,4.435916232079982,2.390598458832638,1.9681532593838265,75,0,0,0,0.9984582960363647,0,IHDP,7.5389127395491204,9.81401580180618,39.2,/scratch/furkanbd/dumps_all/dopfn_repro_joint2d_262k_t1/rc/dopfn_native/IHDP/r029.npz
Do-PFN 2D,30,4.80659309747372,2.746613731875947,1.7257366913775365,75,0,0,0,0.9997668934992788,5,IHDP,11.704849626708262,14.755789855739737,43.0,/scratch/furkanbd/dumps_all/dopfn_repro_joint2d_262k_t1/rc/dopfn_native/IHDP/r030.npz
Do-PFN 2D,31,3.1343659752680177,2.411949764476333,1.2420365935974873,75,0,0,0,0.999752209388728,10,IHDP,5.38835681722081,7.162815888728339,40.8,/scratch/furkanbd/dumps_all/dopfn_repro_joint2d_262k_t1/rc/dopfn_native/IHDP/r031.npz
Do-PFN 2D,32,4.608737352561606,2.4771636613939956,2.017963754593846,75,0,0,0,0.9993266400989964,0,IHDP,10.670161371808721,13.63375115087048,40.2,/scratch/furkanbd/dumps_all/dopfn_repro_joint2d_262k_t1/rc/dopfn_native/IHDP/r032.npz
Do-PFN 2D,33,9.039972290305014,4.749222331745265,4.194515213430745,75,0,0,0,0.9995320733591405,1,IHDP,122.07897632363135,118.58298181465766,39.6,/scratch/furkanbd/dumps_all/dopfn_repro_joint2d_262k_t1/rc/dopfn_native/IHDP/r033.npz
Do-PFN 2D,34,5.951631439292625,3.4233540096917228,2.598386899076847,75,0,0,0,0.9989655768757372,2,IHDP,19.699934860731368,18.94924827196293,40.8,/scratch/furkanbd/dumps_all/dopfn_repro_joint2d_262k_t1/rc/dopfn_native/IHDP/r034.npz
Do-PFN 2D,35,5.7421872663751685,3.126492260683034,2.292982098437709,75,0,0,0,0.9989301865404104,3,IHDP,20.29193902335215,16.54522734072475,42.1,/scratch/furkanbd/dumps_all/dopfn_repro_joint2d_262k_t1/rc/dopfn_native/IHDP/r035.npz
Do-PFN 2D,36,6.761165114943711,3.6222627159125493,2.6513481792768765,75,0,0,0,0.9995246037811548,4,IHDP,38.801805945215854,31.79025013081945,40.9,/scratch/furkanbd/dumps_all/dopfn_repro_joint2d_262k_t1/rc/dopfn_native/IHDP/r036.npz
Do-PFN 2D,37,3.926064599209444,2.328240019925179,1.6851619668615796,75,0,0,0,0.9997236555093075,0,IHDP,8.095747679215794,10.579981766873804,40.7,/scratch/furkanbd/dumps_all/dopfn_repro_joint2d_262k_t1/rc/dopfn_native/IHDP/r037.npz
Do-PFN 2D,38,5.887284885335281,3.308409323571801,2.8670323687332613,75,0,0,0,0.999947328074187,2,IHDP,35.26156302873045,31.44767559417724,41.9,/scratch/furkanbd/dumps_all/dopfn_repro_joint2d_262k_t1/rc/dopfn_native/IHDP/r038.npz
Do-PFN 2D,39,4.378669818511244,2.5007499187837268,2.120254274692617,75,0,0,0,0.9998388034782156,1,IHDP,11.79466633048628,14.09516407992382,38.9,/scratch/furkanbd/dumps_all/dopfn_repro_joint2d_262k_t1/rc/dopfn_native/IHDP/r039.npz
Do-PFN 2D,40,3.625398323409763,1.9554966720859557,1.278228056722904,75,0,0,0,0.9998497409745928,3,IHDP,5.360365283486381,8.463802661021049,41.9,/scratch/furkanbd/dumps_all/dopfn_repro_joint2d_262k_t1/rc/dopfn_native/IHDP/r040.npz
Do-PFN 2D,41,3.4295537575426844,2.1155356982716116,1.6593347529927551,75,0,0,0,0.9991858827433848,3,IHDP,4.35874892371311,7.08370671468888,42.3,/scratch/furkanbd/dumps_all/dopfn_repro_joint2d_262k_t1/rc/dopfn_native/IHDP/r041.npz
Do-PFN 2D,42,4.067183671371597,2.650878774154444,2.2017326442645575,75,0,0,0,0.9995125652679026,2,IHDP,6.06264006845047,8.23014851156033,41.4,/scratch/furkanbd/dumps_all/dopfn_repro_joint2d_262k_t1/rc/dopfn_native/IHDP/r042.npz
Do-PFN 2D,43,4.6192096156921805,3.15540456107767,2.3549153500820292,75,0,0,0,0.9995164307162308,10,IHDP,12.549233432868444,10.336046840870956,44.1,/scratch/furkanbd/dumps_all/dopfn_repro_joint2d_262k_t1/rc/dopfn_native/IHDP/r043.npz
Do-PFN 2D,44,5.049712821609266,2.9158418823265104,2.3295967511281277,75,0,0,0,0.9974887453943779,0,IHDP,17.09187056856628,13.95923357510702,41.4,/scratch/furkanbd/dumps_all/dopfn_repro_joint2d_262k_t1/rc/dopfn_native/IHDP/r044.npz
Do-PFN 2D,45,5.269183621963283,2.779417576333521,2.345059868947433,75,0,0,0,0.9977357346512583,0,IHDP,12.409748200494139,11.65378452783606,41.4,/scratch/furkanbd/dumps_all/dopfn_repro_joint2d_262k_t1/rc/dopfn_native/IHDP/r045.npz
Do-PFN 2D,46,6.023229981724635,3.4367747027968365,2.6219634726030696,75,0,0,0,0.998195495654789,1,IHDP,20.071544824178844,20.042175266613754,40.2,/scratch/furkanbd/dumps_all/dopfn_repro_joint2d_262k_t1/rc/dopfn_native/IHDP/r046.npz
Do-PFN 2D,47,3.941059186818087,2.7941201812629846,2.224350300779695,75,0,0,0,0.9997591198126032,8,IHDP,7.44049180154102,8.03946018451918,40.8,/scratch/furkanbd/dumps_all/dopfn_repro_joint2d_262k_t1/rc/dopfn_native/IHDP/r047.npz
Do-PFN 2D,48,5.215046936908194,3.216785454892037,2.2219088271978946,75,0,0,0,0.9997684661528724,8,IHDP,19.3861978441449,13.084172560076798,42.7,/scratch/furkanbd/dumps_all/dopfn_repro_joint2d_262k_t1/rc/dopfn_native/IHDP/r048.npz
Do-PFN 2D,49,3.831533065778038,2.2499309226028865,1.6898586342838868,75,0,0,0,0.9998468491288987,1,IHDP,8.803189593074723,11.937175693287077,41.7,/scratch/furkanbd/dumps_all/dopfn_repro_joint2d_262k_t1/rc/dopfn_native/IHDP/r049.npz
Do-PFN 2D,50,4.081582833612898,2.4441060214513897,1.7247389195873688,75,0,0,0,0.9998116967639888,6,IHDP,7.719710035901746,8.620972195596156,42.8,/scratch/furkanbd/dumps_all/dopfn_repro_joint2d_262k_t1/rc/dopfn_native/IHDP/r050.npz
Do-PFN 2D,51,4.9908523538268135,3.0782090413187366,2.189299256943057,75,0,0,0,0.9991460917635472,5,IHDP,14.12036870554089,12.94510549324401,42.9,/scratch/furkanbd/dumps_all/dopfn_repro_joint2d_262k_t1/rc/dopfn_native/IHDP/r051.npz
Do-PFN 2D,52,6.97316248225859,3.9295060422502335,3.089650319319678,75,0,0,0,0.999269400628219,1,IHDP,32.96891211678445,33.660720868999945,40.1,/scratch/furkanbd/dumps_all/dopfn_repro_joint2d_262k_t1/rc/dopfn_native/IHDP/r052.npz
Do-PFN 2D,53,5.5994694922533785,3.102607532611424,2.7875594140997553,75,0,0,0,0.9968423618806437,1,IHDP,19.651072186906358,21.12457314116514,38.9,/scratch/furkanbd/dumps_all/dopfn_repro_joint2d_262k_t1/rc/dopfn_native/IHDP/r053.npz
Do-PFN 2D,54,3.7540750873330224,2.2735464151787395,1.7736172335998037,75,0,0,0,0.999957024623001,0,IHDP,5.308063286901589,8.327706650812901,38.8,/scratch/furkanbd/dumps_all/dopfn_repro_joint2d_262k_t1/rc/dopfn_native/IHDP/r054.npz
Do-PFN 2D,55,2.8540085881932122,2.0135383527791557,1.2543789141390516,75,0,0,0,0.9986204385142381,4,IHDP,3.3933156550404515,6.875880003072828,41.5,/scratch/furkanbd/dumps_all/dopfn_repro_joint2d_262k_t1/rc/dopfn_native/IHDP/r055.npz
Do-PFN 2D,56,3.223230799196902,2.2466573683284725,1.5280752248321026,75,0,0,0,0.9995229445417848,9,IHDP,4.503180714572345,7.3022984309265855,41.6,/scratch/furkanbd/dumps_all/dopfn_repro_joint2d_262k_t1/rc/dopfn_native/IHDP/r056.npz
Do-PFN 2D,57,4.63482718336892,2.6276961140546278,1.4992900509865175,75,0,0,0,0.9999059201390612,7,IHDP,13.286879789490154,12.007387088345045,41.2,/scratch/furkanbd/dumps_all/dopfn_repro_joint2d_262k_t1/rc/dopfn_native/IHDP/r057.npz
Do-PFN 2D,58,3.71497688304333,2.204851680362098,1.6602978171189369,75,0,0,0,0.9995993751765734,1,IHDP,5.056788249372825,7.847965424488025,39.3,/scratch/furkanbd/dumps_all/dopfn_repro_joint2d_262k_t1/rc/dopfn_native/IHDP/r058.npz
Do-PFN 2D,59,6.816131285360776,3.517023241073614,2.8967188092998226,75,0,0,0,0.9985419855040996,2,IHDP,36.42025216495997,31.778512424023326,42.3,/scratch/furkanbd/dumps_all/dopfn_repro_joint2d_262k_t1/rc/dopfn_native/IHDP/r059.npz
Do-PFN 2D,60,3.4506658022850654,2.103843054213139,1.4217720455849925,75,0,0,0,0.9998185964091653,6,IHDP,4.79989993692065,7.2664012279817,41.1,/scratch/furkanbd/dumps_all/dopfn_repro_joint2d_262k_t1/rc/dopfn_native/IHDP/r060.npz
Do-PFN 2D,61,3.968356200031232,2.335313780478466,1.9509524076206892,75,0,0,0,0.9993597864898889,1,IHDP,6.170015388205205,8.798789767161795,38.1,/scratch/furkanbd/dumps_all/dopfn_repro_joint2d_262k_t1/rc/dopfn_native/IHDP/r061.npz
Do-PFN 2D,62,4.406436151293106,2.424529329625887,2.0758855069107667,75,0,0,0,0.9997470154324303,2,IHDP,9.981283229287449,13.094174990384051,40.0,/scratch/furkanbd/dumps_all/dopfn_repro_joint2d_262k_t1/rc/dopfn_native/IHDP/r062.npz
Do-PFN 2D,63,4.113089434585232,2.3954288399204504,1.8574568976953734,75,0,0,0,0.999884546804662,3,IHDP,12.544210806511314,14.027191398000484,41.9,/scratch/furkanbd/dumps_all/dopfn_repro_joint2d_262k_t1/rc/dopfn_native/IHDP/r063.npz
Do-PFN 2D,64,4.769343196042906,2.74857871835794,2.189651664248478,75,0,0,0,0.9999450730942823,3,IHDP,19.108927345057275,21.143731234158523,42.3,/scratch/furkanbd/dumps_all/dopfn_repro_joint2d_262k_t1/rc/dopfn_native/IHDP/r064.npz
Do-PFN 2D,65,3.959479208143231,2.2834068463447883,1.321955023161316,75,0,0,0,0.999905700109269,8,IHDP,8.272735805167144,10.924239119903056,42.0,/scratch/furkanbd/dumps_all/dopfn_repro_joint2d_262k_t1/rc/dopfn_native/IHDP/r065.npz
Do-PFN 2D,66,3.4212523475337147,2.102000500374219,1.3211430562608224,75,0,0,0,0.9993716686524556,5,IHDP,4.838796769870725,7.165216829075695,41.9,/scratch/furkanbd/dumps_all/dopfn_repro_joint2d_262k_t1/rc/dopfn_native/IHDP/r066.npz
Do-PFN 2D,67,8.446286090030386,4.669184384607158,3.6473460559717896,75,0,0,0,0.9956414680981203,0,IHDP,69.24911633643855,57.820479453751446,39.7,/scratch/furkanbd/dumps_all/dopfn_repro_joint2d_262k_t1/rc/dopfn_native/IHDP/r067.npz
Do-PFN 2D,68,3.881510841523756,2.760732934157331,2.5809025325375163,75,0,0,0,0.9999010132196626,5,IHDP,6.032324166028565,7.9192209094164445,39.7,/scratch/furkanbd/dumps_all/dopfn_repro_joint2d_262k_t1/rc/dopfn_native/IHDP/r068.npz
Do-PFN 2D,69,2.7731597213272674,1.8454765353708285,1.1084518799563807,75,0,0,0,0.9988554901514141,3,IHDP,3.526127153290335,6.526127153290335,40.9,/scratch/furkanbd/dumps_all/dopfn_repro_joint2d_262k_t1/rc/dopfn_native/IHDP/r069.npz
Do-PFN 2D,70,5.73240071949422,3.139130977715575,2.833159753642417,75,0,0,0,0.9976522089288169,0,IHDP,18.592754390832035,20.482038062537065,39.4,/scratch/furkanbd/dumps_all/dopfn_repro_joint2d_262k_t1/rc/dopfn_native/IHDP/r070.npz
Do-PFN 2D,71,2.6266554727019398,1.9934127028085766,1.1215943110392033,75,0,0,0,0.9991629356849191,5,IHDP,3.194182893793416,6.497668780134154,42.4,/scratch/furkanbd/dumps_all/dopfn_repro_joint2d_262k_t1/rc/dopfn_native/IHDP/r071.npz
Do-PFN 2D,72,3.8549532470520718,2.8761986396330306,2.373914590604415,75,0,0,0,0.9992318270708052,12,IHDP,6.499617548266605,7.009274590804766,42.6,/scratch/furkanbd/dumps_all/dopfn_repro_joint2d_262k_t1/rc/dopfn_native/IHDP/r072.npz
Do-PFN 2D,73,3.445194866474043,2.3768498410873256,1.785203403961327,75,0,0,0,0.9987686703149878,7,IHDP,4.09640534138945,6.95765665241336,40.6,/scratch/furkanbd/dumps_all/dopfn_repro_joint2d_262k_t1/rc/dopfn_native/IHDP/r073.npz
Do-PFN 2D,74,2.8990504052069417,2.224104488568512,1.1981973429661816,75,0,0,0,0.9985585440078956,4,IHDP,3.5252358161446598,6.44554588065982,42.0,/scratch/furkanbd/dumps_all/dopfn_repro_joint2d_262k_t1/rc/dopfn_native/IHDP/r074.npz
Do-PFN 2D,75,5.342887843927608,3.1581195516437472,2.472881975399536,75,0,0,0,0.999639429251437,2,IHDP,24.556297415837136,20.840164008285967,40.5,/scratch/furkanbd/dumps_all/dopfn_repro_joint2d_262k_t1/rc/dopfn_native/IHDP/r075.npz
Do-PFN 2D,76,3.6568534310789294,2.5914079464732684,1.9979612928317447,75,0,0,0,0.9996326667083194,7,IHDP,5.987802873892461,7.41416729317106,40.2,/scratch/furkanbd/dumps_all/dopfn_repro_joint2d_262k_t1/rc/dopfn_native/IHDP/r076.npz
Do-PFN 2D,77,3.1673190148869343,1.9436569002401514,1.289847961965477,75,0,0,0,0.998561516464407,3,IHDP,4.776806587745986,6.798303573332015,41.4,/scratch/furkanbd/dumps_all/dopfn_repro_joint2d_262k_t1/rc/dopfn_native/IHDP/r077.npz
Do-PFN 2D,78,3.311697907150424,2.322033292880295,1.174777163571925,75,0,0,0,0.9994022851790593,10,IHDP,5.0004745759025795,7.27699157408936,44.0,/scratch/furkanbd/dumps_all/dopfn_repro_joint2d_262k_t1/rc/dopfn_native/IHDP/r078.npz
Do-PFN 2D,79,3.0484713414839213,1.9596334989883493,1.176194447066858,75,0,0,0,0.9995565187693708,4,IHDP,4.14937633444389,6.743396949618861,40.9,/scratch/furkanbd/dumps_all/dopfn_repro_joint2d_262k_t1/rc/dopfn_native/IHDP/r079.npz
Do-PFN 2D,80,8.502866673215449,4.563218197420716,3.833434075920115,75,0,0,0,0.9943322720381241,3,IHDP,82.33063972200077,79.29189795720723,39.3,/scratch/furkanbd/dumps_all/dopfn_repro_joint2d_262k_t1/rc/dopfn_native/IHDP/r080.npz
Do-PFN 2D,81,6.543290167615608,3.579429831589798,2.8077765609653085,75,0,0,0,0.9997907913183671,3,IHDP,42.003516353514804,39.2584911343093,42.7,/scratch/furkanbd/dumps_all/dopfn_repro_joint2d_262k_t1/rc/dopfn_native/IHDP/r081.npz
Do-PFN 2D,82,5.711539764039657,4.000945705704951,3.2021466338880566,75,0,0,0,0.9986821142730353,15,IHDP,19.058329974842035,14.677186141152465,42.5,/scratch/furkanbd/dumps_all/dopfn_repro_joint2d_262k_t1/rc/dopfn_native/IHDP/r082.npz
Do-PFN 2D,83,6.869334270433123,3.8178852025106025,3.107976792059929,75,0,0,0,0.9998338759784987,2,IHDP,55.033911704857644,53.950941792007356,41.6,/scratch/furkanbd/dumps_all/dopfn_repro_joint2d_262k_t1/rc/dopfn_native/IHDP/r083.npz
Do-PFN 2D,84,7.387484152588678,4.19666716045185,3.3214398931638907,75,0,0,0,0.9964866675479284,1,IHDP,58.57801027401966,55.50767411990434,41.5,/scratch/furkanbd/dumps_all/dopfn_repro_joint2d_262k_t1/rc/dopfn_native/IHDP/r084.npz
Do-PFN 2D,85,7.656580090873658,4.3288474971441895,3.3599623523609554,75,0,0,0,0.9995520622746612,4,IHDP,53.4260240898451,51.398957004163904,39.9,/scratch/furkanbd/dumps_all/dopfn_repro_joint2d_262k_t1/rc/dopfn_native/IHDP/r085.npz
Do-PFN 2D,86,4.560594082006555,2.6409755604604337,2.224310670796791,75,0,0,0,0.9998597421428355,1,IHDP,11.00597321726109,13.14010137951221,40.8,/scratch/furkanbd/dumps_all/dopfn_repro_joint2d_262k_t1/rc/dopfn_native/IHDP/r086.npz
Do-PFN 2D,87,2.820299676883843,1.8848142649546167,1.2958512524001757,75,0,0,0,0.999323122374794,3,IHDP,3.226446476197262,6.565105537043548,41.4,/scratch/furkanbd/dumps_all/dopfn_repro_joint2d_262k_t1/rc/dopfn_native/IHDP/r087.npz
Do-PFN 2D,88,4.39957516329662,2.391333057024189,1.9009144004215934,75,0,0,0,0.9992063489314618,1,IHDP,7.918391764904252,9.98633100458805,40.5,/scratch/furkanbd/dumps_all/dopfn_repro_joint2d_262k_t1/rc/dopfn_native/IHDP/r088.npz
Do-PFN 2D,89,4.239474039075072,2.732944505378639,2.2421267399830365,75,0,0,0,0.9996208070440583,8,IHDP,9.680509236277825,8.473529409097974,42.6,/scratch/furkanbd/dumps_all/dopfn_repro_joint2d_262k_t1/rc/dopfn_native/IHDP/r089.npz
Do-PFN 2D,90,3.2209267451000434,2.224857154511288,1.5036509557639557,75,0,0,0,0.9996766822175671,10,IHDP,3.7647194372736985,7.186122981355733,40.9,/scratch/furkanbd/dumps_all/dopfn_repro_joint2d_262k_t1/rc/dopfn_native/IHDP/r090.npz
Do-PFN 2D,91,4.8072691148180695,2.903739065267615,2.258537065269102,75,0,0,0,0.9991898742829596,1,IHDP,9.85543474128624,11.55303955239596,42.2,/scratch/furkanbd/dumps_all/dopfn_repro_joint2d_262k_t1/rc/dopfn_native/IHDP/r091.npz
Do-PFN 2D,92,7.239490493443721,3.9997868545750195,3.633350078322884,75,0,0,0,0.9935285660329982,1,IHDP,41.40982964435481,40.14425098096209,39.1,/scratch/furkanbd/dumps_all/dopfn_repro_joint2d_262k_t1/rc/dopfn_native/IHDP/r092.npz
Do-PFN 2D,93,3.861897676112163,2.5158947374144534,1.604509792634894,75,0,0,0,0.999562478295925,10,IHDP,6.535639692021725,7.9499300327058755,41.9,/scratch/furkanbd/dumps_all/dopfn_repro_joint2d_262k_t1/rc/dopfn_native/IHDP/r093.npz
Do-PFN 2D,94,4.1547089850320775,2.885981827351709,2.320747907897267,75,0,0,0,0.9996974973343736,10,IHDP,9.741897553193485,9.126418936734414,41.9,/scratch/furkanbd/dumps_all/dopfn_repro_joint2d_262k_t1/rc/dopfn_native/IHDP/r094.npz
Do-PFN 2D,95,4.238368829022934,2.447279205931094,1.4726136292964933,75,0,0,0,0.999945979146217,4,IHDP,11.704108385494246,11.533879036432856,40.6,/scratch/furkanbd/dumps_all/dopfn_repro_joint2d_262k_t1/rc/dopfn_native/IHDP/r095.npz
Do-PFN 2D,96,4.00906382884058,2.2636288665728386,1.8258893115243644,75,0,0,0,0.999318026757121,1,IHDP,7.445314870891185,9.652941216442315,39.2,/scratch/furkanbd/dumps_all/dopfn_repro_joint2d_262k_t1/rc/dopfn_native/IHDP/r096.npz
Do-PFN 2D,97,7.045443858582337,3.9602236198315084,3.202581965637403,75,0,0,0,0.9986185939349446,4,IHDP,46.079494616513465,47.26036180047803,41.0,/scratch/furkanbd/dumps_all/dopfn_repro_joint2d_262k_t1/rc/dopfn_native/IHDP/r097.npz
Do-PFN 2D,98,4.911756466138877,2.6307078053312116,2.1029225762138353,75,0,0,0,0.9992122443664037,1,IHDP,12.691120810399696,12.125094443824505,39.3,/scratch/furkanbd/dumps_all/dopfn_repro_joint2d_262k_t1/rc/dopfn_native/IHDP/r098.npz
Do-PFN 2D,99,4.181115158754626,2.773446335005608,1.5521121353762592,75,0,0,0,0.9999217012651201,10,IHDP,13.161162124860224,11.954182297680374,41.2,/scratch/furkanbd/dumps_all/dopfn_repro_joint2d_262k_t1/rc/dopfn_native/IHDP/r099.npz
UWYK No-Anc,0,3.129757358368803,2.3482636667407153,2.216332590751543,75,0,0,0,0.999941924044459,0,IHDP,4.482928345768412,7.558475046363377,40.0,/scratch/furkanbd/rc_dens_uni/uwyk1d/IHDP/IHDP_r000.npz
UWYK No-Anc,1,3.308374337632963,2.41832888800449,2.26861791303455,75,0,0,0,0.9999335655142699,0,IHDP,5.6876408479371,7.1476945138904,32.3,/scratch/furkanbd/rc_dens_uni/uwyk1d/IHDP/IHDP_r001.npz
UWYK No-Anc,2,3.3234947806248565,2.448861416188259,2.2051364782203304,75,0,0,0,0.9999327503032829,3,IHDP,5.982596608156835,8.910845891520264,36.1,/scratch/furkanbd/rc_dens_uni/uwyk1d/IHDP/IHDP_r002.npz
UWYK No-Anc,3,3.7000659208889344,2.560780256303479,2.3509570435879152,75,0,0,0,0.9999529014984979,0,IHDP,10.202826892337319,9.42862234707078,39.5,/scratch/furkanbd/rc_dens_uni/uwyk1d/IHDP/IHDP_r003.npz
UWYK No-Anc,4,3.935761169119098,2.6821319006553552,2.4994628081683756,75,0,0,0,0.9999692537786831,1,IHDP,9.22287965410382,10.015755672831581,37.6,/scratch/furkanbd/rc_dens_uni/uwyk1d/IHDP/IHDP_r004.npz
UWYK No-Anc,5,3.0771252515091128,2.3569989285411377,2.1480399147877867,75,0,0,0,0.9999528259264991,0,IHDP,4.192778346699971,7.374118047268539,33.9,/scratch/furkanbd/rc_dens_uni/uwyk1d/IHDP/IHDP_r005.npz
UWYK No-Anc,6,3.1269226082412156,2.523120849945378,2.258063401676785,75,0,0,0,0.9999669642213503,1,IHDP,3.5874437662357526,6.979083563190846,32.6,/scratch/furkanbd/rc_dens_uni/uwyk1d/IHDP/IHDP_r006.npz
UWYK No-Anc,7,3.5373287079691895,2.4823309440962777,2.2152252438314965,75,0,0,0,0.9999528485189941,0,IHDP,7.197609165578344,9.915962872620254,35.4,/scratch/furkanbd/rc_dens_uni/uwyk1d/IHDP/IHDP_r007.npz
UWYK No-Anc,8,7.5512682035285525,4.618136683688524,4.051624419007551,75,0,0,0,0.9999088026694524,63,IHDP,131.94356029093427,127.8054783525917,37.7,/scratch/furkanbd/rc_dens_uni/uwyk1d/IHDP/IHDP_r008.npz
UWYK No-Anc,9,5.587235420662115,3.718844040361108,3.325348036254052,75,0,0,0,0.9991361949487984,42,IHDP,28.810266595793877,25.791203785768523,36.3,/scratch/furkanbd/rc_dens_uni/uwyk1d/IHDP/IHDP_r009.npz
UWYK No-Anc,10,3.809532161305775,2.4249449910720995,2.3949246622751326,75,0,0,0,0.998826584520187,26,IHDP,5.77798863149796,9.230367231030339,39.7,/scratch/furkanbd/rc_dens_uni/uwyk1d/IHDP/IHDP_r010.npz
UWYK No-Anc,11,4.455866894778086,2.9196313108790637,2.74026825684844,75,0,0,0,0.9996175970595074,30,IHDP,11.64006768626314,13.58580476609896,37.1,/scratch/furkanbd/rc_dens_uni/uwyk1d/IHDP/IHDP_r011.npz
UWYK No-Anc,12,8.423764777157793,4.971890749631595,4.3146603776686066,75,0,0,0,0.9979230821031996,57,IHDP,101.73665271474326,91.71426107613775,37.5,/scratch/furkanbd/rc_dens_uni/uwyk1d/IHDP/IHDP_r012.npz
UWYK No-Anc,13,3.307372902839718,2.3144890314324478,2.187761305592526,75,0,0,0,0.9999639678613655,2,IHDP,4.236555926512995,6.921237478144855,32.2,/scratch/furkanbd/rc_dens_uni/uwyk1d/IHDP/IHDP_r013.npz
UWYK No-Anc,14,4.162020323703032,2.607282704350393,2.4591131886674313,75,0,0,0,0.9994542062149492,4,IHDP,7.40356767156333,9.93795165166367,42.6,/scratch/furkanbd/rc_dens_uni/uwyk1d/IHDP/IHDP_r014.npz
UWYK No-Anc,15,3.330708862770309,2.493800712588678,2.3321099481772114,75,0,0,0,0.9999714110582408,0,IHDP,6.325261365396756,8.500444775492145,41.7,/scratch/furkanbd/rc_dens_uni/uwyk1d/IHDP/IHDP_r015.npz
UWYK No-Anc,16,4.619531818347219,2.969672371090288,2.751699180910542,75,0,0,0,0.9966954505799165,64,IHDP,11.04031948402785,13.72999525903265,34.2,/scratch/furkanbd/rc_dens_uni/uwyk1d/IHDP/IHDP_r016.npz
UWYK No-Anc,17,3.984694529479941,2.6628327434507124,2.3980857862718565,75,0,0,0,0.9998750726649193,5,IHDP,11.089708246895265,13.280817533699635,41.9,/scratch/furkanbd/rc_dens_uni/uwyk1d/IHDP/IHDP_r017.npz
UWYK No-Anc,18,4.210205345832564,2.8653695543946864,2.516213058323852,75,0,0,0,0.998683194545522,31,IHDP,9.506368286423426,13.020077793907573,38.2,/scratch/furkanbd/rc_dens_uni/uwyk1d/IHDP/IHDP_r018.npz
UWYK No-Anc,19,3.5514956791671928,2.470013587025734,2.24174115310533,75,0,0,0,0.9998735288884996,1,IHDP,6.06352880310614,8.89049584934196,30.5,/scratch/furkanbd/rc_dens_uni/uwyk1d/IHDP/IHDP_r019.npz
UWYK No-Anc,20,5.44611039058946,3.410212941502341,3.149595497531445,75,0,0,0,0.9969622707926233,61,IHDP,21.99868395171069,21.05087298430901,33.6,/scratch/furkanbd/rc_dens_uni/uwyk1d/IHDP/IHDP_r020.npz
UWYK No-Anc,21,3.410279739296699,2.421962046658055,2.275412474692534,75,0,0,0,0.9999556681628952,1,IHDP,5.4432128741992,8.15850781068051,43.2,/scratch/furkanbd/rc_dens_uni/uwyk1d/IHDP/IHDP_r021.npz
UWYK No-Anc,22,4.283805942830918,2.8663718398469427,2.625753525275674,75,0,0,0,0.9996315953868075,21,IHDP,8.392273971576008,10.36860961280099,41.9,/scratch/furkanbd/rc_dens_uni/uwyk1d/IHDP/IHDP_r022.npz
UWYK No-Anc,23,4.943338370798489,3.1883883459135447,2.7269740671224554,75,0,0,0,0.9999428228197975,60,IHDP,23.11250486267872,23.42620249366618,33.0,/scratch/furkanbd/rc_dens_uni/uwyk1d/IHDP/IHDP_r023.npz
UWYK No-Anc,24,4.110591054760058,2.7413213551004936,2.4713532610135003,75,0,0,0,0.9999536001544108,51,IHDP,15.483072675528668,17.958893409671028,39.7,/scratch/furkanbd/rc_dens_uni/uwyk1d/IHDP/IHDP_r024.npz
UWYK No-Anc,25,6.706973857720757,4.045222397541878,3.380696187265066,75,0,0,0,0.9958295660107352,58,IHDP,39.623725308854254,35.62870207221385,32.6,/scratch/furkanbd/rc_dens_uni/uwyk1d/IHDP/IHDP_r025.npz
UWYK No-Anc,26,3.4863584627061996,2.504996526280906,2.346063134355422,75,0,0,0,0.9999291212927894,0,IHDP,7.28121351335893,8.91180565023697,40.8,/scratch/furkanbd/rc_dens_uni/uwyk1d/IHDP/IHDP_r026.npz
UWYK No-Anc,27,8.362416695995519,5.003018077510443,4.24820088908942,75,0,0,0,0.9999676172007499,62,IHDP,174.31892360517375,171.23128232682225,36.2,/scratch/furkanbd/rc_dens_uni/uwyk1d/IHDP/IHDP_r027.npz
UWYK No-Anc,28,3.8828843539663414,2.6176341404556864,2.4904939056112054,75,0,0,0,0.9999089610424935,26,IHDP,9.12577496147626,11.01267170486414,39.3,/scratch/furkanbd/rc_dens_uni/uwyk1d/IHDP/IHDP_r028.npz
UWYK No-Anc,29,4.1817074357596455,2.742885390421675,2.5710345532112298,75,0,0,0,0.997218876982913,31,IHDP,7.5389127395491204,9.81401580180618,40.7,/scratch/furkanbd/rc_dens_uni/uwyk1d/IHDP/IHDP_r029.npz
UWYK No-Anc,30,4.244784978671427,2.7528953758073738,2.452906534461208,75,0,0,0,0.9999280127199718,12,IHDP,11.704849626708262,14.755789855739737,41.6,/scratch/furkanbd/rc_dens_uni/uwyk1d/IHDP/IHDP_r030.npz
UWYK No-Anc,31,3.282872008504968,2.404860701434593,2.1864392891582147,75,0,0,0,0.9998918042445425,1,IHDP,5.38835681722081,7.162815888728339,35.2,/scratch/furkanbd/rc_dens_uni/uwyk1d/IHDP/IHDP_r031.npz
UWYK No-Anc,32,4.100761763329922,2.814382273147196,2.6427154822519348,75,0,0,0,0.9999694592757892,14,IHDP,10.670161371808721,13.63375115087048,39.8,/scratch/furkanbd/rc_dens_uni/uwyk1d/IHDP/IHDP_r032.npz
UWYK No-Anc,33,7.8608566997916025,4.807457935080283,4.2014291841266065,75,0,0,0,0.9997465618450811,63,IHDP,122.07897632363135,118.58298181465766,32.7,/scratch/furkanbd/rc_dens_uni/uwyk1d/IHDP/IHDP_r033.npz
UWYK No-Anc,34,5.091310927610931,3.174272232289315,2.84308307832515,75,0,0,0,0.9998175420237957,16,IHDP,19.699934860731368,18.94924827196293,41.0,/scratch/furkanbd/rc_dens_uni/uwyk1d/IHDP/IHDP_r034.npz
UWYK No-Anc,35,4.873748669234883,3.234481485825809,3.0211517256890756,75,0,0,0,0.9998754337986593,11,IHDP,20.29193902335215,16.54522734072475,38.7,/scratch/furkanbd/rc_dens_uni/uwyk1d/IHDP/IHDP_r035.npz
UWYK No-Anc,36,5.332561897546711,3.4645328396535926,2.9704368151796827,75,0,0,0,0.9999310670268683,63,IHDP,38.801805945215854,31.79025013081945,31.7,/scratch/furkanbd/rc_dens_uni/uwyk1d/IHDP/IHDP_r036.npz
UWYK No-Anc,37,4.039704849492546,2.5584771203461187,2.374926243411413,75,0,0,0,0.9995165253182167,31,IHDP,8.095747679215794,10.579981766873804,40.5,/scratch/furkanbd/rc_dens_uni/uwyk1d/IHDP/IHDP_r037.npz
UWYK No-Anc,38,5.5986707575067065,3.5948304878520343,3.3561224356994352,75,0,0,0,0.9994865172101599,61,IHDP,35.26156302873045,31.44767559417724,35.8,/scratch/furkanbd/rc_dens_uni/uwyk1d/IHDP/IHDP_r038.npz
UWYK No-Anc,39,4.489191687518873,3.0028800087213776,2.7560166305628964,75,0,0,0,0.9992748718362483,50,IHDP,11.79466633048628,14.09516407992382,36.8,/scratch/furkanbd/rc_dens_uni/uwyk1d/IHDP/IHDP_r039.npz
UWYK No-Anc,40,3.5552237510026967,2.4007968352071534,2.2415488231382117,75,0,0,0,0.9999367465448372,1,IHDP,5.360365283486381,8.463802661021049,33.7,/scratch/furkanbd/rc_dens_uni/uwyk1d/IHDP/IHDP_r040.npz
UWYK No-Anc,41,3.1815050558333113,2.3138803425702026,2.138750124607047,75,0,0,0,0.9999531584630281,0,IHDP,4.35874892371311,7.08370671468888,33.9,/scratch/furkanbd/rc_dens_uni/uwyk1d/IHDP/IHDP_r041.npz
UWYK No-Anc,42,3.6743443503590365,2.582660183499132,2.470338035333173,75,0,0,0,0.9999633127774945,1,IHDP,6.06264006845047,8.23014851156033,44.9,/scratch/furkanbd/rc_dens_uni/uwyk1d/IHDP/IHDP_r042.npz
UWYK No-Anc,43,3.6069712125404263,2.516284165851794,2.3443182542453096,75,0,0,0,0.9999318097296551,0,IHDP,12.549233432868444,10.336046840870956,39.5,/scratch/furkanbd/rc_dens_uni/uwyk1d/IHDP/IHDP_r043.npz
UWYK No-Anc,44,4.537336984731373,2.955904162037926,2.6568565783246187,75,0,0,0,0.9995988866400173,63,IHDP,17.09187056856628,13.95923357510702,32.7,/scratch/furkanbd/rc_dens_uni/uwyk1d/IHDP/IHDP_r044.npz
UWYK No-Anc,45,4.449800533893993,2.9431150948936167,2.796022691413636,75,0,0,0,0.9992892589570477,9,IHDP,12.409748200494139,11.65378452783606,38.0,/scratch/furkanbd/rc_dens_uni/uwyk1d/IHDP/IHDP_r045.npz
UWYK No-Anc,46,4.813999806987913,3.3087588186867953,2.909675211411796,75,0,0,0,0.9997497675049214,32,IHDP,20.071544824178844,20.042175266613754,39.3,/scratch/furkanbd/rc_dens_uni/uwyk1d/IHDP/IHDP_r046.npz
UWYK No-Anc,47,3.36388966986847,2.5595294694235484,2.2616036769322836,75,0,0,0,0.9999496050981187,2,IHDP,7.44049180154102,8.03946018451918,38.6,/scratch/furkanbd/rc_dens_uni/uwyk1d/IHDP/IHDP_r047.npz
UWYK No-Anc,48,4.260168397239648,2.961127583694185,2.744908195589731,75,0,0,0,0.9999631675864231,0,IHDP,19.3861978441449,13.084172560076798,36.2,/scratch/furkanbd/rc_dens_uni/uwyk1d/IHDP/IHDP_r048.npz
UWYK No-Anc,49,3.6683542031464245,2.55066404308493,2.32214964584719,75,0,0,0,0.999962733524092,33,IHDP,8.803189593074723,11.937175693287077,38.0,/scratch/furkanbd/rc_dens_uni/uwyk1d/IHDP/IHDP_r049.npz
UWYK No-Anc,50,3.6568007171387715,2.5986624534679357,2.4145359331937657,75,0,0,0,0.9999759315453443,1,IHDP,7.719710035901746,8.620972195596156,36.9,/scratch/furkanbd/rc_dens_uni/uwyk1d/IHDP/IHDP_r050.npz
UWYK No-Anc,51,4.495103531072674,3.051852758236413,2.7875224838301467,75,0,0,0,0.9994069361945721,5,IHDP,14.12036870554089,12.94510549324401,42.3,/scratch/furkanbd/rc_dens_uni/uwyk1d/IHDP/IHDP_r051.npz
UWYK No-Anc,52,6.312546683972619,3.9317148201019334,3.509437978875602,75,0,0,0,0.9972755265094072,57,IHDP,32.96891211678445,33.660720868999945,35.2,/scratch/furkanbd/rc_dens_uni/uwyk1d/IHDP/IHDP_r052.npz
UWYK No-Anc,53,5.230314730397603,3.3299073142392728,2.9518667126318117,75,0,0,0,0.9988987589612646,69,IHDP,19.651072186906358,21.12457314116514,33.5,/scratch/furkanbd/rc_dens_uni/uwyk1d/IHDP/IHDP_r053.npz
UWYK No-Anc,54,3.2705837531389075,2.4034101602651026,2.1484249917571354,75,0,0,0,0.9999682005159354,1,IHDP,5.308063286901589,8.327706650812901,41.5,/scratch/furkanbd/rc_dens_uni/uwyk1d/IHDP/IHDP_r054.npz
UWYK No-Anc,55,2.9737652147137763,2.450024897178468,2.114106665450606,75,0,0,0,0.9999444821107114,2,IHDP,3.3933156550404515,6.875880003072828,42.4,/scratch/furkanbd/rc_dens_uni/uwyk1d/IHDP/IHDP_r055.npz
UWYK No-Anc,56,3.1501879072485264,2.314774655086521,2.1960863643823787,75,0,0,0,0.9999579589977821,0,IHDP,4.503180714572345,7.3022984309265855,36.2,/scratch/furkanbd/rc_dens_uni/uwyk1d/IHDP/IHDP_r056.npz
UWYK No-Anc,57,4.230087931176809,2.8541355719421104,2.6480530439243664,75,0,0,0,0.9999628923220906,1,IHDP,13.286879789490154,12.007387088345045,36.6,/scratch/furkanbd/rc_dens_uni/uwyk1d/IHDP/IHDP_r057.npz
UWYK No-Anc,58,3.504633843640663,2.434771141934242,2.270855435791733,75,0,0,0,0.9999627789875598,0,IHDP,5.056788249372825,7.847965424488025,37.3,/scratch/furkanbd/rc_dens_uni/uwyk1d/IHDP/IHDP_r058.npz
UWYK No-Anc,59,6.086368462374526,3.672315141979519,3.2839772065671173,75,0,0,0,0.9947449786751948,65,IHDP,36.42025216495997,31.778512424023326,36.3,/scratch/furkanbd/rc_dens_uni/uwyk1d/IHDP/IHDP_r059.npz
UWYK No-Anc,60,3.492570296908441,2.3941088731667075,2.257310579687133,75,0,0,0,0.9999550202667775,0,IHDP,4.79989993692065,7.2664012279817,31.8,/scratch/furkanbd/rc_dens_uni/uwyk1d/IHDP/IHDP_r060.npz
UWYK No-Anc,61,3.780680436282248,2.5137977375229954,2.347619450035493,75,0,0,0,0.9998184871484768,5,IHDP,6.170015388205205,8.798789767161795,41.3,/scratch/furkanbd/rc_dens_uni/uwyk1d/IHDP/IHDP_r061.npz
UWYK No-Anc,62,4.102994701863824,2.7714501721977376,2.4594325402781547,75,0,0,0,0.9999327158938167,28,IHDP,9.981283229287449,13.094174990384051,39.8,/scratch/furkanbd/rc_dens_uni/uwyk1d/IHDP/IHDP_r062.npz
UWYK No-Anc,63,3.957198921630617,2.5431304651545688,2.3661516996051715,75,0,0,0,0.9994634223594541,36,IHDP,12.544210806511314,14.027191398000484,41.4,/scratch/furkanbd/rc_dens_uni/uwyk1d/IHDP/IHDP_r063.npz
UWYK No-Anc,64,4.515707293080505,2.985542885733797,2.6964888057528387,75,0,0,0,0.9999684024798671,30,IHDP,19.108927345057275,21.143731234158523,37.1,/scratch/furkanbd/rc_dens_uni/uwyk1d/IHDP/IHDP_r064.npz
UWYK No-Anc,65,3.7478235700444755,2.5145766723724488,2.256372987392402,75,0,0,0,0.9999438364992987,0,IHDP,8.272735805167144,10.924239119903056,39.3,/scratch/furkanbd/rc_dens_uni/uwyk1d/IHDP/IHDP_r065.npz
UWYK No-Anc,66,3.2200315148577725,2.3821090367677016,2.242016753483706,75,0,0,0,0.9999429708584651,0,IHDP,4.838796769870725,7.165216829075695,35.5,/scratch/furkanbd/rc_dens_uni/uwyk1d/IHDP/IHDP_r066.npz
UWYK No-Anc,67,7.244274054546184,4.447103409119298,3.9219840673592676,75,0,0,0,0.9984451259972936,56,IHDP,69.24911633643855,57.820479453751446,34.0,/scratch/furkanbd/rc_dens_uni/uwyk1d/IHDP/IHDP_r067.npz
UWYK No-Anc,68,3.0297776918765997,2.312250129336393,2.1288329784476128,75,0,0,0,0.9999628994418454,1,IHDP,6.032324166028565,7.9192209094164445,35.5,/scratch/furkanbd/rc_dens_uni/uwyk1d/IHDP/IHDP_r068.npz
UWYK No-Anc,69,3.0750938585885104,2.3487225231347413,2.2164750954494927,75,0,0,0,0.9999447675757471,2,IHDP,3.526127153290335,6.526127153290335,33.9,/scratch/furkanbd/rc_dens_uni/uwyk1d/IHDP/IHDP_r069.npz
UWYK No-Anc,70,5.229079329041277,3.352917665502323,3.139254574456726,75,0,0,0,0.9957060891175382,67,IHDP,18.592754390832035,20.482038062537065,33.2,/scratch/furkanbd/rc_dens_uni/uwyk1d/IHDP/IHDP_r070.npz
UWYK No-Anc,71,3.3620820889365985,2.3360303239397475,2.242348529862113,75,0,0,0,0.9999332305555937,1,IHDP,3.194182893793416,6.497668780134154,30.8,/scratch/furkanbd/rc_dens_uni/uwyk1d/IHDP/IHDP_r071.npz
UWYK No-Anc,72,3.432957790178518,2.3397832299638104,2.228210856519905,75,0,0,0,0.9999565685748101,1,IHDP,6.499617548266605,7.009274590804766,31.6,/scratch/furkanbd/rc_dens_uni/uwyk1d/IHDP/IHDP_r072.npz
UWYK No-Anc,73,3.339642083218885,2.41855050212686,2.215315665305333,75,0,0,0,0.9999708238775407,1,IHDP,4.09640534138945,6.95765665241336,32.3,/scratch/furkanbd/rc_dens_uni/uwyk1d/IHDP/IHDP_r073.npz
UWYK No-Anc,74,2.9904717010899367,2.4530110778233416,2.2005739093732366,75,0,0,0,0.9999418349323009,3,IHDP,3.5252358161446598,6.44554588065982,38.9,/scratch/furkanbd/rc_dens_uni/uwyk1d/IHDP/IHDP_r074.npz
UWYK No-Anc,75,5.516560873418507,3.4147574193044252,3.000485162751179,75,0,0,0,0.997683365805165,73,IHDP,24.556297415837136,20.840164008285967,35.5,/scratch/furkanbd/rc_dens_uni/uwyk1d/IHDP/IHDP_r075.npz
UWYK No-Anc,76,3.225644789276771,2.424270349089498,2.2138153843147927,75,0,0,0,0.999916728949293,0,IHDP,5.987802873892461,7.41416729317106,33.9,/scratch/furkanbd/rc_dens_uni/uwyk1d/IHDP/IHDP_r076.npz
UWYK No-Anc,77,3.180894886106631,2.2902598914693204,2.186724113010199,75,0,0,0,0.9999330052306249,0,IHDP,4.776806587745986,6.798303573332015,37.2,/scratch/furkanbd/rc_dens_uni/uwyk1d/IHDP/IHDP_r077.npz
UWYK No-Anc,78,3.232057828316173,2.463317010589948,2.2412950473442366,75,0,0,0,0.9999757973337664,1,IHDP,5.0004745759025795,7.27699157408936,33.5,/scratch/furkanbd/rc_dens_uni/uwyk1d/IHDP/IHDP_r078.npz
UWYK No-Anc,79,3.2189418801153873,2.3792583719937412,2.1803208427776903,75,0,0,0,0.9999577426488708,0,IHDP,4.14937633444389,6.743396949618861,32.9,/scratch/furkanbd/rc_dens_uni/uwyk1d/IHDP/IHDP_r079.npz
UWYK No-Anc,80,7.41217083152116,4.669861100055614,4.024130816670134,75,0,0,0,0.999150577675014,61,IHDP,82.33063972200077,79.29189795720723,34.8,/scratch/furkanbd/rc_dens_uni/uwyk1d/IHDP/IHDP_r080.npz
UWYK No-Anc,81,5.534911520344753,3.5101741630434313,3.0809001644167138,75,0,0,0,0.9933992456442113,67,IHDP,42.003516353514804,39.2584911343093,36.8,/scratch/furkanbd/rc_dens_uni/uwyk1d/IHDP/IHDP_r081.npz
UWYK No-Anc,82,4.472592502094034,3.000427069612762,2.738973165605173,75,0,0,0,0.999975774980612,3,IHDP,19.058329974842035,14.677186141152465,38.0,/scratch/furkanbd/rc_dens_uni/uwyk1d/IHDP/IHDP_r082.npz
UWYK No-Anc,83,5.985777405443651,3.7339296079431765,3.1096654453014247,75,0,0,0,0.9966184428994886,69,IHDP,55.033911704857644,53.950941792007356,35.8,/scratch/furkanbd/rc_dens_uni/uwyk1d/IHDP/IHDP_r083.npz
UWYK No-Anc,84,6.805538377754146,4.136810587639441,3.5225161167944115,75,0,0,0,0.9809764837670761,69,IHDP,58.57801027401966,55.50767411990434,37.9,/scratch/furkanbd/rc_dens_uni/uwyk1d/IHDP/IHDP_r084.npz
UWYK No-Anc,85,6.9763456066818375,4.351615558614465,3.6410731057504964,75,0,0,0,0.9992035680941945,23,IHDP,53.4260240898451,51.398957004163904,37.6,/scratch/furkanbd/rc_dens_uni/uwyk1d/IHDP/IHDP_r085.npz
UWYK No-Anc,86,3.817472743989685,2.6263013310486873,2.4650626748071445,75,0,0,0,0.9999738135685253,3,IHDP,11.00597321726109,13.14010137951221,42.5,/scratch/furkanbd/rc_dens_uni/uwyk1d/IHDP/IHDP_r086.npz
UWYK No-Anc,87,3.1773953082033444,2.3589486231480414,2.2434404534671435,75,0,0,0,0.9999442603099052,1,IHDP,3.226446476197262,6.565105537043548,33.6,/scratch/furkanbd/rc_dens_uni/uwyk1d/IHDP/IHDP_r087.npz
UWYK No-Anc,88,4.188695031177194,2.8436630592136587,2.5769931313695658,75,0,0,0,0.9990967521394626,21,IHDP,7.918391764904252,9.98633100458805,39.2,/scratch/furkanbd/rc_dens_uni/uwyk1d/IHDP/IHDP_r088.npz
UWYK No-Anc,89,3.5628011313189516,2.394465532756368,2.3312206805839417,75,0,0,0,0.9999713293087489,0,IHDP,9.680509236277825,8.473529409097974,35.3,/scratch/furkanbd/rc_dens_uni/uwyk1d/IHDP/IHDP_r089.npz
UWYK No-Anc,90,3.1826736800039823,2.3312223642176195,2.209500899557379,75,0,0,0,0.9999166879290327,0,IHDP,3.7647194372736985,7.186122981355733,34.6,/scratch/furkanbd/rc_dens_uni/uwyk1d/IHDP/IHDP_r090.npz
UWYK No-Anc,91,4.1055406135311685,2.722707801657595,2.5421781685080895,75,0,0,0,0.9993092736619771,15,IHDP,9.85543474128624,11.55303955239596,40.9,/scratch/furkanbd/rc_dens_uni/uwyk1d/IHDP/IHDP_r091.npz
UWYK No-Anc,92,6.705319300701592,4.183123007579301,3.633942015296745,75,0,0,0,0.9932982442533742,69,IHDP,41.40982964435481,40.14425098096209,36.1,/scratch/furkanbd/rc_dens_uni/uwyk1d/IHDP/IHDP_r092.npz
UWYK No-Anc,93,3.449328422964291,2.479457425791541,2.27477752022754,75,0,0,0,0.999931330023171,0,IHDP,6.535639692021725,7.9499300327058755,32.5,/scratch/furkanbd/rc_dens_uni/uwyk1d/IHDP/IHDP_r093.npz
UWYK No-Anc,94,3.490333416219267,2.430240210192123,2.2625470952065694,75,0,0,0,0.9999543204938793,0,IHDP,9.741897553193485,9.126418936734414,37.6,/scratch/furkanbd/rc_dens_uni/uwyk1d/IHDP/IHDP_r094.npz
UWYK No-Anc,95,3.9805970329515525,2.5076351947885676,2.2445079495984412,75,0,0,0,0.9999729975095145,2,IHDP,11.704108385494246,11.533879036432856,43.8,/scratch/furkanbd/rc_dens_uni/uwyk1d/IHDP/IHDP_r095.npz
UWYK No-Anc,96,3.8252479323153232,2.5367535671761616,2.4001335349332478,75,0,0,0,0.9997767570358791,1,IHDP,7.445314870891185,9.652941216442315,40.2,/scratch/furkanbd/rc_dens_uni/uwyk1d/IHDP/IHDP_r096.npz
UWYK No-Anc,97,6.123284701628861,3.8782150303860248,3.3473002709822652,75,0,0,0,0.9993853495445233,44,IHDP,46.079494616513465,47.26036180047803,38.9,/scratch/furkanbd/rc_dens_uni/uwyk1d/IHDP/IHDP_r097.npz
UWYK No-Anc,98,4.424823580506744,2.84531484465162,2.6877641941337114,75,0,0,0,0.9987475249088024,41,IHDP,12.691120810399696,12.125094443824505,38.2,/scratch/furkanbd/rc_dens_uni/uwyk1d/IHDP/IHDP_r098.npz
UWYK No-Anc,99,3.96480913615913,2.8305145342655695,2.5204017109287293,75,0,0,0,0.9999590299856783,0,IHDP,13.161162124860224,11.954182297680374,41.4,/scratch/furkanbd/rc_dens_uni/uwyk1d/IHDP/IHDP_r099.npz
UWYK No-Anc 2D,0,3.0713513548108544,2.054192767522862,1.5727573462291882,75,0,0,0,0.9999771311329279,0,IHDP,4.482928345768412,7.558475046363377,35.7,/scratch/furkanbd/rc_nll2d/graph2d/IHDP/IHDP_r000.npz
UWYK No-Anc 2D,1,3.1004039342899548,2.067338540060666,1.62613721187455,75,0,0,0,0.9999249445520035,0,IHDP,5.6876408479371,7.1476945138904,34.7,/scratch/furkanbd/rc_nll2d/graph2d/IHDP/IHDP_r001.npz
UWYK No-Anc 2D,2,3.306672821844264,2.102178368025251,1.4775734293642961,75,0,0,0,0.9999629706488702,2,IHDP,5.982596608156835,8.910845891520264,37.2,/scratch/furkanbd/rc_nll2d/graph2d/IHDP/IHDP_r002.npz
UWYK No-Anc 2D,3,3.8605327465433517,2.3545432840271103,1.809061709464286,75,0,0,0,0.9999809006107833,0,IHDP,10.202826892337319,9.42862234707078,34.3,/scratch/furkanbd/rc_nll2d/graph2d/IHDP/IHDP_r003.npz
UWYK No-Anc 2D,4,3.884964202213345,2.4409452172937725,2.069884483036076,75,0,0,0,0.9999782631694131,1,IHDP,9.22287965410382,10.015755672831581,35.1,/scratch/furkanbd/rc_nll2d/graph2d/IHDP/IHDP_r004.npz
UWYK No-Anc 2D,5,2.9085606191283038,2.039981877423326,1.458143936794384,75,0,0,0,0.999962792929723,0,IHDP,4.192778346699971,7.374118047268539,34.8,/scratch/furkanbd/rc_nll2d/graph2d/IHDP/IHDP_r005.npz
UWYK No-Anc 2D,6,3.179118710859761,2.219113965777072,1.682835716820088,75,0,0,0,0.999962127852253,1,IHDP,3.5874437662357526,6.979083563190846,34.0,/scratch/furkanbd/rc_nll2d/graph2d/IHDP/IHDP_r006.npz
UWYK No-Anc 2D,7,3.570843618231824,2.24494458670272,1.6807247781939756,75,0,0,0,0.9999607295559123,0,IHDP,7.197609165578344,9.915962872620254,36.3,/scratch/furkanbd/rc_nll2d/graph2d/IHDP/IHDP_r007.npz
UWYK No-Anc 2D,8,8.8774168784117,4.3018893987730475,3.998041852966629,75,0,0,0,0.9999614029408506,1,IHDP,131.94356029093427,127.8054783525917,38.6,/scratch/furkanbd/rc_nll2d/graph2d/IHDP/IHDP_r008.npz
UWYK No-Anc 2D,9,5.213918340093493,3.3234022534395575,3.0073460653015003,75,0,0,0,0.9999946052450374,0,IHDP,28.810266595793877,25.791203785768523,34.9,/scratch/furkanbd/rc_nll2d/graph2d/IHDP/IHDP_r009.npz
UWYK No-Anc 2D,10,3.4338508725241454,2.1894445354562904,1.8842434518692401,75,0,0,0,0.9999933060174897,0,IHDP,5.77798863149796,9.230367231030339,32.7,/scratch/furkanbd/rc_nll2d/graph2d/IHDP/IHDP_r010.npz
UWYK No-Anc 2D,11,4.153240839158293,2.6238936924240512,2.3957814113443834,75,0,0,0,0.9999946673020645,0,IHDP,11.64006768626314,13.58580476609896,34.7,/scratch/furkanbd/rc_nll2d/graph2d/IHDP/IHDP_r011.npz
UWYK No-Anc 2D,12,8.132252244506715,4.641042482175946,4.409649622022,75,0,0,0,0.9999982335507739,1,IHDP,101.73665271474326,91.71426107613775,33.7,/scratch/furkanbd/rc_nll2d/graph2d/IHDP/IHDP_r012.npz
UWYK No-Anc 2D,13,3.3400564921830687,2.144968732813725,1.883045220423508,75,0,0,0,0.9999505153620812,1,IHDP,4.236555926512995,6.921237478144855,35.8,/scratch/furkanbd/rc_nll2d/graph2d/IHDP/IHDP_r013.npz
UWYK No-Anc 2D,14,3.931775518090986,2.4029902979648416,2.0313930247065257,75,0,0,0,0.9999875741202402,1,IHDP,7.40356767156333,9.93795165166367,33.9,/scratch/furkanbd/rc_nll2d/graph2d/IHDP/IHDP_r014.npz
UWYK No-Anc 2D,15,3.0836699294717773,2.0172107966498714,1.4899326563486155,75,0,0,0,0.9999626323874319,1,IHDP,6.325261365396756,8.500444775492145,34.5,/scratch/furkanbd/rc_nll2d/graph2d/IHDP/IHDP_r015.npz
UWYK No-Anc 2D,16,4.448248562309635,2.6699051000704594,2.464625482895242,75,0,0,0,0.9999946382674948,0,IHDP,11.04031948402785,13.72999525903265,33.4,/scratch/furkanbd/rc_nll2d/graph2d/IHDP/IHDP_r016.npz
UWYK No-Anc 2D,17,3.804027822048724,2.4431018192608556,2.051064726711992,75,0,0,0,0.9999811417767847,0,IHDP,11.089708246895265,13.280817533699635,33.9,/scratch/furkanbd/rc_nll2d/graph2d/IHDP/IHDP_r017.npz
UWYK No-Anc 2D,18,3.788336572160944,2.4325860919723548,2.1381651123071013,75,0,0,0,0.999962223690195,0,IHDP,9.506368286423426,13.020077793907573,33.2,/scratch/furkanbd/rc_nll2d/graph2d/IHDP/IHDP_r018.npz
UWYK No-Anc 2D,19,3.7032441133519356,2.1530166178651835,1.56318043673265,75,0,0,0,0.9999455217444898,0,IHDP,6.06352880310614,8.89049584934196,35.7,/scratch/furkanbd/rc_nll2d/graph2d/IHDP/IHDP_r019.npz
UWYK No-Anc 2D,20,5.162753103491627,3.050687597687035,2.9517050783276124,75,0,0,0,0.9999871738985759,0,IHDP,21.99868395171069,21.05087298430901,32.7,/scratch/furkanbd/rc_nll2d/graph2d/IHDP/IHDP_r020.npz
UWYK No-Anc 2D,21,3.020516292329511,2.0952823433045693,1.5196749224647572,75,0,0,0,0.9999752090341893,0,IHDP,5.4432128741992,8.15850781068051,35.8,/scratch/furkanbd/rc_nll2d/graph2d/IHDP/IHDP_r021.npz
UWYK No-Anc 2D,22,3.9738435741937983,2.3804117110976537,1.99814956742676,75,0,0,0,0.999990288136752,0,IHDP,8.392273971576008,10.36860961280099,32.7,/scratch/furkanbd/rc_nll2d/graph2d/IHDP/IHDP_r022.npz
UWYK No-Anc 2D,23,4.755733032312111,2.952176416899414,2.705619764833609,75,0,0,0,0.9999789419994763,0,IHDP,23.11250486267872,23.42620249366618,35.9,/scratch/furkanbd/rc_nll2d/graph2d/IHDP/IHDP_r023.npz
UWYK No-Anc 2D,24,3.960802064243801,2.393128154754934,2.1472913222574856,75,0,0,0,0.9999469321667444,0,IHDP,15.483072675528668,17.958893409671028,37.0,/scratch/furkanbd/rc_nll2d/graph2d/IHDP/IHDP_r024.npz
UWYK No-Anc 2D,25,6.324088032794401,3.6865382169527576,3.5311942621821046,75,0,0,0,0.9999802996595806,0,IHDP,39.623725308854254,35.62870207221385,33.9,/scratch/furkanbd/rc_nll2d/graph2d/IHDP/IHDP_r025.npz
UWYK No-Anc 2D,26,3.2026901290677072,2.193766846881783,1.6779140219961923,75,0,0,0,0.9999827584623273,0,IHDP,7.28121351335893,8.91180565023697,34.6,/scratch/furkanbd/rc_nll2d/graph2d/IHDP/IHDP_r026.npz
UWYK No-Anc 2D,27,8.396034909383749,4.699247239030784,4.560002968286472,75,0,0,0,0.9997560294080491,1,IHDP,174.31892360517375,171.23128232682225,37.6,/scratch/furkanbd/rc_nll2d/graph2d/IHDP/IHDP_r027.npz
UWYK No-Anc 2D,28,3.7358696242530454,2.4382459660649425,2.1547861696965143,75,0,0,0,0.9999824122450691,0,IHDP,9.12577496147626,11.01267170486414,33.5,/scratch/furkanbd/rc_nll2d/graph2d/IHDP/IHDP_r028.npz
UWYK No-Anc 2D,29,3.7404177676579917,2.34288349101711,1.9334854954281,75,0,0,0,0.9999927254960672,0,IHDP,7.5389127395491204,9.81401580180618,31.9,/scratch/furkanbd/rc_nll2d/graph2d/IHDP/IHDP_r029.npz
UWYK No-Anc 2D,30,3.866374373760388,2.350873520132953,1.9256954171693783,75,0,0,0,0.9998426880724095,1,IHDP,11.704849626708262,14.755789855739737,36.4,/scratch/furkanbd/rc_nll2d/graph2d/IHDP/IHDP_r030.npz
UWYK No-Anc 2D,31,3.1844454286983384,2.185152537280376,1.6176169775578888,75,0,0,0,0.999959328194548,3,IHDP,5.38835681722081,7.162815888728339,34.8,/scratch/furkanbd/rc_nll2d/graph2d/IHDP/IHDP_r031.npz
UWYK No-Anc 2D,32,3.8736203739791746,2.387700150733542,2.074115820030812,75,0,0,0,0.9999788820066011,0,IHDP,10.670161371808721,13.63375115087048,34.1,/scratch/furkanbd/rc_nll2d/graph2d/IHDP/IHDP_r032.npz
UWYK No-Anc 2D,33,7.610674069104384,4.480440180207451,4.358022028766515,75,0,0,0,0.9999858692891002,1,IHDP,122.07897632363135,118.58298181465766,35.2,/scratch/furkanbd/rc_nll2d/graph2d/IHDP/IHDP_r033.npz
UWYK No-Anc 2D,34,4.814191151396676,2.9592682538057202,2.727258376125458,75,0,0,0,0.9999819809056915,0,IHDP,19.699934860731368,18.94924827196293,35.3,/scratch/furkanbd/rc_nll2d/graph2d/IHDP/IHDP_r034.npz
UWYK No-Anc 2D,35,4.6931942382988785,3.021037362806555,2.7618280943021367,75,0,0,0,0.9999858063856953,0,IHDP,20.29193902335215,16.54522734072475,35.3,/scratch/furkanbd/rc_nll2d/graph2d/IHDP/IHDP_r035.npz
UWYK No-Anc 2D,36,5.263083901295144,3.3776014106083503,3.1294143940334007,75,0,0,0,0.9999821624192722,0,IHDP,38.801805945215854,31.79025013081945,35.1,/scratch/furkanbd/rc_nll2d/graph2d/IHDP/IHDP_r036.npz
UWYK No-Anc 2D,37,3.851479129936542,2.344861038987288,1.922935249461825,75,0,0,0,0.9999931413609496,0,IHDP,8.095747679215794,10.579981766873804,34.1,/scratch/furkanbd/rc_nll2d/graph2d/IHDP/IHDP_r037.npz
UWYK No-Anc 2D,38,5.327464131871119,3.313200236091424,3.0140831300876134,75,0,0,0,0.9999797471674352,0,IHDP,35.26156302873045,31.44767559417724,35.4,/scratch/furkanbd/rc_nll2d/graph2d/IHDP/IHDP_r038.npz
UWYK No-Anc 2D,39,4.2022074040908235,2.5818022602113873,2.32253498973761,75,0,0,0,0.9999870434335714,0,IHDP,11.79466633048628,14.09516407992382,35.1,/scratch/furkanbd/rc_nll2d/graph2d/IHDP/IHDP_r039.npz
UWYK No-Anc 2D,40,3.5403558239315545,1.9573117359753636,1.470769816046268,75,0,0,0,0.9999725065715718,1,IHDP,5.360365283486381,8.463802661021049,36.0,/scratch/furkanbd/rc_nll2d/graph2d/IHDP/IHDP_r040.npz
UWYK No-Anc 2D,41,3.2669254971080792,2.0536980256722117,1.6343111205041874,75,0,0,0,0.99996518009153,0,IHDP,4.35874892371311,7.08370671468888,34.8,/scratch/furkanbd/rc_nll2d/graph2d/IHDP/IHDP_r041.npz
UWYK No-Anc 2D,42,3.389629702460207,2.07052297759737,1.6493949726092902,75,0,0,0,0.9999786530979987,0,IHDP,6.06264006845047,8.23014851156033,35.4,/scratch/furkanbd/rc_nll2d/graph2d/IHDP/IHDP_r042.npz
UWYK No-Anc 2D,43,3.401030365075018,2.2535684865576724,1.9748375605536923,75,0,0,0,0.9999783096947634,0,IHDP,12.549233432868444,10.336046840870956,34.7,/scratch/furkanbd/rc_nll2d/graph2d/IHDP/IHDP_r043.npz
UWYK No-Anc 2D,44,4.319048221091721,2.6995767281403507,2.426356530690952,75,0,0,0,0.9999954059404522,0,IHDP,17.09187056856628,13.95923357510702,35.1,/scratch/furkanbd/rc_nll2d/graph2d/IHDP/IHDP_r044.npz
UWYK No-Anc 2D,45,4.122691660826197,2.596016964135963,2.443338934325002,75,0,0,0,0.9999889074041718,0,IHDP,12.409748200494139,11.65378452783606,34.7,/scratch/furkanbd/rc_nll2d/graph2d/IHDP/IHDP_r045.npz
UWYK No-Anc 2D,46,4.520536088721898,2.915693981815822,2.7016033189060096,75,0,0,0,0.9999895388255828,0,IHDP,20.071544824178844,20.042175266613754,34.7,/scratch/furkanbd/rc_nll2d/graph2d/IHDP/IHDP_r046.npz
UWYK No-Anc 2D,47,3.220172967834541,2.3316902562678274,1.8199351973449744,75,0,0,0,0.9999671337940012,0,IHDP,7.44049180154102,8.03946018451918,35.1,/scratch/furkanbd/rc_nll2d/graph2d/IHDP/IHDP_r047.npz
UWYK No-Anc 2D,48,4.084583901484555,2.6749234260841592,2.482892302653432,75,0,0,0,0.9999634686335458,0,IHDP,19.3861978441449,13.084172560076798,35.7,/scratch/furkanbd/rc_nll2d/graph2d/IHDP/IHDP_r048.npz
UWYK No-Anc 2D,49,3.502915447112917,2.2415410022069,1.7757344772763952,75,0,0,0,0.9999537926501152,0,IHDP,8.803189593074723,11.937175693287077,36.2,/scratch/furkanbd/rc_nll2d/graph2d/IHDP/IHDP_r049.npz
UWYK No-Anc 2D,50,3.4413250731834326,2.173005508463603,1.7880372399914273,75,0,0,0,0.9999768847013258,0,IHDP,7.719710035901746,8.620972195596156,34.1,/scratch/furkanbd/rc_nll2d/graph2d/IHDP/IHDP_r050.npz
UWYK No-Anc 2D,51,4.162921283560781,2.651375704314328,2.123872765643344,75,0,0,0,0.9999923731648096,0,IHDP,14.12036870554089,12.94510549324401,33.4,/scratch/furkanbd/rc_nll2d/graph2d/IHDP/IHDP_r051.npz
UWYK No-Anc 2D,52,5.886029642353159,3.5381680523680235,3.3521134135287878,75,0,0,0,0.9999968769677319,0,IHDP,32.96891211678445,33.660720868999945,34.2,/scratch/furkanbd/rc_nll2d/graph2d/IHDP/IHDP_r052.npz
UWYK No-Anc 2D,53,4.98247485004589,2.91196967809449,2.7703811430953,75,0,0,0,0.9999918508365582,0,IHDP,19.651072186906358,21.12457314116514,34.6,/scratch/furkanbd/rc_nll2d/graph2d/IHDP/IHDP_r053.npz
UWYK No-Anc 2D,54,3.1419025635288316,2.085054282592013,1.4420466489933959,75,0,0,0,0.9999772504172475,1,IHDP,5.308063286901589,8.327706650812901,35.6,/scratch/furkanbd/rc_nll2d/graph2d/IHDP/IHDP_r054.npz
UWYK No-Anc 2D,55,3.0044171787832443,2.052710853276082,1.568759651307294,75,0,0,0,0.9999728200524953,1,IHDP,3.3933156550404515,6.875880003072828,35.3,/scratch/furkanbd/rc_nll2d/graph2d/IHDP/IHDP_r055.npz
UWYK No-Anc 2D,56,3.0779734916603343,1.9607583793792023,1.4395706769565204,75,0,0,0,0.9999665769688048,0,IHDP,4.503180714572345,7.3022984309265855,35.5,/scratch/furkanbd/rc_nll2d/graph2d/IHDP/IHDP_r056.npz
UWYK No-Anc 2D,57,4.17992398529715,2.6392436908939567,2.3781655244308277,75,0,0,0,0.9999877701337961,0,IHDP,13.286879789490154,12.007387088345045,35.0,/scratch/furkanbd/rc_nll2d/graph2d/IHDP/IHDP_r057.npz
UWYK No-Anc 2D,58,3.288544063477557,2.079445718322549,1.489141858248355,75,0,0,0,0.9999448869146419,1,IHDP,5.056788249372825,7.847965424488025,35.2,/scratch/furkanbd/rc_nll2d/graph2d/IHDP/IHDP_r058.npz
UWYK No-Anc 2D,59,5.950036496693504,3.3972361504182715,3.1629557172557905,75,0,0,0,0.9999939333962446,0,IHDP,36.42025216495997,31.778512424023326,34.2,/scratch/furkanbd/rc_nll2d/graph2d/IHDP/IHDP_r059.npz
UWYK No-Anc 2D,60,3.5307866222703175,2.0355193615332845,1.716020674781702,75,0,0,0,0.9999548837976018,0,IHDP,4.79989993692065,7.2664012279817,34.1,/scratch/furkanbd/rc_nll2d/graph2d/IHDP/IHDP_r060.npz
UWYK No-Anc 2D,61,3.3931775214100854,2.132841817942053,1.7347982210684256,75,0,0,0,0.99997910666311,0,IHDP,6.170015388205205,8.798789767161795,34.7,/scratch/furkanbd/rc_nll2d/graph2d/IHDP/IHDP_r061.npz
UWYK No-Anc 2D,62,3.7865545531485,2.4124500725871285,1.9684834834811706,75,0,0,0,0.9999790092272521,0,IHDP,9.981283229287449,13.094174990384051,34.5,/scratch/furkanbd/rc_nll2d/graph2d/IHDP/IHDP_r062.npz
UWYK No-Anc 2D,63,3.675837561238212,2.3415208648790373,1.9942434574805512,75,0,0,0,0.9999637581518788,0,IHDP,12.544210806511314,14.027191398000484,35.6,/scratch/furkanbd/rc_nll2d/graph2d/IHDP/IHDP_r063.npz
UWYK No-Anc 2D,64,4.7199803641386735,2.6232571204765534,2.4062414491738515,75,0,0,0,0.9999520603184437,0,IHDP,19.108927345057275,21.143731234158523,36.1,/scratch/furkanbd/rc_nll2d/graph2d/IHDP/IHDP_r064.npz
UWYK No-Anc 2D,65,4.230621391105833,2.174155090290418,1.6473355516866683,75,0,0,0,0.9999541926822045,1,IHDP,8.272735805167144,10.924239119903056,36.2,/scratch/furkanbd/rc_nll2d/graph2d/IHDP/IHDP_r065.npz
UWYK No-Anc 2D,66,3.1083331201094153,2.096858141714781,1.649521888825685,75,0,0,0,0.9999601161395313,0,IHDP,4.838796769870725,7.165216829075695,34.6,/scratch/furkanbd/rc_nll2d/graph2d/IHDP/IHDP_r066.npz
UWYK No-Anc 2D,67,7.012086764490207,4.191471347974225,3.9778469463598682,75,0,0,0,0.9999947963385669,0,IHDP,69.24911633643855,57.820479453751446,34.3,/scratch/furkanbd/rc_nll2d/graph2d/IHDP/IHDP_r067.npz
UWYK No-Anc 2D,68,3.1124642381746095,2.067202221596427,1.633384286507922,75,0,0,0,0.9999326794705115,1,IHDP,6.032324166028565,7.9192209094164445,34.2,/scratch/furkanbd/rc_nll2d/graph2d/IHDP/IHDP_r068.npz
UWYK No-Anc 2D,69,3.1070124477435073,2.0480144416945523,1.6680211840904084,75,0,0,0,0.9999623528131042,2,IHDP,3.526127153290335,6.526127153290335,34.4,/scratch/furkanbd/rc_nll2d/graph2d/IHDP/IHDP_r069.npz
UWYK No-Anc 2D,70,5.138089453806781,3.1156702028073533,2.9534044300535864,75,0,0,0,0.9999897629366358,0,IHDP,18.592754390832035,20.482038062537065,35.1,/scratch/furkanbd/rc_nll2d/graph2d/IHDP/IHDP_r070.npz
UWYK No-Anc 2D,71,3.3314882484621973,2.0919045806510157,1.8171623972354984,75,0,0,0,0.9999396531439968,0,IHDP,3.194182893793416,6.497668780134154,34.4,/scratch/furkanbd/rc_nll2d/graph2d/IHDP/IHDP_r071.npz
UWYK No-Anc 2D,72,3.2634272726046643,2.1046770151069167,1.7098935035982628,75,0,0,0,0.9999495171271298,1,IHDP,6.499617548266605,7.009274590804766,34.6,/scratch/furkanbd/rc_nll2d/graph2d/IHDP/IHDP_r072.npz
UWYK No-Anc 2D,73,3.4092381408232058,2.242811981376029,1.6968501672478982,75,0,0,0,0.9999733773242077,2,IHDP,4.09640534138945,6.95765665241336,34.7,/scratch/furkanbd/rc_nll2d/graph2d/IHDP/IHDP_r073.npz
UWYK No-Anc 2D,74,3.0856291419557826,2.175419066393479,1.569835576159887,75,0,0,0,0.9999424713340012,0,IHDP,3.5252358161446598,6.44554588065982,34.5,/scratch/furkanbd/rc_nll2d/graph2d/IHDP/IHDP_r074.npz
UWYK No-Anc 2D,75,5.114288601614567,2.996629623464397,2.7569826973574294,75,0,0,0,0.999993914824548,0,IHDP,24.556297415837136,20.840164008285967,34.4,/scratch/furkanbd/rc_nll2d/graph2d/IHDP/IHDP_r075.npz
UWYK No-Anc 2D,76,3.1580134641708373,2.1892314359727036,1.686702460923272,75,0,0,0,0.9999728169439597,2,IHDP,5.987802873892461,7.41416729317106,33.7,/scratch/furkanbd/rc_nll2d/graph2d/IHDP/IHDP_r076.npz
UWYK No-Anc 2D,77,2.9797474019124714,1.9954950407214835,1.5155710547200774,75,0,0,0,0.999934070459297,0,IHDP,4.776806587745986,6.798303573332015,34.1,/scratch/furkanbd/rc_nll2d/graph2d/IHDP/IHDP_r077.npz
UWYK No-Anc 2D,78,3.163053776670235,2.0640237935058274,1.590509604524966,75,0,0,0,0.9999497131631182,0,IHDP,5.0004745759025795,7.27699157408936,34.6,/scratch/furkanbd/rc_nll2d/graph2d/IHDP/IHDP_r078.npz
UWYK No-Anc 2D,79,3.2757470608550654,2.0556911236132422,1.6453563373752391,75,0,0,0,0.9999138477029278,0,IHDP,4.14937633444389,6.743396949618861,34.8,/scratch/furkanbd/rc_nll2d/graph2d/IHDP/IHDP_r079.npz
UWYK No-Anc 2D,80,7.138829454695503,4.195451652240419,3.915881535762792,75,0,0,0,0.9999727322595355,0,IHDP,82.33063972200077,79.29189795720723,34.4,/scratch/furkanbd/rc_nll2d/graph2d/IHDP/IHDP_r080.npz
UWYK No-Anc 2D,81,5.263102586064401,3.2409066786703415,3.0238223297787163,75,0,0,0,0.9999657703562609,0,IHDP,42.003516353514804,39.2584911343093,37.4,/scratch/furkanbd/rc_nll2d/graph2d/IHDP/IHDP_r081.npz
UWYK No-Anc 2D,82,4.26698246148182,2.714499893339148,2.433211723683046,75,0,0,0,0.9999818679888973,0,IHDP,19.058329974842035,14.677186141152465,35.6,/scratch/furkanbd/rc_nll2d/graph2d/IHDP/IHDP_r082.npz
UWYK No-Anc 2D,83,5.717195500260819,3.397131230489441,3.2478920741024218,75,0,0,0,0.9999791484146158,0,IHDP,55.033911704857644,53.950941792007356,36.2,/scratch/furkanbd/rc_nll2d/graph2d/IHDP/IHDP_r083.npz
UWYK No-Anc 2D,84,6.50744420614621,3.805165957322694,3.4895340495583973,75,0,0,0,0.9977530911232387,0,IHDP,58.57801027401966,55.50767411990434,36.1,/scratch/furkanbd/rc_nll2d/graph2d/IHDP/IHDP_r084.npz
UWYK No-Anc 2D,85,6.618066128882003,4.0679058892204045,3.825506744463972,75,0,0,0,0.9999933068371137,1,IHDP,53.4260240898451,51.398957004163904,35.7,/scratch/furkanbd/rc_nll2d/graph2d/IHDP/IHDP_r085.npz
UWYK No-Anc 2D,86,3.7364891702741376,2.3815888578613227,1.939723809696328,75,0,0,0,0.9999601003386481,0,IHDP,11.00597321726109,13.14010137951221,35.9,/scratch/furkanbd/rc_nll2d/graph2d/IHDP/IHDP_r086.npz
UWYK No-Anc 2D,87,3.318919338952004,2.1186059182571597,1.7487405292933729,75,0,0,0,0.9999542493753846,3,IHDP,3.226446476197262,6.565105537043548,34.2,/scratch/furkanbd/rc_nll2d/graph2d/IHDP/IHDP_r087.npz
UWYK No-Anc 2D,88,3.8334856204103964,2.3256432913755485,2.0753766761356367,75,0,0,0,0.9999887115194472,0,IHDP,7.918391764904252,9.98633100458805,33.9,/scratch/furkanbd/rc_nll2d/graph2d/IHDP/IHDP_r088.npz
UWYK No-Anc 2D,89,3.7134209829424285,2.224697764754791,1.9308379971699121,75,0,0,0,0.9999665489594131,0,IHDP,9.680509236277825,8.473529409097974,34.1,/scratch/furkanbd/rc_nll2d/graph2d/IHDP/IHDP_r089.npz
UWYK No-Anc 2D,90,3.2021850274939667,2.0760469933191423,1.6652700422201057,75,0,0,0,0.9999768663856494,1,IHDP,3.7647194372736985,7.186122981355733,34.7,/scratch/furkanbd/rc_nll2d/graph2d/IHDP/IHDP_r090.npz
UWYK No-Anc 2D,91,3.882292445367252,2.3472652571069412,2.193569317291928,75,0,0,0,0.9999915198601957,0,IHDP,9.85543474128624,11.55303955239596,33.8,/scratch/furkanbd/rc_nll2d/graph2d/IHDP/IHDP_r091.npz
UWYK No-Anc 2D,92,6.370753075972652,3.5937175169415156,3.434345237077883,75,0,0,0,0.9999757358785363,0,IHDP,41.40982964435481,40.14425098096209,33.6,/scratch/furkanbd/rc_nll2d/graph2d/IHDP/IHDP_r092.npz
UWYK No-Anc 2D,93,3.4703730533845936,2.198343623634364,1.7865573223850386,75,0,0,0,0.9999528595537096,0,IHDP,6.535639692021725,7.9499300327058755,33.5,/scratch/furkanbd/rc_nll2d/graph2d/IHDP/IHDP_r093.npz
UWYK No-Anc 2D,94,3.353560795122273,2.2119575769610913,1.8243739598676547,75,0,0,0,0.9999767419157805,1,IHDP,9.741897553193485,9.126418936734414,34.6,/scratch/furkanbd/rc_nll2d/graph2d/IHDP/IHDP_r094.npz
UWYK No-Anc 2D,95,4.01541097032383,2.2163328037765093,1.8085035933397278,75,0,0,0,0.9999755309124152,0,IHDP,11.704108385494246,11.533879036432856,35.9,/scratch/furkanbd/rc_nll2d/graph2d/IHDP/IHDP_r095.npz
UWYK No-Anc 2D,96,3.3839406332254063,2.092111762841049,1.7446388624464033,75,0,0,0,0.999964791324448,0,IHDP,7.445314870891185,9.652941216442315,33.6,/scratch/furkanbd/rc_nll2d/graph2d/IHDP/IHDP_r096.npz
UWYK No-Anc 2D,97,6.079023852619522,3.5777188001638427,3.3370949647319685,75,0,0,0,0.9999557260266422,2,IHDP,46.079494616513465,47.26036180047803,36.9,/scratch/furkanbd/rc_nll2d/graph2d/IHDP/IHDP_r097.npz
UWYK No-Anc 2D,98,4.088796898310464,2.5358828370165902,2.346963965183717,75,0,0,0,0.9999915798802579,0,IHDP,12.691120810399696,12.125094443824505,34.0,/scratch/furkanbd/rc_nll2d/graph2d/IHDP/IHDP_r098.npz
UWYK No-Anc 2D,99,3.927660752964288,2.5556286188125044,2.0565443541251924,75,0,0,0,0.9999789421608086,0,IHDP,13.161162124860224,11.954182297680374,35.2,/scratch/furkanbd/rc_nll2d/graph2d/IHDP/IHDP_r099.npz
UWYK Anc,0,2.8654235292324555,2.1596159029664714,1.9448571966504562,75,0,0,0,0.9997696570648819,2,IHDP,4.482928345768412,7.558475046363377,47.4,/scratch/furkanbd/rc_dens_uni/uwyk1d/IHDP/IHDP_r000.npz
UWYK Anc,1,2.4866981325738737,1.936955748122698,1.6708486689771884,75,0,0,0,0.9999538634866314,23,IHDP,5.6876408479371,7.1476945138904,34.4,/scratch/furkanbd/rc_dens_uni/uwyk1d/IHDP/IHDP_r001.npz
UWYK Anc,2,3.103820393493419,2.375664841562968,2.040418789385008,75,0,0,0,0.9999347774732268,3,IHDP,5.982596608156835,8.910845891520264,41.7,/scratch/furkanbd/rc_dens_uni/uwyk1d/IHDP/IHDP_r002.npz
UWYK Anc,3,3.548951510787913,2.4241582452544566,2.1717384927704084,75,0,0,0,0.9995956151630214,2,IHDP,10.202826892337319,9.42862234707078,46.2,/scratch/furkanbd/rc_dens_uni/uwyk1d/IHDP/IHDP_r003.npz
UWYK Anc,4,3.680102172006648,2.5447594409451924,2.2843402325995315,75,0,0,0,0.9999603316171246,7,IHDP,9.22287965410382,10.015755672831581,42.0,/scratch/furkanbd/rc_dens_uni/uwyk1d/IHDP/IHDP_r004.npz
UWYK Anc,5,2.529511661407636,2.0377704415459763,1.7322197395787975,75,0,0,0,0.9999468974368857,33,IHDP,4.192778346699971,7.374118047268539,33.6,/scratch/furkanbd/rc_dens_uni/uwyk1d/IHDP/IHDP_r005.npz
UWYK Anc,6,2.351400972919786,1.9788293982134424,1.6241016302639892,75,0,0,0,0.9999057945074763,24,IHDP,3.5874437662357526,6.979083563190846,37.8,/scratch/furkanbd/rc_dens_uni/uwyk1d/IHDP/IHDP_r006.npz
UWYK Anc,7,3.2949692230626537,2.3539350543106625,2.0324018496900877,75,0,0,0,0.9999304020555859,1,IHDP,7.197609165578344,9.915962872620254,42.5,/scratch/furkanbd/rc_dens_uni/uwyk1d/IHDP/IHDP_r007.npz
UWYK Anc,8,7.246239794624601,4.43915072361125,3.8498786948309274,75,0,0,0,0.9996962004776064,69,IHDP,131.94356029093427,127.8054783525917,48.0,/scratch/furkanbd/rc_dens_uni/uwyk1d/IHDP/IHDP_r008.npz
UWYK Anc,9,5.496565819566469,3.6989957731795093,3.2168420870019747,75,0,0,0,0.9969801696145297,48,IHDP,28.810266595793877,25.791203785768523,41.7,/scratch/furkanbd/rc_dens_uni/uwyk1d/IHDP/IHDP_r009.npz
UWYK Anc,10,3.4789792178444934,2.37165774877237,2.23692609373536,75,0,0,0,0.9980185455399435,48,IHDP,5.77798863149796,9.230367231030339,43.3,/scratch/furkanbd/rc_dens_uni/uwyk1d/IHDP/IHDP_r010.npz
UWYK Anc,11,4.332652553390934,2.843993596951235,2.5952402928328038,75,0,0,0,0.9991925528710893,45,IHDP,11.64006768626314,13.58580476609896,40.7,/scratch/furkanbd/rc_dens_uni/uwyk1d/IHDP/IHDP_r011.npz
UWYK Anc,12,8.309116762081317,4.8899998953807575,4.209355189335229,75,0,0,0,0.996018097738365,63,IHDP,101.73665271474326,91.71426107613775,44.6,/scratch/furkanbd/rc_dens_uni/uwyk1d/IHDP/IHDP_r012.npz
UWYK Anc,13,2.55468333761482,2.000594195362491,1.6602480118176466,75,0,0,0,0.9999320215304992,25,IHDP,4.236555926512995,6.921237478144855,35.3,/scratch/furkanbd/rc_dens_uni/uwyk1d/IHDP/IHDP_r013.npz
UWYK Anc,14,3.4542646047710974,2.3159817978890977,2.119994318500837,75,0,0,0,0.9987466482898443,66,IHDP,7.40356767156333,9.93795165166367,41.4,/scratch/furkanbd/rc_dens_uni/uwyk1d/IHDP/IHDP_r014.npz
UWYK Anc,15,2.599356287078518,1.9922110680558964,1.766384664445456,75,0,0,0,0.9998779738178625,64,IHDP,6.325261365396756,8.500444775492145,39.5,/scratch/furkanbd/rc_dens_uni/uwyk1d/IHDP/IHDP_r015.npz
UWYK Anc,16,4.545041937677416,2.8380022184041898,2.6188838265670156,75,0,0,0,0.9976902893317192,66,IHDP,11.04031948402785,13.72999525903265,40.4,/scratch/furkanbd/rc_dens_uni/uwyk1d/IHDP/IHDP_r016.npz
UWYK Anc,17,3.7729036326302148,2.51609029270559,2.2369002842028407,75,0,0,0,0.9994648647074579,26,IHDP,11.089708246895265,13.280817533699635,45.6,/scratch/furkanbd/rc_dens_uni/uwyk1d/IHDP/IHDP_r017.npz
UWYK Anc,18,4.087829686728947,2.739605994233055,2.3655806923235896,75,0,0,0,0.9987801661541391,38,IHDP,9.506368286423426,13.020077793907573,43.4,/scratch/furkanbd/rc_dens_uni/uwyk1d/IHDP/IHDP_r018.npz
UWYK Anc,19,3.1906020214330137,2.3094927843400357,1.9918894416032018,75,0,0,0,0.9999454416009093,6,IHDP,6.06352880310614,8.89049584934196,35.2,/scratch/furkanbd/rc_dens_uni/uwyk1d/IHDP/IHDP_r019.npz
UWYK Anc,20,5.29220700774472,3.2750439808209255,3.0190511816526207,75,0,0,0,0.9914517614054723,62,IHDP,21.99868395171069,21.05087298430901,41.1,/scratch/furkanbd/rc_dens_uni/uwyk1d/IHDP/IHDP_r020.npz
UWYK Anc,21,3.1860975894382335,2.3216118614587398,2.166927410683892,75,0,0,0,0.9999084653119498,2,IHDP,5.4432128741992,8.15850781068051,49.3,/scratch/furkanbd/rc_dens_uni/uwyk1d/IHDP/IHDP_r021.npz
UWYK Anc,22,4.022541036022698,2.6342022782215126,2.374145995280064,75,0,0,0,0.9981473921440714,45,IHDP,8.392273971576008,10.36860961280099,44.0,/scratch/furkanbd/rc_dens_uni/uwyk1d/IHDP/IHDP_r022.npz
UWYK Anc,23,4.870757946336355,3.121046800665221,2.5691344639301055,75,0,0,0,0.9999246483380282,62,IHDP,23.11250486267872,23.42620249366618,38.5,/scratch/furkanbd/rc_dens_uni/uwyk1d/IHDP/IHDP_r023.npz
UWYK Anc,24,3.941058531927111,2.659287195767931,2.4050114322769325,75,0,0,0,0.9999357393671345,63,IHDP,15.483072675528668,17.958893409671028,46.8,/scratch/furkanbd/rc_dens_uni/uwyk1d/IHDP/IHDP_r024.npz
UWYK Anc,25,6.639462503759776,3.9329934541935736,3.3764245167241995,75,0,0,0,0.9952699672451928,56,IHDP,39.623725308854254,35.62870207221385,40.3,/scratch/furkanbd/rc_dens_uni/uwyk1d/IHDP/IHDP_r025.npz
UWYK Anc,26,3.1038920749360677,2.2805692299397218,2.0135734450521294,75,0,0,0,0.9999564708360087,3,IHDP,7.28121351335893,8.91180565023697,47.5,/scratch/furkanbd/rc_dens_uni/uwyk1d/IHDP/IHDP_r026.npz
UWYK Anc,27,8.296391798374655,4.961730242263268,4.227426824192181,75,0,0,0,0.9999345141100385,63,IHDP,174.31892360517375,171.23128232682225,44.7,/scratch/furkanbd/rc_dens_uni/uwyk1d/IHDP/IHDP_r027.npz
UWYK Anc,28,3.5688831376265733,2.4979878266096414,2.269782403955559,75,0,0,0,0.999884253855388,42,IHDP,9.12577496147626,11.01267170486414,42.4,/scratch/furkanbd/rc_dens_uni/uwyk1d/IHDP/IHDP_r028.npz
UWYK Anc,29,4.0489085213766405,2.6633022476568637,2.4402720745821407,75,0,0,0,0.9958048674403468,45,IHDP,7.5389127395491204,9.81401580180618,45.6,/scratch/furkanbd/rc_dens_uni/uwyk1d/IHDP/IHDP_r029.npz
UWYK Anc,30,4.119649654115173,2.67162795302566,2.3280855851207845,75,0,0,0,0.9994701434719666,24,IHDP,11.704849626708262,14.755789855739737,46.1,/scratch/furkanbd/rc_dens_uni/uwyk1d/IHDP/IHDP_r030.npz
UWYK Anc,31,2.655886938727318,2.0232898338821586,1.5927358244526615,75,0,0,0,0.9999652142396107,46,IHDP,5.38835681722081,7.162815888728339,35.9,/scratch/furkanbd/rc_dens_uni/uwyk1d/IHDP/IHDP_r031.npz
UWYK Anc,32,4.003177871579654,2.7731529162336526,2.583296991955152,75,0,0,0,0.9999526850499557,34,IHDP,10.670161371808721,13.63375115087048,41.9,/scratch/furkanbd/rc_dens_uni/uwyk1d/IHDP/IHDP_r032.npz
UWYK Anc,33,7.810545539725754,4.7797607394312,4.092313510912039,75,0,0,0,0.9997605099600286,67,IHDP,122.07897632363135,118.58298181465766,38.8,/scratch/furkanbd/rc_dens_uni/uwyk1d/IHDP/IHDP_r033.npz
UWYK Anc,34,4.960445512727028,3.0799838545812106,2.702782861956326,75,0,0,0,0.999823280708952,25,IHDP,19.699934860731368,18.94924827196293,43.9,/scratch/furkanbd/rc_dens_uni/uwyk1d/IHDP/IHDP_r034.npz
UWYK Anc,35,4.678373469146536,3.226507093534374,2.900822410304271,75,0,0,0,0.9997819789683214,17,IHDP,20.29193902335215,16.54522734072475,42.7,/scratch/furkanbd/rc_dens_uni/uwyk1d/IHDP/IHDP_r035.npz
UWYK Anc,36,5.346308133874376,3.3767308193571237,2.9221843645258243,75,0,0,0,0.9993471107709884,64,IHDP,38.801805945215854,31.79025013081945,38.6,/scratch/furkanbd/rc_dens_uni/uwyk1d/IHDP/IHDP_r036.npz
UWYK Anc,37,3.8014322228011186,2.4759427901951945,2.2058764465428196,75,0,0,0,0.9986428324979933,37,IHDP,8.095747679215794,10.579981766873804,45.0,/scratch/furkanbd/rc_dens_uni/uwyk1d/IHDP/IHDP_r037.npz
UWYK Anc,38,5.497815450083488,3.5421406262660637,3.2531673248107373,75,0,0,0,0.9991423964161499,67,IHDP,35.26156302873045,31.44767559417724,43.3,/scratch/furkanbd/rc_dens_uni/uwyk1d/IHDP/IHDP_r038.npz
UWYK Anc,39,4.489330804417938,2.991993275596671,2.689507179099303,75,0,0,0,0.9988645753635357,59,IHDP,11.79466633048628,14.09516407992382,41.6,/scratch/furkanbd/rc_dens_uni/uwyk1d/IHDP/IHDP_r039.npz
UWYK Anc,40,3.331877586227138,2.229558943275918,2.008596899317031,75,0,0,0,0.9999514356018737,2,IHDP,5.360365283486381,8.463802661021049,37.9,/scratch/furkanbd/rc_dens_uni/uwyk1d/IHDP/IHDP_r040.npz
UWYK Anc,41,2.4649355344279638,1.8956736848469533,1.5656084810268096,75,0,0,0,0.9999753258003077,49,IHDP,4.35874892371311,7.08370671468888,32.5,/scratch/furkanbd/rc_dens_uni/uwyk1d/IHDP/IHDP_r041.npz
UWYK Anc,42,3.2463372916590267,2.298261012788022,2.1466216237510545,75,0,0,0,0.9998057807401238,6,IHDP,6.06264006845047,8.23014851156033,48.7,/scratch/furkanbd/rc_dens_uni/uwyk1d/IHDP/IHDP_r042.npz
UWYK Anc,43,3.2744918701838053,2.3267169302414534,2.098771383829697,75,0,0,0,0.9999577387198886,2,IHDP,12.549233432868444,10.336046840870956,43.5,/scratch/furkanbd/rc_dens_uni/uwyk1d/IHDP/IHDP_r043.npz
UWYK Anc,44,4.4466019339572425,2.9175498417578605,2.5074883115495528,75,0,0,0,0.999158724409613,67,IHDP,17.09187056856628,13.95923357510702,39.0,/scratch/furkanbd/rc_dens_uni/uwyk1d/IHDP/IHDP_r044.npz
UWYK Anc,45,4.27486231912045,2.8419445098501064,2.6426902364154516,75,0,0,0,0.9987883276360205,18,IHDP,12.409748200494139,11.65378452783606,41.1,/scratch/furkanbd/rc_dens_uni/uwyk1d/IHDP/IHDP_r045.npz
UWYK Anc,46,4.790137678300049,3.2951481478247784,2.797676761063159,75,0,0,0,0.9992596887578479,39,IHDP,20.071544824178844,20.042175266613754,44.1,/scratch/furkanbd/rc_dens_uni/uwyk1d/IHDP/IHDP_r046.npz
UWYK Anc,47,3.0706352561270522,2.3860531296162706,2.041030077249568,75,0,0,0,0.9999449583205677,2,IHDP,7.44049180154102,8.03946018451918,44.7,/scratch/furkanbd/rc_dens_uni/uwyk1d/IHDP/IHDP_r047.npz
UWYK Anc,48,4.003145951856626,2.8194048768404976,2.5353020420886248,75,0,0,0,0.9999633461111064,1,IHDP,19.3861978441449,13.084172560076798,39.7,/scratch/furkanbd/rc_dens_uni/uwyk1d/IHDP/IHDP_r048.npz
UWYK Anc,49,3.4569514646134,2.466028209383189,2.1100241936092368,75,0,0,0,0.999840744087875,51,IHDP,8.803189593074723,11.937175693287077,40.5,/scratch/furkanbd/rc_dens_uni/uwyk1d/IHDP/IHDP_r049.npz
UWYK Anc,50,3.4491689822225884,2.433408569299773,2.2039709013378106,75,0,0,0,0.9999126845642253,7,IHDP,7.719710035901746,8.620972195596156,40.4,/scratch/furkanbd/rc_dens_uni/uwyk1d/IHDP/IHDP_r050.npz
UWYK Anc,51,4.409690641735612,2.926435350639813,2.654491493491668,75,0,0,0,0.9994720929815859,7,IHDP,14.12036870554089,12.94510549324401,47.8,/scratch/furkanbd/rc_dens_uni/uwyk1d/IHDP/IHDP_r051.npz
UWYK Anc,52,6.220821679296032,3.844463600028969,3.4591331739426945,75,0,0,0,0.9955686577897946,64,IHDP,32.96891211678445,33.660720868999945,40.5,/scratch/furkanbd/rc_dens_uni/uwyk1d/IHDP/IHDP_r052.npz
UWYK Anc,53,5.038827921445783,3.17413326048298,2.77429754377922,75,0,0,0,0.9974603320437715,68,IHDP,19.651072186906358,21.12457314116514,41.9,/scratch/furkanbd/rc_dens_uni/uwyk1d/IHDP/IHDP_r053.npz
UWYK Anc,54,3.031285020841281,2.2605920050022057,1.9561658314931476,75,0,0,0,0.9998701902736578,3,IHDP,5.308063286901589,8.327706650812901,49.2,/scratch/furkanbd/rc_dens_uni/uwyk1d/IHDP/IHDP_r054.npz
UWYK Anc,55,2.0904728485298554,1.8762879801043482,1.3973728489844721,75,0,0,0,0.9999770351698406,75,IHDP,3.3933156550404515,6.875880003072828,35.2,/scratch/furkanbd/rc_dens_uni/uwyk1d/IHDP/IHDP_r055.npz
UWYK Anc,56,2.8425042306664876,2.161640531081144,1.9896526446252063,75,0,0,0,0.999940715335284,7,IHDP,4.503180714572345,7.3022984309265855,40.1,/scratch/furkanbd/rc_dens_uni/uwyk1d/IHDP/IHDP_r056.npz
UWYK Anc,57,4.012356381556503,2.7163538337833186,2.4701118884650346,75,0,0,0,0.999953903823171,1,IHDP,13.286879789490154,12.007387088345045,43.4,/scratch/furkanbd/rc_dens_uni/uwyk1d/IHDP/IHDP_r057.npz
UWYK Anc,58,2.9146271371980017,2.065124087627356,1.8258978305664504,75,0,0,0,0.9998581268081688,18,IHDP,5.056788249372825,7.847965424488025,41.8,/scratch/furkanbd/rc_dens_uni/uwyk1d/IHDP/IHDP_r058.npz
UWYK Anc,59,5.875249635727112,3.5534056209266085,3.086360375417528,75,0,0,0,0.9947498525971107,69,IHDP,36.42025216495997,31.778512424023326,44.7,/scratch/furkanbd/rc_dens_uni/uwyk1d/IHDP/IHDP_r059.npz
UWYK Anc,60,2.6816471810647364,1.9389566037726105,1.696120348300302,75,0,0,0,0.9999632392530664,34,IHDP,4.79989993692065,7.2664012279817,33.1,/scratch/furkanbd/rc_dens_uni/uwyk1d/IHDP/IHDP_r060.npz
UWYK Anc,61,3.670284187446868,2.4732377908424623,2.2172787636722706,75,0,0,0,0.9996825050019723,32,IHDP,6.170015388205205,8.798789767161795,43.4,/scratch/furkanbd/rc_dens_uni/uwyk1d/IHDP/IHDP_r061.npz
UWYK Anc,62,3.8386141450960682,2.631286622659811,2.1805229148692167,75,0,0,0,0.9996811659116165,58,IHDP,9.981283229287449,13.094174990384051,41.3,/scratch/furkanbd/rc_dens_uni/uwyk1d/IHDP/IHDP_r062.npz
UWYK Anc,63,3.738089809375392,2.416227903337504,2.173600357099336,75,0,0,0,0.997264164941647,56,IHDP,12.544210806511314,14.027191398000484,49.3,/scratch/furkanbd/rc_dens_uni/uwyk1d/IHDP/IHDP_r063.npz
UWYK Anc,64,4.386466050142796,2.9005684574612736,2.564456033852734,75,0,0,0,0.9998610097294913,39,IHDP,19.108927345057275,21.143731234158523,43.2,/scratch/furkanbd/rc_dens_uni/uwyk1d/IHDP/IHDP_r064.npz
UWYK Anc,65,3.5466092219023606,2.37971963488127,2.02583383714705,75,0,0,0,0.9999286823342933,0,IHDP,8.272735805167144,10.924239119903056,47.8,/scratch/furkanbd/rc_dens_uni/uwyk1d/IHDP/IHDP_r065.npz
UWYK Anc,66,2.57475186441985,1.9615260238952135,1.775238948507836,75,0,0,0,0.9999547161290164,12,IHDP,4.838796769870725,7.165216829075695,40.1,/scratch/furkanbd/rc_dens_uni/uwyk1d/IHDP/IHDP_r066.npz
UWYK Anc,67,7.161208996621298,4.417048836713548,3.826087794247534,75,0,0,0,0.9973809127707933,58,IHDP,69.24911633643855,57.820479453751446,40.5,/scratch/furkanbd/rc_dens_uni/uwyk1d/IHDP/IHDP_r067.npz
UWYK Anc,68,2.6150600422823733,2.0572522888844493,1.7355636284301694,75,0,0,0,0.999936352773,11,IHDP,6.032324166028565,7.9192209094164445,40.2,/scratch/furkanbd/rc_dens_uni/uwyk1d/IHDP/IHDP_r068.npz
UWYK Anc,69,2.4003249452864304,1.7985549245344203,1.4398490877736891,75,0,0,0,0.9999853128292822,72,IHDP,3.526127153290335,6.526127153290335,31.5,/scratch/furkanbd/rc_dens_uni/uwyk1d/IHDP/IHDP_r069.npz
UWYK Anc,70,5.197755584850668,3.303952950024246,2.9896158679540776,75,0,0,0,0.9852176346084335,71,IHDP,18.592754390832035,20.482038062537065,41.0,/scratch/furkanbd/rc_dens_uni/uwyk1d/IHDP/IHDP_r070.npz
UWYK Anc,71,2.7167175896243902,1.886116947581127,1.6190199033323784,75,0,0,0,0.9999365358700038,11,IHDP,3.194182893793416,6.497668780134154,37.2,/scratch/furkanbd/rc_dens_uni/uwyk1d/IHDP/IHDP_r071.npz
UWYK Anc,72,2.8529180476496885,2.0221791439957353,1.8387566603240886,75,0,0,0,0.9999133733298279,3,IHDP,6.499617548266605,7.009274590804766,37.0,/scratch/furkanbd/rc_dens_uni/uwyk1d/IHDP/IHDP_r072.npz
UWYK Anc,73,2.5564649365792547,2.074349781547217,1.6684574845091187,75,0,0,0,0.9999750114149509,13,IHDP,4.09640534138945,6.95765665241336,38.7,/scratch/furkanbd/rc_dens_uni/uwyk1d/IHDP/IHDP_r073.npz
UWYK Anc,74,2.330077327338911,1.9942055654936401,1.5192892114387762,75,0,0,0,0.9999688720651965,58,IHDP,3.5252358161446598,6.44554588065982,35.2,/scratch/furkanbd/rc_dens_uni/uwyk1d/IHDP/IHDP_r074.npz
UWYK Anc,75,5.371764166027106,3.2870962885958863,2.8833137968986855,75,0,0,0,0.9949602006982539,74,IHDP,24.556297415837136,20.840164008285967,44.8,/scratch/furkanbd/rc_dens_uni/uwyk1d/IHDP/IHDP_r075.npz
UWYK Anc,76,2.678921952900629,2.110802159236969,1.7294659041545708,75,0,0,0,0.9999596207243056,25,IHDP,5.987802873892461,7.41416729317106,37.7,/scratch/furkanbd/rc_dens_uni/uwyk1d/IHDP/IHDP_r076.npz
UWYK Anc,77,2.2617487648555397,1.835270085982974,1.4279872907836486,75,0,0,0,0.9999758609175728,73,IHDP,4.776806587745986,6.798303573332015,32.9,/scratch/furkanbd/rc_dens_uni/uwyk1d/IHDP/IHDP_r077.npz
UWYK Anc,78,2.7479669444612354,2.1208386024103416,1.817591129776705,75,0,0,0,0.9999443868279204,17,IHDP,5.0004745759025795,7.27699157408936,39.5,/scratch/furkanbd/rc_dens_uni/uwyk1d/IHDP/IHDP_r078.npz
UWYK Anc,79,2.269552925274854,1.8887192394234085,1.4776523644872235,75,0,0,0,0.9999975645463464,71,IHDP,4.14937633444389,6.743396949618861,31.6,/scratch/furkanbd/rc_dens_uni/uwyk1d/IHDP/IHDP_r079.npz
UWYK Anc,80,7.197480520355333,4.505527551136242,3.9005410185938927,75,0,0,0,0.9987578092928506,67,IHDP,82.33063972200077,79.29189795720723,41.5,/scratch/furkanbd/rc_dens_uni/uwyk1d/IHDP/IHDP_r080.npz
UWYK Anc,81,5.405155712582209,3.4581152756574354,2.989791182426103,75,0,0,0,0.9941656051740165,68,IHDP,42.003516353514804,39.2584911343093,47.3,/scratch/furkanbd/rc_dens_uni/uwyk1d/IHDP/IHDP_r081.npz
UWYK Anc,82,4.280724985170539,2.9167700653139415,2.586852896096596,75,0,0,0,0.999974360477109,14,IHDP,19.058329974842035,14.677186141152465,42.7,/scratch/furkanbd/rc_dens_uni/uwyk1d/IHDP/IHDP_r082.npz
UWYK Anc,83,6.104873572743634,3.7401607379865185,3.0423693953298545,75,0,0,0,0.9955218739044516,72,IHDP,55.033911704857644,53.950941792007356,46.7,/scratch/furkanbd/rc_dens_uni/uwyk1d/IHDP/IHDP_r083.npz
UWYK Anc,84,6.639536953735412,4.077039347983875,3.5093288256528927,75,0,0,0,0.9840335497506946,73,IHDP,58.57801027401966,55.50767411990434,53.5,/scratch/furkanbd/rc_dens_uni/uwyk1d/IHDP/IHDP_r084.npz
UWYK Anc,85,6.99631747302595,4.338784518908095,3.571083804316258,75,0,0,0,0.9991207613958343,33,IHDP,53.4260240898451,51.398957004163904,41.6,/scratch/furkanbd/rc_dens_uni/uwyk1d/IHDP/IHDP_r085.npz
UWYK Anc,86,3.686733351888283,2.605047042018062,2.3641300174575175,75,0,0,0,0.9999448716596315,21,IHDP,11.00597321726109,13.14010137951221,46.3,/scratch/furkanbd/rc_dens_uni/uwyk1d/IHDP/IHDP_r086.npz
UWYK Anc,87,2.4862015184176003,1.8880034215929997,1.4756266856136855,75,0,0,0,0.9999512050827721,55,IHDP,3.226446476197262,6.565105537043548,32.8,/scratch/furkanbd/rc_dens_uni/uwyk1d/IHDP/IHDP_r087.npz
UWYK Anc,88,3.9363047344212556,2.722457628755321,2.383515075104392,75,0,0,0,0.9985763081640167,34,IHDP,7.918391764904252,9.98633100458805,43.1,/scratch/furkanbd/rc_dens_uni/uwyk1d/IHDP/IHDP_r088.npz
UWYK Anc,89,3.3055058327333775,2.2719629689352336,2.1247510991262413,75,0,0,0,0.999935451878992,1,IHDP,9.680509236277825,8.473529409097974,38.8,/scratch/furkanbd/rc_dens_uni/uwyk1d/IHDP/IHDP_r089.npz
UWYK Anc,90,2.552974305412087,1.975884268417124,1.7118108885763377,75,0,0,0,0.9999665679813128,12,IHDP,3.7647194372736985,7.186122981355733,39.0,/scratch/furkanbd/rc_dens_uni/uwyk1d/IHDP/IHDP_r090.npz
UWYK Anc,91,3.9820779355421987,2.6648067034171716,2.403952025532968,75,0,0,0,0.9990990805384702,30,IHDP,9.85543474128624,11.55303955239596,40.8,/scratch/furkanbd/rc_dens_uni/uwyk1d/IHDP/IHDP_r091.npz
UWYK Anc,92,6.797816523595552,4.163103635415603,3.5617414638179152,75,0,0,0,0.9931366912698485,71,IHDP,41.40982964435481,40.14425098096209,39.7,/scratch/furkanbd/rc_dens_uni/uwyk1d/IHDP/IHDP_r092.npz
UWYK Anc,93,2.685731915790406,2.09910567607283,1.7358405532820433,75,0,0,0,0.9999509670749769,37,IHDP,6.535639692021725,7.9499300327058755,29.3,/scratch/furkanbd/rc_dens_uni/uwyk1d/IHDP/IHDP_r093.npz
UWYK Anc,94,3.247612132050963,2.320949628269751,2.0554894198626315,75,0,0,0,0.9999577721318861,8,IHDP,9.741897553193485,9.126418936734414,37.9,/scratch/furkanbd/rc_dens_uni/uwyk1d/IHDP/IHDP_r094.npz
UWYK Anc,95,3.8753829558604167,2.4825171327087077,2.113589368673246,75,0,0,0,0.9999122786506237,16,IHDP,11.704108385494246,11.533879036432856,41.4,/scratch/furkanbd/rc_dens_uni/uwyk1d/IHDP/IHDP_r095.npz
UWYK Anc,96,3.6960187261811073,2.450788277614491,2.247243426510324,75,0,0,0,0.9995101133748937,1,IHDP,7.445314870891185,9.652941216442315,38.2,/scratch/furkanbd/rc_dens_uni/uwyk1d/IHDP/IHDP_r096.npz
UWYK Anc,97,5.93691584398622,3.7825012196849626,3.19634175100317,75,0,0,0,0.9994093908626002,55,IHDP,46.079494616513465,47.26036180047803,33.5,/scratch/furkanbd/rc_dens_uni/uwyk1d/IHDP/IHDP_r097.npz
UWYK Anc,98,4.219685356913411,2.766020530861151,2.472143321095733,75,0,0,0,0.9981212947399705,40,IHDP,12.691120810399696,12.125094443824505,34.4,/scratch/furkanbd/rc_dens_uni/uwyk1d/IHDP/IHDP_r098.npz
UWYK Anc,99,3.558263473874675,2.623091727182272,2.235913168860879,75,0,0,0,0.9999546874936054,13,IHDP,13.161162124860224,11.954182297680374,35.1,/scratch/furkanbd/rc_dens_uni/uwyk1d/IHDP/IHDP_r099.npz
UWYK Anc 2D,0,2.944623520192275,1.9881376802653328,1.4299131484878025,75,0,0,0,0.9999681843582865,1,IHDP,4.482928345768412,7.558475046363377,35.8,/scratch/furkanbd/rc_nll2d/graph2d/IHDP/IHDP_r000.npz
UWYK Anc 2D,1,2.92263805479243,1.9929979864829965,1.508935298033791,75,0,0,0,0.9999592978599383,0,IHDP,5.6876408479371,7.1476945138904,34.6,/scratch/furkanbd/rc_nll2d/graph2d/IHDP/IHDP_r001.npz
UWYK Anc 2D,2,3.2055120823408165,2.121649583606037,1.3533597662550698,75,0,0,0,0.9998812243189111,6,IHDP,5.982596608156835,8.910845891520264,37.3,/scratch/furkanbd/rc_nll2d/graph2d/IHDP/IHDP_r002.npz
UWYK Anc 2D,3,3.6933531595078275,2.3291249041151785,1.6440454600463337,75,0,0,0,0.9999829641557221,0,IHDP,10.202826892337319,9.42862234707078,34.8,/scratch/furkanbd/rc_nll2d/graph2d/IHDP/IHDP_r003.npz
UWYK Anc 2D,4,3.7094382329082523,2.3811790389949077,1.9083501676382821,75,0,0,0,0.9999776855614239,1,IHDP,9.22287965410382,10.015755672831581,34.9,/scratch/furkanbd/rc_nll2d/graph2d/IHDP/IHDP_r004.npz
UWYK Anc 2D,5,2.724330365985179,1.9445657589960395,1.2869926852230096,75,0,0,0,0.9999674678750637,1,IHDP,4.192778346699971,7.374118047268539,35.6,/scratch/furkanbd/rc_nll2d/graph2d/IHDP/IHDP_r005.npz
UWYK Anc 2D,6,2.966491721828879,2.1676357140018303,1.5765895497734337,75,0,0,0,0.9999781942133177,1,IHDP,3.5874437662357526,6.979083563190846,34.3,/scratch/furkanbd/rc_nll2d/graph2d/IHDP/IHDP_r006.npz
UWYK Anc 2D,7,3.3230718043559078,2.20242083592592,1.5634487914864337,75,0,0,0,0.999925821614827,0,IHDP,7.197609165578344,9.915962872620254,36.1,/scratch/furkanbd/rc_nll2d/graph2d/IHDP/IHDP_r007.npz
UWYK Anc 2D,8,8.804965068127391,4.334990779073934,3.8603773159114105,75,0,0,0,0.9998871817254381,1,IHDP,131.94356029093427,127.8054783525917,37.1,/scratch/furkanbd/rc_nll2d/graph2d/IHDP/IHDP_r008.npz
UWYK Anc 2D,9,5.0031982649608695,3.1700095537175157,2.8445887733666186,75,0,0,0,0.999987279045449,0,IHDP,28.810266595793877,25.791203785768523,34.9,/scratch/furkanbd/rc_nll2d/graph2d/IHDP/IHDP_r009.npz
UWYK Anc 2D,10,3.168030014335183,2.1018940847239205,1.6439625516519119,75,0,0,0,0.9999891413545449,0,IHDP,5.77798863149796,9.230367231030339,32.8,/scratch/furkanbd/rc_nll2d/graph2d/IHDP/IHDP_r010.npz
UWYK Anc 2D,11,3.9736282946897186,2.4748109679619694,2.2095684273129974,75,0,0,0,0.9999880004263473,0,IHDP,11.64006768626314,13.58580476609896,33.5,/scratch/furkanbd/rc_nll2d/graph2d/IHDP/IHDP_r011.npz
UWYK Anc 2D,12,8.033347319982102,4.609742532309106,4.291144116342245,75,0,0,0,0.9999958873890418,3,IHDP,101.73665271474326,91.71426107613775,34.0,/scratch/furkanbd/rc_nll2d/graph2d/IHDP/IHDP_r012.npz
UWYK Anc 2D,13,3.126717066010133,2.03042969093079,1.7041354119528496,75,0,0,0,0.9999720336104424,0,IHDP,4.236555926512995,6.921237478144855,34.7,/scratch/furkanbd/rc_nll2d/graph2d/IHDP/IHDP_r013.npz
UWYK Anc 2D,14,3.854487488287192,2.3420798356141006,1.9659499640225384,75,0,0,0,0.9999926016609132,0,IHDP,7.40356767156333,9.93795165166367,32.6,/scratch/furkanbd/rc_nll2d/graph2d/IHDP/IHDP_r014.npz
UWYK Anc 2D,15,2.946258210082206,1.9508426888556865,1.4140892644437733,75,0,0,0,0.9999741996486792,1,IHDP,6.325261365396756,8.500444775492145,35.7,/scratch/furkanbd/rc_nll2d/graph2d/IHDP/IHDP_r015.npz
UWYK Anc 2D,16,4.340563176630118,2.584165298527273,2.410722124085041,75,0,0,0,0.9999963855925347,0,IHDP,11.04031948402785,13.72999525903265,31.9,/scratch/furkanbd/rc_nll2d/graph2d/IHDP/IHDP_r016.npz
UWYK Anc 2D,17,3.570919709584088,2.342983626488161,1.9530928254014304,75,0,0,0,0.9999442665448025,1,IHDP,11.089708246895265,13.280817533699635,36.5,/scratch/furkanbd/rc_nll2d/graph2d/IHDP/IHDP_r017.npz
UWYK Anc 2D,18,3.6038227364584943,2.3625300483908767,2.0041987422016554,75,0,0,0,0.999970604680221,0,IHDP,9.506368286423426,13.020077793907573,36.2,/scratch/furkanbd/rc_nll2d/graph2d/IHDP/IHDP_r018.npz
UWYK Anc 2D,19,3.5682713088124864,2.118904234932907,1.3968360903299506,75,0,0,0,0.9999667862155277,1,IHDP,6.06352880310614,8.89049584934196,36.8,/scratch/furkanbd/rc_nll2d/graph2d/IHDP/IHDP_r019.npz
UWYK Anc 2D,20,4.957159520356802,2.947068893049968,2.829434455712754,75,0,0,0,0.999995270261083,0,IHDP,21.99868395171069,21.05087298430901,34.2,/scratch/furkanbd/rc_nll2d/graph2d/IHDP/IHDP_r020.npz
UWYK Anc 2D,21,2.885964850200235,1.9734258731411725,1.3575995645791537,75,0,0,0,0.9999592300657884,0,IHDP,5.4432128741992,8.15850781068051,35.5,/scratch/furkanbd/rc_nll2d/graph2d/IHDP/IHDP_r021.npz
UWYK Anc 2D,22,3.8483236544425448,2.3077545395411856,1.833841743764946,75,0,0,0,0.9999972367553244,0,IHDP,8.392273971576008,10.36860961280099,33.3,/scratch/furkanbd/rc_nll2d/graph2d/IHDP/IHDP_r022.npz
UWYK Anc 2D,23,4.566772070185537,2.773972651849185,2.6086446217879287,75,0,0,0,0.9999727226821798,0,IHDP,23.11250486267872,23.42620249366618,36.1,/scratch/furkanbd/rc_nll2d/graph2d/IHDP/IHDP_r023.npz
UWYK Anc 2D,24,3.784480129632465,2.2669454285898016,1.9297995600593874,75,0,0,0,0.9999436538115571,2,IHDP,15.483072675528668,17.958893409671028,36.7,/scratch/furkanbd/rc_nll2d/graph2d/IHDP/IHDP_r024.npz
UWYK Anc 2D,25,6.139375218043077,3.5643227245968174,3.3454780144837657,75,0,0,0,0.9999947456075198,0,IHDP,39.623725308854254,35.62870207221385,34.1,/scratch/furkanbd/rc_nll2d/graph2d/IHDP/IHDP_r025.npz
UWYK Anc 2D,26,3.054266499514046,2.1033671742246325,1.5556427306561496,75,0,0,0,0.9999655388806282,0,IHDP,7.28121351335893,8.91180565023697,34.8,/scratch/furkanbd/rc_nll2d/graph2d/IHDP/IHDP_r026.npz
UWYK Anc 2D,27,8.285765036932554,4.604926384335068,4.435981639893409,75,0,0,0,0.9998747224773186,1,IHDP,174.31892360517375,171.23128232682225,36.7,/scratch/furkanbd/rc_nll2d/graph2d/IHDP/IHDP_r027.npz
UWYK Anc 2D,28,3.520641326808518,2.331067984028448,1.9849649187554492,75,0,0,0,0.9999744054712234,0,IHDP,9.12577496147626,11.01267170486414,33.9,/scratch/furkanbd/rc_nll2d/graph2d/IHDP/IHDP_r028.npz
UWYK Anc 2D,29,3.5918718015212145,2.2755808044089583,1.7760973813784706,75,0,0,0,0.9999986534162305,0,IHDP,7.5389127395491204,9.81401580180618,32.0,/scratch/furkanbd/rc_nll2d/graph2d/IHDP/IHDP_r029.npz
UWYK Anc 2D,30,3.725989444109028,2.354491960032093,1.8856866009010922,75,0,0,0,0.9999551669774759,0,IHDP,11.704849626708262,14.755789855739737,36.8,/scratch/furkanbd/rc_nll2d/graph2d/IHDP/IHDP_r030.npz
UWYK Anc 2D,31,3.003481243337312,2.1291224058235545,1.5496702581557371,75,0,0,0,0.9999472952939499,1,IHDP,5.38835681722081,7.162815888728339,34.1,/scratch/furkanbd/rc_nll2d/graph2d/IHDP/IHDP_r031.npz
UWYK Anc 2D,32,3.5977208369140916,2.2502388462962,1.8909416737576976,75,0,0,0,0.999969877452234,0,IHDP,10.670161371808721,13.63375115087048,35.9,/scratch/furkanbd/rc_nll2d/graph2d/IHDP/IHDP_r032.npz
UWYK Anc 2D,33,7.494724088941886,4.390893241126752,4.257534126828516,75,0,0,0,0.9999816075753835,1,IHDP,122.07897632363135,118.58298181465766,35.5,/scratch/furkanbd/rc_nll2d/graph2d/IHDP/IHDP_r033.npz
UWYK Anc 2D,34,4.642107338542411,2.880500386146485,2.5669120969627333,75,0,0,0,0.999962046616057,0,IHDP,19.699934860731368,18.94924827196293,35.8,/scratch/furkanbd/rc_nll2d/graph2d/IHDP/IHDP_r034.npz
UWYK Anc 2D,35,4.408439337495238,2.86473601587156,2.5432913367915377,75,0,0,0,0.999989479435867,0,IHDP,20.29193902335215,16.54522734072475,34.6,/scratch/furkanbd/rc_nll2d/graph2d/IHDP/IHDP_r035.npz
UWYK Anc 2D,36,5.119892151849073,3.28409843648299,3.0242128726883113,75,0,0,0,0.9999501274353294,0,IHDP,38.801805945215854,31.79025013081945,36.0,/scratch/furkanbd/rc_nll2d/graph2d/IHDP/IHDP_r036.npz
UWYK Anc 2D,37,3.7656701334723532,2.3225148853504525,1.8214593711570815,75,0,0,0,0.9999900476607867,0,IHDP,8.095747679215794,10.579981766873804,33.7,/scratch/furkanbd/rc_nll2d/graph2d/IHDP/IHDP_r037.npz
UWYK Anc 2D,38,5.1880308373485775,3.270155564130744,2.841581612629099,75,0,0,0,0.999989332105542,2,IHDP,35.26156302873045,31.44767559417724,35.3,/scratch/furkanbd/rc_nll2d/graph2d/IHDP/IHDP_r038.npz
UWYK Anc 2D,39,3.943985324857515,2.453949334372154,2.061980011216872,75,0,0,0,0.9999657782410588,0,IHDP,11.79466633048628,14.09516407992382,34.1,/scratch/furkanbd/rc_nll2d/graph2d/IHDP/IHDP_r039.npz
UWYK Anc 2D,40,3.4727255806766135,1.8725571548061763,1.3093140264262872,75,0,0,0,0.9999495999570479,0,IHDP,5.360365283486381,8.463802661021049,36.3,/scratch/furkanbd/rc_nll2d/graph2d/IHDP/IHDP_r040.npz
UWYK Anc 2D,41,3.0767517513480973,1.9243947507861405,1.429196755709213,75,0,0,0,0.9999681323075594,1,IHDP,4.35874892371311,7.08370671468888,34.1,/scratch/furkanbd/rc_nll2d/graph2d/IHDP/IHDP_r041.npz
UWYK Anc 2D,42,3.3318461525806025,1.9807500970755185,1.5137054562967136,75,0,0,0,0.9999567203231456,0,IHDP,6.06264006845047,8.23014851156033,34.8,/scratch/furkanbd/rc_nll2d/graph2d/IHDP/IHDP_r042.npz
UWYK Anc 2D,43,3.250971113334718,2.238442960470997,1.8832888373439833,75,0,0,0,0.9999575399108418,0,IHDP,12.549233432868444,10.336046840870956,34.6,/scratch/furkanbd/rc_nll2d/graph2d/IHDP/IHDP_r043.npz
UWYK Anc 2D,44,4.1336334951590255,2.5702306363238443,2.272311693345816,75,0,0,0,0.9999945451488671,0,IHDP,17.09187056856628,13.95923357510702,32.8,/scratch/furkanbd/rc_nll2d/graph2d/IHDP/IHDP_r044.npz
UWYK Anc 2D,45,3.8848975457101105,2.4861262698832998,2.2907266043633467,75,0,0,0,0.9999829813479487,0,IHDP,12.409748200494139,11.65378452783606,33.2,/scratch/furkanbd/rc_nll2d/graph2d/IHDP/IHDP_r045.npz
UWYK Anc 2D,46,4.367014046219682,2.851508649899425,2.5240270160388576,75,0,0,0,0.999987045793848,0,IHDP,20.071544824178844,20.042175266613754,35.8,/scratch/furkanbd/rc_nll2d/graph2d/IHDP/IHDP_r046.npz
UWYK Anc 2D,47,3.082268661332636,2.2966306844250397,1.6350095479964515,75,0,0,0,0.9999671265668963,0,IHDP,7.44049180154102,8.03946018451918,34.5,/scratch/furkanbd/rc_nll2d/graph2d/IHDP/IHDP_r047.npz
UWYK Anc 2D,48,3.869674686602973,2.6097632327083726,2.3738503672738362,75,0,0,0,0.9999546546981608,0,IHDP,19.3861978441449,13.084172560076798,35.3,/scratch/furkanbd/rc_nll2d/graph2d/IHDP/IHDP_r048.npz
UWYK Anc 2D,49,3.367302169167977,2.1913202459894094,1.613743347335111,75,0,0,0,0.9999494439594792,0,IHDP,8.803189593074723,11.937175693287077,36.7,/scratch/furkanbd/rc_nll2d/graph2d/IHDP/IHDP_r049.npz
UWYK Anc 2D,50,3.2154963049228287,2.143865741475478,1.639468105329032,75,0,0,0,0.9999409465837643,0,IHDP,7.719710035901746,8.620972195596156,36.0,/scratch/furkanbd/rc_nll2d/graph2d/IHDP/IHDP_r050.npz
UWYK Anc 2D,51,3.951536527821749,2.5519197236167983,1.946699533522676,75,0,0,0,0.9999746841283913,0,IHDP,14.12036870554089,12.94510549324401,34.3,/scratch/furkanbd/rc_nll2d/graph2d/IHDP/IHDP_r051.npz
UWYK Anc 2D,52,5.7450451969590866,3.48115850173565,3.2157004324154044,75,0,0,0,0.999996078315001,0,IHDP,32.96891211678445,33.660720868999945,33.7,/scratch/furkanbd/rc_nll2d/graph2d/IHDP/IHDP_r052.npz
UWYK Anc 2D,53,4.8352446791410575,2.8884387614776816,2.653384519867979,75,0,0,0,0.9999911683011168,0,IHDP,19.651072186906358,21.12457314116514,34.4,/scratch/furkanbd/rc_nll2d/graph2d/IHDP/IHDP_r053.npz
UWYK Anc 2D,54,3.0455802876481544,2.0580727858512593,1.3248281051144324,75,0,0,0,0.9999737520293653,1,IHDP,5.308063286901589,8.327706650812901,36.4,/scratch/furkanbd/rc_nll2d/graph2d/IHDP/IHDP_r054.npz
UWYK Anc 2D,55,2.9441755336126803,2.0364236546875545,1.4873188248939158,75,0,0,0,0.9999575203467858,1,IHDP,3.3933156550404515,6.875880003072828,35.4,/scratch/furkanbd/rc_nll2d/graph2d/IHDP/IHDP_r055.npz
UWYK Anc 2D,56,2.8783142715727785,1.936515827279212,1.2660432289612509,75,0,0,0,0.9999412080804753,1,IHDP,4.503180714572345,7.3022984309265855,35.1,/scratch/furkanbd/rc_nll2d/graph2d/IHDP/IHDP_r056.npz
UWYK Anc 2D,57,4.011443549058382,2.5765470016170253,2.2453296451970495,75,0,0,0,0.9999566238350075,0,IHDP,13.286879789490154,12.007387088345045,34.2,/scratch/furkanbd/rc_nll2d/graph2d/IHDP/IHDP_r057.npz
UWYK Anc 2D,58,3.2127966902899256,2.0178568500314853,1.3233818174107252,75,0,0,0,0.9999745457624333,0,IHDP,5.056788249372825,7.847965424488025,35.9,/scratch/furkanbd/rc_nll2d/graph2d/IHDP/IHDP_r058.npz
UWYK Anc 2D,59,5.852827588769337,3.3396613314246295,3.072190218442948,75,0,0,0,0.9999930299295565,0,IHDP,36.42025216495997,31.778512424023326,34.5,/scratch/furkanbd/rc_nll2d/graph2d/IHDP/IHDP_r059.npz
UWYK Anc 2D,60,3.371879251485099,1.9877636731213923,1.5885667525294782,75,0,0,0,0.9999383748240507,1,IHDP,4.79989993692065,7.2664012279817,34.5,/scratch/furkanbd/rc_nll2d/graph2d/IHDP/IHDP_r060.npz
UWYK Anc 2D,61,3.1821248945324334,2.08394043133929,1.5357319024725957,75,0,0,0,0.9999822726455825,0,IHDP,6.170015388205205,8.798789767161795,34.2,/scratch/furkanbd/rc_nll2d/graph2d/IHDP/IHDP_r061.npz
UWYK Anc 2D,62,3.6521206277448406,2.3378006756927565,1.8210883068689392,75,0,0,0,0.9999674464353272,0,IHDP,9.981283229287449,13.094174990384051,35.7,/scratch/furkanbd/rc_nll2d/graph2d/IHDP/IHDP_r062.npz
UWYK Anc 2D,63,3.505101140757394,2.2487769559966986,1.8550679641943848,75,0,0,0,0.9998936778360937,2,IHDP,12.544210806511314,14.027191398000484,36.2,/scratch/furkanbd/rc_nll2d/graph2d/IHDP/IHDP_r063.npz
UWYK Anc 2D,64,4.562344548762853,2.5746719447217727,2.242790359730238,75,0,0,0,0.9999124503251404,2,IHDP,19.108927345057275,21.143731234158523,36.3,/scratch/furkanbd/rc_nll2d/graph2d/IHDP/IHDP_r064.npz
UWYK Anc 2D,65,4.115156421672655,2.1277358813446345,1.4791210471184337,75,0,0,0,0.9999626016321637,1,IHDP,8.272735805167144,10.924239119903056,36.7,/scratch/furkanbd/rc_nll2d/graph2d/IHDP/IHDP_r065.npz
UWYK Anc 2D,66,2.9443550722731096,1.9675939565910021,1.507420129920021,75,0,0,0,0.999961263872067,2,IHDP,4.838796769870725,7.165216829075695,34.8,/scratch/furkanbd/rc_nll2d/graph2d/IHDP/IHDP_r066.npz
UWYK Anc 2D,67,6.854660794519558,4.150214711182606,3.8276919201121884,75,0,0,0,0.9999904952788811,0,IHDP,69.24911633643855,57.820479453751446,33.4,/scratch/furkanbd/rc_nll2d/graph2d/IHDP/IHDP_r067.npz
UWYK Anc 2D,68,2.9084641274242107,1.9946443942757441,1.4696240199882245,75,0,0,0,0.9999611034844053,0,IHDP,6.032324166028565,7.9192209094164445,35.9,/scratch/furkanbd/rc_nll2d/graph2d/IHDP/IHDP_r068.npz
UWYK Anc 2D,69,2.8981065103084123,1.97812695903799,1.5623932050278306,75,0,0,0,0.9999794414247581,1,IHDP,3.526127153290335,6.526127153290335,35.1,/scratch/furkanbd/rc_nll2d/graph2d/IHDP/IHDP_r069.npz
UWYK Anc 2D,70,4.970616244101608,3.018818571984347,2.794165874370442,75,0,0,0,0.9999969452452118,0,IHDP,18.592754390832035,20.482038062537065,33.5,/scratch/furkanbd/rc_nll2d/graph2d/IHDP/IHDP_r070.npz
UWYK Anc 2D,71,3.2004904503683833,2.0114339726568207,1.73379813023522,75,0,0,0,0.9999534771565384,1,IHDP,3.194182893793416,6.497668780134154,34.3,/scratch/furkanbd/rc_nll2d/graph2d/IHDP/IHDP_r071.npz
UWYK Anc 2D,72,3.0968488478964136,2.0570723145568133,1.5656485898664358,75,0,0,0,0.9999626886578044,1,IHDP,6.499617548266605,7.009274590804766,33.8,/scratch/furkanbd/rc_nll2d/graph2d/IHDP/IHDP_r072.npz
UWYK Anc 2D,73,3.273786345404234,2.1963547089117874,1.5701216149640551,75,0,0,0,0.9999545993304059,3,IHDP,4.09640534138945,6.95765665241336,33.7,/scratch/furkanbd/rc_nll2d/graph2d/IHDP/IHDP_r073.npz
UWYK Anc 2D,74,2.973931574602084,2.146932216776357,1.4409785655044134,75,0,0,0,0.9999444937223335,4,IHDP,3.5252358161446598,6.44554588065982,35.4,/scratch/furkanbd/rc_nll2d/graph2d/IHDP/IHDP_r074.npz
UWYK Anc 2D,75,5.049680558314667,2.947099382906737,2.658302245096039,75,0,0,0,0.999991215214143,0,IHDP,24.556297415837136,20.840164008285967,34.0,/scratch/furkanbd/rc_nll2d/graph2d/IHDP/IHDP_r075.npz
UWYK Anc 2D,76,2.970061814431167,2.109057938331667,1.4411040769776138,75,0,0,0,0.9999511268788723,2,IHDP,5.987802873892461,7.41416729317106,34.5,/scratch/furkanbd/rc_nll2d/graph2d/IHDP/IHDP_r076.npz
UWYK Anc 2D,77,2.8568302883839904,1.9126348519533478,1.386976033088584,75,0,0,0,0.9999629092264674,0,IHDP,4.776806587745986,6.798303573332015,35.1,/scratch/furkanbd/rc_nll2d/graph2d/IHDP/IHDP_r077.npz
UWYK Anc 2D,78,3.003326446834004,2.0046349398039727,1.4547114212983927,75,0,0,0,0.999958271610577,1,IHDP,5.0004745759025795,7.27699157408936,34.2,/scratch/furkanbd/rc_nll2d/graph2d/IHDP/IHDP_r078.npz
UWYK Anc 2D,79,3.1208414482491045,1.9837627981272143,1.4933269262187718,75,0,0,0,0.9999460635555054,1,IHDP,4.14937633444389,6.743396949618861,33.9,/scratch/furkanbd/rc_nll2d/graph2d/IHDP/IHDP_r079.npz
UWYK Anc 2D,80,7.04949565616281,4.124018673801001,3.776954633431338,75,0,0,0,0.9999680217020986,0,IHDP,82.33063972200077,79.29189795720723,35.5,/scratch/furkanbd/rc_nll2d/graph2d/IHDP/IHDP_r080.npz
UWYK Anc 2D,81,5.123425228267376,3.190256362244894,2.9233850070129357,75,0,0,0,0.9999498088755948,1,IHDP,42.003516353514804,39.2584911343093,36.4,/scratch/furkanbd/rc_nll2d/graph2d/IHDP/IHDP_r081.npz
UWYK Anc 2D,82,4.067072206065567,2.6198703428277446,2.2097893357712803,75,0,0,0,0.9999666524189204,0,IHDP,19.058329974842035,14.677186141152465,35.6,/scratch/furkanbd/rc_nll2d/graph2d/IHDP/IHDP_r082.npz
UWYK Anc 2D,83,5.542301110908795,3.295113331926748,3.1198420498349724,75,0,0,0,0.9999681799237766,1,IHDP,55.033911704857644,53.950941792007356,36.6,/scratch/furkanbd/rc_nll2d/graph2d/IHDP/IHDP_r083.npz
UWYK Anc 2D,84,6.398573525540452,3.789100473841397,3.435515297072618,75,0,0,0,0.9997656801667646,0,IHDP,58.57801027401966,55.50767411990434,36.0,/scratch/furkanbd/rc_nll2d/graph2d/IHDP/IHDP_r084.npz
UWYK Anc 2D,85,6.487708674397899,3.9978655606619258,3.6962879085384506,75,0,0,0,0.9999381794390595,1,IHDP,53.4260240898451,51.398957004163904,35.0,/scratch/furkanbd/rc_nll2d/graph2d/IHDP/IHDP_r085.npz
UWYK Anc 2D,86,3.5381741712577233,2.363663515988414,1.7768413829379228,75,0,0,0,0.9999765610925572,0,IHDP,11.00597321726109,13.14010137951221,37.2,/scratch/furkanbd/rc_nll2d/graph2d/IHDP/IHDP_r086.npz
UWYK Anc 2D,87,3.1539354704928626,2.0396948673468938,1.5984417684263807,75,0,0,0,0.9999649250127671,3,IHDP,3.226446476197262,6.565105537043548,34.5,/scratch/furkanbd/rc_nll2d/graph2d/IHDP/IHDP_r087.npz
UWYK Anc 2D,88,3.6281477388891363,2.203995672308264,1.9334004367427515,75,0,0,0,0.9999827807115117,0,IHDP,7.918391764904252,9.98633100458805,34.7,/scratch/furkanbd/rc_nll2d/graph2d/IHDP/IHDP_r088.npz
UWYK Anc 2D,89,3.5172225504450036,2.1933026940271736,1.8801089727817661,75,0,0,0,0.999959508911704,0,IHDP,9.680509236277825,8.473529409097974,35.3,/scratch/furkanbd/rc_nll2d/graph2d/IHDP/IHDP_r089.npz
UWYK Anc 2D,90,3.0348174262246013,2.027015206897214,1.5340929455426942,75,0,0,0,0.9999788407039307,1,IHDP,3.7647194372736985,7.186122981355733,35.4,/scratch/furkanbd/rc_nll2d/graph2d/IHDP/IHDP_r090.npz
UWYK Anc 2D,91,3.744449066215597,2.245734184539142,2.0784354747116067,75,0,0,0,0.9999906381564494,0,IHDP,9.85543474128624,11.55303955239596,34.0,/scratch/furkanbd/rc_nll2d/graph2d/IHDP/IHDP_r091.npz
UWYK Anc 2D,92,6.318146977031861,3.5550634242808488,3.277181781553694,75,0,0,0,0.999972275659566,0,IHDP,41.40982964435481,40.14425098096209,34.2,/scratch/furkanbd/rc_nll2d/graph2d/IHDP/IHDP_r092.npz
UWYK Anc 2D,93,3.268546083191168,2.1496022819447544,1.6359014157150444,75,0,0,0,0.9999551041643836,3,IHDP,6.535639692021725,7.9499300327058755,34.9,/scratch/furkanbd/rc_nll2d/graph2d/IHDP/IHDP_r093.npz
UWYK Anc 2D,94,3.2240275825180094,2.1934659554133886,1.7546882003365138,75,0,0,0,0.9999525645771205,0,IHDP,9.741897553193485,9.126418936734414,35.2,/scratch/furkanbd/rc_nll2d/graph2d/IHDP/IHDP_r094.npz
UWYK Anc 2D,95,3.911797271915032,2.2181089651611363,1.724249813344016,75,0,0,0,0.9999810799818736,0,IHDP,11.704108385494246,11.533879036432856,36.1,/scratch/furkanbd/rc_nll2d/graph2d/IHDP/IHDP_r095.npz
UWYK Anc 2D,96,3.1928998224771923,2.076276338589756,1.5830614332598625,75,0,0,0,0.9999775216982828,0,IHDP,7.445314870891185,9.652941216442315,35.3,/scratch/furkanbd/rc_nll2d/graph2d/IHDP/IHDP_r096.npz
UWYK Anc 2D,97,5.940617289123587,3.5103744547285425,3.201864160463594,75,0,0,0,0.9999512038418663,1,IHDP,46.079494616513465,47.26036180047803,37.4,/scratch/furkanbd/rc_nll2d/graph2d/IHDP/IHDP_r097.npz
UWYK Anc 2D,98,3.9304993204428094,2.4332165005168185,2.21985886826837,75,0,0,0,0.9999902321424519,0,IHDP,12.691120810399696,12.125094443824505,33.0,/scratch/furkanbd/rc_nll2d/graph2d/IHDP/IHDP_r098.npz
UWYK Anc 2D,99,3.7460180920977875,2.4866432599263035,1.9741171201148682,75,0,0,0,0.9999724144295103,1,IHDP,13.161162124860224,11.954182297680374,36.2,/scratch/furkanbd/rc_nll2d/graph2d/IHDP/IHDP_r099.npz
CausalPFN-C,0,1.3355738837769124,1.7984265805926953,0.9801597522838958,75,0,0,0,0.9999945286734984,18,IHDP,4.482928345768412,7.558475046363377,11.7,/scratch/furkanbd/rc_dens_uni/cpfn1d/IHDP/IHDP_r000.npz
CausalPFN-C,1,1.1602270847369633,1.8086402838025344,0.9651722279725359,75,0,0,0,0.9999942681407201,5,IHDP,5.6876408479371,7.1476945138904,14.7,/scratch/furkanbd/rc_dens_uni/cpfn1d/IHDP/IHDP_r001.npz
CausalPFN-C,2,1.5551534745338809,2.0625955743368194,0.9868643878524874,75,0,0,0,0.9999605031932399,15,IHDP,5.982596608156835,8.910845891520264,13.1,/scratch/furkanbd/rc_dens_uni/cpfn1d/IHDP/IHDP_r002.npz
CausalPFN-C,3,1.3744065795489058,1.9672851884389426,1.0307392339068946,75,0,0,0,0.9999940843359398,9,IHDP,10.202826892337319,9.42862234707078,14.7,/scratch/furkanbd/rc_dens_uni/cpfn1d/IHDP/IHDP_r003.npz
CausalPFN-C,4,0.8639371620390366,2.063158323947268,0.969242674216632,75,0,0,0,0.999983965712127,14,IHDP,9.22287965410382,10.015755672831581,14.9,/scratch/furkanbd/rc_dens_uni/cpfn1d/IHDP/IHDP_r004.npz
CausalPFN-C,5,1.0761069219442314,2.065929412709496,0.8581534763540941,75,0,0,0,0.9999998497262225,44,IHDP,4.192778346699971,7.374118047268539,7.4,/scratch/furkanbd/rc_dens_uni/cpfn1d/IHDP/IHDP_r005.npz
CausalPFN-C,6,1.3535927632373126,1.8343289806887624,0.9284251263463099,75,0,0,0,0.9999899331742463,8,IHDP,3.5874437662357526,6.979083563190846,14.6,/scratch/furkanbd/rc_dens_uni/cpfn1d/IHDP/IHDP_r006.npz
CausalPFN-C,7,1.4701803939078333,2.1971297087986907,1.0089991448837203,75,0,0,0,0.9999844233566249,34,IHDP,7.197609165578344,9.915962872620254,9.3,/scratch/furkanbd/rc_dens_uni/cpfn1d/IHDP/IHDP_r007.npz
CausalPFN-C,8,2.215818735022931,2.2257898602877946,1.8909981027739486,75,0,0,0,0.9996948633930781,3,IHDP,131.94356029093427,127.8054783525917,20.2,/scratch/furkanbd/rc_dens_uni/cpfn1d/IHDP/IHDP_r008.npz
CausalPFN-C,9,0.867626826348302,2.166080511759479,0.9385909104372976,75,0,0,0,0.9999435396541376,9,IHDP,28.810266595793877,25.791203785768523,16.5,/scratch/furkanbd/rc_dens_uni/cpfn1d/IHDP/IHDP_r009.npz
CausalPFN-C,10,1.0318860677331747,2.1942345115109276,0.897463821962162,75,0,0,0,0.9999903843762554,35,IHDP,5.77798863149796,9.230367231030339,8.5,/scratch/furkanbd/rc_dens_uni/cpfn1d/IHDP/IHDP_r010.npz
CausalPFN-C,11,1.1512230479055037,1.8329806252497156,0.9798324679815724,75,0,0,0,0.9999721361757296,9,IHDP,11.64006768626314,13.58580476609896,14.5,/scratch/furkanbd/rc_dens_uni/cpfn1d/IHDP/IHDP_r011.npz
CausalPFN-C,12,2.9273808347361454,2.4797650453741693,1.9385542207843964,75,0,0,0,0.9999146406311389,8,IHDP,101.73665271474326,91.71426107613775,18.2,/scratch/furkanbd/rc_dens_uni/cpfn1d/IHDP/IHDP_r012.npz
CausalPFN-C,13,1.0006127408135514,2.1556084319517743,0.7677483570789034,75,0,0,0,0.9999948123976666,48,IHDP,4.236555926512995,6.921237478144855,7.5,/scratch/furkanbd/rc_dens_uni/cpfn1d/IHDP/IHDP_r013.npz
CausalPFN-C,14,1.1927838390091086,1.8420067280645382,0.9543577510803485,75,0,0,0,0.9999900473309515,24,IHDP,7.40356767156333,9.93795165166367,10.8,/scratch/furkanbd/rc_dens_uni/cpfn1d/IHDP/IHDP_r014.npz
CausalPFN-C,15,1.008516103108759,1.9544819239402178,0.8435233325517992,75,0,0,0,0.9999907650176478,31,IHDP,6.325261365396756,8.500444775492145,10.5,/scratch/furkanbd/rc_dens_uni/cpfn1d/IHDP/IHDP_r015.npz
CausalPFN-C,16,0.8900927875537475,1.8459668514533465,0.9474972526090966,75,0,0,0,0.999980358523979,6,IHDP,11.04031948402785,13.72999525903265,14.8,/scratch/furkanbd/rc_dens_uni/cpfn1d/IHDP/IHDP_r016.npz
CausalPFN-C,17,1.1603702865069556,2.1586791991012797,0.8105238246193982,75,0,0,0,0.999959076611866,9,IHDP,11.089708246895265,13.280817533699635,14.0,/scratch/furkanbd/rc_dens_uni/cpfn1d/IHDP/IHDP_r017.npz
CausalPFN-C,18,1.0907490446213042,1.9158475330955904,1.002079062020698,75,0,0,0,0.9999947394771835,8,IHDP,9.506368286423426,13.020077793907573,14.0,/scratch/furkanbd/rc_dens_uni/cpfn1d/IHDP/IHDP_r018.npz
CausalPFN-C,19,1.7138543601058915,1.9500199551567388,1.0929975806044796,75,0,0,0,0.9999831462023521,5,IHDP,6.06352880310614,8.89049584934196,15.0,/scratch/furkanbd/rc_dens_uni/cpfn1d/IHDP/IHDP_r019.npz
CausalPFN-C,20,1.4483810049035741,2.0798681828463765,0.8759073820715138,75,0,0,0,0.999991325755912,9,IHDP,21.99868395171069,21.05087298430901,15.5,/scratch/furkanbd/rc_dens_uni/cpfn1d/IHDP/IHDP_r020.npz
CausalPFN-C,21,1.3096400097852503,1.9705461465270893,0.8635363795175126,75,0,0,0,0.9999955198402039,53,IHDP,5.4432128741992,8.15850781068051,5.8,/scratch/furkanbd/rc_dens_uni/cpfn1d/IHDP/IHDP_r021.npz
CausalPFN-C,22,1.0440341991125288,1.9174735107583951,0.9153734789414099,75,0,0,0,0.9999844969792842,9,IHDP,8.392273971576008,10.36860961280099,14.9,/scratch/furkanbd/rc_dens_uni/cpfn1d/IHDP/IHDP_r022.npz
CausalPFN-C,23,1.251371122462064,1.8793864212732356,0.911759421644502,75,0,0,0,0.9999429588423832,5,IHDP,23.11250486267872,23.42620249366618,16.4,/scratch/furkanbd/rc_dens_uni/cpfn1d/IHDP/IHDP_r023.npz
CausalPFN-C,24,1.183671761689594,2.084886295662235,0.9736682608572638,75,0,0,0,0.9999373002968845,23,IHDP,15.483072675528668,17.958893409671028,12.4,/scratch/furkanbd/rc_dens_uni/cpfn1d/IHDP/IHDP_r024.npz
CausalPFN-C,25,1.7832653932050175,1.9760680302122338,1.2426760150995362,75,0,0,0,0.9999670921529401,3,IHDP,39.623725308854254,35.62870207221385,16.3,/scratch/furkanbd/rc_dens_uni/cpfn1d/IHDP/IHDP_r025.npz
CausalPFN-C,26,1.1163972346041449,1.9888577140385602,0.9004645930447195,75,0,0,0,0.9999860393488456,8,IHDP,7.28121351335893,8.91180565023697,13.9,/scratch/furkanbd/rc_dens_uni/cpfn1d/IHDP/IHDP_r026.npz
CausalPFN-C,27,3.068405242338893,2.419195159251245,2.1902269257899776,75,0,0,0,0.9995554142316515,3,IHDP,174.31892360517375,171.23128232682225,17.5,/scratch/furkanbd/rc_dens_uni/cpfn1d/IHDP/IHDP_r027.npz
CausalPFN-C,28,0.9671822894413405,1.836800111661108,0.880457250378663,75,0,0,0,0.9999728269329041,5,IHDP,9.12577496147626,11.01267170486414,15.5,/scratch/furkanbd/rc_dens_uni/cpfn1d/IHDP/IHDP_r028.npz
CausalPFN-C,29,1.180692154992096,1.806172681568535,1.0172532067982927,75,0,0,0,0.9999827184126319,4,IHDP,7.5389127395491204,9.81401580180618,15.5,/scratch/furkanbd/rc_dens_uni/cpfn1d/IHDP/IHDP_r029.npz
CausalPFN-C,30,1.2611309345539266,1.8303563583286242,0.9976971099448109,75,0,0,0,0.9999403288855673,5,IHDP,11.704849626708262,14.755789855739737,14.8,/scratch/furkanbd/rc_dens_uni/cpfn1d/IHDP/IHDP_r030.npz
CausalPFN-C,31,1.1430413680110945,1.9497152095317767,0.9056754746785678,75,0,0,0,0.9999854498083987,9,IHDP,5.38835681722081,7.162815888728339,15.8,/scratch/furkanbd/rc_dens_uni/cpfn1d/IHDP/IHDP_r031.npz
CausalPFN-C,32,0.9429290734833021,1.8909417281193233,0.9175692167823597,75,0,0,0,0.9999822686399833,8,IHDP,10.670161371808721,13.63375115087048,14.3,/scratch/furkanbd/rc_dens_uni/cpfn1d/IHDP/IHDP_r032.npz
CausalPFN-C,33,2.568373958279153,2.3896629629421473,1.741330092261283,75,0,0,0,0.9998768021411113,10,IHDP,122.07897632363135,118.58298181465766,17.8,/scratch/furkanbd/rc_dens_uni/cpfn1d/IHDP/IHDP_r033.npz
CausalPFN-C,34,1.5300701763137134,1.8833137686676265,0.957982385596515,75,0,0,0,0.9999948271876746,5,IHDP,19.699934860731368,18.94924827196293,14.7,/scratch/furkanbd/rc_dens_uni/cpfn1d/IHDP/IHDP_r034.npz
CausalPFN-C,35,0.5998930814911668,2.120755532391749,0.8780091404897505,75,0,0,0,0.9999646587124564,12,IHDP,20.29193902335215,16.54522734072475,15.0,/scratch/furkanbd/rc_dens_uni/cpfn1d/IHDP/IHDP_r035.npz
CausalPFN-C,36,1.3783044640331015,2.657112001141304,0.9091359651554827,75,0,0,0,0.9999671165981682,16,IHDP,38.801805945215854,31.79025013081945,18.4,/scratch/furkanbd/rc_dens_uni/cpfn1d/IHDP/IHDP_r036.npz
CausalPFN-C,37,1.293031836644459,1.8595817634306688,0.9791413803339388,75,0,0,0,0.9999967531560732,8,IHDP,8.095747679215794,10.579981766873804,13.3,/scratch/furkanbd/rc_dens_uni/cpfn1d/IHDP/IHDP_r037.npz
CausalPFN-C,38,1.0373167252293694,2.2037290296344114,1.0134276615836226,75,0,0,0,0.9999510938889601,8,IHDP,35.26156302873045,31.44767559417724,17.7,/scratch/furkanbd/rc_dens_uni/cpfn1d/IHDP/IHDP_r038.npz
CausalPFN-C,39,1.2696480936535677,1.870338299765394,1.0690209394271804,75,0,0,0,0.9999782382286376,8,IHDP,11.79466633048628,14.09516407992382,13.9,/scratch/furkanbd/rc_dens_uni/cpfn1d/IHDP/IHDP_r039.npz
CausalPFN-C,40,1.4496905889199776,1.7863565845513154,1.0197343096112477,75,0,0,0,0.9999903132862417,9,IHDP,5.360365283486381,8.463802661021049,14.6,/scratch/furkanbd/rc_dens_uni/cpfn1d/IHDP/IHDP_r040.npz
CausalPFN-C,41,1.3034024143348246,1.73508061344438,0.97394056733805,75,0,0,0,0.9999935544527807,9,IHDP,4.35874892371311,7.08370671468888,14.2,/scratch/furkanbd/rc_dens_uni/cpfn1d/IHDP/IHDP_r041.npz
CausalPFN-C,42,1.1179326609419729,1.6602732770353947,0.970767197581994,75,0,0,0,0.999976190716612,56,IHDP,6.06264006845047,8.23014851156033,4.5,/scratch/furkanbd/rc_dens_uni/cpfn1d/IHDP/IHDP_r042.npz
CausalPFN-C,43,0.6056642242468896,2.099476214006286,0.9228081384075615,75,0,0,0,0.9999914125094098,7,IHDP,12.549233432868444,10.336046840870956,14.8,/scratch/furkanbd/rc_dens_uni/cpfn1d/IHDP/IHDP_r043.npz
CausalPFN-C,44,0.7517209094885055,2.131360100835855,0.860637573916077,75,0,0,0,0.9999509325133753,10,IHDP,17.09187056856628,13.95923357510702,14.3,/scratch/furkanbd/rc_dens_uni/cpfn1d/IHDP/IHDP_r044.npz
CausalPFN-C,45,0.628996100565536,1.9374238134785893,0.8450828659696754,75,0,0,0,0.9999794167444176,15,IHDP,12.409748200494139,11.65378452783606,14.0,/scratch/furkanbd/rc_dens_uni/cpfn1d/IHDP/IHDP_r045.npz
CausalPFN-C,46,1.1819845562464366,2.2354685424538507,1.0252070724110633,75,0,0,0,0.9999948314279797,12,IHDP,20.071544824178844,20.042175266613754,14.5,/scratch/furkanbd/rc_dens_uni/cpfn1d/IHDP/IHDP_r046.npz
CausalPFN-C,47,1.4713947144100432,1.9605661078155476,1.0981010603834622,75,0,0,0,0.9999990897078183,6,IHDP,7.44049180154102,8.03946018451918,14.8,/scratch/furkanbd/rc_dens_uni/cpfn1d/IHDP/IHDP_r047.npz
CausalPFN-C,48,0.4230690337307696,2.267918336045412,0.856333462695694,75,0,0,0,0.9999877399195432,17,IHDP,19.3861978441449,13.084172560076798,13.0,/scratch/furkanbd/rc_dens_uni/cpfn1d/IHDP/IHDP_r048.npz
CausalPFN-C,49,1.2329929615715098,1.9570436772108648,1.0470392775702608,75,0,0,0,0.9999834542734349,24,IHDP,8.803189593074723,11.937175693287077,11.3,/scratch/furkanbd/rc_dens_uni/cpfn1d/IHDP/IHDP_r049.npz
CausalPFN-C,50,1.1842257662838775,2.08271633435742,0.893313442137792,75,0,0,0,0.9999794404895467,20,IHDP,7.719710035901746,8.620972195596156,13.4,/scratch/furkanbd/rc_dens_uni/cpfn1d/IHDP/IHDP_r050.npz
CausalPFN-C,51,1.6131083411561877,2.1318312493272265,0.8276119707157661,75,0,0,0,0.9999901867108263,17,IHDP,14.12036870554089,12.94510549324401,13.8,/scratch/furkanbd/rc_dens_uni/cpfn1d/IHDP/IHDP_r051.npz
CausalPFN-C,52,1.5185012807363778,1.9990929702595865,1.1616773722755207,75,0,0,0,0.9999520890325054,5,IHDP,32.96891211678445,33.660720868999945,16.7,/scratch/furkanbd/rc_dens_uni/cpfn1d/IHDP/IHDP_r052.npz
CausalPFN-C,53,1.1657824959367464,2.036890942914494,0.9638063852148377,75,0,0,0,0.9999718355221979,8,IHDP,19.651072186906358,21.12457314116514,15.5,/scratch/furkanbd/rc_dens_uni/cpfn1d/IHDP/IHDP_r053.npz
CausalPFN-C,54,1.4306094216945235,1.9480894968951858,0.9296709795076066,75,0,0,0,0.9999909305183341,19,IHDP,5.308063286901589,8.327706650812901,12.1,/scratch/furkanbd/rc_dens_uni/cpfn1d/IHDP/IHDP_r054.npz
CausalPFN-C,55,1.5571333776008003,1.8629192567731012,1.1213126568790757,75,0,0,0,0.9999874953088601,3,IHDP,3.3933156550404515,6.875880003072828,15.4,/scratch/furkanbd/rc_dens_uni/cpfn1d/IHDP/IHDP_r055.npz
CausalPFN-C,56,1.494159362898938,1.9555255750265905,1.022295453190384,75,0,0,0,0.9999986915370496,3,IHDP,4.503180714572345,7.3022984309265855,15.5,/scratch/furkanbd/rc_dens_uni/cpfn1d/IHDP/IHDP_r056.npz
CausalPFN-C,57,0.9869860801963002,1.679374796959146,0.8117815334882152,75,0,0,0,0.9999868640967287,17,IHDP,13.286879789490154,12.007387088345045,13.1,/scratch/furkanbd/rc_dens_uni/cpfn1d/IHDP/IHDP_r057.npz
CausalPFN-C,58,1.6948318811101175,1.9457484112382681,1.1333389808012642,75,0,0,0,0.9999994615404038,5,IHDP,5.056788249372825,7.847965424488025,15.3,/scratch/furkanbd/rc_dens_uni/cpfn1d/IHDP/IHDP_r058.npz
CausalPFN-C,59,1.3053157592796716,2.1712781793083837,0.9555695973500082,75,0,0,0,0.9998723383468623,9,IHDP,36.42025216495997,31.778512424023326,17.8,/scratch/furkanbd/rc_dens_uni/cpfn1d/IHDP/IHDP_r059.npz
CausalPFN-C,60,1.2464336789779582,1.7434765486765298,0.9354228291732709,75,0,0,0,0.9999992518319842,33,IHDP,4.79989993692065,7.2664012279817,9.0,/scratch/furkanbd/rc_dens_uni/cpfn1d/IHDP/IHDP_r060.npz
CausalPFN-C,61,1.661548136226525,1.9119474784580273,1.140579640836999,75,0,0,0,0.9999873808409776,5,IHDP,6.170015388205205,8.798789767161795,14.8,/scratch/furkanbd/rc_dens_uni/cpfn1d/IHDP/IHDP_r061.npz
CausalPFN-C,62,1.1768192896439813,1.8569725371197163,1.035163315206419,75,0,0,0,0.9999502174354999,7,IHDP,9.981283229287449,13.094174990384051,14.9,/scratch/furkanbd/rc_dens_uni/cpfn1d/IHDP/IHDP_r062.npz
CausalPFN-C,63,0.836319792822555,1.8771199328750787,0.9408104413141789,75,0,0,0,0.9999485043289108,7,IHDP,12.544210806511314,14.027191398000484,14.5,/scratch/furkanbd/rc_dens_uni/cpfn1d/IHDP/IHDP_r063.npz
CausalPFN-C,64,1.1917882072217658,1.8813164758732748,1.0560877146944654,75,0,0,0,0.9999026881928894,6,IHDP,19.108927345057275,21.143731234158523,15.1,/scratch/furkanbd/rc_dens_uni/cpfn1d/IHDP/IHDP_r064.npz
CausalPFN-C,65,1.348079182772707,2.033880773571278,0.9252151788634,75,0,0,0,0.9999831920399037,33,IHDP,8.272735805167144,10.924239119903056,9.4,/scratch/furkanbd/rc_dens_uni/cpfn1d/IHDP/IHDP_r065.npz
CausalPFN-C,66,1.4495577788978118,1.7965793443848126,1.0481659837429511,75,0,0,0,0.9999944158999592,3,IHDP,4.838796769870725,7.165216829075695,14.9,/scratch/furkanbd/rc_dens_uni/cpfn1d/IHDP/IHDP_r066.npz
CausalPFN-C,67,2.033505613198351,2.3958699024900896,1.4297634501059253,75,0,0,0,0.999851722434381,8,IHDP,69.24911633643855,57.820479453751446,18.9,/scratch/furkanbd/rc_dens_uni/cpfn1d/IHDP/IHDP_r067.npz
CausalPFN-C,68,1.3675292332467415,2.0374773066537863,0.9527603575801673,75,0,0,0,0.9999927154483323,6,IHDP,6.032324166028565,7.9192209094164445,15.2,/scratch/furkanbd/rc_dens_uni/cpfn1d/IHDP/IHDP_r068.npz
CausalPFN-C,69,1.1793957319077806,1.7147753115462077,0.9708679144654753,75,0,0,0,0.9999962550533374,7,IHDP,3.526127153290335,6.526127153290335,14.5,/scratch/furkanbd/rc_dens_uni/cpfn1d/IHDP/IHDP_r069.npz
CausalPFN-C,70,1.248016083990625,2.0048899162172766,0.8952576417764724,75,0,0,0,0.9999524414200034,8,IHDP,18.592754390832035,20.482038062537065,14.8,/scratch/furkanbd/rc_dens_uni/cpfn1d/IHDP/IHDP_r070.npz
CausalPFN-C,71,1.3845743807069273,1.8115004050491237,0.9713435513653065,75,0,0,0,0.999991794501258,7,IHDP,3.194182893793416,6.497668780134154,14.5,/scratch/furkanbd/rc_dens_uni/cpfn1d/IHDP/IHDP_r071.npz
CausalPFN-C,72,1.0090232439333542,1.7120101573848683,0.9479299770019742,75,0,0,0,0.9999983947975819,32,IHDP,6.499617548266605,7.009274590804766,9.6,/scratch/furkanbd/rc_dens_uni/cpfn1d/IHDP/IHDP_r072.npz
CausalPFN-C,73,1.2478671818730758,1.967357614156922,0.9863413482088647,75,0,0,0,0.9999906253940836,15,IHDP,4.09640534138945,6.95765665241336,13.1,/scratch/furkanbd/rc_dens_uni/cpfn1d/IHDP/IHDP_r073.npz
CausalPFN-C,74,1.3266871971747942,2.014842457715798,0.969582159247037,75,0,0,0,0.999992859735505,9,IHDP,3.5252358161446598,6.44554588065982,14.1,/scratch/furkanbd/rc_dens_uni/cpfn1d/IHDP/IHDP_r074.npz
CausalPFN-C,75,0.7357809992829896,2.096177032095631,0.9479869648801049,75,0,0,0,0.9999668354832545,10,IHDP,24.556297415837136,20.840164008285967,15.6,/scratch/furkanbd/rc_dens_uni/cpfn1d/IHDP/IHDP_r075.npz
CausalPFN-C,76,1.4328037297437937,2.08988749047955,0.9732509752419911,75,0,0,0,0.999992236965381,6,IHDP,5.987802873892461,7.41416729317106,14.5,/scratch/furkanbd/rc_dens_uni/cpfn1d/IHDP/IHDP_r076.npz
CausalPFN-C,77,1.0875584278256898,1.8673157103882319,0.9024744546253414,75,0,0,0,0.9999979089192048,4,IHDP,4.776806587745986,6.798303573332015,15.8,/scratch/furkanbd/rc_dens_uni/cpfn1d/IHDP/IHDP_r077.npz
CausalPFN-C,78,1.3152427617020523,1.8707670631473543,0.9669481788484449,75,0,0,0,0.9999950360834978,13,IHDP,5.0004745759025795,7.27699157408936,13.5,/scratch/furkanbd/rc_dens_uni/cpfn1d/IHDP/IHDP_r078.npz
CausalPFN-C,79,1.45865680873376,1.9508355665199717,1.0596471855271987,75,0,0,0,0.999996823539702,9,IHDP,4.14937633444389,6.743396949618861,13.9,/scratch/furkanbd/rc_dens_uni/cpfn1d/IHDP/IHDP_r079.npz
CausalPFN-C,80,1.8520755082253175,2.194140574692135,1.344933221793517,75,0,0,0,0.9999217984511788,6,IHDP,82.33063972200077,79.29189795720723,19.7,/scratch/furkanbd/rc_dens_uni/cpfn1d/IHDP/IHDP_r080.npz
CausalPFN-C,81,1.0919787789015856,1.831805956230104,1.0754919700638168,75,0,0,0,0.9999384516555909,5,IHDP,42.003516353514804,39.2584911343093,17.6,/scratch/furkanbd/rc_dens_uni/cpfn1d/IHDP/IHDP_r081.npz
CausalPFN-C,82,1.0231038345542474,2.128086763623885,0.8981163554889158,75,0,0,0,0.9999883787656043,18,IHDP,19.058329974842035,14.677186141152465,13.4,/scratch/furkanbd/rc_dens_uni/cpfn1d/IHDP/IHDP_r082.npz
CausalPFN-C,83,1.4900502102206166,2.145834599332589,1.3533552267348137,75,0,0,0,0.9997932053274075,6,IHDP,55.033911704857644,53.950941792007356,19.3,/scratch/furkanbd/rc_dens_uni/cpfn1d/IHDP/IHDP_r083.npz
CausalPFN-C,84,2.0873565614613185,2.097075783948963,1.5426230547391007,75,0,0,0,0.9999072472107137,4,IHDP,58.57801027401966,55.50767411990434,19.4,/scratch/furkanbd/rc_dens_uni/cpfn1d/IHDP/IHDP_r084.npz
CausalPFN-C,85,1.7001758150420034,2.2112256449489056,1.2964500993699244,75,0,0,0,0.9999409242961039,7,IHDP,53.4260240898451,51.398957004163904,18.6,/scratch/furkanbd/rc_dens_uni/cpfn1d/IHDP/IHDP_r085.npz
CausalPFN-C,86,1.5360650312619646,1.9440579329115852,1.060801116331569,75,0,0,0,0.9999707290728689,11,IHDP,11.00597321726109,13.14010137951221,13.7,/scratch/furkanbd/rc_dens_uni/cpfn1d/IHDP/IHDP_r086.npz
CausalPFN-C,87,1.535366403149807,1.861477322739694,0.996546019071878,75,0,0,0,0.9999902693134246,4,IHDP,3.226446476197262,6.565105537043548,14.8,/scratch/furkanbd/rc_dens_uni/cpfn1d/IHDP/IHDP_r087.npz
CausalPFN-C,88,1.1695684967862308,1.6011767943097721,0.9874232118317712,75,0,0,0,0.9999835620655024,5,IHDP,7.918391764904252,9.98633100458805,14.7,/scratch/furkanbd/rc_dens_uni/cpfn1d/IHDP/IHDP_r088.npz
CausalPFN-C,89,1.2032962053619336,1.8299181636653779,1.0725181302527553,75,0,0,0,0.9999935819328599,27,IHDP,9.680509236277825,8.473529409097974,9.8,/scratch/furkanbd/rc_dens_uni/cpfn1d/IHDP/IHDP_r089.npz
CausalPFN-C,90,1.6513804755196213,1.7151942562673814,1.0623516775650823,75,0,0,0,0.9999812863354105,4,IHDP,3.7647194372736985,7.186122981355733,15.2,/scratch/furkanbd/rc_dens_uni/cpfn1d/IHDP/IHDP_r090.npz
CausalPFN-C,91,1.1494696167639669,1.8417586128150232,0.9407656783572611,75,0,0,0,0.9999872939346008,9,IHDP,9.85543474128624,11.55303955239596,13.9,/scratch/furkanbd/rc_dens_uni/cpfn1d/IHDP/IHDP_r091.npz
CausalPFN-C,92,1.5201863207123723,1.9747925677090272,1.1897873582153569,75,0,0,0,0.9999192238682044,6,IHDP,41.40982964435481,40.14425098096209,18.1,/scratch/furkanbd/rc_dens_uni/cpfn1d/IHDP/IHDP_r092.npz
CausalPFN-C,93,1.2560568774473437,1.9931801189588316,0.9238254201300851,75,0,0,0,0.9999987546089348,20,IHDP,6.535639692021725,7.9499300327058755,13.6,/scratch/furkanbd/rc_dens_uni/cpfn1d/IHDP/IHDP_r093.npz
CausalPFN-C,94,0.926564593494824,2.093024517592747,0.8736534928403388,75,0,0,0,0.9999880225452857,45,IHDP,9.741897553193485,9.126418936734414,7.0,/scratch/furkanbd/rc_dens_uni/cpfn1d/IHDP/IHDP_r094.npz
CausalPFN-C,95,1.1924809045656488,1.7377706578232603,0.9973442988563037,75,0,0,0,0.999983938768569,41,IHDP,11.704108385494246,11.533879036432856,6.6,/scratch/furkanbd/rc_dens_uni/cpfn1d/IHDP/IHDP_r095.npz
CausalPFN-C,96,1.1541901378516577,1.924153146110688,0.9717086895193159,75,0,0,0,0.999991873750156,17,IHDP,7.445314870891185,9.652941216442315,12.9,/scratch/furkanbd/rc_dens_uni/cpfn1d/IHDP/IHDP_r096.npz
CausalPFN-C,97,1.745263223551657,2.3777646592333928,1.208242379601585,75,0,0,0,0.9999138921134294,12,IHDP,46.079494616513465,47.26036180047803,19.2,/scratch/furkanbd/rc_dens_uni/cpfn1d/IHDP/IHDP_r097.npz
CausalPFN-C,98,0.953731359402451,2.0195629982996044,0.8178940755331703,75,0,0,0,0.999972058613076,14,IHDP,12.691120810399696,12.125094443824505,13.3,/scratch/furkanbd/rc_dens_uni/cpfn1d/IHDP/IHDP_r098.npz
CausalPFN-C,99,1.014720527661913,2.245828049467309,0.8447170797172341,75,0,0,0,0.9999340949489927,41,IHDP,13.161162124860224,11.954182297680374,8.6,/scratch/furkanbd/rc_dens_uni/cpfn1d/IHDP/IHDP_r099.npz
CausalPFN-C 2D,0,2.4382032173890535,1.8302628707679396,1.3763016386301121,75,0,0,0,0.9999848666665768,1,IHDP,4.482928345768412,7.558475046363377,41.4,/scratch/furkanbd/rc_nll2d/cpfn2d_pooled/IHDP/IHDP_r000.npz
CausalPFN-C 2D,1,2.5046745582023777,1.7720203150179628,1.3740118652230588,75,0,0,0,0.9999896793019774,0,IHDP,5.6876408479371,7.1476945138904,40.4,/scratch/furkanbd/rc_nll2d/cpfn2d_pooled/IHDP/IHDP_r001.npz
CausalPFN-C 2D,2,2.5785454866161523,2.0113576106475133,1.3863204734520416,75,0,0,0,0.99995611151191,2,IHDP,5.982596608156835,8.910845891520264,41.1,/scratch/furkanbd/rc_nll2d/cpfn2d_pooled/IHDP/IHDP_r002.npz
CausalPFN-C 2D,3,2.7795757190508716,1.987883714784717,1.5480639711203055,75,0,0,0,0.9999881224734987,1,IHDP,10.202826892337319,9.42862234707078,41.3,/scratch/furkanbd/rc_nll2d/cpfn2d_pooled/IHDP/IHDP_r003.npz
CausalPFN-C 2D,4,2.943081870441137,2.044687378172447,1.68649464872027,75,0,0,0,0.9999799819818145,0,IHDP,9.22287965410382,10.015755672831581,41.8,/scratch/furkanbd/rc_nll2d/cpfn2d_pooled/IHDP/IHDP_r004.npz
CausalPFN-C 2D,5,2.5555928842017765,2.0010380524629316,1.4086104261435675,75,0,0,0,0.9999570600114902,0,IHDP,4.192778346699971,7.374118047268539,40.8,/scratch/furkanbd/rc_nll2d/cpfn2d_pooled/IHDP/IHDP_r005.npz
CausalPFN-C 2D,6,2.398065319817681,1.924111068987319,1.2785997894386498,75,0,0,0,0.9999757744491218,2,IHDP,3.5874437662357526,6.979083563190846,40.6,/scratch/furkanbd/rc_nll2d/cpfn2d_pooled/IHDP/IHDP_r006.npz
CausalPFN-C 2D,7,2.81807183281924,2.114594072659713,1.5466349000110986,75,0,0,0,0.9999714437996534,1,IHDP,7.197609165578344,9.915962872620254,41.9,/scratch/furkanbd/rc_nll2d/cpfn2d_pooled/IHDP/IHDP_r007.npz
CausalPFN-C 2D,8,6.506499241255658,3.7117183957296964,3.6302778708748784,75,0,0,0,0.9999466655918391,1,IHDP,131.94356029093427,127.8054783525917,42.6,/scratch/furkanbd/rc_nll2d/cpfn2d_pooled/IHDP/IHDP_r008.npz
CausalPFN-C 2D,9,4.458660473181651,2.646253986407776,2.5556460369395806,75,0,0,0,0.9999679157191876,0,IHDP,28.810266595793877,25.791203785768523,41.2,/scratch/furkanbd/rc_nll2d/cpfn2d_pooled/IHDP/IHDP_r009.npz
CausalPFN-C 2D,10,2.7745784083156293,1.9942965488763453,1.6146784489443538,75,0,0,0,0.9999834106251074,1,IHDP,5.77798863149796,9.230367231030339,42.1,/scratch/furkanbd/rc_nll2d/cpfn2d_pooled/IHDP/IHDP_r010.npz
CausalPFN-C 2D,11,3.5125057059134503,2.19968676758031,2.044913143038076,75,0,0,0,0.9999620874680494,0,IHDP,11.64006768626314,13.58580476609896,41.2,/scratch/furkanbd/rc_nll2d/cpfn2d_pooled/IHDP/IHDP_r011.npz
CausalPFN-C 2D,12,6.97046502276277,3.8813645956720393,3.8514125248786537,75,0,0,0,0.9999575996161421,0,IHDP,101.73665271474326,91.71426107613775,42.8,/scratch/furkanbd/rc_nll2d/cpfn2d_pooled/IHDP/IHDP_r012.npz
CausalPFN-C 2D,13,2.3930138988918075,1.9228832019735815,1.3284194363373514,75,0,0,0,0.9999918614669525,3,IHDP,4.236555926512995,6.921237478144855,42.0,/scratch/furkanbd/rc_nll2d/cpfn2d_pooled/IHDP/IHDP_r013.npz
CausalPFN-C 2D,14,2.8844356900916037,2.005221257340812,1.6448968704454865,75,0,0,0,0.9999835597894849,0,IHDP,7.40356767156333,9.93795165166367,41.2,/scratch/furkanbd/rc_nll2d/cpfn2d_pooled/IHDP/IHDP_r014.npz
CausalPFN-C 2D,15,2.7047135681697485,1.8990089409426176,1.5138132162378208,75,0,0,0,0.9999866372914359,0,IHDP,6.325261365396756,8.500444775492145,42.0,/scratch/furkanbd/rc_nll2d/cpfn2d_pooled/IHDP/IHDP_r015.npz
CausalPFN-C 2D,16,3.6833544605571173,2.1693728850166285,2.0440339411904325,75,0,0,0,0.999944153176734,0,IHDP,11.04031948402785,13.72999525903265,41.5,/scratch/furkanbd/rc_nll2d/cpfn2d_pooled/IHDP/IHDP_r016.npz
CausalPFN-C 2D,17,2.9943547641338553,2.0372039365869044,1.7764455474472607,75,0,0,0,0.9999706721171865,0,IHDP,11.089708246895265,13.280817533699635,42.0,/scratch/furkanbd/rc_nll2d/cpfn2d_pooled/IHDP/IHDP_r017.npz
CausalPFN-C 2D,18,3.1671819229389513,2.0622890712185122,1.8270873961336216,75,0,0,0,0.9999812063762927,0,IHDP,9.506368286423426,13.020077793907573,42.0,/scratch/furkanbd/rc_nll2d/cpfn2d_pooled/IHDP/IHDP_r018.npz
CausalPFN-C 2D,19,2.4487712463323565,1.954262101812742,1.3545629086425834,75,0,0,0,0.999984099749971,3,IHDP,6.06352880310614,8.89049584934196,40.8,/scratch/furkanbd/rc_nll2d/cpfn2d_pooled/IHDP/IHDP_r019.npz
CausalPFN-C 2D,20,4.627672438017402,2.695374593233313,2.6526194475323623,75,0,0,0,0.9999828751849531,0,IHDP,21.99868395171069,21.05087298430901,39.9,/scratch/furkanbd/rc_nll2d/cpfn2d_pooled/IHDP/IHDP_r020.npz
CausalPFN-C 2D,21,2.664835474575436,1.9701983187836098,1.43783487598553,75,0,0,0,0.9999866143045909,0,IHDP,5.4432128741992,8.15850781068051,42.5,/scratch/furkanbd/rc_nll2d/cpfn2d_pooled/IHDP/IHDP_r021.npz
CausalPFN-C 2D,22,2.966257539308819,2.0299789515266067,1.7458545551844118,75,0,0,0,0.9999814388196597,1,IHDP,8.392273971576008,10.36860961280099,41.9,/scratch/furkanbd/rc_nll2d/cpfn2d_pooled/IHDP/IHDP_r022.npz
CausalPFN-C 2D,23,4.01536350478683,2.3667197519092005,2.2820331346954594,75,0,0,0,0.9999694154344655,0,IHDP,23.11250486267872,23.42620249366618,43.3,/scratch/furkanbd/rc_nll2d/cpfn2d_pooled/IHDP/IHDP_r023.npz
CausalPFN-C 2D,24,3.209683013204801,2.0945188473178717,1.843553099702867,75,0,0,0,0.9999635733000021,0,IHDP,15.483072675528668,17.958893409671028,41.6,/scratch/furkanbd/rc_nll2d/cpfn2d_pooled/IHDP/IHDP_r024.npz
CausalPFN-C 2D,25,5.691780483405311,3.2459536733812007,3.2131868518441307,75,0,0,0,0.9999836425177263,0,IHDP,39.623725308854254,35.62870207221385,39.3,/scratch/furkanbd/rc_nll2d/cpfn2d_pooled/IHDP/IHDP_r025.npz
CausalPFN-C 2D,26,2.739839830885558,1.9655563976522157,1.4365810194500854,75,0,0,0,0.9999856322980858,2,IHDP,7.28121351335893,8.91180565023697,41.3,/scratch/furkanbd/rc_nll2d/cpfn2d_pooled/IHDP/IHDP_r026.npz
CausalPFN-C 2D,27,7.4135065226195005,4.1211201078658055,4.09195495441192,75,0,0,0,0.9999144616642088,0,IHDP,174.31892360517375,171.23128232682225,42.5,/scratch/furkanbd/rc_nll2d/cpfn2d_pooled/IHDP/IHDP_r027.npz
CausalPFN-C 2D,28,3.1296908160153434,1.9750353892131194,1.8091334962469823,75,0,0,0,0.9999738333881907,0,IHDP,9.12577496147626,11.01267170486414,41.5,/scratch/furkanbd/rc_nll2d/cpfn2d_pooled/IHDP/IHDP_r028.npz
CausalPFN-C 2D,29,2.9986285173386706,2.009252440248385,1.7601512644173807,75,0,0,0,0.9999811485733892,0,IHDP,7.5389127395491204,9.81401580180618,40.9,/scratch/furkanbd/rc_nll2d/cpfn2d_pooled/IHDP/IHDP_r029.npz
CausalPFN-C 2D,30,3.0886761143401147,2.009756655244354,1.753954055849561,75,0,0,0,0.999970710869639,0,IHDP,11.704849626708262,14.755789855739737,42.5,/scratch/furkanbd/rc_nll2d/cpfn2d_pooled/IHDP/IHDP_r030.npz
CausalPFN-C 2D,31,2.522908258841175,1.9848885021586093,1.3316026789319833,75,0,0,0,0.9999884714311538,4,IHDP,5.38835681722081,7.162815888728339,41.6,/scratch/furkanbd/rc_nll2d/cpfn2d_pooled/IHDP/IHDP_r031.npz
CausalPFN-C 2D,32,3.1072993703844025,2.0490408064961794,1.8292584440408524,75,0,0,0,0.9999841484526947,0,IHDP,10.670161371808721,13.63375115087048,41.0,/scratch/furkanbd/rc_nll2d/cpfn2d_pooled/IHDP/IHDP_r032.npz
CausalPFN-C 2D,33,7.168474652343254,3.9809153526729166,3.957525811371979,75,0,0,0,0.9999868036803867,0,IHDP,122.07897632363135,118.58298181465766,42.5,/scratch/furkanbd/rc_nll2d/cpfn2d_pooled/IHDP/IHDP_r033.npz
CausalPFN-C 2D,34,3.843407992109562,2.295814803176433,2.213243781066157,75,0,0,0,0.9999752603955305,0,IHDP,19.699934860731368,18.94924827196293,41.1,/scratch/furkanbd/rc_nll2d/cpfn2d_pooled/IHDP/IHDP_r034.npz
CausalPFN-C 2D,35,3.8440843202550656,2.304085370596607,2.2052736091854546,75,0,0,0,0.9999714314147087,0,IHDP,20.29193902335215,16.54522734072475,41.1,/scratch/furkanbd/rc_nll2d/cpfn2d_pooled/IHDP/IHDP_r035.npz
CausalPFN-C 2D,36,4.671385822474893,2.7547786397240617,2.695974840396935,75,0,0,0,0.9999818967007085,0,IHDP,38.801805945215854,31.79025013081945,41.5,/scratch/furkanbd/rc_nll2d/cpfn2d_pooled/IHDP/IHDP_r036.npz
CausalPFN-C 2D,37,2.8227782088014277,1.9043538285936188,1.6257919139558878,75,0,0,0,0.9999865854395145,0,IHDP,8.095747679215794,10.579981766873804,40.8,/scratch/furkanbd/rc_nll2d/cpfn2d_pooled/IHDP/IHDP_r037.npz
CausalPFN-C 2D,38,4.738116278503024,2.7195737566584484,2.630965635664151,75,0,0,0,0.9999555507819945,0,IHDP,35.26156302873045,31.44767559417724,43.0,/scratch/furkanbd/rc_nll2d/cpfn2d_pooled/IHDP/IHDP_r038.npz
CausalPFN-C 2D,39,3.440237209437424,2.14916084218433,1.9610189232579454,75,0,0,0,0.9999731142971495,0,IHDP,11.79466633048628,14.09516407992382,41.4,/scratch/furkanbd/rc_nll2d/cpfn2d_pooled/IHDP/IHDP_r039.npz
CausalPFN-C 2D,40,2.6582387247834607,1.8823116793172512,1.4387203861122608,75,0,0,0,0.9999906499053015,0,IHDP,5.360365283486381,8.463802661021049,41.2,/scratch/furkanbd/rc_nll2d/cpfn2d_pooled/IHDP/IHDP_r040.npz
CausalPFN-C 2D,41,2.595280308646304,1.7978782251689638,1.3961262173671507,75,0,0,0,0.9999636117933824,0,IHDP,4.35874892371311,7.08370671468888,41.1,/scratch/furkanbd/rc_nll2d/cpfn2d_pooled/IHDP/IHDP_r041.npz
CausalPFN-C 2D,42,2.645382425674943,1.8697494674504993,1.5325368803332244,75,0,0,0,0.9999615496528986,0,IHDP,6.06264006845047,8.23014851156033,41.2,/scratch/furkanbd/rc_nll2d/cpfn2d_pooled/IHDP/IHDP_r042.npz
CausalPFN-C 2D,43,2.8417411350477297,2.0928095719352005,1.6775659647526344,75,0,0,0,0.9999843089689807,1,IHDP,12.549233432868444,10.336046840870956,42.5,/scratch/furkanbd/rc_nll2d/cpfn2d_pooled/IHDP/IHDP_r043.npz
CausalPFN-C 2D,44,3.566874783045449,2.1776401608778513,2.063459401849783,75,0,0,0,0.9999636672656007,0,IHDP,17.09187056856628,13.95923357510702,41.2,/scratch/furkanbd/rc_nll2d/cpfn2d_pooled/IHDP/IHDP_r044.npz
CausalPFN-C 2D,45,3.2900395821365267,2.1359612261980505,1.9746167362579636,75,0,0,0,0.999973954806318,0,IHDP,12.409748200494139,11.65378452783606,40.9,/scratch/furkanbd/rc_nll2d/cpfn2d_pooled/IHDP/IHDP_r045.npz
CausalPFN-C 2D,46,3.930028450572166,2.3600432154214124,2.2270830659603864,75,0,0,0,0.9999771772338438,0,IHDP,20.071544824178844,20.042175266613754,41.9,/scratch/furkanbd/rc_nll2d/cpfn2d_pooled/IHDP/IHDP_r046.npz
CausalPFN-C 2D,47,2.589898929144822,2.0751374880604305,1.4441085552914186,75,0,0,0,0.9999917843049139,4,IHDP,7.44049180154102,8.03946018451918,41.5,/scratch/furkanbd/rc_nll2d/cpfn2d_pooled/IHDP/IHDP_r047.npz
CausalPFN-C 2D,48,3.104192837047764,2.1000312293491312,1.8615177077378373,75,0,0,0,0.9999755561308153,0,IHDP,19.3861978441449,13.084172560076798,41.6,/scratch/furkanbd/rc_nll2d/cpfn2d_pooled/IHDP/IHDP_r048.npz
CausalPFN-C 2D,49,2.892604649587933,1.9853562859112805,1.6421175264215515,75,0,0,0,0.9999711092064105,0,IHDP,8.803189593074723,11.937175693287077,40.1,/scratch/furkanbd/rc_nll2d/cpfn2d_pooled/IHDP/IHDP_r049.npz
CausalPFN-C 2D,50,2.8424916380740846,1.9175132950094322,1.5753482740042344,75,0,0,0,0.9999818553286559,0,IHDP,7.719710035901746,8.620972195596156,41.0,/scratch/furkanbd/rc_nll2d/cpfn2d_pooled/IHDP/IHDP_r050.npz
CausalPFN-C 2D,51,3.0284842980021156,2.017323987374957,1.7941239478015991,75,0,0,0,0.9999721731096214,0,IHDP,14.12036870554089,12.94510549324401,42.3,/scratch/furkanbd/rc_nll2d/cpfn2d_pooled/IHDP/IHDP_r051.npz
CausalPFN-C 2D,52,5.298842626208268,3.016403535175275,3.0022882372761237,75,0,0,0,0.9999754820167535,0,IHDP,32.96891211678445,33.660720868999945,42.5,/scratch/furkanbd/rc_nll2d/cpfn2d_pooled/IHDP/IHDP_r052.npz
CausalPFN-C 2D,53,4.306261680567737,2.511797960396251,2.4478326352316726,75,0,0,0,0.9999817603456773,0,IHDP,19.651072186906358,21.12457314116514,41.7,/scratch/furkanbd/rc_nll2d/cpfn2d_pooled/IHDP/IHDP_r053.npz
CausalPFN-C 2D,54,2.741460979269934,1.895626731462512,1.4007440874956,75,0,0,0,0.9999885922773153,0,IHDP,5.308063286901589,8.327706650812901,41.1,/scratch/furkanbd/rc_nll2d/cpfn2d_pooled/IHDP/IHDP_r054.npz
CausalPFN-C 2D,55,2.371541563138248,1.8658951266615342,1.2741727975759103,75,0,0,0,0.9999932993890932,2,IHDP,3.3933156550404515,6.875880003072828,41.3,/scratch/furkanbd/rc_nll2d/cpfn2d_pooled/IHDP/IHDP_r055.npz
CausalPFN-C 2D,56,2.4734085139571818,2.0222975179492817,1.437007253474378,75,0,0,0,0.9999975784911359,1,IHDP,4.503180714572345,7.3022984309265855,41.0,/scratch/furkanbd/rc_nll2d/cpfn2d_pooled/IHDP/IHDP_r056.npz
CausalPFN-C 2D,57,2.9721774588014,1.9601580983170466,1.7745418404718287,75,0,0,0,0.9999725351807979,0,IHDP,13.286879789490154,12.007387088345045,42.1,/scratch/furkanbd/rc_nll2d/cpfn2d_pooled/IHDP/IHDP_r057.npz
CausalPFN-C 2D,58,2.718325792322769,2.034181269086508,1.4438552502206767,75,0,0,0,0.9999842458246655,3,IHDP,5.056788249372825,7.847965424488025,42.2,/scratch/furkanbd/rc_nll2d/cpfn2d_pooled/IHDP/IHDP_r058.npz
CausalPFN-C 2D,59,4.968350620425608,2.91137862402623,2.86963896616131,75,0,0,0,0.9999770906253111,0,IHDP,36.42025216495997,31.778512424023326,40.6,/scratch/furkanbd/rc_nll2d/cpfn2d_pooled/IHDP/IHDP_r059.npz
CausalPFN-C 2D,60,2.5532006326999537,1.8517824023612752,1.374899203734475,75,0,0,0,0.9999892594852925,1,IHDP,4.79989993692065,7.2664012279817,41.4,/scratch/furkanbd/rc_nll2d/cpfn2d_pooled/IHDP/IHDP_r060.npz
CausalPFN-C 2D,61,2.7383887459327796,2.02215461082725,1.553129424811351,75,0,0,0,0.9999874753861004,1,IHDP,6.170015388205205,8.798789767161795,40.9,/scratch/furkanbd/rc_nll2d/cpfn2d_pooled/IHDP/IHDP_r061.npz
CausalPFN-C 2D,62,3.0125734456157356,1.9859001748017049,1.6939436784983655,75,0,0,0,0.9999777469235116,0,IHDP,9.981283229287449,13.094174990384051,41.8,/scratch/furkanbd/rc_nll2d/cpfn2d_pooled/IHDP/IHDP_r062.npz
CausalPFN-C 2D,63,2.7197799529639677,1.9819508385219369,1.640016464893283,75,0,0,0,0.9999340272493091,0,IHDP,12.544210806511314,14.027191398000484,42.8,/scratch/furkanbd/rc_nll2d/cpfn2d_pooled/IHDP/IHDP_r063.npz
CausalPFN-C 2D,64,3.6645308641828893,2.23692124999296,2.036394324263793,75,0,0,0,0.9999747316974246,0,IHDP,19.108927345057275,21.143731234158523,42.5,/scratch/furkanbd/rc_nll2d/cpfn2d_pooled/IHDP/IHDP_r064.npz
CausalPFN-C 2D,65,2.9019874501169087,2.038561797658906,1.5323432348755208,75,0,0,0,0.9999638234733531,2,IHDP,8.272735805167144,10.924239119903056,41.9,/scratch/furkanbd/rc_nll2d/cpfn2d_pooled/IHDP/IHDP_r065.npz
CausalPFN-C 2D,66,2.5897197547635464,1.9179829645972204,1.3482612902622102,75,0,0,0,0.9999960146766477,0,IHDP,4.838796769870725,7.165216829075695,42.3,/scratch/furkanbd/rc_nll2d/cpfn2d_pooled/IHDP/IHDP_r066.npz
CausalPFN-C 2D,67,6.251634361231751,3.5082195307573065,3.493790284794743,75,0,0,0,0.9999741900615142,0,IHDP,69.24911633643855,57.820479453751446,42.7,/scratch/furkanbd/rc_nll2d/cpfn2d_pooled/IHDP/IHDP_r067.npz
CausalPFN-C 2D,68,2.5515338606840774,1.9981263321747376,1.407374437175584,75,0,0,0,0.9999830031927716,3,IHDP,6.032324166028565,7.9192209094164445,42.5,/scratch/furkanbd/rc_nll2d/cpfn2d_pooled/IHDP/IHDP_r068.npz
CausalPFN-C 2D,69,2.387868169902405,1.7841367177013212,1.3151436941534387,75,0,0,0,0.999997080362729,2,IHDP,3.526127153290335,6.526127153290335,41.9,/scratch/furkanbd/rc_nll2d/cpfn2d_pooled/IHDP/IHDP_r069.npz
CausalPFN-C 2D,70,4.552144154902383,2.6248730969980625,2.5510042680641405,75,0,0,0,0.9999659763546053,0,IHDP,18.592754390832035,20.482038062537065,41.6,/scratch/furkanbd/rc_nll2d/cpfn2d_pooled/IHDP/IHDP_r070.npz
CausalPFN-C 2D,71,2.513665278950122,1.8262445629943045,1.287584480478407,75,0,0,0,0.9999935014513598,1,IHDP,3.194182893793416,6.497668780134154,41.9,/scratch/furkanbd/rc_nll2d/cpfn2d_pooled/IHDP/IHDP_r071.npz
CausalPFN-C 2D,72,2.3898019171938047,1.8436690776372453,1.396740498280588,75,0,0,0,0.9999908435179642,2,IHDP,6.499617548266605,7.009274590804766,40.9,/scratch/furkanbd/rc_nll2d/cpfn2d_pooled/IHDP/IHDP_r072.npz
CausalPFN-C 2D,73,2.411084275961226,1.949404776655132,1.3236909779525354,75,0,0,0,0.9999944318635829,4,IHDP,4.09640534138945,6.95765665241336,41.4,/scratch/furkanbd/rc_nll2d/cpfn2d_pooled/IHDP/IHDP_r073.npz
CausalPFN-C 2D,74,2.469886045327277,1.9906790705293553,1.2885939056547222,75,0,0,0,0.9999964819267502,3,IHDP,3.5252358161446598,6.44554588065982,40.8,/scratch/furkanbd/rc_nll2d/cpfn2d_pooled/IHDP/IHDP_r074.npz
CausalPFN-C 2D,75,4.049915891163104,2.4068494584505546,2.309197114039576,75,0,0,0,0.9999685836293645,0,IHDP,24.556297415837136,20.840164008285967,42.0,/scratch/furkanbd/rc_nll2d/cpfn2d_pooled/IHDP/IHDP_r075.npz
CausalPFN-C 2D,76,2.4148555702799768,1.8591988250402407,1.3020524492255947,75,0,0,0,0.9999917762067967,3,IHDP,5.987802873892461,7.41416729317106,41.0,/scratch/furkanbd/rc_nll2d/cpfn2d_pooled/IHDP/IHDP_r076.npz
CausalPFN-C 2D,77,2.542860919633411,1.9010880886199797,1.4099660998071584,75,0,0,0,0.9999970759962387,2,IHDP,4.776806587745986,6.798303573332015,41.0,/scratch/furkanbd/rc_nll2d/cpfn2d_pooled/IHDP/IHDP_r077.npz
CausalPFN-C 2D,78,2.509824497124215,1.892357961401206,1.4089578024711666,75,0,0,0,0.9999967823247363,2,IHDP,5.0004745759025795,7.27699157408936,41.0,/scratch/furkanbd/rc_nll2d/cpfn2d_pooled/IHDP/IHDP_r078.npz
CausalPFN-C 2D,79,2.594716171355256,1.9494422779770093,1.3160777970415656,75,0,0,0,0.9999925388858633,1,IHDP,4.14937633444389,6.743396949618861,41.3,/scratch/furkanbd/rc_nll2d/cpfn2d_pooled/IHDP/IHDP_r079.npz
CausalPFN-C 2D,80,6.335683146156697,3.5738247006050763,3.5584575061289634,75,0,0,0,0.9999232747805712,0,IHDP,82.33063972200077,79.29189795720723,41.4,/scratch/furkanbd/rc_nll2d/cpfn2d_pooled/IHDP/IHDP_r080.npz
CausalPFN-C 2D,81,4.898631828475888,2.8240930343658768,2.7741167859693983,75,0,0,0,0.9999780238379794,0,IHDP,42.003516353514804,39.2584911343093,41.8,/scratch/furkanbd/rc_nll2d/cpfn2d_pooled/IHDP/IHDP_r081.npz
CausalPFN-C 2D,82,3.450456885485514,2.1388251973169177,1.956888175329186,75,0,0,0,0.9999699137470681,0,IHDP,19.058329974842035,14.677186141152465,41.1,/scratch/furkanbd/rc_nll2d/cpfn2d_pooled/IHDP/IHDP_r082.npz
CausalPFN-C 2D,83,5.494879757277966,3.0972196999664225,3.0387999032980844,75,0,0,0,0.9999725931133951,0,IHDP,55.033911704857644,53.950941792007356,42.0,/scratch/furkanbd/rc_nll2d/cpfn2d_pooled/IHDP/IHDP_r083.npz
CausalPFN-C 2D,84,6.474276479037658,3.58103421826004,3.564552230073362,75,0,0,0,0.9999502227075062,0,IHDP,58.57801027401966,55.50767411990434,40.7,/scratch/furkanbd/rc_nll2d/cpfn2d_pooled/IHDP/IHDP_r084.npz
CausalPFN-C 2D,85,5.723531348536846,3.277210495676359,3.235545949368968,75,0,0,0,0.9999797608346438,0,IHDP,53.4260240898451,51.398957004163904,41.2,/scratch/furkanbd/rc_nll2d/cpfn2d_pooled/IHDP/IHDP_r085.npz
CausalPFN-C 2D,86,3.132578844610587,1.9353857921258133,1.6990596101749305,75,0,0,0,0.9999598250790035,0,IHDP,11.00597321726109,13.14010137951221,41.0,/scratch/furkanbd/rc_nll2d/cpfn2d_pooled/IHDP/IHDP_r086.npz
CausalPFN-C 2D,87,2.672818832857779,1.8685484861920902,1.2877451939506885,75,0,0,0,0.9999925562326147,2,IHDP,3.226446476197262,6.565105537043548,41.5,/scratch/furkanbd/rc_nll2d/cpfn2d_pooled/IHDP/IHDP_r087.npz
CausalPFN-C 2D,88,3.0054470223427803,1.9542477919935568,1.7856675197059095,75,0,0,0,0.9999734082968793,0,IHDP,7.918391764904252,9.98633100458805,42.0,/scratch/furkanbd/rc_nll2d/cpfn2d_pooled/IHDP/IHDP_r088.npz
CausalPFN-C 2D,89,2.7719177360922513,1.9623658224082055,1.4920816772303864,75,0,0,0,0.9999838593374728,1,IHDP,9.680509236277825,8.473529409097974,42.2,/scratch/furkanbd/rc_nll2d/cpfn2d_pooled/IHDP/IHDP_r089.npz
CausalPFN-C 2D,90,2.4494961497111154,1.8601584552323576,1.237786828994813,75,0,0,0,0.9999309475527798,1,IHDP,3.7647194372736985,7.186122981355733,41.0,/scratch/furkanbd/rc_nll2d/cpfn2d_pooled/IHDP/IHDP_r090.npz
CausalPFN-C 2D,91,3.1744038005934905,2.057877372322672,1.8086743001126575,75,0,0,0,0.9999755679333737,0,IHDP,9.85543474128624,11.55303955239596,41.8,/scratch/furkanbd/rc_nll2d/cpfn2d_pooled/IHDP/IHDP_r091.npz
CausalPFN-C 2D,92,5.744636910720377,3.2326918974962537,3.2108117194072574,75,0,0,0,0.9999484851281998,0,IHDP,41.40982964435481,40.14425098096209,41.5,/scratch/furkanbd/rc_nll2d/cpfn2d_pooled/IHDP/IHDP_r092.npz
CausalPFN-C 2D,93,2.454420381441093,1.9414767233299468,1.3994644154402227,75,0,0,0,0.9999934019351737,4,IHDP,6.535639692021725,7.9499300327058755,41.8,/scratch/furkanbd/rc_nll2d/cpfn2d_pooled/IHDP/IHDP_r093.npz
CausalPFN-C 2D,94,2.6849903186723143,1.9574433073783144,1.4670125797173723,75,0,0,0,0.9999797244446694,2,IHDP,9.741897553193485,9.126418936734414,42.5,/scratch/furkanbd/rc_nll2d/cpfn2d_pooled/IHDP/IHDP_r094.npz
CausalPFN-C 2D,95,2.9485323140771005,1.9853094726195029,1.6236147759001733,75,0,0,0,0.9999873446864148,2,IHDP,11.704108385494246,11.533879036432856,42.3,/scratch/furkanbd/rc_nll2d/cpfn2d_pooled/IHDP/IHDP_r095.npz
CausalPFN-C 2D,96,2.938473782554151,2.023910133499725,1.6544233871734284,75,0,0,0,0.9999887108308696,0,IHDP,7.445314870891185,9.652941216442315,41.7,/scratch/furkanbd/rc_nll2d/cpfn2d_pooled/IHDP/IHDP_r096.npz
CausalPFN-C 2D,97,5.331124460365895,2.9715388564738396,2.915411628211631,75,0,0,0,0.9999773286538792,0,IHDP,46.079494616513465,47.26036180047803,43.0,/scratch/furkanbd/rc_nll2d/cpfn2d_pooled/IHDP/IHDP_r097.npz
CausalPFN-C 2D,98,3.3446849850527123,2.1445023603607205,1.9206289599531372,75,0,0,0,0.999972868550005,0,IHDP,12.691120810399696,12.125094443824505,41.5,/scratch/furkanbd/rc_nll2d/cpfn2d_pooled/IHDP/IHDP_r098.npz
CausalPFN-C 2D,99,2.7752474560765434,2.0515059895252814,1.6176308020441996,75,0,0,0,0.9999874552035741,2,IHDP,13.161162124860224,11.954182297680374,43.8,/scratch/furkanbd/rc_nll2d/cpfn2d_pooled/IHDP/IHDP_r099.npz
