model,realization,L_y0y1,L_tau,L_ate,Q,n_nonfinite_y0y1,n_nonfinite_tau,nonfinite_ate,tau_grid_mass_min,dataset,working_shift,working_scale,seconds,dump
Do-PFN,0,3.3148964420378393,2.171172472777821,1.8976895729088308,75,0,0,0,0.9999410294503478,IHDP,4.482928345768412,7.558475046363377,88.1,/scratch/furkanbd/rc_dens_uni/dopfn_native/IHDP/r000.npz
Do-PFN,1,3.417984725387908,2.2440860272191285,1.9869725663489142,75,0,0,0,0.9998723283852036,IHDP,5.6876408479371,7.1476945138904,43.1,/scratch/furkanbd/rc_dens_uni/dopfn_native/IHDP/r001.npz
Do-PFN,2,3.7120593803376627,2.5408803258688346,2.0599644790478533,75,0,0,0,0.9999800188096486,IHDP,5.982596608156835,8.910845891520264,80.5,/scratch/furkanbd/rc_dens_uni/dopfn_native/IHDP/r002.npz
Do-PFN,3,4.113067147647988,2.473422011642551,2.135170391586751,75,0,0,0,0.9998545160439788,IHDP,10.202826892337319,9.42862234707078,53.7,/scratch/furkanbd/rc_dens_uni/dopfn_native/IHDP/r003.npz
Do-PFN,4,4.1290535215988715,2.518959151123054,2.2169624935106484,75,0,0,0,0.9999453815645437,IHDP,9.22287965410382,10.015755672831581,43.9,/scratch/furkanbd/rc_dens_uni/dopfn_native/IHDP/r004.npz
Do-PFN,5,3.491088312124899,2.390958879278676,2.0215066108186135,75,0,0,0,0.9997288326529694,IHDP,4.192778346699971,7.374118047268539,55.2,/scratch/furkanbd/rc_dens_uni/dopfn_native/IHDP/r005.npz
Do-PFN,6,2.741552063776874,2.1296314726179784,1.645702344726962,75,0,0,0,0.9999884118448233,IHDP,3.5874437662357526,6.979083563190846,47.0,/scratch/furkanbd/rc_dens_uni/dopfn_native/IHDP/r006.npz
Do-PFN,7,3.899376170891626,2.501027295642337,2.081057785989165,75,0,0,0,0.9999720121125445,IHDP,7.197609165578344,9.915962872620254,43.5,/scratch/furkanbd/rc_dens_uni/dopfn_native/IHDP/r007.npz
Do-PFN,8,7.837651250377413,4.4540050279948185,4.0193407737407565,75,0,0,0,0.999505231867578,IHDP,131.94356029093427,127.8054783525917,45.0,/scratch/furkanbd/rc_dens_uni/dopfn_native/IHDP/r008.npz
Do-PFN,9,5.674438834173736,3.362971846890047,2.989729885028207,75,0,0,0,0.9958811106587768,IHDP,28.810266595793877,25.791203785768523,46.9,/scratch/furkanbd/rc_dens_uni/dopfn_native/IHDP/r009.npz
Do-PFN,10,3.4408998955660546,2.1569996029203025,1.8766564399257626,75,0,0,0,0.9988339059647936,IHDP,5.77798863149796,9.230367231030339,96.7,/scratch/furkanbd/rc_dens_uni/dopfn_native/IHDP/r010.npz
Do-PFN,11,4.4223867365761835,2.6359984021709693,2.2893172406767093,75,0,0,0,0.9983204292519358,IHDP,11.64006768626314,13.58580476609896,48.0,/scratch/furkanbd/rc_dens_uni/dopfn_native/IHDP/r011.npz
Do-PFN,12,8.744114062310386,4.881581140422494,4.4945889095609015,75,0,0,0,0.9939551170118311,IHDP,101.73665271474326,91.71426107613775,49.4,/scratch/furkanbd/rc_dens_uni/dopfn_native/IHDP/r012.npz
Do-PFN,13,2.8350840368297487,2.0093324227099623,1.7498023811402152,75,0,0,0,0.9999784884589508,IHDP,4.236555926512995,6.921237478144855,63.6,/scratch/furkanbd/rc_dens_uni/dopfn_native/IHDP/r013.npz
Do-PFN,14,3.8094387385482142,2.3267885824185903,1.9927089575478487,75,0,0,0,0.998798859948932,IHDP,7.40356767156333,9.93795165166367,110.5,/scratch/furkanbd/rc_dens_uni/dopfn_native/IHDP/r014.npz
Do-PFN,15,3.818582633427627,2.331827206201141,2.0608740745959153,75,0,0,0,0.99998532281842,IHDP,6.325261365396756,8.500444775492145,148.9,/scratch/furkanbd/rc_dens_uni/dopfn_native/IHDP/r015.npz
Do-PFN,16,4.6109570645557705,2.7088962237389635,2.4032397058474393,75,0,0,0,0.9988662695766903,IHDP,11.04031948402785,13.72999525903265,51.0,/scratch/furkanbd/rc_dens_uni/dopfn_native/IHDP/r016.npz
Do-PFN,17,4.115207904143962,2.609367965876478,2.1596181835137216,75,0,0,0,0.9998646498414709,IHDP,11.089708246895265,13.280817533699635,39.3,/scratch/furkanbd/rc_dens_uni/dopfn_native/IHDP/r017.npz
Do-PFN,18,4.036803197924555,2.4485187717922097,2.159591755464618,75,0,0,0,0.8994402489516206,IHDP,9.506368286423426,13.020077793907573,46.4,/scratch/furkanbd/rc_dens_uni/dopfn_native/IHDP/r018.npz
Do-PFN,19,3.6687066951926113,2.338971332667168,2.014558059519504,75,0,0,0,0.9998555621153289,IHDP,6.06352880310614,8.89049584934196,42.8,/scratch/furkanbd/rc_dens_uni/dopfn_native/IHDP/r019.npz
Do-PFN,20,5.396019202805862,3.0952112454894527,2.9893338597696117,75,0,0,0,0.9701677604076175,IHDP,21.99868395171069,21.05087298430901,46.0,/scratch/furkanbd/rc_dens_uni/dopfn_native/IHDP/r020.npz
Do-PFN,21,3.7751324138713356,2.399172871160754,2.075723337551797,75,0,0,0,0.9993907774133431,IHDP,5.4432128741992,8.15850781068051,43.1,/scratch/furkanbd/rc_dens_uni/dopfn_native/IHDP/r021.npz
Do-PFN,22,4.133826619156559,2.4035727432593146,2.1085789291873174,75,0,0,0,0.9998533948550145,IHDP,8.392273971576008,10.36860961280099,92.5,/scratch/furkanbd/rc_dens_uni/dopfn_native/IHDP/r022.npz
Do-PFN,23,5.07947519535421,2.9314027519623913,2.732487427538585,75,0,0,0,0.9590790691436997,IHDP,23.11250486267872,23.42620249366618,54.2,/scratch/furkanbd/rc_dens_uni/dopfn_native/IHDP/r023.npz
Do-PFN,24,4.553135887120951,2.6485144658908797,2.219546172106581,75,0,0,0,0.998722690292109,IHDP,15.483072675528668,17.958893409671028,90.1,/scratch/furkanbd/rc_dens_uni/dopfn_native/IHDP/r024.npz
Do-PFN,25,6.97195536817444,3.895743076271266,3.658088844690841,75,0,0,0,0.9685247848606721,IHDP,39.623725308854254,35.62870207221385,40.5,/scratch/furkanbd/rc_dens_uni/dopfn_native/IHDP/r025.npz
Do-PFN,26,3.5138042452973277,2.2401201054593187,1.9759769026935528,75,0,0,0,0.9999278051464767,IHDP,7.28121351335893,8.91180565023697,60.6,/scratch/furkanbd/rc_dens_uni/dopfn_native/IHDP/r026.npz
Do-PFN,27,8.705982297680048,4.889751130416539,4.833087081012796,75,0,0,0,0.9908829251549613,IHDP,174.31892360517375,171.23128232682225,58.8,/scratch/furkanbd/rc_dens_uni/dopfn_native/IHDP/r027.npz
Do-PFN,28,4.022247311862474,2.4775403332807686,2.097140061401411,75,0,0,0,0.9985189704820416,IHDP,9.12577496147626,11.01267170486414,139.9,/scratch/furkanbd/rc_dens_uni/dopfn_native/IHDP/r028.npz
Do-PFN,29,4.147448355222908,2.493501467586941,2.183953837434212,75,0,0,0,0.9996883489789947,IHDP,7.5389127395491204,9.81401580180618,36.5,/scratch/furkanbd/rc_dens_uni/dopfn_native/IHDP/r029.npz
Do-PFN,30,4.701044834650537,2.726177050261749,2.3091501896944417,75,0,0,0,0.9999538964423133,IHDP,11.704849626708262,14.755789855739737,40.4,/scratch/furkanbd/rc_dens_uni/dopfn_native/IHDP/r030.npz
Do-PFN,31,2.8566147028354245,2.2019087681780127,1.7123008737360372,75,0,0,0,0.9999864595394518,IHDP,5.38835681722081,7.162815888728339,37.3,/scratch/furkanbd/rc_dens_uni/dopfn_native/IHDP/r031.npz
Do-PFN,32,4.242290281630943,2.5275866298472596,2.3046094799601984,75,0,0,0,0.999601474947962,IHDP,10.670161371808721,13.63375115087048,131.1,/scratch/furkanbd/rc_dens_uni/dopfn_native/IHDP/r032.npz
Do-PFN,33,8.498641949302757,4.771308538638249,4.53487659315942,75,0,0,0,0.994539772851433,IHDP,122.07897632363135,118.58298181465766,41.8,/scratch/furkanbd/rc_dens_uni/dopfn_native/IHDP/r033.npz
Do-PFN,34,4.8470646787647995,2.949654130127643,2.6376381833961853,75,0,0,0,0.9992118883783278,IHDP,19.699934860731368,18.94924827196293,38.9,/scratch/furkanbd/rc_dens_uni/dopfn_native/IHDP/r034.npz
Do-PFN,35,5.755645878374487,3.2299542176604437,3.007836829815578,75,0,0,0,0.9981628840668408,IHDP,20.29193902335215,16.54522734072475,37.7,/scratch/furkanbd/rc_dens_uni/dopfn_native/IHDP/r035.npz
Do-PFN,36,6.143292203389925,3.512559840985604,3.225632814814521,75,0,0,0,0.9817471166834935,IHDP,38.801805945215854,31.79025013081945,91.1,/scratch/furkanbd/rc_dens_uni/dopfn_native/IHDP/r036.npz
Do-PFN,37,3.7515817459529908,2.3632382629633186,1.943428685139551,75,0,0,0,0.9996301201380985,IHDP,8.095747679215794,10.579981766873804,69.3,/scratch/furkanbd/rc_dens_uni/dopfn_native/IHDP/r037.npz
Do-PFN,38,6.599832543471747,3.700496787542216,3.4247981071891904,75,0,0,0,0.9840828646821393,IHDP,35.26156302873045,31.44767559417724,37.1,/scratch/furkanbd/rc_dens_uni/dopfn_native/IHDP/r038.npz
Do-PFN,39,4.568897751225749,2.688960605211955,2.426977891584606,75,0,0,0,0.9874348441868023,IHDP,11.79466633048628,14.09516407992382,109.2,/scratch/furkanbd/rc_dens_uni/dopfn_native/IHDP/r039.npz
Do-PFN,40,4.096156290468926,2.303151958566553,2.045960969933481,75,0,0,0,0.9999786069287859,IHDP,5.360365283486381,8.463802661021049,37.2,/scratch/furkanbd/rc_dens_uni/dopfn_native/IHDP/r040.npz
Do-PFN,41,3.1411930398420935,2.1455493651190327,1.8948552041599953,75,0,0,0,0.9999583941866039,IHDP,4.35874892371311,7.08370671468888,62.1,/scratch/furkanbd/rc_dens_uni/dopfn_native/IHDP/r041.npz
Do-PFN,42,4.118433254669255,2.39808361817416,2.1974788214488026,75,0,0,0,0.9998899110841432,IHDP,6.06264006845047,8.23014851156033,37.5,/scratch/furkanbd/rc_dens_uni/dopfn_native/IHDP/r042.npz
Do-PFN,43,4.5028202007937015,2.688279850434,2.397392645161548,75,0,0,0,0.9998865876463822,IHDP,12.549233432868444,10.336046840870956,35.7,/scratch/furkanbd/rc_dens_uni/dopfn_native/IHDP/r043.npz
Do-PFN,44,4.575710938773682,2.7320970524315102,2.4699202773544444,75,0,0,0,0.9291345177127345,IHDP,17.09187056856628,13.95923357510702,40.4,/scratch/furkanbd/rc_dens_uni/dopfn_native/IHDP/r044.npz
Do-PFN,45,4.991436756601443,2.8024078367367142,2.5759364671648575,75,0,0,0,0.9996842623528877,IHDP,12.409748200494139,11.65378452783606,38.1,/scratch/furkanbd/rc_dens_uni/dopfn_native/IHDP/r045.npz
Do-PFN,46,5.564782838266273,3.2345018578384237,2.853267344472459,75,0,0,0,0.9939167393851747,IHDP,20.071544824178844,20.042175266613754,113.1,/scratch/furkanbd/rc_dens_uni/dopfn_native/IHDP/r046.npz
Do-PFN,47,3.2668148965486288,2.2975897955155484,1.8458885597946149,75,0,0,0,0.9999780833109096,IHDP,7.44049180154102,8.03946018451918,136.4,/scratch/furkanbd/rc_dens_uni/dopfn_native/IHDP/r047.npz
Do-PFN,48,4.963987560838859,2.9241989813743965,2.6614667727359764,75,0,0,0,0.9991198466080733,IHDP,19.3861978441449,13.084172560076798,101.4,/scratch/furkanbd/rc_dens_uni/dopfn_native/IHDP/r048.npz
Do-PFN,49,3.5737995515957355,2.3705763445409573,1.8908777407932922,75,0,0,0,0.99753869003306,IHDP,8.803189593074723,11.937175693287077,32.3,/scratch/furkanbd/rc_dens_uni/dopfn_native/IHDP/r049.npz
Do-PFN,50,4.086319256589633,2.5607690765560314,2.2780558683814207,75,0,0,0,0.9999597018216121,IHDP,7.719710035901746,8.620972195596156,35.0,/scratch/furkanbd/rc_dens_uni/dopfn_native/IHDP/r050.npz
Do-PFN,51,4.597283030607646,2.7874978373942154,2.442521767527054,75,0,0,0,0.9996800356564494,IHDP,14.12036870554089,12.94510549324401,34.7,/scratch/furkanbd/rc_dens_uni/dopfn_native/IHDP/r051.npz
Do-PFN,52,6.2047845931742645,3.6680468209597477,3.3160465977644624,75,0,0,0,0.9985114824801633,IHDP,32.96891211678445,33.660720868999945,35.4,/scratch/furkanbd/rc_dens_uni/dopfn_native/IHDP/r052.npz
Do-PFN,53,5.3213631399698205,3.0298870238356987,2.8279766375017528,75,0,0,0,0.9736300478903828,IHDP,19.651072186906358,21.12457314116514,81.2,/scratch/furkanbd/rc_dens_uni/dopfn_native/IHDP/r053.npz
Do-PFN,54,2.886327986934182,2.138231350363132,1.6337223464441635,75,0,0,0,0.9999497669981731,IHDP,5.308063286901589,8.327706650812901,39.1,/scratch/furkanbd/rc_dens_uni/dopfn_native/IHDP/r054.npz
Do-PFN,55,2.9320582474080585,2.2880042749107794,1.77658763084925,75,0,0,0,0.999944994955598,IHDP,3.3933156550404515,6.875880003072828,39.1,/scratch/furkanbd/rc_dens_uni/dopfn_native/IHDP/r055.npz
Do-PFN,56,3.332373551527729,2.2549218531303823,1.9708636867927003,75,0,0,0,0.9999413394200504,IHDP,4.503180714572345,7.3022984309265855,50.7,/scratch/furkanbd/rc_dens_uni/dopfn_native/IHDP/r056.npz
Do-PFN,57,4.948008516232114,2.832769140319097,2.6286935013756496,75,0,0,0,0.9993927553406733,IHDP,13.286879789490154,12.007387088345045,35.6,/scratch/furkanbd/rc_dens_uni/dopfn_native/IHDP/r057.npz
Do-PFN,58,3.4575075606770436,2.1612896766832193,1.889949766426934,75,0,0,0,0.9999475355752483,IHDP,5.056788249372825,7.847965424488025,42.3,/scratch/furkanbd/rc_dens_uni/dopfn_native/IHDP/r058.npz
Do-PFN,59,6.22631997498292,3.5352306252181194,3.2522711852572677,75,0,0,0,0.9727397295209408,IHDP,36.42025216495997,31.778512424023326,125.8,/scratch/furkanbd/rc_dens_uni/dopfn_native/IHDP/r059.npz
Do-PFN,60,3.417074707705007,2.1825027610711745,1.8948917889245587,75,0,0,0,0.9999874075152682,IHDP,4.79989993692065,7.2664012279817,39.6,/scratch/furkanbd/rc_dens_uni/dopfn_native/IHDP/r060.npz
Do-PFN,61,3.5246849704028214,2.2053513111659466,1.843606281309109,75,0,0,0,0.9977813289306928,IHDP,6.170015388205205,8.798789767161795,38.7,/scratch/furkanbd/rc_dens_uni/dopfn_native/IHDP/r061.npz
Do-PFN,62,4.265933059566846,2.5210671516747007,2.159827668282877,75,0,0,0,0.9987706257463242,IHDP,9.981283229287449,13.094174990384051,38.0,/scratch/furkanbd/rc_dens_uni/dopfn_native/IHDP/r062.npz
Do-PFN,63,3.667550335155185,2.3670867932416817,1.9886107940044995,75,0,0,0,0.9897709723404877,IHDP,12.544210806511314,14.027191398000484,42.6,/scratch/furkanbd/rc_dens_uni/dopfn_native/IHDP/r063.npz
Do-PFN,64,4.702882936005142,2.8047245397280296,2.546334248642683,75,0,0,0,0.9887299951790929,IHDP,19.108927345057275,21.143731234158523,45.9,/scratch/furkanbd/rc_dens_uni/dopfn_native/IHDP/r064.npz
Do-PFN,65,4.31986316282251,2.5207113129653034,2.15373398919312,75,0,0,0,0.9998815935330823,IHDP,8.272735805167144,10.924239119903056,109.9,/scratch/furkanbd/rc_dens_uni/dopfn_native/IHDP/r065.npz
Do-PFN,66,3.637620392822471,2.306589480736136,1.9610363775852984,75,0,0,0,0.9999815513456897,IHDP,4.838796769870725,7.165216829075695,121.1,/scratch/furkanbd/rc_dens_uni/dopfn_native/IHDP/r066.npz
Do-PFN,67,8.251406876316675,4.557086867987103,4.1300693027494955,75,0,0,0,0.9867630654651219,IHDP,69.24911633643855,57.820479453751446,38.0,/scratch/furkanbd/rc_dens_uni/dopfn_native/IHDP/r067.npz
Do-PFN,68,2.935436664529388,2.070247651274055,1.7105466519359134,75,0,0,0,0.9999684932294305,IHDP,6.032324166028565,7.9192209094164445,41.6,/scratch/furkanbd/rc_dens_uni/dopfn_native/IHDP/r068.npz
Do-PFN,69,2.719165196062893,1.9960603719736825,1.7119965829780521,75,0,0,0,0.9999718071815524,IHDP,3.526127153290335,6.526127153290335,42.5,/scratch/furkanbd/rc_dens_uni/dopfn_native/IHDP/r069.npz
Do-PFN,70,6.032065290803936,3.3573444284213583,3.1359497701973407,75,0,0,0,0.9839846340897168,IHDP,18.592754390832035,20.482038062537065,101.4,/scratch/furkanbd/rc_dens_uni/dopfn_native/IHDP/r070.npz
Do-PFN,71,2.6957286261703293,1.9711417310034374,1.6994724291097847,75,0,0,0,0.9999529714742755,IHDP,3.194182893793416,6.497668780134154,38.0,/scratch/furkanbd/rc_dens_uni/dopfn_native/IHDP/r071.npz
Do-PFN,72,3.476424171590588,2.328646794457871,2.1016728377172478,75,0,0,0,0.9999282167065094,IHDP,6.499617548266605,7.009274590804766,37.9,/scratch/furkanbd/rc_dens_uni/dopfn_native/IHDP/r072.npz
Do-PFN,73,2.931428866872786,2.207352590577362,1.7303541415268158,75,0,0,0,0.9999941216272771,IHDP,4.09640534138945,6.95765665241336,37.4,/scratch/furkanbd/rc_dens_uni/dopfn_native/IHDP/r073.npz
Do-PFN,74,2.7802056849404484,2.196377080243295,1.7540067794207412,75,0,0,0,0.9999561269639872,IHDP,3.5252358161446598,6.44554588065982,81.4,/scratch/furkanbd/rc_dens_uni/dopfn_native/IHDP/r074.npz
Do-PFN,75,5.489582599324912,3.092749436194454,2.777269174251349,75,0,0,0,0.9992355910597812,IHDP,24.556297415837136,20.840164008285967,109.3,/scratch/furkanbd/rc_dens_uni/dopfn_native/IHDP/r075.npz
Do-PFN,76,3.20458783092847,2.2680154037771696,1.836438030427644,75,0,0,0,0.9999801435184345,IHDP,5.987802873892461,7.41416729317106,118.8,/scratch/furkanbd/rc_dens_uni/dopfn_native/IHDP/r076.npz
Do-PFN,77,3.1949039765160525,2.1472616391909902,1.885781136791435,75,0,0,0,0.9997967246818155,IHDP,4.776806587745986,6.798303573332015,48.5,/scratch/furkanbd/rc_dens_uni/dopfn_native/IHDP/r077.npz
Do-PFN,78,3.5291082605994863,2.2751860597782874,1.9612728685085825,75,0,0,0,0.9999798373666697,IHDP,5.0004745759025795,7.27699157408936,41.3,/scratch/furkanbd/rc_dens_uni/dopfn_native/IHDP/r078.npz
Do-PFN,79,2.9455205362982255,1.9989495389263812,1.6893348855774248,75,0,0,0,0.9999548678796579,IHDP,4.14937633444389,6.743396949618861,37.1,/scratch/furkanbd/rc_dens_uni/dopfn_native/IHDP/r079.npz
Do-PFN,80,7.820594230593298,4.484863692539576,4.143372636114826,75,0,0,0,0.9983834649919318,IHDP,82.33063972200077,79.29189795720723,45.3,/scratch/furkanbd/rc_dens_uni/dopfn_native/IHDP/r080.npz
Do-PFN,81,5.77532497299858,3.344978347222762,3.067334994713088,75,0,0,0,0.9864312533905177,IHDP,42.003516353514804,39.2584911343093,39.2,/scratch/furkanbd/rc_dens_uni/dopfn_native/IHDP/r081.npz
Do-PFN,82,4.779602309051092,2.8506536411202967,2.4899583377186194,75,0,0,0,0.9989412663800159,IHDP,19.058329974842035,14.677186141152465,38.2,/scratch/furkanbd/rc_dens_uni/dopfn_native/IHDP/r082.npz
Do-PFN,83,6.186373195756136,3.605595535845623,3.3102173968054203,75,0,0,0,0.9806601900321176,IHDP,55.033911704857644,53.950941792007356,38.8,/scratch/furkanbd/rc_dens_uni/dopfn_native/IHDP/r083.npz
Do-PFN,84,7.006482717676196,3.9698397937686773,3.7676223466885395,75,0,0,0,0.9786864295367154,IHDP,58.57801027401966,55.50767411990434,37.6,/scratch/furkanbd/rc_dens_uni/dopfn_native/IHDP/r084.npz
Do-PFN,85,7.669387061025017,4.411080349315214,3.928893211086543,75,0,0,0,0.997696029037306,IHDP,53.4260240898451,51.398957004163904,95.3,/scratch/furkanbd/rc_dens_uni/dopfn_native/IHDP/r085.npz
Do-PFN,86,4.841771852342672,2.689262110132168,2.4773633087042217,75,0,0,0,0.9992016744394354,IHDP,11.00597321726109,13.14010137951221,38.1,/scratch/furkanbd/rc_dens_uni/dopfn_native/IHDP/r086.npz
Do-PFN,87,2.92342946753114,2.1460316293290522,1.8505596926774992,75,0,0,0,0.9999629135265,IHDP,3.226446476197262,6.565105537043548,41.0,/scratch/furkanbd/rc_dens_uni/dopfn_native/IHDP/r087.npz
Do-PFN,88,4.024604197674784,2.358465027380056,2.074779937157902,75,0,0,0,0.9979187191704084,IHDP,7.918391764904252,9.98633100458805,40.0,/scratch/furkanbd/rc_dens_uni/dopfn_native/IHDP/r088.npz
Do-PFN,89,4.348062167181537,2.5176809818996078,2.3318306874598824,75,0,0,0,0.9999431554670764,IHDP,9.680509236277825,8.473529409097974,36.4,/scratch/furkanbd/rc_dens_uni/dopfn_native/IHDP/r089.npz
Do-PFN,90,3.0984323072944426,2.1514474290961294,1.8795544822827575,75,0,0,0,0.9999923341780936,IHDP,3.7647194372736985,7.186122981355733,37.2,/scratch/furkanbd/rc_dens_uni/dopfn_native/IHDP/r090.npz
Do-PFN,91,4.3939060833143735,2.569848224260771,2.322203368202688,75,0,0,0,0.9991153962261407,IHDP,9.85543474128624,11.55303955239596,40.7,/scratch/furkanbd/rc_dens_uni/dopfn_native/IHDP/r091.npz
Do-PFN,92,7.175452153995306,4.009232883914419,3.7367996053980437,75,0,0,0,0.9820194927203236,IHDP,41.40982964435481,40.14425098096209,90.4,/scratch/furkanbd/rc_dens_uni/dopfn_native/IHDP/r092.npz
Do-PFN,93,3.738513400247155,2.3692678732401395,2.1055913341164807,75,0,0,0,0.9999173511277735,IHDP,6.535639692021725,7.9499300327058755,37.7,/scratch/furkanbd/rc_dens_uni/dopfn_native/IHDP/r093.npz
Do-PFN,94,3.663497406951197,2.385956573924119,2.0413353448023077,75,0,0,0,0.9999719835852656,IHDP,9.741897553193485,9.126418936734414,36.9,/scratch/furkanbd/rc_dens_uni/dopfn_native/IHDP/r094.npz
Do-PFN,95,3.999933687734365,2.4168241253755376,1.911358311061651,75,0,0,0,0.9997656511740515,IHDP,11.704108385494246,11.533879036432856,79.6,/scratch/furkanbd/rc_dens_uni/dopfn_native/IHDP/r095.npz
Do-PFN,96,4.049359764907094,2.438103771809374,2.1708026399107974,75,0,0,0,0.9999429980543738,IHDP,7.445314870891185,9.652941216442315,90.3,/scratch/furkanbd/rc_dens_uni/dopfn_native/IHDP/r096.npz
Do-PFN,97,6.789682633847668,3.9283228759030377,3.421875758046771,75,0,0,0,0.9994150760885033,IHDP,46.079494616513465,47.26036180047803,63.6,/scratch/furkanbd/rc_dens_uni/dopfn_native/IHDP/r097.npz
Do-PFN,98,4.394523459529443,2.553842559971135,2.2805988623103013,75,0,0,0,0.9315332905616485,IHDP,12.691120810399696,12.125094443824505,36.5,/scratch/furkanbd/rc_dens_uni/dopfn_native/IHDP/r098.npz
Do-PFN,99,4.512543238597105,2.7627109773766003,2.275707564201281,75,0,0,0,0.9997501900795888,IHDP,13.161162124860224,11.954182297680374,32.6,/scratch/furkanbd/rc_dens_uni/dopfn_native/IHDP/r099.npz
Do-PFN 2D,0,3.2858364844813273,2.0645100420473987,1.5332120304765577,75,0,0,0,0.9999758031123369,IHDP,4.482928345768412,7.558475046363377,21.5,/scratch/furkanbd/dumps_all/dopfn_repro_joint2d_262k_t1/rc/dopfn_native/IHDP/r000.npz
Do-PFN 2D,1,3.211896418785363,2.4041097794439796,1.2069492699806799,75,0,0,0,0.9998575954672217,IHDP,5.6876408479371,7.1476945138904,23.4,/scratch/furkanbd/dumps_all/dopfn_repro_joint2d_262k_t1/rc/dopfn_native/IHDP/r001.npz
Do-PFN 2D,2,3.514762092227948,2.708312612810954,1.7100617858541205,75,0,0,0,0.9996264626606673,IHDP,5.982596608156835,8.910845891520264,26.1,/scratch/furkanbd/dumps_all/dopfn_repro_joint2d_262k_t1/rc/dopfn_native/IHDP/r002.npz
Do-PFN 2D,3,3.92464600221059,2.428094239974248,1.4958920192429068,75,0,0,0,0.9998320589478054,IHDP,10.202826892337319,9.42862234707078,24.6,/scratch/furkanbd/dumps_all/dopfn_repro_joint2d_262k_t1/rc/dopfn_native/IHDP/r003.npz
Do-PFN 2D,4,5.154979044287728,4.148295511863164,3.9266914733798033,75,0,0,0,0.996510085955087,IHDP,9.22287965410382,10.015755672831581,23.1,/scratch/furkanbd/dumps_all/dopfn_repro_joint2d_262k_t1/rc/dopfn_native/IHDP/r004.npz
Do-PFN 2D,5,3.295312030657686,2.190596017751711,1.5909857391668714,75,0,0,0,0.9999033754896266,IHDP,4.192778346699971,7.374118047268539,24.8,/scratch/furkanbd/dumps_all/dopfn_repro_joint2d_262k_t1/rc/dopfn_native/IHDP/r005.npz
Do-PFN 2D,6,3.030848962913004,2.374168167687232,1.4771748678965169,75,0,0,0,0.9998717461631099,IHDP,3.5874437662357526,6.979083563190846,25.6,/scratch/furkanbd/dumps_all/dopfn_repro_joint2d_262k_t1/rc/dopfn_native/IHDP/r006.npz
Do-PFN 2D,7,3.9859934641293604,2.923160568547945,1.6863076955199165,75,0,0,0,0.9998890681435871,IHDP,7.197609165578344,9.915962872620254,25.5,/scratch/furkanbd/dumps_all/dopfn_repro_joint2d_262k_t1/rc/dopfn_native/IHDP/r007.npz
Do-PFN 2D,8,8.175655123294693,4.464082666568958,3.9456931080614965,75,0,0,0,0.9999769973141457,IHDP,131.94356029093427,127.8054783525917,24.5,/scratch/furkanbd/dumps_all/dopfn_repro_joint2d_262k_t1/rc/dopfn_native/IHDP/r008.npz
Do-PFN 2D,9,6.303637305687983,3.6777030407131366,2.617355451540311,75,0,0,0,0.9995209724727367,IHDP,28.810266595793877,25.791203785768523,25.5,/scratch/furkanbd/dumps_all/dopfn_repro_joint2d_262k_t1/rc/dopfn_native/IHDP/r009.npz
Do-PFN 2D,10,4.343518618304581,2.3431648819954556,2.1777938395803655,75,0,0,0,0.9982431851599333,IHDP,5.77798863149796,9.230367231030339,25.0,/scratch/furkanbd/dumps_all/dopfn_repro_joint2d_262k_t1/rc/dopfn_native/IHDP/r010.npz
Do-PFN 2D,11,5.06229715433496,2.956358118130495,2.3716357230097076,75,0,0,0,0.9986602917971144,IHDP,11.64006768626314,13.58580476609896,22.0,/scratch/furkanbd/dumps_all/dopfn_repro_joint2d_262k_t1/rc/dopfn_native/IHDP/r011.npz
Do-PFN 2D,12,8.88827192790067,4.864431213987189,4.4034940086321965,75,0,0,0,0.9953365468891909,IHDP,101.73665271474326,91.71426107613775,25.7,/scratch/furkanbd/dumps_all/dopfn_repro_joint2d_262k_t1/rc/dopfn_native/IHDP/r012.npz
Do-PFN 2D,13,3.201743857591246,2.133896950552767,1.453399437400613,75,0,0,0,0.9997172187676465,IHDP,4.236555926512995,6.921237478144855,25.0,/scratch/furkanbd/dumps_all/dopfn_repro_joint2d_262k_t1/rc/dopfn_native/IHDP/r013.npz
Do-PFN 2D,14,4.072104245123881,2.340356232139526,1.595519977228545,75,0,0,0,0.9998641683349074,IHDP,7.40356767156333,9.93795165166367,24.9,/scratch/furkanbd/dumps_all/dopfn_repro_joint2d_262k_t1/rc/dopfn_native/IHDP/r014.npz
Do-PFN 2D,15,3.9154053591113938,2.208698731896157,1.5823152593897203,75,0,0,0,0.9997707647621391,IHDP,6.325261365396756,8.500444775492145,26.6,/scratch/furkanbd/dumps_all/dopfn_repro_joint2d_262k_t1/rc/dopfn_native/IHDP/r015.npz
Do-PFN 2D,16,4.85656906149573,2.7121727677452143,2.2022678701505343,75,0,0,0,0.9990144131066698,IHDP,11.04031948402785,13.72999525903265,19.9,/scratch/furkanbd/dumps_all/dopfn_repro_joint2d_262k_t1/rc/dopfn_native/IHDP/r016.npz
Do-PFN 2D,17,4.140457808453446,2.5580184778741955,1.766564537397156,75,0,0,0,0.9999617370225571,IHDP,11.089708246895265,13.280817533699635,19.4,/scratch/furkanbd/dumps_all/dopfn_repro_joint2d_262k_t1/rc/dopfn_native/IHDP/r017.npz
Do-PFN 2D,18,4.438813693549419,2.556187404683681,2.068538199400559,75,0,0,0,0.9996718450492614,IHDP,9.506368286423426,13.020077793907573,18.8,/scratch/furkanbd/dumps_all/dopfn_repro_joint2d_262k_t1/rc/dopfn_native/IHDP/r018.npz
Do-PFN 2D,19,3.548682585081672,2.403643525868325,1.470416855879546,75,0,0,0,0.9998481510906858,IHDP,6.06352880310614,8.89049584934196,20.3,/scratch/furkanbd/dumps_all/dopfn_repro_joint2d_262k_t1/rc/dopfn_native/IHDP/r019.npz
Do-PFN 2D,20,6.555163357410864,3.50508545080025,3.1355856925983527,75,0,0,0,0.9930021679094362,IHDP,21.99868395171069,21.05087298430901,24.3,/scratch/furkanbd/dumps_all/dopfn_repro_joint2d_262k_t1/rc/dopfn_native/IHDP/r020.npz
Do-PFN 2D,21,3.2400767534357597,2.0495516699097895,1.5303745450201758,75,0,0,0,0.9999744693754961,IHDP,5.4432128741992,8.15850781068051,22.7,/scratch/furkanbd/dumps_all/dopfn_repro_joint2d_262k_t1/rc/dopfn_native/IHDP/r021.npz
Do-PFN 2D,22,4.74985081660246,2.569784380220592,1.962450281470604,75,0,0,0,0.9989534718760892,IHDP,8.392273971576008,10.36860961280099,23.6,/scratch/furkanbd/dumps_all/dopfn_repro_joint2d_262k_t1/rc/dopfn_native/IHDP/r022.npz
Do-PFN 2D,23,5.388630752009943,3.169910125877327,2.874152395846191,75,0,0,0,0.9999154035146036,IHDP,23.11250486267872,23.42620249366618,23.4,/scratch/furkanbd/dumps_all/dopfn_repro_joint2d_262k_t1/rc/dopfn_native/IHDP/r023.npz
Do-PFN 2D,24,4.374458830339723,2.5289922599865573,2.0760338436092414,75,0,0,0,0.9999662178622809,IHDP,15.483072675528668,17.958893409671028,21.8,/scratch/furkanbd/dumps_all/dopfn_repro_joint2d_262k_t1/rc/dopfn_native/IHDP/r024.npz
Do-PFN 2D,25,7.080033915539442,4.0659719809751795,3.994470638449311,75,0,0,0,0.999416466675749,IHDP,39.623725308854254,35.62870207221385,23.5,/scratch/furkanbd/dumps_all/dopfn_repro_joint2d_262k_t1/rc/dopfn_native/IHDP/r025.npz
Do-PFN 2D,26,4.3418777883705175,3.3763926661259323,3.109240507329674,75,0,0,0,0.998378537846966,IHDP,7.28121351335893,8.91180565023697,24.7,/scratch/furkanbd/dumps_all/dopfn_repro_joint2d_262k_t1/rc/dopfn_native/IHDP/r026.npz
Do-PFN 2D,27,9.323926258658123,4.968048148200476,4.576550353463729,75,0,0,0,0.9993822973492448,IHDP,174.31892360517375,171.23128232682225,23.1,/scratch/furkanbd/dumps_all/dopfn_repro_joint2d_262k_t1/rc/dopfn_native/IHDP/r027.npz
Do-PFN 2D,28,4.361067104871363,2.566875965412149,1.989025496592078,75,0,0,0,0.9995899090564426,IHDP,9.12577496147626,11.01267170486414,23.4,/scratch/furkanbd/dumps_all/dopfn_repro_joint2d_262k_t1/rc/dopfn_native/IHDP/r028.npz
Do-PFN 2D,29,4.435916232079982,2.3854614302078154,1.9379677954504073,75,0,0,0,0.9984524069202999,IHDP,7.5389127395491204,9.81401580180618,23.6,/scratch/furkanbd/dumps_all/dopfn_repro_joint2d_262k_t1/rc/dopfn_native/IHDP/r029.npz
Do-PFN 2D,30,4.80659309747372,2.8246273462496645,1.7250613960998993,75,0,0,0,0.9997842370003348,IHDP,11.704849626708262,14.755789855739737,24.3,/scratch/furkanbd/dumps_all/dopfn_repro_joint2d_262k_t1/rc/dopfn_native/IHDP/r030.npz
Do-PFN 2D,31,3.1343659752680177,2.4284617791808856,1.2308881554835849,75,0,0,0,0.9997426923038039,IHDP,5.38835681722081,7.162815888728339,24.5,/scratch/furkanbd/dumps_all/dopfn_repro_joint2d_262k_t1/rc/dopfn_native/IHDP/r031.npz
Do-PFN 2D,32,4.608737352561606,2.4408339691650793,1.9813539127438418,75,0,0,0,0.9993304135316241,IHDP,10.670161371808721,13.63375115087048,19.8,/scratch/furkanbd/dumps_all/dopfn_repro_joint2d_262k_t1/rc/dopfn_native/IHDP/r032.npz
Do-PFN 2D,33,9.039972290305014,4.78275338959753,4.2010002562267035,75,0,0,0,0.9995277082352606,IHDP,122.07897632363135,118.58298181465766,19.6,/scratch/furkanbd/dumps_all/dopfn_repro_joint2d_262k_t1/rc/dopfn_native/IHDP/r033.npz
Do-PFN 2D,34,5.951631439292625,3.5053142151630254,2.5967997204665116,75,0,0,0,0.9989667614422378,IHDP,19.699934860731368,18.94924827196293,19.9,/scratch/furkanbd/dumps_all/dopfn_repro_joint2d_262k_t1/rc/dopfn_native/IHDP/r034.npz
Do-PFN 2D,35,5.7421872663751685,3.183739735640086,2.3319629806419324,75,0,0,0,0.9989346445265175,IHDP,20.29193902335215,16.54522734072475,20.2,/scratch/furkanbd/dumps_all/dopfn_repro_joint2d_262k_t1/rc/dopfn_native/IHDP/r035.npz
Do-PFN 2D,36,6.761165114943711,3.6813140850566772,2.6541019576103677,75,0,0,0,0.999532082091889,IHDP,38.801805945215854,31.79025013081945,24.1,/scratch/furkanbd/dumps_all/dopfn_repro_joint2d_262k_t1/rc/dopfn_native/IHDP/r036.npz
Do-PFN 2D,37,3.926064599209444,2.3023812718919965,1.6960541620898941,75,0,0,0,0.9997358373602423,IHDP,8.095747679215794,10.579981766873804,22.8,/scratch/furkanbd/dumps_all/dopfn_repro_joint2d_262k_t1/rc/dopfn_native/IHDP/r037.npz
Do-PFN 2D,38,5.887284885335281,3.3043232348608704,2.8247035571837382,75,0,0,0,0.9999678997189239,IHDP,35.26156302873045,31.44767559417724,23.8,/scratch/furkanbd/dumps_all/dopfn_repro_joint2d_262k_t1/rc/dopfn_native/IHDP/r038.npz
Do-PFN 2D,39,4.378669818511244,2.459453569480735,2.0700784533346317,75,0,0,0,0.9998422540392563,IHDP,11.79466633048628,14.09516407992382,23.3,/scratch/furkanbd/dumps_all/dopfn_repro_joint2d_262k_t1/rc/dopfn_native/IHDP/r039.npz
Do-PFN 2D,40,3.625398323409763,1.989703779442229,1.3062373088970891,75,0,0,0,0.9998473163075134,IHDP,5.360365283486381,8.463802661021049,24.3,/scratch/furkanbd/dumps_all/dopfn_repro_joint2d_262k_t1/rc/dopfn_native/IHDP/r040.npz
Do-PFN 2D,41,3.4295537575426844,2.14033163681681,1.6234421475996346,75,0,0,0,0.9991815513788631,IHDP,4.35874892371311,7.08370671468888,24.3,/scratch/furkanbd/dumps_all/dopfn_repro_joint2d_262k_t1/rc/dopfn_native/IHDP/r041.npz
Do-PFN 2D,42,4.067183671371597,2.651701059932925,2.222501739761847,75,0,0,0,0.9995190420692026,IHDP,6.06264006845047,8.23014851156033,24.1,/scratch/furkanbd/dumps_all/dopfn_repro_joint2d_262k_t1/rc/dopfn_native/IHDP/r042.npz
Do-PFN 2D,43,4.6192096156921805,3.230801392035365,2.35136610734552,75,0,0,0,0.9995007598494888,IHDP,12.549233432868444,10.336046840870956,25.0,/scratch/furkanbd/dumps_all/dopfn_repro_joint2d_262k_t1/rc/dopfn_native/IHDP/r043.npz
Do-PFN 2D,44,5.049712821609266,2.9797080969289143,2.309828755797331,75,0,0,0,0.9974887098332037,IHDP,17.09187056856628,13.95923357510702,24.1,/scratch/furkanbd/dumps_all/dopfn_repro_joint2d_262k_t1/rc/dopfn_native/IHDP/r044.npz
Do-PFN 2D,45,5.269183621963283,2.8389193390363276,2.3369406468487655,75,0,0,0,0.9977356537328426,IHDP,12.409748200494139,11.65378452783606,24.3,/scratch/furkanbd/dumps_all/dopfn_repro_joint2d_262k_t1/rc/dopfn_native/IHDP/r045.npz
Do-PFN 2D,46,6.023229981724635,3.4639717868656232,2.624423773590781,75,0,0,0,0.9981983238219363,IHDP,20.071544824178844,20.042175266613754,23.8,/scratch/furkanbd/dumps_all/dopfn_repro_joint2d_262k_t1/rc/dopfn_native/IHDP/r046.npz
Do-PFN 2D,47,3.941059186818087,2.874624451193048,2.23259837065739,75,0,0,0,0.999786708038175,IHDP,7.44049180154102,8.03946018451918,23.6,/scratch/furkanbd/dumps_all/dopfn_repro_joint2d_262k_t1/rc/dopfn_native/IHDP/r047.npz
Do-PFN 2D,48,5.215046936908194,3.2733236848887777,2.22721513917041,75,0,0,0,0.999774738950341,IHDP,19.3861978441449,13.084172560076798,21.0,/scratch/furkanbd/dumps_all/dopfn_repro_joint2d_262k_t1/rc/dopfn_native/IHDP/r048.npz
Do-PFN 2D,49,3.831533065778038,2.2641180948221047,1.6836825875253512,75,0,0,0,0.9998958268129602,IHDP,8.803189593074723,11.937175693287077,19.6,/scratch/furkanbd/dumps_all/dopfn_repro_joint2d_262k_t1/rc/dopfn_native/IHDP/r049.npz
Do-PFN 2D,50,4.081582833612898,2.5335752649200907,1.7093181560178088,75,0,0,0,0.9998073760932711,IHDP,7.719710035901746,8.620972195596156,20.8,/scratch/furkanbd/dumps_all/dopfn_repro_joint2d_262k_t1/rc/dopfn_native/IHDP/r050.npz
Do-PFN 2D,51,4.9908523538268135,3.11006053479809,2.1659116282411546,75,0,0,0,0.9991507510927514,IHDP,14.12036870554089,12.94510549324401,21.0,/scratch/furkanbd/dumps_all/dopfn_repro_joint2d_262k_t1/rc/dopfn_native/IHDP/r051.npz
Do-PFN 2D,52,6.97316248225859,3.942883454117767,3.1014135309773065,75,0,0,0,0.9992685661345994,IHDP,32.96891211678445,33.660720868999945,24.1,/scratch/furkanbd/dumps_all/dopfn_repro_joint2d_262k_t1/rc/dopfn_native/IHDP/r052.npz
Do-PFN 2D,53,5.5994694922533785,3.0991915648509094,2.7838228523562965,75,0,0,0,0.9968411236218022,IHDP,19.651072186906358,21.12457314116514,23.4,/scratch/furkanbd/dumps_all/dopfn_repro_joint2d_262k_t1/rc/dopfn_native/IHDP/r053.npz
Do-PFN 2D,54,3.7540750873330224,2.2726242776314054,1.750364446229809,75,0,0,0,0.999908828368209,IHDP,5.308063286901589,8.327706650812901,23.0,/scratch/furkanbd/dumps_all/dopfn_repro_joint2d_262k_t1/rc/dopfn_native/IHDP/r054.npz
Do-PFN 2D,55,2.8540085881932122,2.026570956562514,1.2582058219254715,75,0,0,0,0.9986227298434515,IHDP,3.3933156550404515,6.875880003072828,25.0,/scratch/furkanbd/dumps_all/dopfn_repro_joint2d_262k_t1/rc/dopfn_native/IHDP/r055.npz
Do-PFN 2D,56,3.223230799196902,2.2287445156355252,1.5426737002379407,75,0,0,0,0.9995292083212359,IHDP,4.503180714572345,7.3022984309265855,24.5,/scratch/furkanbd/dumps_all/dopfn_repro_joint2d_262k_t1/rc/dopfn_native/IHDP/r056.npz
Do-PFN 2D,57,4.63482718336892,2.6673788886321663,1.4834571954959894,75,0,0,0,0.9999059201390612,IHDP,13.286879789490154,12.007387088345045,24.9,/scratch/furkanbd/dumps_all/dopfn_repro_joint2d_262k_t1/rc/dopfn_native/IHDP/r057.npz
Do-PFN 2D,58,3.71497688304333,2.2304093473200846,1.6260921509250745,75,0,0,0,0.9995988552516829,IHDP,5.056788249372825,7.847965424488025,23.6,/scratch/furkanbd/dumps_all/dopfn_repro_joint2d_262k_t1/rc/dopfn_native/IHDP/r058.npz
Do-PFN 2D,59,6.816131285360776,3.552104203162821,2.9039351256833,75,0,0,0,0.9985411614398315,IHDP,36.42025216495997,31.778512424023326,24.4,/scratch/furkanbd/dumps_all/dopfn_repro_joint2d_262k_t1/rc/dopfn_native/IHDP/r059.npz
Do-PFN 2D,60,3.4506658022850654,2.1472209522142935,1.3952767404179522,75,0,0,0,0.9998665196368636,IHDP,4.79989993692065,7.2664012279817,24.8,/scratch/furkanbd/dumps_all/dopfn_repro_joint2d_262k_t1/rc/dopfn_native/IHDP/r060.npz
Do-PFN 2D,61,3.968356200031232,2.326255038200986,1.9234251844491084,75,0,0,0,0.9993709374112387,IHDP,6.170015388205205,8.798789767161795,22.9,/scratch/furkanbd/dumps_all/dopfn_repro_joint2d_262k_t1/rc/dopfn_native/IHDP/r061.npz
Do-PFN 2D,62,4.406436151293106,2.4567479558788627,2.049180949585297,75,0,0,0,0.9997479547148764,IHDP,9.981283229287449,13.094174990384051,22.8,/scratch/furkanbd/dumps_all/dopfn_repro_joint2d_262k_t1/rc/dopfn_native/IHDP/r062.npz
Do-PFN 2D,63,4.113089434585232,2.395498884830334,1.8448948328962622,75,0,0,0,0.9999254184672577,IHDP,12.544210806511314,14.027191398000484,23.3,/scratch/furkanbd/dumps_all/dopfn_repro_joint2d_262k_t1/rc/dopfn_native/IHDP/r063.npz
Do-PFN 2D,64,4.769343196042906,2.7285988342894307,2.1945461441128233,75,0,0,0,0.9999560378825312,IHDP,19.108927345057275,21.143731234158523,19.3,/scratch/furkanbd/dumps_all/dopfn_repro_joint2d_262k_t1/rc/dopfn_native/IHDP/r064.npz
Do-PFN 2D,65,3.959479208143231,2.2862611289152976,1.3294115942680103,75,0,0,0,0.9999684442030091,IHDP,8.272735805167144,10.924239119903056,20.3,/scratch/furkanbd/dumps_all/dopfn_repro_joint2d_262k_t1/rc/dopfn_native/IHDP/r065.npz
Do-PFN 2D,66,3.4212523475337147,2.155517952783706,1.2681535393751102,75,0,0,0,0.9993712575188802,IHDP,4.838796769870725,7.165216829075695,20.8,/scratch/furkanbd/dumps_all/dopfn_repro_joint2d_262k_t1/rc/dopfn_native/IHDP/r066.npz
Do-PFN 2D,67,8.446286090030386,4.675220939826178,3.673353584032829,75,0,0,0,0.995641862480412,IHDP,69.24911633643855,57.820479453751446,20.5,/scratch/furkanbd/dumps_all/dopfn_repro_joint2d_262k_t1/rc/dopfn_native/IHDP/r067.npz
Do-PFN 2D,68,3.881510841523756,2.802468727342129,2.565201795893896,75,0,0,0,0.9999233610547427,IHDP,6.032324166028565,7.9192209094164445,22.6,/scratch/furkanbd/dumps_all/dopfn_repro_joint2d_262k_t1/rc/dopfn_native/IHDP/r068.npz
Do-PFN 2D,69,2.7731597213272674,1.8683801431544937,1.139107657071171,75,0,0,0,0.9988547694159258,IHDP,3.526127153290335,6.526127153290335,23.9,/scratch/furkanbd/dumps_all/dopfn_repro_joint2d_262k_t1/rc/dopfn_native/IHDP/r069.npz
Do-PFN 2D,70,5.73240071949422,3.14397314049959,2.8199108854027264,75,0,0,0,0.9976522440243333,IHDP,18.592754390832035,20.482038062537065,23.2,/scratch/furkanbd/dumps_all/dopfn_repro_joint2d_262k_t1/rc/dopfn_native/IHDP/r070.npz
Do-PFN 2D,71,2.6266554727019398,2.039583154747583,1.1418423579757806,75,0,0,0,0.9991576176472883,IHDP,3.194182893793416,6.497668780134154,24.3,/scratch/furkanbd/dumps_all/dopfn_repro_joint2d_262k_t1/rc/dopfn_native/IHDP/r071.npz
Do-PFN 2D,72,3.8549532470520718,2.9458556872592876,2.3970290920952597,75,0,0,0,0.9992329068763897,IHDP,6.499617548266605,7.009274590804766,25.2,/scratch/furkanbd/dumps_all/dopfn_repro_joint2d_262k_t1/rc/dopfn_native/IHDP/r072.npz
Do-PFN 2D,73,3.445194866474043,2.3907192026438153,1.7360745588639397,75,0,0,0,0.9987742995916815,IHDP,4.09640534138945,6.95765665241336,24.2,/scratch/furkanbd/dumps_all/dopfn_repro_joint2d_262k_t1/rc/dopfn_native/IHDP/r073.npz
Do-PFN 2D,74,2.8990504052069417,2.274102305661791,1.2154542739182108,75,0,0,0,0.998563548580871,IHDP,3.5252358161446598,6.44554588065982,24.5,/scratch/furkanbd/dumps_all/dopfn_repro_joint2d_262k_t1/rc/dopfn_native/IHDP/r074.npz
Do-PFN 2D,75,5.342887843927608,3.1769262816946795,2.4470496689425065,75,0,0,0,0.999642914838283,IHDP,24.556297415837136,20.840164008285967,23.5,/scratch/furkanbd/dumps_all/dopfn_repro_joint2d_262k_t1/rc/dopfn_native/IHDP/r075.npz
Do-PFN 2D,76,3.6568534310789294,2.642395285863577,1.9287110543800963,75,0,0,0,0.9996325164022213,IHDP,5.987802873892461,7.41416729317106,23.9,/scratch/furkanbd/dumps_all/dopfn_repro_joint2d_262k_t1/rc/dopfn_native/IHDP/r076.npz
Do-PFN 2D,77,3.1673190148869343,1.969387135586738,1.2754651411141422,75,0,0,0,0.9985666338685341,IHDP,4.776806587745986,6.798303573332015,24.7,/scratch/furkanbd/dumps_all/dopfn_repro_joint2d_262k_t1/rc/dopfn_native/IHDP/r077.npz
Do-PFN 2D,78,3.311697907150424,2.3239680725985017,1.179520369838813,75,0,0,0,0.9993897170477598,IHDP,5.0004745759025795,7.27699157408936,25.0,/scratch/furkanbd/dumps_all/dopfn_repro_joint2d_262k_t1/rc/dopfn_native/IHDP/r078.npz
Do-PFN 2D,79,3.0484713414839213,2.0472071629392046,1.1715458969371917,75,0,0,0,0.9995575947242898,IHDP,4.14937633444389,6.743396949618861,24.1,/scratch/furkanbd/dumps_all/dopfn_repro_joint2d_262k_t1/rc/dopfn_native/IHDP/r079.npz
Do-PFN 2D,80,8.502866673215449,4.589119914243378,3.8271119589562135,75,0,0,0,0.9943324964598422,IHDP,82.33063972200077,79.29189795720723,19.8,/scratch/furkanbd/dumps_all/dopfn_repro_joint2d_262k_t1/rc/dopfn_native/IHDP/r080.npz
Do-PFN 2D,81,6.543290167615608,3.565739872352514,2.8322116120774754,75,0,0,0,0.9997740539729154,IHDP,42.003516353514804,39.2584911343093,20.2,/scratch/furkanbd/dumps_all/dopfn_repro_joint2d_262k_t1/rc/dopfn_native/IHDP/r081.npz
Do-PFN 2D,82,5.711539764039657,4.109708073719447,3.2353536090177535,75,0,0,0,0.9986826028159801,IHDP,19.058329974842035,14.677186141152465,20.9,/scratch/furkanbd/dumps_all/dopfn_repro_joint2d_262k_t1/rc/dopfn_native/IHDP/r082.npz
Do-PFN 2D,83,6.869334270433123,3.8354850583255757,3.0671359024932108,75,0,0,0,0.9998357310386268,IHDP,55.033911704857644,53.950941792007356,19.9,/scratch/furkanbd/dumps_all/dopfn_repro_joint2d_262k_t1/rc/dopfn_native/IHDP/r083.npz
Do-PFN 2D,84,7.387484152588678,4.196923246346029,3.3091753558798747,75,0,0,0,0.9964874049713498,IHDP,58.57801027401966,55.50767411990434,24.2,/scratch/furkanbd/dumps_all/dopfn_repro_joint2d_262k_t1/rc/dopfn_native/IHDP/r084.npz
Do-PFN 2D,85,7.656580090873658,4.356400546142187,3.338586039161627,75,0,0,0,0.9995518975322364,IHDP,53.4260240898451,51.398957004163904,23.6,/scratch/furkanbd/dumps_all/dopfn_repro_joint2d_262k_t1/rc/dopfn_native/IHDP/r085.npz
Do-PFN 2D,86,4.560594082006555,2.6540263501562245,2.213685729431923,75,0,0,0,0.9998620371638618,IHDP,11.00597321726109,13.14010137951221,23.1,/scratch/furkanbd/dumps_all/dopfn_repro_joint2d_262k_t1/rc/dopfn_native/IHDP/r086.npz
Do-PFN 2D,87,2.820299676883843,1.9160011958075813,1.2891487235937125,75,0,0,0,0.9993216111443086,IHDP,3.226446476197262,6.565105537043548,20.7,/scratch/furkanbd/dumps_all/dopfn_repro_joint2d_262k_t1/rc/dopfn_native/IHDP/r087.npz
Do-PFN 2D,88,4.39957516329662,2.3996407631299688,1.8868217437107626,75,0,0,0,0.9992061823865749,IHDP,7.918391764904252,9.98633100458805,23.5,/scratch/furkanbd/dumps_all/dopfn_repro_joint2d_262k_t1/rc/dopfn_native/IHDP/r088.npz
Do-PFN 2D,89,4.239474039075072,2.7557684274585155,2.212181194269484,75,0,0,0,0.9996317395495274,IHDP,9.680509236277825,8.473529409097974,24.9,/scratch/furkanbd/dumps_all/dopfn_repro_joint2d_262k_t1/rc/dopfn_native/IHDP/r089.npz
Do-PFN 2D,90,3.2209267451000434,2.2427367565254124,1.507851757901984,75,0,0,0,0.9996719884011848,IHDP,3.7647194372736985,7.186122981355733,24.5,/scratch/furkanbd/dumps_all/dopfn_repro_joint2d_262k_t1/rc/dopfn_native/IHDP/r090.npz
Do-PFN 2D,91,4.8072691148180695,2.982486195953185,2.2259326399203188,75,0,0,0,0.9991971319822025,IHDP,9.85543474128624,11.55303955239596,24.1,/scratch/furkanbd/dumps_all/dopfn_repro_joint2d_262k_t1/rc/dopfn_native/IHDP/r091.npz
Do-PFN 2D,92,7.239490493443721,3.9905101409096027,3.6224215748326474,75,0,0,0,0.9935272823830351,IHDP,41.40982964435481,40.14425098096209,23.5,/scratch/furkanbd/dumps_all/dopfn_repro_joint2d_262k_t1/rc/dopfn_native/IHDP/r092.npz
Do-PFN 2D,93,3.861897676112163,2.563521964276424,1.5988890118672576,75,0,0,0,0.9995626332058819,IHDP,6.535639692021725,7.9499300327058755,25.1,/scratch/furkanbd/dumps_all/dopfn_repro_joint2d_262k_t1/rc/dopfn_native/IHDP/r093.npz
Do-PFN 2D,94,4.1547089850320775,2.932281246553517,2.2870853229802783,75,0,0,0,0.9996937640960917,IHDP,9.741897553193485,9.126418936734414,20.0,/scratch/furkanbd/dumps_all/dopfn_repro_joint2d_262k_t1/rc/dopfn_native/IHDP/r094.npz
Do-PFN 2D,95,4.238368829022934,2.4595088720447857,1.4762178734660605,75,0,0,0,0.9999397723287604,IHDP,11.704108385494246,11.533879036432856,23.6,/scratch/furkanbd/dumps_all/dopfn_repro_joint2d_262k_t1/rc/dopfn_native/IHDP/r095.npz
Do-PFN 2D,96,4.00906382884058,2.262580705912601,1.79981234278864,75,0,0,0,0.9993182966808702,IHDP,7.445314870891185,9.652941216442315,23.1,/scratch/furkanbd/dumps_all/dopfn_repro_joint2d_262k_t1/rc/dopfn_native/IHDP/r096.npz
Do-PFN 2D,97,7.045443858582337,3.9684741862154578,3.2126353191606722,75,0,0,0,0.9986172700282897,IHDP,46.079494616513465,47.26036180047803,23.5,/scratch/furkanbd/dumps_all/dopfn_repro_joint2d_262k_t1/rc/dopfn_native/IHDP/r097.npz
Do-PFN 2D,98,4.911756466138877,2.62689643292208,2.1229984601058973,75,0,0,0,0.9992115631826722,IHDP,12.691120810399696,12.125094443824505,20.0,/scratch/furkanbd/dumps_all/dopfn_repro_joint2d_262k_t1/rc/dopfn_native/IHDP/r098.npz
Do-PFN 2D,99,4.181115158754626,2.826600454327226,1.5200595441167006,75,0,0,0,0.9999302969127873,IHDP,13.161162124860224,11.954182297680374,20.3,/scratch/furkanbd/dumps_all/dopfn_repro_joint2d_262k_t1/rc/dopfn_native/IHDP/r099.npz
UWYK No-Anc,0,3.129757358368803,2.3408336907959533,2.1801765475737436,75,0,0,0,0.9999948744787306,IHDP,4.482928345768412,7.558475046363377,62.5,/scratch/furkanbd/rc_dens_uni/uwyk1d/IHDP/IHDP_r000.npz
UWYK No-Anc,1,3.308374337632963,2.4063426885133437,2.27423549295981,75,0,0,0,0.9999975805761653,IHDP,5.6876408479371,7.1476945138904,16.3,/scratch/furkanbd/rc_dens_uni/uwyk1d/IHDP/IHDP_r001.npz
UWYK No-Anc,2,3.3234947806248565,2.4617807777195644,2.1950564098710283,75,0,0,0,0.9999995194973884,IHDP,5.982596608156835,8.910845891520264,19.3,/scratch/furkanbd/rc_dens_uni/uwyk1d/IHDP/IHDP_r002.npz
UWYK No-Anc,3,3.7000659208889344,2.5654804850885005,2.3933842921510085,75,0,0,0,0.9999720509414267,IHDP,10.202826892337319,9.42862234707078,21.5,/scratch/furkanbd/rc_dens_uni/uwyk1d/IHDP/IHDP_r003.npz
UWYK No-Anc,4,3.935761169119098,2.6692395929755266,2.5049670567671662,75,0,0,0,0.9999961015072566,IHDP,9.22287965410382,10.015755672831581,18.8,/scratch/furkanbd/rc_dens_uni/uwyk1d/IHDP/IHDP_r004.npz
UWYK No-Anc,5,3.0771252515091128,2.3595683540490966,2.1610428305481,75,0,0,0,0.9999995396987975,IHDP,4.192778346699971,7.374118047268539,16.4,/scratch/furkanbd/rc_dens_uni/uwyk1d/IHDP/IHDP_r005.npz
UWYK No-Anc,6,3.1269226082412156,2.5117942682485586,2.244716201009626,75,0,0,0,0.9999990566505524,IHDP,3.5874437662357526,6.979083563190846,16.4,/scratch/furkanbd/rc_dens_uni/uwyk1d/IHDP/IHDP_r006.npz
UWYK No-Anc,7,3.5373287079691895,2.4905003547171294,2.2298291362325426,75,0,0,0,0.9999993221109722,IHDP,7.197609165578344,9.915962872620254,29.6,/scratch/furkanbd/rc_dens_uni/uwyk1d/IHDP/IHDP_r007.npz
UWYK No-Anc,8,7.5512682035285525,4.611644766958278,4.038305884222206,75,0,0,0,0.9999088026694524,IHDP,131.94356029093427,127.8054783525917,25.3,/scratch/furkanbd/rc_dens_uni/uwyk1d/IHDP/IHDP_r008.npz
UWYK No-Anc,9,5.587235420662115,3.7067938228859196,3.339368776238671,75,0,0,0,0.9991345487069831,IHDP,28.810266595793877,25.791203785768523,21.3,/scratch/furkanbd/rc_dens_uni/uwyk1d/IHDP/IHDP_r009.npz
UWYK No-Anc,10,3.809532161305775,2.447304687976693,2.3933148272066274,75,0,0,0,0.9988254480974461,IHDP,5.77798863149796,9.230367231030339,39.7,/scratch/furkanbd/rc_dens_uni/uwyk1d/IHDP/IHDP_r010.npz
UWYK No-Anc,11,4.455866894778086,2.905163495240066,2.7381763224052422,75,0,0,0,0.9996175970595074,IHDP,11.64006768626314,13.58580476609896,19.9,/scratch/furkanbd/rc_dens_uni/uwyk1d/IHDP/IHDP_r011.npz
UWYK No-Anc,12,8.423764777157793,4.970412723620176,4.304380233949234,75,0,0,0,0.9979230821031996,IHDP,101.73665271474326,91.71426107613775,23.6,/scratch/furkanbd/rc_dens_uni/uwyk1d/IHDP/IHDP_r012.npz
UWYK No-Anc,13,3.307372902839718,2.336000544874577,2.1739578459552424,75,0,0,0,1.0000000091934533,IHDP,4.236555926512995,6.921237478144855,12.5,/scratch/furkanbd/rc_dens_uni/uwyk1d/IHDP/IHDP_r013.npz
UWYK No-Anc,14,4.162020323703032,2.6058300135160057,2.474995465649344,75,0,0,0,0.9994542062149492,IHDP,7.40356767156333,9.93795165166367,21.0,/scratch/furkanbd/rc_dens_uni/uwyk1d/IHDP/IHDP_r014.npz
UWYK No-Anc,15,3.330708862770309,2.4637768087566867,2.3156671322850255,75,0,0,0,0.999993414186689,IHDP,6.325261365396756,8.500444775492145,19.7,/scratch/furkanbd/rc_dens_uni/uwyk1d/IHDP/IHDP_r015.npz
UWYK No-Anc,16,4.619531818347219,2.959725068771616,2.762057779443853,75,0,0,0,0.9966954505799165,IHDP,11.04031948402785,13.72999525903265,21.5,/scratch/furkanbd/rc_dens_uni/uwyk1d/IHDP/IHDP_r016.npz
UWYK No-Anc,17,3.984694529479941,2.6285672685048995,2.398025564641075,75,0,0,0,0.9998930043973677,IHDP,11.089708246895265,13.280817533699635,50.9,/scratch/furkanbd/rc_dens_uni/uwyk1d/IHDP/IHDP_r017.npz
UWYK No-Anc,18,4.210205345832564,2.87512575437838,2.5398046579896487,75,0,0,0,0.998683194545522,IHDP,9.506368286423426,13.020077793907573,20.4,/scratch/furkanbd/rc_dens_uni/uwyk1d/IHDP/IHDP_r018.npz
UWYK No-Anc,19,3.5514956791671928,2.4663213726196487,2.2734769673002537,75,0,0,0,0.9999997349700458,IHDP,6.06352880310614,8.89049584934196,11.6,/scratch/furkanbd/rc_dens_uni/uwyk1d/IHDP/IHDP_r019.npz
UWYK No-Anc,20,5.44611039058946,3.3968609857773715,3.140213751072936,75,0,0,0,0.9969359999207967,IHDP,21.99868395171069,21.05087298430901,30.4,/scratch/furkanbd/rc_dens_uni/uwyk1d/IHDP/IHDP_r020.npz
UWYK No-Anc,21,3.410279739296699,2.400400958850468,2.2465641148668443,75,0,0,0,0.9999946465305916,IHDP,5.4432128741992,8.15850781068051,20.4,/scratch/furkanbd/rc_dens_uni/uwyk1d/IHDP/IHDP_r021.npz
UWYK No-Anc,22,4.283805942830918,2.841620138890279,2.6102396051510866,75,0,0,0,0.9996315953868075,IHDP,8.392273971576008,10.36860961280099,21.5,/scratch/furkanbd/rc_dens_uni/uwyk1d/IHDP/IHDP_r022.npz
UWYK No-Anc,23,4.943338370798489,3.1972830336084144,2.7073498751231324,75,0,0,0,0.9999428228197975,IHDP,23.11250486267872,23.42620249366618,20.0,/scratch/furkanbd/rc_dens_uni/uwyk1d/IHDP/IHDP_r023.npz
UWYK No-Anc,24,4.110591054760058,2.7569888054672314,2.4905546211517846,75,0,0,0,0.9999944810477728,IHDP,15.483072675528668,17.958893409671028,23.3,/scratch/furkanbd/rc_dens_uni/uwyk1d/IHDP/IHDP_r024.npz
UWYK No-Anc,25,6.706973857720757,4.023454873078561,3.3898774994058867,75,0,0,0,0.9958292053601424,IHDP,39.623725308854254,35.62870207221385,19.7,/scratch/furkanbd/rc_dens_uni/uwyk1d/IHDP/IHDP_r025.npz
UWYK No-Anc,26,3.4863584627061996,2.5079773222305257,2.3194444554997924,75,0,0,0,0.9999716254188605,IHDP,7.28121351335893,8.91180565023697,19.7,/scratch/furkanbd/rc_dens_uni/uwyk1d/IHDP/IHDP_r026.npz
UWYK No-Anc,27,8.362416695995519,5.019389281990012,4.22672930146225,75,0,0,0,0.9999664581671195,IHDP,174.31892360517375,171.23128232682225,21.8,/scratch/furkanbd/rc_dens_uni/uwyk1d/IHDP/IHDP_r027.npz
UWYK No-Anc,28,3.8828843539663414,2.60376101765129,2.5029383748587515,75,0,0,0,0.9999399626306377,IHDP,9.12577496147626,11.01267170486414,47.8,/scratch/furkanbd/rc_dens_uni/uwyk1d/IHDP/IHDP_r028.npz
UWYK No-Anc,29,4.1817074357596455,2.742378311655626,2.585147396627033,75,0,0,0,0.997218876982913,IHDP,7.5389127395491204,9.81401580180618,22.5,/scratch/furkanbd/rc_dens_uni/uwyk1d/IHDP/IHDP_r029.npz
UWYK No-Anc,30,4.244784978671427,2.752410591005738,2.4908294545037624,75,0,0,0,0.9999280127199718,IHDP,11.704849626708262,14.755789855739737,50.8,/scratch/furkanbd/rc_dens_uni/uwyk1d/IHDP/IHDP_r030.npz
UWYK No-Anc,31,3.282872008504968,2.392281582530265,2.1766134002459134,75,0,0,0,1.0000001893450778,IHDP,5.38835681722081,7.162815888728339,34.6,/scratch/furkanbd/rc_dens_uni/uwyk1d/IHDP/IHDP_r031.npz
UWYK No-Anc,32,4.100761763329922,2.8153035616278337,2.657189122542275,75,0,0,0,0.99999379220462,IHDP,10.670161371808721,13.63375115087048,44.9,/scratch/furkanbd/rc_dens_uni/uwyk1d/IHDP/IHDP_r032.npz
UWYK No-Anc,33,7.8608566997916025,4.818012078566991,4.1725727427985095,75,0,0,0,0.9997500116854845,IHDP,122.07897632363135,118.58298181465766,24.1,/scratch/furkanbd/rc_dens_uni/uwyk1d/IHDP/IHDP_r033.npz
UWYK No-Anc,34,5.091310927610931,3.1678828034054503,2.8495177258005477,75,0,0,0,0.9998162770021894,IHDP,19.699934860731368,18.94924827196293,20.7,/scratch/furkanbd/rc_dens_uni/uwyk1d/IHDP/IHDP_r034.npz
UWYK No-Anc,35,4.873748669234883,3.2038313772598475,3.05597682255479,75,0,0,0,0.9998963186504176,IHDP,20.29193902335215,16.54522734072475,18.8,/scratch/furkanbd/rc_dens_uni/uwyk1d/IHDP/IHDP_r035.npz
UWYK No-Anc,36,5.332561897546711,3.4633656277427374,2.952801541552488,75,0,0,0,0.9999310670268683,IHDP,38.801805945215854,31.79025013081945,19.6,/scratch/furkanbd/rc_dens_uni/uwyk1d/IHDP/IHDP_r036.npz
UWYK No-Anc,37,4.039704849492546,2.534336065040722,2.3811393925337447,75,0,0,0,0.9995165253182167,IHDP,8.095747679215794,10.579981766873804,22.0,/scratch/furkanbd/rc_dens_uni/uwyk1d/IHDP/IHDP_r037.npz
UWYK No-Anc,38,5.5986707575067065,3.587197636532743,3.35897634188736,75,0,0,0,0.9994865172101599,IHDP,35.26156302873045,31.44767559417724,22.6,/scratch/furkanbd/rc_dens_uni/uwyk1d/IHDP/IHDP_r038.npz
UWYK No-Anc,39,4.489191687518873,3.010059636550785,2.755998215879637,75,0,0,0,0.9992748718362483,IHDP,11.79466633048628,14.09516407992382,22.3,/scratch/furkanbd/rc_dens_uni/uwyk1d/IHDP/IHDP_r039.npz
UWYK No-Anc,40,3.5552237510026967,2.4128619715659787,2.26665697007427,75,0,0,0,0.9999994163005917,IHDP,5.360365283486381,8.463802661021049,31.6,/scratch/furkanbd/rc_dens_uni/uwyk1d/IHDP/IHDP_r040.npz
UWYK No-Anc,41,3.1815050558333113,2.319225219079921,2.1492656534315824,75,0,0,0,0.9999996328445744,IHDP,4.35874892371311,7.08370671468888,13.5,/scratch/furkanbd/rc_dens_uni/uwyk1d/IHDP/IHDP_r041.npz
UWYK No-Anc,42,3.6743443503590365,2.5694044826754405,2.4594579639999345,75,0,0,0,0.9999692187162272,IHDP,6.06264006845047,8.23014851156033,20.9,/scratch/furkanbd/rc_dens_uni/uwyk1d/IHDP/IHDP_r042.npz
UWYK No-Anc,43,3.6069712125404263,2.5212895477859534,2.3382780484824717,75,0,0,0,0.9999990759186091,IHDP,12.549233432868444,10.336046840870956,27.0,/scratch/furkanbd/rc_dens_uni/uwyk1d/IHDP/IHDP_r043.npz
UWYK No-Anc,44,4.537336984731373,2.955586683726426,2.6632709699772676,75,0,0,0,0.9995988866400173,IHDP,17.09187056856628,13.95923357510702,21.1,/scratch/furkanbd/rc_dens_uni/uwyk1d/IHDP/IHDP_r044.npz
UWYK No-Anc,45,4.449800533893993,2.933390197170146,2.8077772878522116,75,0,0,0,0.9992885576843844,IHDP,12.409748200494139,11.65378452783606,38.9,/scratch/furkanbd/rc_dens_uni/uwyk1d/IHDP/IHDP_r045.npz
UWYK No-Anc,46,4.813999806987913,3.305089751736541,2.927684569899781,75,0,0,0,0.9997475311743248,IHDP,20.071544824178844,20.042175266613754,21.9,/scratch/furkanbd/rc_dens_uni/uwyk1d/IHDP/IHDP_r046.npz
UWYK No-Anc,47,3.36388966986847,2.565001496677859,2.2754441496286426,75,0,0,0,0.999998965928668,IHDP,7.44049180154102,8.03946018451918,19.3,/scratch/furkanbd/rc_dens_uni/uwyk1d/IHDP/IHDP_r047.npz
UWYK No-Anc,48,4.260168397239648,2.951123896879081,2.775967858236526,75,0,0,0,0.9999991547753608,IHDP,19.3861978441449,13.084172560076798,16.9,/scratch/furkanbd/rc_dens_uni/uwyk1d/IHDP/IHDP_r048.npz
UWYK No-Anc,49,3.6683542031464245,2.5526707022220974,2.334500227824254,75,0,0,0,0.999986377128095,IHDP,8.803189593074723,11.937175693287077,19.3,/scratch/furkanbd/rc_dens_uni/uwyk1d/IHDP/IHDP_r049.npz
UWYK No-Anc,50,3.6568007171387715,2.5431641956853883,2.398957146733362,75,0,0,0,0.9999891613664392,IHDP,7.719710035901746,8.620972195596156,16.9,/scratch/furkanbd/rc_dens_uni/uwyk1d/IHDP/IHDP_r050.npz
UWYK No-Anc,51,4.495103531072674,3.0263785707101074,2.7532991065528303,75,0,0,0,0.999407152645103,IHDP,14.12036870554089,12.94510549324401,20.7,/scratch/furkanbd/rc_dens_uni/uwyk1d/IHDP/IHDP_r051.npz
UWYK No-Anc,52,6.312546683972619,3.9321222013451584,3.503953492003093,75,0,0,0,0.9972755265094072,IHDP,32.96891211678445,33.660720868999945,21.3,/scratch/furkanbd/rc_dens_uni/uwyk1d/IHDP/IHDP_r052.npz
UWYK No-Anc,53,5.230314730397603,3.327304814599659,2.942288921425986,75,0,0,0,0.9988987589612646,IHDP,19.651072186906358,21.12457314116514,22.5,/scratch/furkanbd/rc_dens_uni/uwyk1d/IHDP/IHDP_r053.npz
UWYK No-Anc,54,3.2705837531389075,2.390137952193766,2.1846646581963656,75,0,0,0,0.9999861024300581,IHDP,5.308063286901589,8.327706650812901,40.1,/scratch/furkanbd/rc_dens_uni/uwyk1d/IHDP/IHDP_r054.npz
UWYK No-Anc,55,2.9737652147137763,2.4519871462140848,2.1243802473866698,75,0,0,0,0.9999962951804403,IHDP,3.3933156550404515,6.875880003072828,44.1,/scratch/furkanbd/rc_dens_uni/uwyk1d/IHDP/IHDP_r055.npz
UWYK No-Anc,56,3.1501879072485264,2.3195837318880197,2.1668202704105486,75,0,0,0,0.9999965063181053,IHDP,4.503180714572345,7.3022984309265855,16.7,/scratch/furkanbd/rc_dens_uni/uwyk1d/IHDP/IHDP_r056.npz
UWYK No-Anc,57,4.230087931176809,2.8186470399342127,2.6704104935815307,75,0,0,0,0.9999952261935439,IHDP,13.286879789490154,12.007387088345045,29.0,/scratch/furkanbd/rc_dens_uni/uwyk1d/IHDP/IHDP_r057.npz
UWYK No-Anc,58,3.504633843640663,2.430873766327136,2.2801641043865697,75,0,0,0,0.9999991869571245,IHDP,5.056788249372825,7.847965424488025,17.5,/scratch/furkanbd/rc_dens_uni/uwyk1d/IHDP/IHDP_r058.npz
UWYK No-Anc,59,6.086368462374526,3.6683957434766117,3.2711602438027185,75,0,0,0,0.9947254674965755,IHDP,36.42025216495997,31.778512424023326,37.2,/scratch/furkanbd/rc_dens_uni/uwyk1d/IHDP/IHDP_r059.npz
UWYK No-Anc,60,3.492570296908441,2.3785509935443447,2.249519911328333,75,0,0,0,0.9999980460444756,IHDP,4.79989993692065,7.2664012279817,13.6,/scratch/furkanbd/rc_dens_uni/uwyk1d/IHDP/IHDP_r060.npz
UWYK No-Anc,61,3.780680436282248,2.523386154143174,2.390392966710632,75,0,0,0,0.9998177772056712,IHDP,6.170015388205205,8.798789767161795,40.6,/scratch/furkanbd/rc_dens_uni/uwyk1d/IHDP/IHDP_r061.npz
UWYK No-Anc,62,4.102994701863824,2.795327624076658,2.475618516040731,75,0,0,0,0.9999327158938167,IHDP,9.981283229287449,13.094174990384051,21.7,/scratch/furkanbd/rc_dens_uni/uwyk1d/IHDP/IHDP_r062.npz
UWYK No-Anc,63,3.957198921630617,2.5386620475648005,2.400703015768151,75,0,0,0,0.9994577623684104,IHDP,12.544210806511314,14.027191398000484,45.6,/scratch/furkanbd/rc_dens_uni/uwyk1d/IHDP/IHDP_r063.npz
UWYK No-Anc,64,4.515707293080505,3.020007652864224,2.738150840526897,75,0,0,0,0.999980811570814,IHDP,19.108927345057275,21.143731234158523,19.9,/scratch/furkanbd/rc_dens_uni/uwyk1d/IHDP/IHDP_r064.npz
UWYK No-Anc,65,3.7478235700444755,2.5223704811277305,2.2733606738828587,75,0,0,0,0.9999999164461443,IHDP,8.272735805167144,10.924239119903056,40.0,/scratch/furkanbd/rc_dens_uni/uwyk1d/IHDP/IHDP_r065.npz
UWYK No-Anc,66,3.2200315148577725,2.360224494861924,2.222050756169956,75,0,0,0,1.0000001318988072,IHDP,4.838796769870725,7.165216829075695,17.0,/scratch/furkanbd/rc_dens_uni/uwyk1d/IHDP/IHDP_r066.npz
UWYK No-Anc,67,7.244274054546184,4.446955950032376,3.9311710774729023,75,0,0,0,0.9984451988544503,IHDP,69.24911633643855,57.820479453751446,20.4,/scratch/furkanbd/rc_dens_uni/uwyk1d/IHDP/IHDP_r067.npz
UWYK No-Anc,68,3.0297776918765997,2.3099428718845116,2.1006205285998316,75,0,0,0,0.9999997485971917,IHDP,6.032324166028565,7.9192209094164445,16.7,/scratch/furkanbd/rc_dens_uni/uwyk1d/IHDP/IHDP_r068.npz
UWYK No-Anc,69,3.0750938585885104,2.355876903164395,2.1951798548794694,75,0,0,0,1.00000005722325,IHDP,3.526127153290335,6.526127153290335,15.4,/scratch/furkanbd/rc_dens_uni/uwyk1d/IHDP/IHDP_r069.npz
UWYK No-Anc,70,5.229079329041277,3.3634184911511067,3.1454343120967967,75,0,0,0,0.9957059291163736,IHDP,18.592754390832035,20.482038062537065,22.2,/scratch/furkanbd/rc_dens_uni/uwyk1d/IHDP/IHDP_r070.npz
UWYK No-Anc,71,3.3620820889365985,2.3267321287920164,2.2158041770050723,75,0,0,0,0.9999996109021645,IHDP,3.194182893793416,6.497668780134154,12.1,/scratch/furkanbd/rc_dens_uni/uwyk1d/IHDP/IHDP_r071.npz
UWYK No-Anc,72,3.432957790178518,2.344749939616578,2.2242050593562888,75,0,0,0,0.9999999897624363,IHDP,6.499617548266605,7.009274590804766,21.3,/scratch/furkanbd/rc_dens_uni/uwyk1d/IHDP/IHDP_r072.npz
UWYK No-Anc,73,3.339642083218885,2.45977125368295,2.2136370838802026,75,0,0,0,0.9999997801398127,IHDP,4.09640534138945,6.95765665241336,14.9,/scratch/furkanbd/rc_dens_uni/uwyk1d/IHDP/IHDP_r073.npz
UWYK No-Anc,74,2.9904717010899367,2.4478283343664,2.1534613221850822,75,0,0,0,0.9999998979950594,IHDP,3.5252358161446598,6.44554588065982,19.0,/scratch/furkanbd/rc_dens_uni/uwyk1d/IHDP/IHDP_r074.npz
UWYK No-Anc,75,5.516560873418507,3.4094122572793184,3.0026299346239718,75,0,0,0,0.997683365805165,IHDP,24.556297415837136,20.840164008285967,24.4,/scratch/furkanbd/rc_dens_uni/uwyk1d/IHDP/IHDP_r075.npz
UWYK No-Anc,76,3.225644789276771,2.459496758180142,2.2026140625121053,75,0,0,0,1.0000000775405538,IHDP,5.987802873892461,7.41416729317106,15.1,/scratch/furkanbd/rc_dens_uni/uwyk1d/IHDP/IHDP_r076.npz
UWYK No-Anc,77,3.180894886106631,2.3092727654181444,2.1869993969020682,75,0,0,0,1.00000007580301,IHDP,4.776806587745986,6.798303573332015,21.0,/scratch/furkanbd/rc_dens_uni/uwyk1d/IHDP/IHDP_r077.npz
UWYK No-Anc,78,3.232057828316173,2.4724536467388933,2.244661241056098,75,0,0,0,0.9999992747738712,IHDP,5.0004745759025795,7.27699157408936,15.2,/scratch/furkanbd/rc_dens_uni/uwyk1d/IHDP/IHDP_r078.npz
UWYK No-Anc,79,3.2189418801153873,2.3546587929353557,2.1810281212283362,75,0,0,0,0.9999986269453714,IHDP,4.14937633444389,6.743396949618861,14.2,/scratch/furkanbd/rc_dens_uni/uwyk1d/IHDP/IHDP_r079.npz
UWYK No-Anc,80,7.41217083152116,4.669222628225838,4.014945770755418,75,0,0,0,0.9991503767995323,IHDP,82.33063972200077,79.29189795720723,21.8,/scratch/furkanbd/rc_dens_uni/uwyk1d/IHDP/IHDP_r080.npz
UWYK No-Anc,81,5.534911520344753,3.5214856698230235,3.0707146233819014,75,0,0,0,0.9934004723527422,IHDP,42.003516353514804,39.2584911343093,24.9,/scratch/furkanbd/rc_dens_uni/uwyk1d/IHDP/IHDP_r081.npz
UWYK No-Anc,82,4.472592502094034,3.002084782207054,2.7552811295643447,75,0,0,0,0.999986373564148,IHDP,19.058329974842035,14.677186141152465,18.4,/scratch/furkanbd/rc_dens_uni/uwyk1d/IHDP/IHDP_r082.npz
UWYK No-Anc,83,5.985777405443651,3.733582246987074,3.096392851064152,75,0,0,0,0.9966212987870148,IHDP,55.033911704857644,53.950941792007356,44.5,/scratch/furkanbd/rc_dens_uni/uwyk1d/IHDP/IHDP_r083.npz
UWYK No-Anc,84,6.805538377754146,4.142373441611692,3.5282718319404336,75,0,0,0,0.9809764837670761,IHDP,58.57801027401966,55.50767411990434,25.6,/scratch/furkanbd/rc_dens_uni/uwyk1d/IHDP/IHDP_r084.npz
UWYK No-Anc,85,6.9763456066818375,4.3782483488790485,3.5964487092985595,75,0,0,0,0.9992013543175798,IHDP,53.4260240898451,51.398957004163904,39.7,/scratch/furkanbd/rc_dens_uni/uwyk1d/IHDP/IHDP_r085.npz
UWYK No-Anc,86,3.817472743989685,2.633190972380415,2.5501167427704687,75,0,0,0,0.9999973345061359,IHDP,11.00597321726109,13.14010137951221,21.6,/scratch/furkanbd/rc_dens_uni/uwyk1d/IHDP/IHDP_r086.npz
UWYK No-Anc,87,3.1773953082033444,2.3506494707516796,2.1957425673347912,75,0,0,0,0.9999994651891666,IHDP,3.226446476197262,6.565105537043548,15.6,/scratch/furkanbd/rc_dens_uni/uwyk1d/IHDP/IHDP_r087.npz
UWYK No-Anc,88,4.188695031177194,2.8411461293071434,2.5890590376382985,75,0,0,0,0.999097368225388,IHDP,7.918391764904252,9.98633100458805,38.1,/scratch/furkanbd/rc_dens_uni/uwyk1d/IHDP/IHDP_r088.npz
UWYK No-Anc,89,3.5628011313189516,2.395895782080351,2.3622814598247834,75,0,0,0,0.9999997080133163,IHDP,9.680509236277825,8.473529409097974,16.1,/scratch/furkanbd/rc_dens_uni/uwyk1d/IHDP/IHDP_r089.npz
UWYK No-Anc,90,3.1826736800039823,2.3791494587805078,2.1959102542409634,75,0,0,0,1.0000000444558292,IHDP,3.7647194372736985,7.186122981355733,15.7,/scratch/furkanbd/rc_dens_uni/uwyk1d/IHDP/IHDP_r090.npz
UWYK No-Anc,91,4.1055406135311685,2.7185921346939175,2.56980962738646,75,0,0,0,0.9993092736619771,IHDP,9.85543474128624,11.55303955239596,21.8,/scratch/furkanbd/rc_dens_uni/uwyk1d/IHDP/IHDP_r091.npz
UWYK No-Anc,92,6.705319300701592,4.185364663192937,3.6351801098210985,75,0,0,0,0.9944104548215799,IHDP,41.40982964435481,40.14425098096209,46.8,/scratch/furkanbd/rc_dens_uni/uwyk1d/IHDP/IHDP_r092.npz
UWYK No-Anc,93,3.449328422964291,2.432444911096086,2.2836788097521343,75,0,0,0,1.000000693005182,IHDP,6.535639692021725,7.9499300327058755,25.6,/scratch/furkanbd/rc_dens_uni/uwyk1d/IHDP/IHDP_r093.npz
UWYK No-Anc,94,3.490333416219267,2.450295018199309,2.2907665937260697,75,0,0,0,0.999998333152083,IHDP,9.741897553193485,9.126418936734414,34.0,/scratch/furkanbd/rc_dens_uni/uwyk1d/IHDP/IHDP_r094.npz
UWYK No-Anc,95,3.9805970329515525,2.520242163392511,2.271179410798942,75,0,0,0,0.9999902440981866,IHDP,11.704108385494246,11.533879036432856,22.1,/scratch/furkanbd/rc_dens_uni/uwyk1d/IHDP/IHDP_r095.npz
UWYK No-Anc,96,3.8252479323153232,2.5239038566745684,2.4122452434693256,75,0,0,0,0.9997767570358791,IHDP,7.445314870891185,9.652941216442315,19.1,/scratch/furkanbd/rc_dens_uni/uwyk1d/IHDP/IHDP_r096.npz
UWYK No-Anc,97,6.123284701628861,3.8753235184419026,3.3687615607292067,75,0,0,0,0.9993853495445233,IHDP,46.079494616513465,47.26036180047803,23.5,/scratch/furkanbd/rc_dens_uni/uwyk1d/IHDP/IHDP_r097.npz
UWYK No-Anc,98,4.424823580506744,2.8279497820078334,2.6817253978432842,75,0,0,0,0.9987483755436708,IHDP,12.691120810399696,12.125094443824505,23.0,/scratch/furkanbd/rc_dens_uni/uwyk1d/IHDP/IHDP_r098.npz
UWYK No-Anc,99,3.96480913615913,2.83547193275042,2.544929199433427,75,0,0,0,0.9999995711835638,IHDP,13.161162124860224,11.954182297680374,20.2,/scratch/furkanbd/rc_dens_uni/uwyk1d/IHDP/IHDP_r099.npz
UWYK No-Anc 2D,0,3.0713513548108544,2.0265771289652577,1.5626775451944375,75,0,0,0,0.9999997921875716,IHDP,4.482928345768412,7.558475046363377,18.2,/scratch/furkanbd/rc_nll2d/graph2d/IHDP/IHDP_r000.npz
UWYK No-Anc 2D,1,3.1004039342899548,2.0079552420525406,1.5967958365281283,75,0,0,0,0.9999998779591003,IHDP,5.6876408479371,7.1476945138904,21.1,/scratch/furkanbd/rc_nll2d/graph2d/IHDP/IHDP_r001.npz
UWYK No-Anc 2D,2,3.306672821844264,2.125901684409803,1.4359403492778164,75,0,0,0,0.9999995435864536,IHDP,5.982596608156835,8.910845891520264,21.1,/scratch/furkanbd/rc_nll2d/graph2d/IHDP/IHDP_r002.npz
UWYK No-Anc 2D,3,3.8605327465433517,2.3557554799729123,1.739949734692631,75,0,0,0,0.9999998247842781,IHDP,10.202826892337319,9.42862234707078,20.6,/scratch/furkanbd/rc_nll2d/graph2d/IHDP/IHDP_r003.npz
UWYK No-Anc 2D,4,3.884964202213345,2.420562052333892,1.9746768178007899,75,0,0,0,0.9999998827675786,IHDP,9.22287965410382,10.015755672831581,18.3,/scratch/furkanbd/rc_nll2d/graph2d/IHDP/IHDP_r004.npz
UWYK No-Anc 2D,5,2.9085606191283038,2.0350110751129615,1.3732591634031952,75,0,0,0,0.9999998598258628,IHDP,4.192778346699971,7.374118047268539,21.1,/scratch/furkanbd/rc_nll2d/graph2d/IHDP/IHDP_r005.npz
UWYK No-Anc 2D,6,3.179118710859761,2.19957662056135,1.6539412590568152,75,0,0,0,1.0000000986065487,IHDP,3.5874437662357526,6.979083563190846,18.4,/scratch/furkanbd/rc_nll2d/graph2d/IHDP/IHDP_r006.npz
UWYK No-Anc 2D,7,3.570843618231824,2.2299061331640595,1.6212838973453798,75,0,0,0,0.9999999352260579,IHDP,7.197609165578344,9.915962872620254,21.0,/scratch/furkanbd/rc_nll2d/graph2d/IHDP/IHDP_r007.npz
UWYK No-Anc 2D,8,8.8774168784117,4.294069736077722,3.9809772501723546,75,0,0,0,1.0000002524033305,IHDP,131.94356029093427,127.8054783525917,18.4,/scratch/furkanbd/rc_nll2d/graph2d/IHDP/IHDP_r008.npz
UWYK No-Anc 2D,9,5.213918340093493,3.2655753296682204,2.966181281105526,75,0,0,0,0.9999999078185902,IHDP,28.810266595793877,25.791203785768523,19.7,/scratch/furkanbd/rc_nll2d/graph2d/IHDP/IHDP_r009.npz
UWYK No-Anc 2D,10,3.4338508725241454,2.171282644467176,1.7958917970334034,75,0,0,0,0.9999999159182204,IHDP,5.77798863149796,9.230367231030339,19.6,/scratch/furkanbd/rc_nll2d/graph2d/IHDP/IHDP_r010.npz
UWYK No-Anc 2D,11,4.153240839158293,2.5928032274574075,2.368319697151366,75,0,0,0,0.9999999202242291,IHDP,11.64006768626314,13.58580476609896,19.7,/scratch/furkanbd/rc_nll2d/graph2d/IHDP/IHDP_r011.npz
UWYK No-Anc 2D,12,8.132252244506715,4.628116387549226,4.425304119059746,75,0,0,0,0.9999998957761278,IHDP,101.73665271474326,91.71426107613775,19.4,/scratch/furkanbd/rc_nll2d/graph2d/IHDP/IHDP_r012.npz
UWYK No-Anc 2D,13,3.3400564921830687,2.112438843132314,1.7977960377867546,75,0,0,0,0.99999997907296,IHDP,4.236555926512995,6.921237478144855,21.0,/scratch/furkanbd/rc_nll2d/graph2d/IHDP/IHDP_r013.npz
UWYK No-Anc 2D,14,3.931775518090986,2.383073446490935,1.9378423579679238,75,0,0,0,0.9999999854296148,IHDP,7.40356767156333,9.93795165166367,19.7,/scratch/furkanbd/rc_nll2d/graph2d/IHDP/IHDP_r014.npz
UWYK No-Anc 2D,15,3.0836699294717773,1.9816727240916825,1.4240771590729149,75,0,0,0,1.000000109585445,IHDP,6.325261365396756,8.500444775492145,20.8,/scratch/furkanbd/rc_nll2d/graph2d/IHDP/IHDP_r015.npz
UWYK No-Anc 2D,16,4.448248562309635,2.628995864024463,2.3898473162364864,75,0,0,0,0.9998564675804139,IHDP,11.04031948402785,13.72999525903265,16.7,/scratch/furkanbd/rc_nll2d/graph2d/IHDP/IHDP_r016.npz
UWYK No-Anc 2D,17,3.804027822048724,2.3928652358453673,2.011126249670484,75,0,0,0,0.9999998291525554,IHDP,11.089708246895265,13.280817533699635,18.0,/scratch/furkanbd/rc_nll2d/graph2d/IHDP/IHDP_r017.npz
UWYK No-Anc 2D,18,3.788336572160944,2.3891241683943685,2.078257684041668,75,0,0,0,0.9999999040140642,IHDP,9.506368286423426,13.020077793907573,20.1,/scratch/furkanbd/rc_nll2d/graph2d/IHDP/IHDP_r018.npz
UWYK No-Anc 2D,19,3.7032441133519356,2.1535496187042207,1.5397344257066132,75,0,0,0,1.0000000290292164,IHDP,6.06352880310614,8.89049584934196,21.0,/scratch/furkanbd/rc_nll2d/graph2d/IHDP/IHDP_r019.npz
UWYK No-Anc 2D,20,5.162753103491627,3.02395256176068,2.9496460150388084,75,0,0,0,0.9998344369890233,IHDP,21.99868395171069,21.05087298430901,18.7,/scratch/furkanbd/rc_nll2d/graph2d/IHDP/IHDP_r020.npz
UWYK No-Anc 2D,21,3.020516292329511,2.046346818875949,1.4865556967279407,75,0,0,0,0.9999998017234777,IHDP,5.4432128741992,8.15850781068051,18.1,/scratch/furkanbd/rc_nll2d/graph2d/IHDP/IHDP_r021.npz
UWYK No-Anc 2D,22,3.9738435741937983,2.3196496005088876,1.8973239765411805,75,0,0,0,0.999999932331793,IHDP,8.392273971576008,10.36860961280099,17.2,/scratch/furkanbd/rc_nll2d/graph2d/IHDP/IHDP_r022.npz
UWYK No-Anc 2D,23,4.755733032312111,2.877774136130181,2.67219234305883,75,0,0,0,0.9999996748759978,IHDP,23.11250486267872,23.42620249366618,20.2,/scratch/furkanbd/rc_nll2d/graph2d/IHDP/IHDP_r023.npz
UWYK No-Anc 2D,24,3.960802064243801,2.3621380314485907,2.0429615469078417,75,0,0,0,0.999999771974019,IHDP,15.483072675528668,17.958893409671028,20.8,/scratch/furkanbd/rc_nll2d/graph2d/IHDP/IHDP_r024.npz
UWYK No-Anc 2D,25,6.324088032794401,3.6772181762896965,3.5071326502445976,75,0,0,0,0.9999794849309771,IHDP,39.623725308854254,35.62870207221385,19.0,/scratch/furkanbd/rc_nll2d/graph2d/IHDP/IHDP_r025.npz
UWYK No-Anc 2D,26,3.2026901290677072,2.153635699389825,1.6150568374998189,75,0,0,0,0.9999999966208524,IHDP,7.28121351335893,8.91180565023697,20.8,/scratch/furkanbd/rc_nll2d/graph2d/IHDP/IHDP_r026.npz
UWYK No-Anc 2D,27,8.396034909383749,4.665049599964492,4.547305952405631,75,0,0,0,0.9999992582427858,IHDP,174.31892360517375,171.23128232682225,20.7,/scratch/furkanbd/rc_nll2d/graph2d/IHDP/IHDP_r027.npz
UWYK No-Anc 2D,28,3.7358696242530454,2.3971050145551187,2.0709696380153906,75,0,0,0,0.9999998648460623,IHDP,9.12577496147626,11.01267170486414,20.4,/scratch/furkanbd/rc_nll2d/graph2d/IHDP/IHDP_r028.npz
UWYK No-Anc 2D,29,3.7404177676579917,2.2976565198524352,1.8609830657422473,75,0,0,0,0.9999924979386762,IHDP,7.5389127395491204,9.81401580180618,19.1,/scratch/furkanbd/rc_nll2d/graph2d/IHDP/IHDP_r029.npz
UWYK No-Anc 2D,30,3.866374373760388,2.376401936902603,1.8079864009221795,75,0,0,0,0.9999998111781873,IHDP,11.704849626708262,14.755789855739737,21.0,/scratch/furkanbd/rc_nll2d/graph2d/IHDP/IHDP_r030.npz
UWYK No-Anc 2D,31,3.1844454286983384,2.145796742503855,1.5786871340956996,75,0,0,0,0.9999995806362214,IHDP,5.38835681722081,7.162815888728339,21.2,/scratch/furkanbd/rc_nll2d/graph2d/IHDP/IHDP_r031.npz
UWYK No-Anc 2D,32,3.8736203739791746,2.35479561324296,2.0179945115478017,75,0,0,0,0.9999999604263385,IHDP,10.670161371808721,13.63375115087048,17.8,/scratch/furkanbd/rc_nll2d/graph2d/IHDP/IHDP_r032.npz
UWYK No-Anc 2D,33,7.610674069104384,4.4343153759449585,4.3905532212290055,75,0,0,0,1.0000003142819345,IHDP,122.07897632363135,118.58298181465766,17.8,/scratch/furkanbd/rc_nll2d/graph2d/IHDP/IHDP_r033.npz
UWYK No-Anc 2D,34,4.814191151396676,2.923572403953979,2.715353439733773,75,0,0,0,1.000000052693265,IHDP,19.699934860731368,18.94924827196293,17.7,/scratch/furkanbd/rc_nll2d/graph2d/IHDP/IHDP_r034.npz
UWYK No-Anc 2D,35,4.6931942382988785,2.9600151541158803,2.713044324789144,75,0,0,0,0.9999999470016047,IHDP,20.29193902335215,16.54522734072475,19.8,/scratch/furkanbd/rc_nll2d/graph2d/IHDP/IHDP_r035.npz
UWYK No-Anc 2D,36,5.263083901295144,3.3530734350930063,3.081284848470711,75,0,0,0,1.0000000182137752,IHDP,38.801805945215854,31.79025013081945,17.8,/scratch/furkanbd/rc_nll2d/graph2d/IHDP/IHDP_r036.npz
UWYK No-Anc 2D,37,3.851479129936542,2.3429530719646334,1.7637298449695078,75,0,0,0,0.9999999777714428,IHDP,8.095747679215794,10.579981766873804,19.7,/scratch/furkanbd/rc_nll2d/graph2d/IHDP/IHDP_r037.npz
UWYK No-Anc 2D,38,5.327464131871119,3.271274310074355,2.91484704018714,75,0,0,0,0.999999720177794,IHDP,35.26156302873045,31.44767559417724,19.7,/scratch/furkanbd/rc_nll2d/graph2d/IHDP/IHDP_r038.npz
UWYK No-Anc 2D,39,4.2022074040908235,2.520884526833896,2.240892006085969,75,0,0,0,0.9999998594869618,IHDP,11.79466633048628,14.09516407992382,20.0,/scratch/furkanbd/rc_nll2d/graph2d/IHDP/IHDP_r039.npz
UWYK No-Anc 2D,40,3.5403558239315545,1.9281867406965094,1.3968658005473729,75,0,0,0,1.0000001298710042,IHDP,5.360365283486381,8.463802661021049,20.9,/scratch/furkanbd/rc_nll2d/graph2d/IHDP/IHDP_r040.npz
UWYK No-Anc 2D,41,3.2669254971080792,2.0366295450861167,1.5484934100270886,75,0,0,0,0.9999996852797658,IHDP,4.35874892371311,7.08370671468888,20.9,/scratch/furkanbd/rc_nll2d/graph2d/IHDP/IHDP_r041.npz
UWYK No-Anc 2D,42,3.389629702460207,2.053129251004416,1.6306980108456937,75,0,0,0,0.9999998828082408,IHDP,6.06264006845047,8.23014851156033,20.3,/scratch/furkanbd/rc_nll2d/graph2d/IHDP/IHDP_r042.npz
UWYK No-Anc 2D,43,3.401030365075018,2.249619770449072,1.933602065225749,75,0,0,0,0.9999998925814559,IHDP,12.549233432868444,10.336046840870956,20.6,/scratch/furkanbd/rc_nll2d/graph2d/IHDP/IHDP_r043.npz
UWYK No-Anc 2D,44,4.319048221091721,2.650140635533333,2.382422152735351,75,0,0,0,0.9999999547921017,IHDP,17.09187056856628,13.95923357510702,19.4,/scratch/furkanbd/rc_nll2d/graph2d/IHDP/IHDP_r044.npz
UWYK No-Anc 2D,45,4.122691660826197,2.548097010967723,2.398461830104805,75,0,0,0,0.9999999695058325,IHDP,12.409748200494139,11.65378452783606,19.9,/scratch/furkanbd/rc_nll2d/graph2d/IHDP/IHDP_r045.npz
UWYK No-Anc 2D,46,4.520536088721898,2.90528411412548,2.6330601239330402,75,0,0,0,0.9999999079820879,IHDP,20.071544824178844,20.042175266613754,20.1,/scratch/furkanbd/rc_nll2d/graph2d/IHDP/IHDP_r046.npz
UWYK No-Anc 2D,47,3.220172967834541,2.3489889145921072,1.7763074409590103,75,0,0,0,0.9999998362923367,IHDP,7.44049180154102,8.03946018451918,20.7,/scratch/furkanbd/rc_nll2d/graph2d/IHDP/IHDP_r047.npz
UWYK No-Anc 2D,48,4.084583901484555,2.665022126312173,2.467727208505568,75,0,0,0,0.9999998729081548,IHDP,19.3861978441449,13.084172560076798,18.0,/scratch/furkanbd/rc_nll2d/graph2d/IHDP/IHDP_r048.npz
UWYK No-Anc 2D,49,3.502915447112917,2.24204185049989,1.7010704963708103,75,0,0,0,1.0000001662775386,IHDP,8.803189593074723,11.937175693287077,18.0,/scratch/furkanbd/rc_nll2d/graph2d/IHDP/IHDP_r049.npz
UWYK No-Anc 2D,50,3.4413250731834326,2.2050180728386053,1.6756477836374062,75,0,0,0,0.9999998813674073,IHDP,7.719710035901746,8.620972195596156,18.1,/scratch/furkanbd/rc_nll2d/graph2d/IHDP/IHDP_r050.npz
UWYK No-Anc 2D,51,4.162921283560781,2.6406570239260367,2.06348698066242,75,0,0,0,0.9999997839403927,IHDP,14.12036870554089,12.94510549324401,18.0,/scratch/furkanbd/rc_nll2d/graph2d/IHDP/IHDP_r051.npz
UWYK No-Anc 2D,52,5.886029642353159,3.4995306269838213,3.3531725784033113,75,0,0,0,0.999999606960106,IHDP,32.96891211678445,33.660720868999945,19.2,/scratch/furkanbd/rc_nll2d/graph2d/IHDP/IHDP_r052.npz
UWYK No-Anc 2D,53,4.98247485004589,2.892064202551795,2.750787150578804,75,0,0,0,1.000000001293907,IHDP,19.651072186906358,21.12457314116514,19.2,/scratch/furkanbd/rc_nll2d/graph2d/IHDP/IHDP_r053.npz
UWYK No-Anc 2D,54,3.1419025635288316,2.0752294564339193,1.417912789899073,75,0,0,0,0.9999998105537534,IHDP,5.308063286901589,8.327706650812901,20.5,/scratch/furkanbd/rc_nll2d/graph2d/IHDP/IHDP_r054.npz
UWYK No-Anc 2D,55,3.0044171787832443,2.054894950934508,1.5373227921793433,75,0,0,0,0.9999999560637922,IHDP,3.3933156550404515,6.875880003072828,20.9,/scratch/furkanbd/rc_nll2d/graph2d/IHDP/IHDP_r055.npz
UWYK No-Anc 2D,56,3.0779734916603343,1.9753983300961169,1.3843118090978301,75,0,0,0,0.9999998580943994,IHDP,4.503180714572345,7.3022984309265855,20.9,/scratch/furkanbd/rc_nll2d/graph2d/IHDP/IHDP_r056.npz
UWYK No-Anc 2D,57,4.17992398529715,2.5960348182825017,2.3196928415862024,75,0,0,0,0.9999999176323342,IHDP,13.286879789490154,12.007387088345045,20.4,/scratch/furkanbd/rc_nll2d/graph2d/IHDP/IHDP_r057.npz
UWYK No-Anc 2D,58,3.288544063477557,2.0414979044240247,1.447329350272447,75,0,0,0,0.9999999739152299,IHDP,5.056788249372825,7.847965424488025,20.7,/scratch/furkanbd/rc_nll2d/graph2d/IHDP/IHDP_r058.npz
UWYK No-Anc 2D,59,5.950036496693504,3.3652308276302425,3.145503004506461,75,0,0,0,0.9999225154719925,IHDP,36.42025216495997,31.778512424023326,18.7,/scratch/furkanbd/rc_nll2d/graph2d/IHDP/IHDP_r059.npz
UWYK No-Anc 2D,60,3.5307866222703175,2.013966606295558,1.6774051255606472,75,0,0,0,0.9999999166434854,IHDP,4.79989993692065,7.2664012279817,21.1,/scratch/furkanbd/rc_nll2d/graph2d/IHDP/IHDP_r060.npz
UWYK No-Anc 2D,61,3.3931775214100854,2.101798333698116,1.616219438082585,75,0,0,0,0.9999998994105309,IHDP,6.170015388205205,8.798789767161795,20.1,/scratch/furkanbd/rc_nll2d/graph2d/IHDP/IHDP_r061.npz
UWYK No-Anc 2D,62,3.7865545531485,2.3810447769085594,1.8597454925773038,75,0,0,0,0.9999998276676216,IHDP,9.981283229287449,13.094174990384051,20.7,/scratch/furkanbd/rc_nll2d/graph2d/IHDP/IHDP_r062.npz
UWYK No-Anc 2D,63,3.675837561238212,2.314608817004361,1.9231647383321109,75,0,0,0,0.9999999347090143,IHDP,12.544210806511314,14.027191398000484,20.7,/scratch/furkanbd/rc_nll2d/graph2d/IHDP/IHDP_r063.npz
UWYK No-Anc 2D,64,4.7199803641386735,2.6159400891453086,2.3445773115171296,75,0,0,0,1.0000000272356617,IHDP,19.108927345057275,21.143731234158523,18.4,/scratch/furkanbd/rc_nll2d/graph2d/IHDP/IHDP_r064.npz
UWYK No-Anc 2D,65,4.230621391105833,2.1614018826628714,1.5551181011730817,75,0,0,0,0.9999992172833319,IHDP,8.272735805167144,10.924239119903056,18.5,/scratch/furkanbd/rc_nll2d/graph2d/IHDP/IHDP_r065.npz
UWYK No-Anc 2D,66,3.1083331201094153,2.0918422225580895,1.5816105131775688,75,0,0,0,1.000000005867989,IHDP,4.838796769870725,7.165216829075695,18.5,/scratch/furkanbd/rc_nll2d/graph2d/IHDP/IHDP_r066.npz
UWYK No-Anc 2D,67,7.012086764490207,4.159410956557874,3.9785017209862024,75,0,0,0,1.0000000042576622,IHDP,69.24911633643855,57.820479453751446,17.1,/scratch/furkanbd/rc_nll2d/graph2d/IHDP/IHDP_r067.npz
UWYK No-Anc 2D,68,3.1124642381746095,2.0381996419640065,1.5780319649325987,75,0,0,0,0.9999998318908567,IHDP,6.032324166028565,7.9192209094164445,20.9,/scratch/furkanbd/rc_nll2d/graph2d/IHDP/IHDP_r068.npz
UWYK No-Anc 2D,69,3.1070124477435073,2.033313389537348,1.644870890853493,75,0,0,0,0.9999996928461344,IHDP,3.526127153290335,6.526127153290335,21.0,/scratch/furkanbd/rc_nll2d/graph2d/IHDP/IHDP_r069.npz
UWYK No-Anc 2D,70,5.138089453806781,3.0548916840237426,2.9026931461915195,75,0,0,0,0.9999893110915037,IHDP,18.592754390832035,20.482038062537065,18.8,/scratch/furkanbd/rc_nll2d/graph2d/IHDP/IHDP_r070.npz
UWYK No-Anc 2D,71,3.3314882484621973,2.082047450034032,1.8487157095337148,75,0,0,0,0.9999995494919846,IHDP,3.194182893793416,6.497668780134154,21.2,/scratch/furkanbd/rc_nll2d/graph2d/IHDP/IHDP_r071.npz
UWYK No-Anc 2D,72,3.2634272726046643,2.0846054969154086,1.6332318099908039,75,0,0,0,0.9999996984906016,IHDP,6.499617548266605,7.009274590804766,21.0,/scratch/furkanbd/rc_nll2d/graph2d/IHDP/IHDP_r072.npz
UWYK No-Anc 2D,73,3.4092381408232058,2.256421001345372,1.630195570865894,75,0,0,0,0.9999999086370874,IHDP,4.09640534138945,6.95765665241336,21.0,/scratch/furkanbd/rc_nll2d/graph2d/IHDP/IHDP_r073.npz
UWYK No-Anc 2D,74,3.0856291419557826,2.213539312314076,1.491985106497731,75,0,0,0,0.9999999176600055,IHDP,3.5252358161446598,6.44554588065982,20.8,/scratch/furkanbd/rc_nll2d/graph2d/IHDP/IHDP_r074.npz
UWYK No-Anc 2D,75,5.114288601614567,3.0062246253531493,2.6810067202817036,75,0,0,0,0.9999257769623755,IHDP,24.556297415837136,20.840164008285967,18.8,/scratch/furkanbd/rc_nll2d/graph2d/IHDP/IHDP_r075.npz
UWYK No-Anc 2D,76,3.1580134641708373,2.208996048191928,1.63173047986329,75,0,0,0,1.000000074717398,IHDP,5.987802873892461,7.41416729317106,21.1,/scratch/furkanbd/rc_nll2d/graph2d/IHDP/IHDP_r076.npz
UWYK No-Anc 2D,77,2.9797474019124714,1.990260946197666,1.4552302315669496,75,0,0,0,0.9999999194368062,IHDP,4.776806587745986,6.798303573332015,21.0,/scratch/furkanbd/rc_nll2d/graph2d/IHDP/IHDP_r077.npz
UWYK No-Anc 2D,78,3.163053776670235,2.088758848181971,1.5256338493586612,75,0,0,0,0.9999996098574346,IHDP,5.0004745759025795,7.27699157408936,21.2,/scratch/furkanbd/rc_nll2d/graph2d/IHDP/IHDP_r078.npz
UWYK No-Anc 2D,79,3.2757470608550654,2.0717026164214376,1.584640046081806,75,0,0,0,0.9999999404608251,IHDP,4.14937633444389,6.743396949618861,18.0,/scratch/furkanbd/rc_nll2d/graph2d/IHDP/IHDP_r079.npz
UWYK No-Anc 2D,80,7.138829454695503,4.1459848200911456,3.8637535649231074,75,0,0,0,1.0000003963294641,IHDP,82.33063972200077,79.29189795720723,20.2,/scratch/furkanbd/rc_nll2d/graph2d/IHDP/IHDP_r080.npz
UWYK No-Anc 2D,81,5.263102586064401,3.2285306405104,3.043212289967651,75,0,0,0,0.9999999933835164,IHDP,42.003516353514804,39.2584911343093,17.6,/scratch/furkanbd/rc_nll2d/graph2d/IHDP/IHDP_r081.npz
UWYK No-Anc 2D,82,4.26698246148182,2.6901123962681166,2.3538239838923065,75,0,0,0,0.9999998596328176,IHDP,19.058329974842035,14.677186141152465,17.8,/scratch/furkanbd/rc_nll2d/graph2d/IHDP/IHDP_r082.npz
UWYK No-Anc 2D,83,5.717195500260819,3.3454715041086263,3.1663779917220487,75,0,0,0,0.9999999494416408,IHDP,55.033911704857644,53.950941792007356,17.5,/scratch/furkanbd/rc_nll2d/graph2d/IHDP/IHDP_r083.npz
UWYK No-Anc 2D,84,6.50744420614621,3.800548205746276,3.4654762446170784,75,0,0,0,0.9922309742154864,IHDP,58.57801027401966,55.50767411990434,18.5,/scratch/furkanbd/rc_nll2d/graph2d/IHDP/IHDP_r084.npz
UWYK No-Anc 2D,85,6.618066128882003,4.056130259838175,3.8489460660477155,75,0,0,0,0.9999999857783073,IHDP,53.4260240898451,51.398957004163904,20.2,/scratch/furkanbd/rc_nll2d/graph2d/IHDP/IHDP_r085.npz
UWYK No-Anc 2D,86,3.7364891702741376,2.3667110461260448,1.888234833521436,75,0,0,0,0.9999998821040351,IHDP,11.00597321726109,13.14010137951221,21.0,/scratch/furkanbd/rc_nll2d/graph2d/IHDP/IHDP_r086.npz
UWYK No-Anc 2D,87,3.318919338952004,2.0905914310386056,1.763846021943462,75,0,0,0,1.0000000157424458,IHDP,3.226446476197262,6.565105537043548,21.1,/scratch/furkanbd/rc_nll2d/graph2d/IHDP/IHDP_r087.npz
UWYK No-Anc 2D,88,3.8334856204103964,2.29661837537688,1.981734977619881,75,0,0,0,0.9999999865711923,IHDP,7.918391764904252,9.98633100458805,19.6,/scratch/furkanbd/rc_nll2d/graph2d/IHDP/IHDP_r088.npz
UWYK No-Anc 2D,89,3.7134209829424285,2.2467824746557095,1.9172602944069905,75,0,0,0,1.0000000042520287,IHDP,9.680509236277825,8.473529409097974,21.1,/scratch/furkanbd/rc_nll2d/graph2d/IHDP/IHDP_r089.npz
UWYK No-Anc 2D,90,3.2021850274939667,2.098753189700181,1.648017409888095,75,0,0,0,0.9999999356237667,IHDP,3.7647194372736985,7.186122981355733,21.1,/scratch/furkanbd/rc_nll2d/graph2d/IHDP/IHDP_r090.npz
UWYK No-Anc 2D,91,3.882292445367252,2.315783315393823,2.104026754310465,75,0,0,0,1.0000000072032362,IHDP,9.85543474128624,11.55303955239596,19.5,/scratch/furkanbd/rc_nll2d/graph2d/IHDP/IHDP_r091.npz
UWYK No-Anc 2D,92,6.370753075972652,3.534271881360907,3.3741293680782887,75,0,0,0,0.99875094070715,IHDP,41.40982964435481,40.14425098096209,16.7,/scratch/furkanbd/rc_nll2d/graph2d/IHDP/IHDP_r092.npz
UWYK No-Anc 2D,93,3.4703730533845936,2.2080402875475245,1.7270327420568405,75,0,0,0,0.9999998217203419,IHDP,6.535639692021725,7.9499300327058755,21.1,/scratch/furkanbd/rc_nll2d/graph2d/IHDP/IHDP_r093.npz
UWYK No-Anc 2D,94,3.353560795122273,2.2261868042479898,1.7293111988954244,75,0,0,0,0.9999996514046223,IHDP,9.741897553193485,9.126418936734414,21.0,/scratch/furkanbd/rc_nll2d/graph2d/IHDP/IHDP_r094.npz
UWYK No-Anc 2D,95,4.01541097032383,2.1995737630029386,1.6694770602605704,75,0,0,0,0.99999975985648,IHDP,11.704108385494246,11.533879036432856,20.7,/scratch/furkanbd/rc_nll2d/graph2d/IHDP/IHDP_r095.npz
UWYK No-Anc 2D,96,3.3839406332254063,2.097008329241698,1.654835102778888,75,0,0,0,0.9999996957388911,IHDP,7.445314870891185,9.652941216442315,17.6,/scratch/furkanbd/rc_nll2d/graph2d/IHDP/IHDP_r096.npz
UWYK No-Anc 2D,97,6.079023852619522,3.5232881980372857,3.309663068992772,75,0,0,0,0.9999998324422624,IHDP,46.079494616513465,47.26036180047803,21.0,/scratch/furkanbd/rc_nll2d/graph2d/IHDP/IHDP_r097.npz
UWYK No-Anc 2D,98,4.088796898310464,2.468639619843263,2.251411258028012,75,0,0,0,0.9999999322872087,IHDP,12.691120810399696,12.125094443824505,17.4,/scratch/furkanbd/rc_nll2d/graph2d/IHDP/IHDP_r098.npz
UWYK No-Anc 2D,99,3.927660752964288,2.547610441664884,2.0066359920680967,75,0,0,0,0.999999802328344,IHDP,13.161162124860224,11.954182297680374,18.1,/scratch/furkanbd/rc_nll2d/graph2d/IHDP/IHDP_r099.npz
UWYK Anc,0,2.8654235292324555,2.178688222433646,1.9592549340402898,75,0,0,0,0.999771806154479,IHDP,4.482928345768412,7.558475046363377,24.3,/scratch/furkanbd/rc_dens_uni/uwyk1d/IHDP/IHDP_r000.npz
UWYK Anc,1,2.4866981325738737,1.9094767929896186,1.6593785752464019,75,0,0,0,0.999996201092181,IHDP,5.6876408479371,7.1476945138904,18.6,/scratch/furkanbd/rc_dens_uni/uwyk1d/IHDP/IHDP_r001.npz
UWYK Anc,2,3.103820393493419,2.353180811009364,2.027628220075541,75,0,0,0,0.9999700321266162,IHDP,5.982596608156835,8.910845891520264,18.9,/scratch/furkanbd/rc_dens_uni/uwyk1d/IHDP/IHDP_r002.npz
UWYK Anc,3,3.548951510787913,2.460227097193295,2.2007033407850947,75,0,0,0,0.9995992823787793,IHDP,10.202826892337319,9.42862234707078,23.4,/scratch/furkanbd/rc_dens_uni/uwyk1d/IHDP/IHDP_r003.npz
UWYK Anc,4,3.680102172006648,2.539315982393017,2.2980422923497006,75,0,0,0,0.9999542177695498,IHDP,9.22287965410382,10.015755672831581,21.2,/scratch/furkanbd/rc_dens_uni/uwyk1d/IHDP/IHDP_r004.npz
UWYK Anc,5,2.529511661407636,2.019527855528577,1.7299142563836165,75,0,0,0,0.9999983039788203,IHDP,4.192778346699971,7.374118047268539,17.9,/scratch/furkanbd/rc_dens_uni/uwyk1d/IHDP/IHDP_r005.npz
UWYK Anc,6,2.351400972919786,1.9614502002380838,1.6059870504517981,75,0,0,0,0.9999990755881972,IHDP,3.5874437662357526,6.979083563190846,20.1,/scratch/furkanbd/rc_dens_uni/uwyk1d/IHDP/IHDP_r006.npz
UWYK Anc,7,3.2949692230626537,2.3455858202450597,2.0185776466208396,75,0,0,0,1.0000006689465568,IHDP,7.197609165578344,9.915962872620254,41.7,/scratch/furkanbd/rc_dens_uni/uwyk1d/IHDP/IHDP_r007.npz
UWYK Anc,8,7.246239794624601,4.4301912844234685,3.851793283194854,75,0,0,0,0.9996962004776064,IHDP,131.94356029093427,127.8054783525917,31.5,/scratch/furkanbd/rc_dens_uni/uwyk1d/IHDP/IHDP_r008.npz
UWYK Anc,9,5.496565819566469,3.6896543314928225,3.230830195312951,75,0,0,0,0.9969802041942564,IHDP,28.810266595793877,25.791203785768523,63.9,/scratch/furkanbd/rc_dens_uni/uwyk1d/IHDP/IHDP_r009.npz
UWYK Anc,10,3.4789792178444934,2.3615493747022045,2.2307548719019628,75,0,0,0,0.9980185455399435,IHDP,5.77798863149796,9.230367231030339,25.6,/scratch/furkanbd/rc_dens_uni/uwyk1d/IHDP/IHDP_r010.npz
UWYK Anc,11,4.332652553390934,2.828524750482542,2.584777583197389,75,0,0,0,0.9991925528710893,IHDP,11.64006768626314,13.58580476609896,23.3,/scratch/furkanbd/rc_dens_uni/uwyk1d/IHDP/IHDP_r011.npz
UWYK Anc,12,8.309116762081317,4.910847739313399,4.178694247781489,75,0,0,0,0.9960194878349163,IHDP,101.73665271474326,91.71426107613775,27.6,/scratch/furkanbd/rc_dens_uni/uwyk1d/IHDP/IHDP_r012.npz
UWYK Anc,13,2.55468333761482,1.963423220261739,1.6488120112010525,75,0,0,0,1.0000000698345535,IHDP,4.236555926512995,6.921237478144855,35.0,/scratch/furkanbd/rc_dens_uni/uwyk1d/IHDP/IHDP_r013.npz
UWYK Anc,14,3.4542646047710974,2.316375851205327,2.113142106271514,75,0,0,0,0.9987466482898443,IHDP,7.40356767156333,9.93795165166367,23.3,/scratch/furkanbd/rc_dens_uni/uwyk1d/IHDP/IHDP_r014.npz
UWYK Anc,15,2.599356287078518,2.0079359444186915,1.7720169542089785,75,0,0,0,0.9998779738178625,IHDP,6.325261365396756,8.500444775492145,32.0,/scratch/furkanbd/rc_dens_uni/uwyk1d/IHDP/IHDP_r015.npz
UWYK Anc,16,4.545041937677416,2.8355477353660157,2.619488229681956,75,0,0,0,0.9976902893317192,IHDP,11.04031948402785,13.72999525903265,67.4,/scratch/furkanbd/rc_dens_uni/uwyk1d/IHDP/IHDP_r016.npz
UWYK Anc,17,3.7729036326302148,2.518469117411547,2.244155303489867,75,0,0,0,0.9994555549524634,IHDP,11.089708246895265,13.280817533699635,23.2,/scratch/furkanbd/rc_dens_uni/uwyk1d/IHDP/IHDP_r017.npz
UWYK Anc,18,4.087829686728947,2.7414136945077217,2.369582253009216,75,0,0,0,0.9987801661541391,IHDP,9.506368286423426,13.020077793907573,23.8,/scratch/furkanbd/rc_dens_uni/uwyk1d/IHDP/IHDP_r018.npz
UWYK Anc,19,3.1906020214330137,2.273316239353512,1.982837759470272,75,0,0,0,0.9999994085451082,IHDP,6.06352880310614,8.89049584934196,14.8,/scratch/furkanbd/rc_dens_uni/uwyk1d/IHDP/IHDP_r019.npz
UWYK Anc,20,5.29220700774472,3.274258805868123,3.009685908367285,75,0,0,0,0.9914293651521104,IHDP,21.99868395171069,21.05087298430901,23.8,/scratch/furkanbd/rc_dens_uni/uwyk1d/IHDP/IHDP_r020.npz
UWYK Anc,21,3.1860975894382335,2.313423294815753,2.153325461825689,75,0,0,0,0.9999151372715713,IHDP,5.4432128741992,8.15850781068051,24.0,/scratch/furkanbd/rc_dens_uni/uwyk1d/IHDP/IHDP_r021.npz
UWYK Anc,22,4.022541036022698,2.628375971698111,2.367625551190946,75,0,0,0,0.9981559575333141,IHDP,8.392273971576008,10.36860961280099,29.1,/scratch/furkanbd/rc_dens_uni/uwyk1d/IHDP/IHDP_r022.npz
UWYK Anc,23,4.870757946336355,3.145010936446986,2.553852387925547,75,0,0,0,0.9999246483380282,IHDP,23.11250486267872,23.42620249366618,23.8,/scratch/furkanbd/rc_dens_uni/uwyk1d/IHDP/IHDP_r023.npz
UWYK Anc,24,3.941058531927111,2.6563939225008477,2.3992039313416904,75,0,0,0,0.9999357393671345,IHDP,15.483072675528668,17.958893409671028,29.0,/scratch/furkanbd/rc_dens_uni/uwyk1d/IHDP/IHDP_r024.npz
UWYK Anc,25,6.639462503759776,3.94510686855878,3.3437252254024012,75,0,0,0,0.9952691267755073,IHDP,39.623725308854254,35.62870207221385,24.0,/scratch/furkanbd/rc_dens_uni/uwyk1d/IHDP/IHDP_r025.npz
UWYK Anc,26,3.1038920749360677,2.247493333524903,1.9928728575554606,75,0,0,0,0.9999616077989597,IHDP,7.28121351335893,8.91180565023697,21.0,/scratch/furkanbd/rc_dens_uni/uwyk1d/IHDP/IHDP_r026.npz
UWYK Anc,27,8.296391798374655,4.972158125984012,4.23269775640772,75,0,0,0,0.9999378293025702,IHDP,174.31892360517375,171.23128232682225,27.7,/scratch/furkanbd/rc_dens_uni/uwyk1d/IHDP/IHDP_r027.npz
UWYK Anc,28,3.5688831376265733,2.496543164614316,2.2630872980533594,75,0,0,0,0.9998840167678302,IHDP,9.12577496147626,11.01267170486414,23.5,/scratch/furkanbd/rc_dens_uni/uwyk1d/IHDP/IHDP_r028.npz
UWYK Anc,29,4.0489085213766405,2.6690715590417864,2.4427832206122186,75,0,0,0,0.9958048674403468,IHDP,7.5389127395491204,9.81401580180618,26.0,/scratch/furkanbd/rc_dens_uni/uwyk1d/IHDP/IHDP_r029.npz
UWYK Anc,30,4.119649654115173,2.7069665775402196,2.3493992203457865,75,0,0,0,0.9994701434719666,IHDP,11.704849626708262,14.755789855739737,23.8,/scratch/furkanbd/rc_dens_uni/uwyk1d/IHDP/IHDP_r030.npz
UWYK Anc,31,2.655886938727318,2.038143449366976,1.5875768102245784,75,0,0,0,0.9999988832849852,IHDP,5.38835681722081,7.162815888728339,18.9,/scratch/furkanbd/rc_dens_uni/uwyk1d/IHDP/IHDP_r031.npz
UWYK Anc,32,4.003177871579654,2.781791735918801,2.5593725198280786,75,0,0,0,0.9999526850499557,IHDP,10.670161371808721,13.63375115087048,20.1,/scratch/furkanbd/rc_dens_uni/uwyk1d/IHDP/IHDP_r032.npz
UWYK Anc,33,7.810545539725754,4.791313161386879,4.092997583885543,75,0,0,0,0.9997605822031916,IHDP,122.07897632363135,118.58298181465766,24.2,/scratch/furkanbd/rc_dens_uni/uwyk1d/IHDP/IHDP_r033.npz
UWYK Anc,34,4.960445512727028,3.0876547612031695,2.6974237562271,75,0,0,0,0.999823280708952,IHDP,19.699934860731368,18.94924827196293,69.4,/scratch/furkanbd/rc_dens_uni/uwyk1d/IHDP/IHDP_r034.npz
UWYK Anc,35,4.678373469146536,3.179892423578469,2.9201370802182103,75,0,0,0,0.9997785162424133,IHDP,20.29193902335215,16.54522734072475,57.5,/scratch/furkanbd/rc_dens_uni/uwyk1d/IHDP/IHDP_r035.npz
UWYK Anc,36,5.346308133874376,3.3840191581485213,2.919296284404434,75,0,0,0,0.9993737349038812,IHDP,38.801805945215854,31.79025013081945,21.4,/scratch/furkanbd/rc_dens_uni/uwyk1d/IHDP/IHDP_r036.npz
UWYK Anc,37,3.8014322228011186,2.4755744008180445,2.1908813942087733,75,0,0,0,0.9986427477429565,IHDP,8.095747679215794,10.579981766873804,25.0,/scratch/furkanbd/rc_dens_uni/uwyk1d/IHDP/IHDP_r037.npz
UWYK Anc,38,5.497815450083488,3.534966951464856,3.257954556958036,75,0,0,0,0.9991423964161499,IHDP,35.26156302873045,31.44767559417724,27.5,/scratch/furkanbd/rc_dens_uni/uwyk1d/IHDP/IHDP_r038.npz
UWYK Anc,39,4.489330804417938,2.987434992326408,2.681835800259969,75,0,0,0,0.9988645753635357,IHDP,11.79466633048628,14.09516407992382,25.9,/scratch/furkanbd/rc_dens_uni/uwyk1d/IHDP/IHDP_r039.npz
UWYK Anc,40,3.331877586227138,2.242511077639254,2.05737159194918,75,0,0,0,0.9999989674622675,IHDP,5.360365283486381,8.463802661021049,17.3,/scratch/furkanbd/rc_dens_uni/uwyk1d/IHDP/IHDP_r040.npz
UWYK Anc,41,2.4649355344279638,1.8820306219943097,1.54174823669267,75,0,0,0,0.9999995257184968,IHDP,4.35874892371311,7.08370671468888,17.9,/scratch/furkanbd/rc_dens_uni/uwyk1d/IHDP/IHDP_r041.npz
UWYK Anc,42,3.2463372916590267,2.2653794498732713,2.1509317432168737,75,0,0,0,0.9998165018186139,IHDP,6.06264006845047,8.23014851156033,25.3,/scratch/furkanbd/rc_dens_uni/uwyk1d/IHDP/IHDP_r042.npz
UWYK Anc,43,3.2744918701838053,2.322088968227582,2.085627200113109,75,0,0,0,0.9999886047564618,IHDP,12.549233432868444,10.336046840870956,21.1,/scratch/furkanbd/rc_dens_uni/uwyk1d/IHDP/IHDP_r043.npz
UWYK Anc,44,4.4466019339572425,2.9198729322739734,2.5120751552280516,75,0,0,0,0.9991589786294813,IHDP,17.09187056856628,13.95923357510702,22.6,/scratch/furkanbd/rc_dens_uni/uwyk1d/IHDP/IHDP_r044.npz
UWYK Anc,45,4.27486231912045,2.834966460049757,2.6378084036455816,75,0,0,0,0.9987917720003981,IHDP,12.409748200494139,11.65378452783606,21.1,/scratch/furkanbd/rc_dens_uni/uwyk1d/IHDP/IHDP_r045.npz
UWYK Anc,46,4.790137678300049,3.2686850183861726,2.8202241510337784,75,0,0,0,0.9992614489271083,IHDP,20.071544824178844,20.042175266613754,25.1,/scratch/furkanbd/rc_dens_uni/uwyk1d/IHDP/IHDP_r046.npz
UWYK Anc,47,3.0706352561270522,2.3489840722168465,2.0247154104081595,75,0,0,0,0.9999811418353651,IHDP,7.44049180154102,8.03946018451918,21.7,/scratch/furkanbd/rc_dens_uni/uwyk1d/IHDP/IHDP_r047.npz
UWYK Anc,48,4.003145951856626,2.801747222094383,2.589692755410518,75,0,0,0,0.9999970117206669,IHDP,19.3861978441449,13.084172560076798,49.8,/scratch/furkanbd/rc_dens_uni/uwyk1d/IHDP/IHDP_r048.npz
UWYK Anc,49,3.4569514646134,2.4711907886326037,2.1073598074979074,75,0,0,0,0.999844964771187,IHDP,8.803189593074723,11.937175693287077,32.3,/scratch/furkanbd/rc_dens_uni/uwyk1d/IHDP/IHDP_r049.npz
UWYK Anc,50,3.4491689822225884,2.415930588222253,2.207977459452897,75,0,0,0,0.9999124853084069,IHDP,7.719710035901746,8.620972195596156,19.7,/scratch/furkanbd/rc_dens_uni/uwyk1d/IHDP/IHDP_r050.npz
UWYK Anc,51,4.409690641735612,2.9399598397584206,2.645490980422193,75,0,0,0,0.9994729801106723,IHDP,14.12036870554089,12.94510549324401,22.4,/scratch/furkanbd/rc_dens_uni/uwyk1d/IHDP/IHDP_r051.npz
UWYK Anc,52,6.220821679296032,3.839953873295899,3.4504055306500407,75,0,0,0,0.9955699363196563,IHDP,32.96891211678445,33.660720868999945,55.5,/scratch/furkanbd/rc_dens_uni/uwyk1d/IHDP/IHDP_r052.npz
UWYK Anc,53,5.038827921445783,3.1827444677470726,2.7753918483029385,75,0,0,0,0.9974603320437715,IHDP,19.651072186906358,21.12457314116514,27.2,/scratch/furkanbd/rc_dens_uni/uwyk1d/IHDP/IHDP_r053.npz
UWYK Anc,54,3.031285020841281,2.2478135904149728,1.943544163445372,75,0,0,0,0.9998701902736578,IHDP,5.308063286901589,8.327706650812901,21.9,/scratch/furkanbd/rc_dens_uni/uwyk1d/IHDP/IHDP_r054.npz
UWYK Anc,55,2.0904728485298554,1.8762879801043482,1.3973728489844721,75,0,0,0,0.9999770351698406,IHDP,3.3933156550404515,6.875880003072828,23.6,/scratch/furkanbd/rc_dens_uni/uwyk1d/IHDP/IHDP_r055.npz
UWYK Anc,56,2.8425042306664876,2.1423362272043587,1.966915633775464,75,0,0,0,0.999974209431779,IHDP,4.503180714572345,7.3022984309265855,19.7,/scratch/furkanbd/rc_dens_uni/uwyk1d/IHDP/IHDP_r056.npz
UWYK Anc,57,4.012356381556503,2.678308437957722,2.500959888171959,75,0,0,0,0.999979361758788,IHDP,13.286879789490154,12.007387088345045,20.3,/scratch/furkanbd/rc_dens_uni/uwyk1d/IHDP/IHDP_r057.npz
UWYK Anc,58,2.9146271371980017,2.048019914058952,1.8397156916564417,75,0,0,0,0.9999055104643106,IHDP,5.056788249372825,7.847965424488025,21.5,/scratch/furkanbd/rc_dens_uni/uwyk1d/IHDP/IHDP_r058.npz
UWYK Anc,59,5.875249635727112,3.552493960554751,3.0911728405285595,75,0,0,0,0.9947418618047086,IHDP,36.42025216495997,31.778512424023326,25.7,/scratch/furkanbd/rc_dens_uni/uwyk1d/IHDP/IHDP_r059.npz
UWYK Anc,60,2.6816471810647364,1.9233775226735914,1.672576771709513,75,0,0,0,0.9999995481076913,IHDP,4.79989993692065,7.2664012279817,17.8,/scratch/furkanbd/rc_dens_uni/uwyk1d/IHDP/IHDP_r060.npz
UWYK Anc,61,3.670284187446868,2.4843759405916344,2.2197804163707797,75,0,0,0,0.9996923511181877,IHDP,6.170015388205205,8.798789767161795,23.8,/scratch/furkanbd/rc_dens_uni/uwyk1d/IHDP/IHDP_r061.npz
UWYK Anc,62,3.8386141450960682,2.644172564461212,2.19064832215322,75,0,0,0,0.9996811659116165,IHDP,9.981283229287449,13.094174990384051,25.4,/scratch/furkanbd/rc_dens_uni/uwyk1d/IHDP/IHDP_r062.npz
UWYK Anc,63,3.738089809375392,2.4181743457945637,2.1745176289015458,75,0,0,0,0.9972566864742789,IHDP,12.544210806511314,14.027191398000484,28.0,/scratch/furkanbd/rc_dens_uni/uwyk1d/IHDP/IHDP_r063.npz
UWYK Anc,64,4.386466050142796,2.8749336856692898,2.572885252019654,75,0,0,0,0.9998610097294913,IHDP,19.108927345057275,21.143731234158523,41.6,/scratch/furkanbd/rc_dens_uni/uwyk1d/IHDP/IHDP_r064.npz
UWYK Anc,65,3.5466092219023606,2.391146140759326,2.078048356489374,75,0,0,0,0.9999990035546539,IHDP,8.272735805167144,10.924239119903056,37.9,/scratch/furkanbd/rc_dens_uni/uwyk1d/IHDP/IHDP_r065.npz
UWYK Anc,66,2.57475186441985,1.9812801287565351,1.7522823542262551,75,0,0,0,0.9999978129342647,IHDP,4.838796769870725,7.165216829075695,19.6,/scratch/furkanbd/rc_dens_uni/uwyk1d/IHDP/IHDP_r066.npz
UWYK Anc,67,7.161208996621298,4.419408437862112,3.8381520458897684,75,0,0,0,0.9973812827033639,IHDP,69.24911633643855,57.820479453751446,22.0,/scratch/furkanbd/rc_dens_uni/uwyk1d/IHDP/IHDP_r067.npz
UWYK Anc,68,2.6150600422823733,2.0448227467632294,1.7339872077703238,75,0,0,0,0.9999997908171274,IHDP,6.032324166028565,7.9192209094164445,19.5,/scratch/furkanbd/rc_dens_uni/uwyk1d/IHDP/IHDP_r068.npz
UWYK Anc,69,2.4003249452864304,1.796670713246834,1.4349950275075252,75,0,0,0,0.9999996959248199,IHDP,3.526127153290335,6.526127153290335,20.5,/scratch/furkanbd/rc_dens_uni/uwyk1d/IHDP/IHDP_r069.npz
UWYK Anc,70,5.197755584850668,3.3048039775741462,3.002768413689155,75,0,0,0,0.9852175257470653,IHDP,18.592754390832035,20.482038062537065,26.2,/scratch/furkanbd/rc_dens_uni/uwyk1d/IHDP/IHDP_r070.npz
UWYK Anc,71,2.7167175896243902,1.9094321564382006,1.6159552510489081,75,0,0,0,1.0000000738657946,IHDP,3.194182893793416,6.497668780134154,18.1,/scratch/furkanbd/rc_dens_uni/uwyk1d/IHDP/IHDP_r071.npz
UWYK Anc,72,2.8529180476496885,2.024595720848305,1.8544501558563555,75,0,0,0,0.9999996675353691,IHDP,6.499617548266605,7.009274590804766,16.2,/scratch/furkanbd/rc_dens_uni/uwyk1d/IHDP/IHDP_r072.npz
UWYK Anc,73,2.5564649365792547,2.056296215695208,1.6740115966510922,75,0,0,0,0.9999998063305102,IHDP,4.09640534138945,6.95765665241336,16.8,/scratch/furkanbd/rc_dens_uni/uwyk1d/IHDP/IHDP_r073.npz
UWYK Anc,74,2.330077327338911,1.9945748893476718,1.507602870417255,75,0,0,0,0.9999982631237597,IHDP,3.5252358161446598,6.44554588065982,53.5,/scratch/furkanbd/rc_dens_uni/uwyk1d/IHDP/IHDP_r074.npz
UWYK Anc,75,5.371764166027106,3.2863875220057763,2.887258556420812,75,0,0,0,0.9949574260912901,IHDP,24.556297415837136,20.840164008285967,28.5,/scratch/furkanbd/rc_dens_uni/uwyk1d/IHDP/IHDP_r075.npz
UWYK Anc,76,2.678921952900629,2.1100703037675976,1.715313106519424,75,0,0,0,0.9999999338623853,IHDP,5.987802873892461,7.41416729317106,30.5,/scratch/furkanbd/rc_dens_uni/uwyk1d/IHDP/IHDP_r076.npz
UWYK Anc,77,2.2617487648555397,1.8344216574989083,1.4251047139257118,75,0,0,0,0.9999997297511014,IHDP,4.776806587745986,6.798303573332015,21.1,/scratch/furkanbd/rc_dens_uni/uwyk1d/IHDP/IHDP_r077.npz
UWYK Anc,78,2.7479669444612354,2.1285376408997765,1.8464291014524798,75,0,0,0,0.9999913577638941,IHDP,5.0004745759025795,7.27699157408936,19.3,/scratch/furkanbd/rc_dens_uni/uwyk1d/IHDP/IHDP_r078.npz
UWYK Anc,79,2.269552925274854,1.8899575302573501,1.4749353215202066,75,0,0,0,0.9999988254855752,IHDP,4.14937633444389,6.743396949618861,19.9,/scratch/furkanbd/rc_dens_uni/uwyk1d/IHDP/IHDP_r079.npz
UWYK Anc,80,7.197480520355333,4.493966587598986,3.8891001730627774,75,0,0,0,0.9987600024531627,IHDP,82.33063972200077,79.29189795720723,25.9,/scratch/furkanbd/rc_dens_uni/uwyk1d/IHDP/IHDP_r080.npz
UWYK Anc,81,5.405155712582209,3.4528657873613193,2.9765923235268503,75,0,0,0,0.994167877124278,IHDP,42.003516353514804,39.2584911343093,29.8,/scratch/furkanbd/rc_dens_uni/uwyk1d/IHDP/IHDP_r081.npz
UWYK Anc,82,4.280724985170539,2.8821580141332364,2.6203122294804326,75,0,0,0,0.999974360477109,IHDP,19.058329974842035,14.677186141152465,24.7,/scratch/furkanbd/rc_dens_uni/uwyk1d/IHDP/IHDP_r082.npz
UWYK Anc,83,6.104873572743634,3.7408008712179877,3.039851448080369,75,0,0,0,0.9955223400837293,IHDP,55.033911704857644,53.950941792007356,30.1,/scratch/furkanbd/rc_dens_uni/uwyk1d/IHDP/IHDP_r083.npz
UWYK Anc,84,6.639536953735412,4.0798454070699925,3.5120018326989366,75,0,0,0,0.9763138324881817,IHDP,58.57801027401966,55.50767411990434,56.3,/scratch/furkanbd/rc_dens_uni/uwyk1d/IHDP/IHDP_r084.npz
UWYK Anc,85,6.99631747302595,4.340145506615066,3.5542868756169295,75,0,0,0,0.9991207613958343,IHDP,53.4260240898451,51.398957004163904,21.3,/scratch/furkanbd/rc_dens_uni/uwyk1d/IHDP/IHDP_r085.npz
UWYK Anc,86,3.686733351888283,2.5787014829209807,2.3581890537776236,75,0,0,0,0.9999448716596315,IHDP,11.00597321726109,13.14010137951221,24.4,/scratch/furkanbd/rc_dens_uni/uwyk1d/IHDP/IHDP_r086.npz
UWYK Anc,87,2.4862015184176003,1.862807457383282,1.4853576788063436,75,0,0,0,0.9999998350730235,IHDP,3.226446476197262,6.565105537043548,17.8,/scratch/furkanbd/rc_dens_uni/uwyk1d/IHDP/IHDP_r087.npz
UWYK Anc,88,3.9363047344212556,2.694230250683954,2.378338774017217,75,0,0,0,0.9985763081640167,IHDP,7.918391764904252,9.98633100458805,21.7,/scratch/furkanbd/rc_dens_uni/uwyk1d/IHDP/IHDP_r088.npz
UWYK Anc,89,3.3055058327333775,2.27138480115402,2.1643877041458635,75,0,0,0,1.000000092834487,IHDP,9.680509236277825,8.473529409097974,18.0,/scratch/furkanbd/rc_dens_uni/uwyk1d/IHDP/IHDP_r089.npz
UWYK Anc,90,2.552974305412087,1.9606159258543543,1.6831677666996794,75,0,0,0,0.9999997579363653,IHDP,3.7647194372736985,7.186122981355733,19.1,/scratch/furkanbd/rc_dens_uni/uwyk1d/IHDP/IHDP_r090.npz
UWYK Anc,91,3.9820779355421987,2.6401659495518097,2.414885729269039,75,0,0,0,0.9990990805384702,IHDP,9.85543474128624,11.55303955239596,23.5,/scratch/furkanbd/rc_dens_uni/uwyk1d/IHDP/IHDP_r091.npz
UWYK Anc,92,6.797816523595552,4.165464219508215,3.564201815243943,75,0,0,0,0.9931366912698485,IHDP,41.40982964435481,40.14425098096209,27.7,/scratch/furkanbd/rc_dens_uni/uwyk1d/IHDP/IHDP_r092.npz
UWYK Anc,93,2.685731915790406,2.0944661347595956,1.732821392258721,75,0,0,0,0.9999993755183226,IHDP,6.535639692021725,7.9499300327058755,26.2,/scratch/furkanbd/rc_dens_uni/uwyk1d/IHDP/IHDP_r093.npz
UWYK Anc,94,3.247612132050963,2.3144486057639617,2.049437098088598,75,0,0,0,0.999991106773201,IHDP,9.741897553193485,9.126418936734414,17.4,/scratch/furkanbd/rc_dens_uni/uwyk1d/IHDP/IHDP_r094.npz
UWYK Anc,95,3.8753829558604167,2.4678654752177693,2.104126188205424,75,0,0,0,0.9999335256670061,IHDP,11.704108385494246,11.533879036432856,22.4,/scratch/furkanbd/rc_dens_uni/uwyk1d/IHDP/IHDP_r095.npz
UWYK Anc,96,3.6960187261811073,2.4384266398569885,2.265239561086622,75,0,0,0,0.9995092616376912,IHDP,7.445314870891185,9.652941216442315,30.7,/scratch/furkanbd/rc_dens_uni/uwyk1d/IHDP/IHDP_r096.npz
UWYK Anc,97,5.93691584398622,3.790891818471911,3.193269138570622,75,0,0,0,0.9994093908626002,IHDP,46.079494616513465,47.26036180047803,23.9,/scratch/furkanbd/rc_dens_uni/uwyk1d/IHDP/IHDP_r097.npz
UWYK Anc,98,4.219685356913411,2.741208337945156,2.5003621053180765,75,0,0,0,0.9981228330175032,IHDP,12.691120810399696,12.125094443824505,22.6,/scratch/furkanbd/rc_dens_uni/uwyk1d/IHDP/IHDP_r098.npz
UWYK Anc,99,3.558263473874675,2.6359588118962005,2.2850448008439006,75,0,0,0,0.9999908775135511,IHDP,13.161162124860224,11.954182297680374,20.0,/scratch/furkanbd/rc_dens_uni/uwyk1d/IHDP/IHDP_r099.npz
UWYK Anc 2D,0,2.944623520192275,1.9717388226519306,1.4098794992454478,75,0,0,0,0.9999997739344141,IHDP,4.482928345768412,7.558475046363377,20.6,/scratch/furkanbd/rc_nll2d/graph2d/IHDP/IHDP_r000.npz
UWYK Anc 2D,1,2.92263805479243,1.9584510222325666,1.4830322086337264,75,0,0,0,0.999999956101097,IHDP,5.6876408479371,7.1476945138904,20.9,/scratch/furkanbd/rc_nll2d/graph2d/IHDP/IHDP_r001.npz
UWYK Anc 2D,2,3.2055120823408165,2.09170821802374,1.3206464355792706,75,0,0,0,0.9999996687758014,IHDP,5.982596608156835,8.910845891520264,20.9,/scratch/furkanbd/rc_nll2d/graph2d/IHDP/IHDP_r002.npz
UWYK Anc 2D,3,3.6933531595078275,2.3210174506619294,1.5687306396819507,75,0,0,0,0.999999800451965,IHDP,10.202826892337319,9.42862234707078,17.9,/scratch/furkanbd/rc_nll2d/graph2d/IHDP/IHDP_r003.npz
UWYK Anc 2D,4,3.7094382329082523,2.3545972579255694,1.799655127395046,75,0,0,0,0.9999998669245156,IHDP,9.22287965410382,10.015755672831581,20.4,/scratch/furkanbd/rc_nll2d/graph2d/IHDP/IHDP_r004.npz
UWYK Anc 2D,5,2.724330365985179,1.997823715544077,1.2035903625344933,75,0,0,0,0.9999999654079669,IHDP,4.192778346699971,7.374118047268539,21.1,/scratch/furkanbd/rc_nll2d/graph2d/IHDP/IHDP_r005.npz
UWYK Anc 2D,6,2.966491721828879,2.13363477853011,1.5462584229491532,75,0,0,0,1.000000171441581,IHDP,3.5874437662357526,6.979083563190846,20.8,/scratch/furkanbd/rc_nll2d/graph2d/IHDP/IHDP_r006.npz
UWYK Anc 2D,7,3.3230718043559078,2.1774785267255647,1.5027923597576467,75,0,0,0,1.000000069665111,IHDP,7.197609165578344,9.915962872620254,20.9,/scratch/furkanbd/rc_nll2d/graph2d/IHDP/IHDP_r007.npz
UWYK Anc 2D,8,8.804965068127391,4.291244254113051,3.8565657777116513,75,0,0,0,1.0000004591914682,IHDP,131.94356029093427,127.8054783525917,18.2,/scratch/furkanbd/rc_nll2d/graph2d/IHDP/IHDP_r008.npz
UWYK Anc 2D,9,5.0031982649608695,3.1814826396209015,2.8183457538666556,75,0,0,0,0.9999998837754792,IHDP,28.810266595793877,25.791203785768523,19.6,/scratch/furkanbd/rc_nll2d/graph2d/IHDP/IHDP_r009.npz
UWYK Anc 2D,10,3.168030014335183,2.0866547558362725,1.592494598317041,75,0,0,0,0.9999999282967125,IHDP,5.77798863149796,9.230367231030339,19.5,/scratch/furkanbd/rc_nll2d/graph2d/IHDP/IHDP_r010.npz
UWYK Anc 2D,11,3.9736282946897186,2.4885062134162053,2.1763103778593216,75,0,0,0,0.999999969021377,IHDP,11.64006768626314,13.58580476609896,17.7,/scratch/furkanbd/rc_nll2d/graph2d/IHDP/IHDP_r011.npz
UWYK Anc 2D,12,8.033347319982102,4.622596016088187,4.313383696637902,75,0,0,0,1.0000000290201025,IHDP,101.73665271474326,91.71426107613775,19.5,/scratch/furkanbd/rc_nll2d/graph2d/IHDP/IHDP_r012.npz
UWYK Anc 2D,13,3.126717066010133,2.045677778929729,1.6641539650891073,75,0,0,0,1.0000002899137688,IHDP,4.236555926512995,6.921237478144855,18.1,/scratch/furkanbd/rc_nll2d/graph2d/IHDP/IHDP_r013.npz
UWYK Anc 2D,14,3.854487488287192,2.3386629911554895,1.8926619909246591,75,0,0,0,0.9999999929624579,IHDP,7.40356767156333,9.93795165166367,19.6,/scratch/furkanbd/rc_nll2d/graph2d/IHDP/IHDP_r014.npz
UWYK Anc 2D,15,2.946258210082206,1.9588417404387573,1.3478701688463652,75,0,0,0,1.000000266354716,IHDP,6.325261365396756,8.500444775492145,20.6,/scratch/furkanbd/rc_nll2d/graph2d/IHDP/IHDP_r015.npz
UWYK Anc 2D,16,4.340563176630118,2.5710320443320915,2.359121752876232,75,0,0,0,0.9999469791184569,IHDP,11.04031948402785,13.72999525903265,18.7,/scratch/furkanbd/rc_nll2d/graph2d/IHDP/IHDP_r016.npz
UWYK Anc 2D,17,3.570919709584088,2.3064612227442547,1.9124393558030959,75,0,0,0,0.9999999436937935,IHDP,11.089708246895265,13.280817533699635,18.0,/scratch/furkanbd/rc_nll2d/graph2d/IHDP/IHDP_r017.npz
UWYK Anc 2D,18,3.6038227364584943,2.3067390711593574,1.9382650814209286,75,0,0,0,0.9999998592363168,IHDP,9.506368286423426,13.020077793907573,20.0,/scratch/furkanbd/rc_nll2d/graph2d/IHDP/IHDP_r018.npz
UWYK Anc 2D,19,3.5682713088124864,2.131042660855313,1.3880924343463268,75,0,0,0,1.0000001336198932,IHDP,6.06352880310614,8.89049584934196,21.2,/scratch/furkanbd/rc_nll2d/graph2d/IHDP/IHDP_r019.npz
UWYK Anc 2D,20,4.957159520356802,2.9127500587486734,2.7842049915749256,75,0,0,0,0.9999010904927873,IHDP,21.99868395171069,21.05087298430901,18.9,/scratch/furkanbd/rc_nll2d/graph2d/IHDP/IHDP_r020.npz
UWYK Anc 2D,21,2.885964850200235,2.015197689021392,1.3352249289524376,75,0,0,0,0.9999999633622164,IHDP,5.4432128741992,8.15850781068051,17.7,/scratch/furkanbd/rc_nll2d/graph2d/IHDP/IHDP_r021.npz
UWYK Anc 2D,22,3.8483236544425448,2.255156334184415,1.7560561021334038,75,0,0,0,0.9999999252711735,IHDP,8.392273971576008,10.36860961280099,17.7,/scratch/furkanbd/rc_nll2d/graph2d/IHDP/IHDP_r022.npz
UWYK Anc 2D,23,4.566772070185537,2.780603767449102,2.5679615462994376,75,0,0,0,0.999999579489681,IHDP,23.11250486267872,23.42620249366618,20.0,/scratch/furkanbd/rc_nll2d/graph2d/IHDP/IHDP_r023.npz
UWYK Anc 2D,24,3.784480129632465,2.263053247299478,1.836630717812565,75,0,0,0,0.9999997270995771,IHDP,15.483072675528668,17.958893409671028,20.8,/scratch/furkanbd/rc_nll2d/graph2d/IHDP/IHDP_r024.npz
UWYK Anc 2D,25,6.139375218043077,3.5683196871210043,3.367172475481269,75,0,0,0,0.9999946521616775,IHDP,39.623725308854254,35.62870207221385,19.0,/scratch/furkanbd/rc_nll2d/graph2d/IHDP/IHDP_r025.npz
UWYK Anc 2D,26,3.054266499514046,2.106888950162717,1.4503209987208971,75,0,0,0,0.9999999957553619,IHDP,7.28121351335893,8.91180565023697,20.9,/scratch/furkanbd/rc_nll2d/graph2d/IHDP/IHDP_r026.npz
UWYK Anc 2D,27,8.285765036932554,4.618647574155565,4.438371812131405,75,0,0,0,0.9999991498864202,IHDP,174.31892360517375,171.23128232682225,20.7,/scratch/furkanbd/rc_nll2d/graph2d/IHDP/IHDP_r027.npz
UWYK Anc 2D,28,3.520641326808518,2.322699040411906,1.9056772763613827,75,0,0,0,0.9999999324149212,IHDP,9.12577496147626,11.01267170486414,17.7,/scratch/furkanbd/rc_nll2d/graph2d/IHDP/IHDP_r028.npz
UWYK Anc 2D,29,3.5918718015212145,2.222848913778677,1.6675071642687487,75,0,0,0,0.9999987130849327,IHDP,7.5389127395491204,9.81401580180618,19.5,/scratch/furkanbd/rc_nll2d/graph2d/IHDP/IHDP_r029.npz
UWYK Anc 2D,30,3.725989444109028,2.347554789566115,1.7267707828752372,75,0,0,0,0.9999998620851135,IHDP,11.704849626708262,14.755789855739737,20.9,/scratch/furkanbd/rc_nll2d/graph2d/IHDP/IHDP_r030.npz
UWYK Anc 2D,31,3.003481243337312,2.0885086721442976,1.4964949453796719,75,0,0,0,0.9999998516259553,IHDP,5.38835681722081,7.162815888728339,21.0,/scratch/furkanbd/rc_nll2d/graph2d/IHDP/IHDP_r031.npz
UWYK Anc 2D,32,3.5977208369140916,2.238070843210292,1.7931142144107897,75,0,0,0,0.9999999459314354,IHDP,10.670161371808721,13.63375115087048,20.5,/scratch/furkanbd/rc_nll2d/graph2d/IHDP/IHDP_r032.npz
UWYK Anc 2D,33,7.494724088941886,4.366385583637332,4.281038776076119,75,0,0,0,1.0000006046261303,IHDP,122.07897632363135,118.58298181465766,17.5,/scratch/furkanbd/rc_nll2d/graph2d/IHDP/IHDP_r033.npz
UWYK Anc 2D,34,4.642107338542411,2.861303609595965,2.538124319006207,75,0,0,0,1.000000085861241,IHDP,19.699934860731368,18.94924827196293,20.1,/scratch/furkanbd/rc_nll2d/graph2d/IHDP/IHDP_r034.npz
UWYK Anc 2D,35,4.408439337495238,2.812916736211982,2.470092849348836,75,0,0,0,0.9999999981890316,IHDP,20.29193902335215,16.54522734072475,17.6,/scratch/furkanbd/rc_nll2d/graph2d/IHDP/IHDP_r035.npz
UWYK Anc 2D,36,5.119892151849073,3.281315007962641,2.9770581921119756,75,0,0,0,1.0000001299374208,IHDP,38.801805945215854,31.79025013081945,17.7,/scratch/furkanbd/rc_nll2d/graph2d/IHDP/IHDP_r036.npz
UWYK Anc 2D,37,3.7656701334723532,2.333510280506422,1.69899426914353,75,0,0,0,1.0000000010552543,IHDP,8.095747679215794,10.579981766873804,19.5,/scratch/furkanbd/rc_nll2d/graph2d/IHDP/IHDP_r037.npz
UWYK Anc 2D,38,5.1880308373485775,3.1967511844689884,2.7634168714485536,75,0,0,0,0.9999996479379097,IHDP,35.26156302873045,31.44767559417724,19.9,/scratch/furkanbd/rc_nll2d/graph2d/IHDP/IHDP_r038.npz
UWYK Anc 2D,39,3.943985324857515,2.388535224391773,2.0141295930924636,75,0,0,0,0.9999999012404405,IHDP,11.79466633048628,14.09516407992382,17.6,/scratch/furkanbd/rc_nll2d/graph2d/IHDP/IHDP_r039.npz
UWYK Anc 2D,40,3.4727255806766135,1.8937820127866356,1.252113603178028,75,0,0,0,1.0000000928365598,IHDP,5.360365283486381,8.463802661021049,21.0,/scratch/furkanbd/rc_nll2d/graph2d/IHDP/IHDP_r040.npz
UWYK Anc 2D,41,3.0767517513480973,1.9537150362832825,1.3590056639700938,75,0,0,0,0.9999998120584027,IHDP,4.35874892371311,7.08370671468888,20.7,/scratch/furkanbd/rc_nll2d/graph2d/IHDP/IHDP_r041.npz
UWYK Anc 2D,42,3.3318461525806025,2.0023726504883026,1.5216161066006486,75,0,0,0,0.9999998883188251,IHDP,6.06264006845047,8.23014851156033,20.5,/scratch/furkanbd/rc_nll2d/graph2d/IHDP/IHDP_r042.npz
UWYK Anc 2D,43,3.250971113334718,2.195112391541754,1.8224283625741426,75,0,0,0,0.9999999827932968,IHDP,12.549233432868444,10.336046840870956,20.6,/scratch/furkanbd/rc_nll2d/graph2d/IHDP/IHDP_r043.npz
UWYK Anc 2D,44,4.1336334951590255,2.533089263034091,2.180280481873237,75,0,0,0,0.9999999439914181,IHDP,17.09187056856628,13.95923357510702,19.4,/scratch/furkanbd/rc_nll2d/graph2d/IHDP/IHDP_r044.npz
UWYK Anc 2D,45,3.8848975457101105,2.4376149585650104,2.232798397133239,75,0,0,0,1.0000000147989727,IHDP,12.409748200494139,11.65378452783606,19.7,/scratch/furkanbd/rc_nll2d/graph2d/IHDP/IHDP_r045.npz
UWYK Anc 2D,46,4.367014046219682,2.824812782897638,2.4349729286970185,75,0,0,0,0.9999999392086613,IHDP,20.071544824178844,20.042175266613754,20.2,/scratch/furkanbd/rc_nll2d/graph2d/IHDP/IHDP_r046.npz
UWYK Anc 2D,47,3.082268661332636,2.3279033690000297,1.6329265964887403,75,0,0,0,0.9999999244972366,IHDP,7.44049180154102,8.03946018451918,20.7,/scratch/furkanbd/rc_nll2d/graph2d/IHDP/IHDP_r047.npz
UWYK Anc 2D,48,3.869674686602973,2.5818698679904073,2.3808974065639683,75,0,0,0,1.0000001068778281,IHDP,19.3861978441449,13.084172560076798,17.9,/scratch/furkanbd/rc_nll2d/graph2d/IHDP/IHDP_r048.npz
UWYK Anc 2D,49,3.367302169167977,2.2018303942468345,1.5549230863510486,75,0,0,0,1.0000002048435157,IHDP,8.803189593074723,11.937175693287077,20.4,/scratch/furkanbd/rc_nll2d/graph2d/IHDP/IHDP_r049.npz
UWYK Anc 2D,50,3.2154963049228287,2.1730603180286234,1.5217550822565755,75,0,0,0,0.9999999167258111,IHDP,7.719710035901746,8.620972195596156,18.1,/scratch/furkanbd/rc_nll2d/graph2d/IHDP/IHDP_r050.npz
UWYK Anc 2D,51,3.951536527821749,2.545040310502667,1.880373975418418,75,0,0,0,0.9999996961649273,IHDP,14.12036870554089,12.94510549324401,17.9,/scratch/furkanbd/rc_nll2d/graph2d/IHDP/IHDP_r051.npz
UWYK Anc 2D,52,5.7450451969590866,3.4340899237612796,3.230377120848424,75,0,0,0,0.9999999106392351,IHDP,32.96891211678445,33.660720868999945,19.2,/scratch/furkanbd/rc_nll2d/graph2d/IHDP/IHDP_r052.npz
UWYK Anc 2D,53,4.8352446791410575,2.8304336527485545,2.629591428794269,75,0,0,0,0.9999999995272848,IHDP,19.651072186906358,21.12457314116514,16.8,/scratch/furkanbd/rc_nll2d/graph2d/IHDP/IHDP_r053.npz
UWYK Anc 2D,54,3.0455802876481544,2.0532836521750784,1.2721204968453848,75,0,0,0,0.9999998868008386,IHDP,5.308063286901589,8.327706650812901,20.6,/scratch/furkanbd/rc_nll2d/graph2d/IHDP/IHDP_r054.npz
UWYK Anc 2D,55,2.9441755336126803,2.0472519576346286,1.4416848481469486,75,0,0,0,1.000000021774874,IHDP,3.3933156550404515,6.875880003072828,20.7,/scratch/furkanbd/rc_nll2d/graph2d/IHDP/IHDP_r055.npz
UWYK Anc 2D,56,2.8783142715727785,1.9298509229849343,1.218618731782863,75,0,0,0,0.9999997708986956,IHDP,4.503180714572345,7.3022984309265855,20.6,/scratch/furkanbd/rc_nll2d/graph2d/IHDP/IHDP_r056.npz
UWYK Anc 2D,57,4.011443549058382,2.5131916690006944,2.2110352518630827,75,0,0,0,0.9999999606657919,IHDP,13.286879789490154,12.007387088345045,20.3,/scratch/furkanbd/rc_nll2d/graph2d/IHDP/IHDP_r057.npz
UWYK Anc 2D,58,3.2127966902899256,2.017812715632071,1.3186964877921374,75,0,0,0,1.000000187827437,IHDP,5.056788249372825,7.847965424488025,20.7,/scratch/furkanbd/rc_nll2d/graph2d/IHDP/IHDP_r058.npz
UWYK Anc 2D,59,5.852827588769337,3.304356933991775,3.0554858787408516,75,0,0,0,0.9999569937890941,IHDP,36.42025216495997,31.778512424023326,19.0,/scratch/furkanbd/rc_nll2d/graph2d/IHDP/IHDP_r059.npz
UWYK Anc 2D,60,3.371879251485099,1.9338331221811453,1.5392252573803205,75,0,0,0,1.0000001012812862,IHDP,4.79989993692065,7.2664012279817,20.7,/scratch/furkanbd/rc_nll2d/graph2d/IHDP/IHDP_r060.npz
UWYK Anc 2D,61,3.1821248945324334,2.054442282861315,1.4331884282035903,75,0,0,0,0.9999998832063134,IHDP,6.170015388205205,8.798789767161795,20.3,/scratch/furkanbd/rc_nll2d/graph2d/IHDP/IHDP_r061.npz
UWYK Anc 2D,62,3.6521206277448406,2.3402849822951546,1.7123583815000383,75,0,0,0,0.9999999485649267,IHDP,9.981283229287449,13.094174990384051,20.6,/scratch/furkanbd/rc_nll2d/graph2d/IHDP/IHDP_r062.npz
UWYK Anc 2D,63,3.505101140757394,2.2603420260490954,1.7887812154861265,75,0,0,0,0.9999999040885699,IHDP,12.544210806511314,14.027191398000484,20.7,/scratch/furkanbd/rc_nll2d/graph2d/IHDP/IHDP_r063.npz
UWYK Anc 2D,64,4.562344548762853,2.5296855115344954,2.1617445582775465,75,0,0,0,1.0000000234959139,IHDP,19.108927345057275,21.143731234158523,18.4,/scratch/furkanbd/rc_nll2d/graph2d/IHDP/IHDP_r064.npz
UWYK Anc 2D,65,4.115156421672655,2.103245012623007,1.388072148690823,75,0,0,0,0.9999996140537695,IHDP,8.272735805167144,10.924239119903056,21.0,/scratch/furkanbd/rc_nll2d/graph2d/IHDP/IHDP_r065.npz
UWYK Anc 2D,66,2.9443550722731096,2.0139964963890056,1.4152812886468924,75,0,0,0,1.0000000870335959,IHDP,4.838796769870725,7.165216829075695,18.5,/scratch/furkanbd/rc_nll2d/graph2d/IHDP/IHDP_r066.npz
UWYK Anc 2D,67,6.854660794519558,4.115604769398189,3.8353237385085333,75,0,0,0,1.000000049031669,IHDP,69.24911633643855,57.820479453751446,17.1,/scratch/furkanbd/rc_nll2d/graph2d/IHDP/IHDP_r067.npz
UWYK Anc 2D,68,2.9084641274242107,1.9937957140285623,1.4085513177767375,75,0,0,0,1.0000000323504408,IHDP,6.032324166028565,7.9192209094164445,18.4,/scratch/furkanbd/rc_nll2d/graph2d/IHDP/IHDP_r068.npz
UWYK Anc 2D,69,2.8981065103084123,1.9677216483840687,1.522474534288866,75,0,0,0,0.9999999067966762,IHDP,3.526127153290335,6.526127153290335,21.0,/scratch/furkanbd/rc_nll2d/graph2d/IHDP/IHDP_r069.npz
UWYK Anc 2D,70,4.970616244101608,2.9354290191733488,2.728606601373541,75,0,0,0,0.9999970231506784,IHDP,18.592754390832035,20.482038062537065,18.9,/scratch/furkanbd/rc_nll2d/graph2d/IHDP/IHDP_r070.npz
UWYK Anc 2D,71,3.2004904503683833,2.019580279982112,1.72125216780279,75,0,0,0,0.9999997309188141,IHDP,3.194182893793416,6.497668780134154,21.1,/scratch/furkanbd/rc_nll2d/graph2d/IHDP/IHDP_r071.npz
UWYK Anc 2D,72,3.0968488478964136,2.017443960554878,1.49451300508977,75,0,0,0,0.9999998444817684,IHDP,6.499617548266605,7.009274590804766,21.4,/scratch/furkanbd/rc_nll2d/graph2d/IHDP/IHDP_r072.npz
UWYK Anc 2D,73,3.273786345404234,2.2177891254760977,1.5168500956006512,75,0,0,0,0.9999999920348587,IHDP,4.09640534138945,6.95765665241336,21.1,/scratch/furkanbd/rc_nll2d/graph2d/IHDP/IHDP_r073.npz
UWYK Anc 2D,74,2.973931574602084,2.1687850028724527,1.4091573393607912,75,0,0,0,1.0000002179707694,IHDP,3.5252358161446598,6.44554588065982,20.8,/scratch/furkanbd/rc_nll2d/graph2d/IHDP/IHDP_r074.npz
UWYK Anc 2D,75,5.049680558314667,2.950787218202598,2.611863030626077,75,0,0,0,0.9999738884495233,IHDP,24.556297415837136,20.840164008285967,18.8,/scratch/furkanbd/rc_nll2d/graph2d/IHDP/IHDP_r075.npz
UWYK Anc 2D,76,2.970061814431167,2.139850641368092,1.3927075683097416,75,0,0,0,1.0000001995157843,IHDP,5.987802873892461,7.41416729317106,21.2,/scratch/furkanbd/rc_nll2d/graph2d/IHDP/IHDP_r076.npz
UWYK Anc 2D,77,2.8568302883839904,1.9456114329225749,1.329356537477909,75,0,0,0,0.9999999816383022,IHDP,4.776806587745986,6.798303573332015,21.1,/scratch/furkanbd/rc_nll2d/graph2d/IHDP/IHDP_r077.npz
UWYK Anc 2D,78,3.003326446834004,2.043892488158498,1.4116314031414992,75,0,0,0,0.9999998115507427,IHDP,5.0004745759025795,7.27699157408936,21.2,/scratch/furkanbd/rc_nll2d/graph2d/IHDP/IHDP_r078.npz
UWYK Anc 2D,79,3.1208414482491045,2.0097534989061514,1.4526993013448108,75,0,0,0,1.0000000652678327,IHDP,4.14937633444389,6.743396949618861,18.1,/scratch/furkanbd/rc_nll2d/graph2d/IHDP/IHDP_r079.npz
UWYK Anc 2D,80,7.04949565616281,4.129572970212646,3.712326082696527,75,0,0,0,1.0000006245172555,IHDP,82.33063972200077,79.29189795720723,20.2,/scratch/furkanbd/rc_nll2d/graph2d/IHDP/IHDP_r080.npz
UWYK Anc 2D,81,5.123425228267376,3.187336757805284,2.9291799136382752,75,0,0,0,1.0000000172200019,IHDP,42.003516353514804,39.2584911343093,17.9,/scratch/furkanbd/rc_nll2d/graph2d/IHDP/IHDP_r081.npz
UWYK Anc 2D,82,4.067072206065567,2.62586834750439,2.1867761597439332,75,0,0,0,0.9999999687144004,IHDP,19.058329974842035,14.677186141152465,17.9,/scratch/furkanbd/rc_nll2d/graph2d/IHDP/IHDP_r082.npz
UWYK Anc 2D,83,5.542301110908795,3.28771128341038,3.07218945335082,75,0,0,0,0.9999999434790612,IHDP,55.033911704857644,53.950941792007356,17.3,/scratch/furkanbd/rc_nll2d/graph2d/IHDP/IHDP_r083.npz
UWYK Anc 2D,84,6.398573525540452,3.74654952807434,3.40882036999675,75,0,0,0,0.9937831541030627,IHDP,58.57801027401966,55.50767411990434,18.6,/scratch/furkanbd/rc_nll2d/graph2d/IHDP/IHDP_r084.npz
UWYK Anc 2D,85,6.487708674397899,4.0026046537518924,3.738259356628486,75,0,0,0,0.9999999978641053,IHDP,53.4260240898451,51.398957004163904,20.4,/scratch/furkanbd/rc_nll2d/graph2d/IHDP/IHDP_r085.npz
UWYK Anc 2D,86,3.5381741712577233,2.3204092760284936,1.7154756943435348,75,0,0,0,0.999999753523053,IHDP,11.00597321726109,13.14010137951221,21.1,/scratch/furkanbd/rc_nll2d/graph2d/IHDP/IHDP_r086.npz
UWYK Anc 2D,87,3.1539354704928626,2.019065432280736,1.617858382840834,75,0,0,0,1.0000000182291078,IHDP,3.226446476197262,6.565105537043548,21.2,/scratch/furkanbd/rc_nll2d/graph2d/IHDP/IHDP_r087.npz
UWYK Anc 2D,88,3.6281477388891363,2.194640996878308,1.8666966303924315,75,0,0,0,1.0000000295472893,IHDP,7.918391764904252,9.98633100458805,19.9,/scratch/furkanbd/rc_nll2d/graph2d/IHDP/IHDP_r088.npz
UWYK Anc 2D,89,3.5172225504450036,2.1807149385248565,1.826381023572651,75,0,0,0,1.0000001230101485,IHDP,9.680509236277825,8.473529409097974,21.3,/scratch/furkanbd/rc_nll2d/graph2d/IHDP/IHDP_r089.npz
UWYK Anc 2D,90,3.0348174262246013,2.0428387310647227,1.510252438281369,75,0,0,0,1.0000000654006924,IHDP,3.7647194372736985,7.186122981355733,21.1,/scratch/furkanbd/rc_nll2d/graph2d/IHDP/IHDP_r090.npz
UWYK Anc 2D,91,3.744449066215597,2.2166592100928852,1.9962983055606074,75,0,0,0,1.0000000020221205,IHDP,9.85543474128624,11.55303955239596,20.0,/scratch/furkanbd/rc_nll2d/graph2d/IHDP/IHDP_r091.npz
UWYK Anc 2D,92,6.318146977031861,3.500922021599284,3.231757437217525,75,0,0,0,0.9995292230439409,IHDP,41.40982964435481,40.14425098096209,19.1,/scratch/furkanbd/rc_nll2d/graph2d/IHDP/IHDP_r092.npz
UWYK Anc 2D,93,3.268546083191168,2.174846371099352,1.6070801276574254,75,0,0,0,1.0000000023124933,IHDP,6.535639692021725,7.9499300327058755,21.2,/scratch/furkanbd/rc_nll2d/graph2d/IHDP/IHDP_r093.npz
UWYK Anc 2D,94,3.2240275825180094,2.1896174614908905,1.7002087276852844,75,0,0,0,0.999999962279904,IHDP,9.741897553193485,9.126418936734414,18.2,/scratch/furkanbd/rc_nll2d/graph2d/IHDP/IHDP_r094.npz
UWYK Anc 2D,95,3.911797271915032,2.16955863170842,1.615475899491089,75,0,0,0,0.9999997922392448,IHDP,11.704108385494246,11.533879036432856,21.0,/scratch/furkanbd/rc_nll2d/graph2d/IHDP/IHDP_r095.npz
UWYK Anc 2D,96,3.1928998224771923,2.050101314471883,1.491353807430662,75,0,0,0,0.9999997212734569,IHDP,7.445314870891185,9.652941216442315,21.1,/scratch/furkanbd/rc_nll2d/graph2d/IHDP/IHDP_r096.npz
UWYK Anc 2D,97,5.940617289123587,3.4666160900465433,3.1802157521133623,75,0,0,0,0.9999998399133645,IHDP,46.079494616513465,47.26036180047803,18.3,/scratch/furkanbd/rc_nll2d/graph2d/IHDP/IHDP_r097.npz
UWYK Anc 2D,98,3.9304993204428094,2.386243792312054,2.1325908433638494,75,0,0,0,0.9999999142307424,IHDP,12.691120810399696,12.125094443824505,17.1,/scratch/furkanbd/rc_nll2d/graph2d/IHDP/IHDP_r098.npz
UWYK Anc 2D,99,3.7460180920977875,2.4832297136721446,1.9285489606701014,75,0,0,0,1.0000000686213235,IHDP,13.161162124860224,11.954182297680374,18.3,/scratch/furkanbd/rc_nll2d/graph2d/IHDP/IHDP_r099.npz
CausalPFN-C,0,1.3355738837769124,1.8110739356044785,0.9908669007118234,75,0,0,0,0.9999997099218145,IHDP,4.482928345768412,7.558475046363377,0.1,/scratch/furkanbd/rc_dens_uni/cpfn1d/IHDP/IHDP_r000.npz
CausalPFN-C,1,1.1602270847369633,1.8139735059409827,0.9749955263469431,75,0,0,0,0.9999999475386593,IHDP,5.6876408479371,7.1476945138904,0.1,/scratch/furkanbd/rc_dens_uni/cpfn1d/IHDP/IHDP_r001.npz
CausalPFN-C,2,1.5551534745338809,2.0895338825368936,0.9810203027524051,75,0,0,0,0.9999999559080202,IHDP,5.982596608156835,8.910845891520264,0.1,/scratch/furkanbd/rc_dens_uni/cpfn1d/IHDP/IHDP_r002.npz
CausalPFN-C,3,1.3744065795489058,2.026773418909312,0.9969442669259847,75,0,0,0,0.9999980252471947,IHDP,10.202826892337319,9.42862234707078,0.1,/scratch/furkanbd/rc_dens_uni/cpfn1d/IHDP/IHDP_r003.npz
CausalPFN-C,4,0.8639371620390366,2.1023056108281493,0.9664514504519588,75,0,0,0,0.9999989775972791,IHDP,9.22287965410382,10.015755672831581,0.1,/scratch/furkanbd/rc_dens_uni/cpfn1d/IHDP/IHDP_r004.npz
CausalPFN-C,5,1.0761069219442314,2.062513863288659,0.862926519786475,75,0,0,0,0.9999998497262225,IHDP,4.192778346699971,7.374118047268539,0.1,/scratch/furkanbd/rc_dens_uni/cpfn1d/IHDP/IHDP_r005.npz
CausalPFN-C,6,1.3535927632373126,1.8476134410093328,0.9265271758847673,75,0,0,0,0.9999999906022985,IHDP,3.5874437662357526,6.979083563190846,0.1,/scratch/furkanbd/rc_dens_uni/cpfn1d/IHDP/IHDP_r006.npz
CausalPFN-C,7,1.4701803939078333,2.2307238415582855,0.9761098015813985,75,0,0,0,0.9999999186131416,IHDP,7.197609165578344,9.915962872620254,0.1,/scratch/furkanbd/rc_dens_uni/cpfn1d/IHDP/IHDP_r007.npz
CausalPFN-C,8,2.215818735022931,2.2011975294475,1.9180327899039815,75,0,0,0,0.9999862192491883,IHDP,131.94356029093427,127.8054783525917,0.1,/scratch/furkanbd/rc_dens_uni/cpfn1d/IHDP/IHDP_r008.npz
CausalPFN-C,9,0.867626826348302,2.1893536964349147,0.9300627706332332,75,0,0,0,0.9999891923968021,IHDP,28.810266595793877,25.791203785768523,0.1,/scratch/furkanbd/rc_dens_uni/cpfn1d/IHDP/IHDP_r009.npz
CausalPFN-C,10,1.0318860677331747,2.18302802750307,0.8841739859623481,75,0,0,0,0.9999936128660543,IHDP,5.77798863149796,9.230367231030339,0.1,/scratch/furkanbd/rc_dens_uni/cpfn1d/IHDP/IHDP_r010.npz
CausalPFN-C,11,1.1512230479055037,1.8463143717193649,0.9739841177865947,75,0,0,0,0.9999983992471959,IHDP,11.64006768626314,13.58580476609896,0.1,/scratch/furkanbd/rc_dens_uni/cpfn1d/IHDP/IHDP_r011.npz
CausalPFN-C,12,2.9273808347361454,2.4887300368549643,1.9345915803106375,75,0,0,0,0.999978945359247,IHDP,101.73665271474326,91.71426107613775,0.1,/scratch/furkanbd/rc_dens_uni/cpfn1d/IHDP/IHDP_r012.npz
CausalPFN-C,13,1.0006127408135514,2.147150823379922,0.7711263312656902,75,0,0,0,0.999999901438099,IHDP,4.236555926512995,6.921237478144855,0.1,/scratch/furkanbd/rc_dens_uni/cpfn1d/IHDP/IHDP_r013.npz
CausalPFN-C,14,1.1927838390091086,1.8865040494311056,0.9481037167025095,75,0,0,0,0.9999900473309515,IHDP,7.40356767156333,9.93795165166367,0.1,/scratch/furkanbd/rc_dens_uni/cpfn1d/IHDP/IHDP_r014.npz
CausalPFN-C,15,1.008516103108759,1.9702617785812235,0.8253567380701905,75,0,0,0,0.9999999084734494,IHDP,6.325261365396756,8.500444775492145,0.1,/scratch/furkanbd/rc_dens_uni/cpfn1d/IHDP/IHDP_r015.npz
CausalPFN-C,16,0.8900927875537475,1.8436650641437928,0.9641099885135713,75,0,0,0,0.9999995982859371,IHDP,11.04031948402785,13.72999525903265,0.1,/scratch/furkanbd/rc_dens_uni/cpfn1d/IHDP/IHDP_r016.npz
CausalPFN-C,17,1.1603702865069556,2.1766513159298837,0.8510464528322677,75,0,0,0,0.9999999770584478,IHDP,11.089708246895265,13.280817533699635,0.1,/scratch/furkanbd/rc_dens_uni/cpfn1d/IHDP/IHDP_r017.npz
CausalPFN-C,18,1.0907490446213042,1.926711394218522,0.9823200877254246,75,0,0,0,0.9999980082723693,IHDP,9.506368286423426,13.020077793907573,0.1,/scratch/furkanbd/rc_dens_uni/cpfn1d/IHDP/IHDP_r018.npz
CausalPFN-C,19,1.7138543601058915,1.9170488796703782,1.1079620340329341,75,0,0,0,0.9999999826407241,IHDP,6.06352880310614,8.89049584934196,0.1,/scratch/furkanbd/rc_dens_uni/cpfn1d/IHDP/IHDP_r019.npz
CausalPFN-C,20,1.4483810049035741,2.11879780852006,0.8903592073368047,75,0,0,0,0.999991325755912,IHDP,21.99868395171069,21.05087298430901,0.1,/scratch/furkanbd/rc_dens_uni/cpfn1d/IHDP/IHDP_r020.npz
CausalPFN-C,21,1.3096400097852503,1.9934731215807522,0.8654419641454589,75,0,0,0,0.9999999510916052,IHDP,5.4432128741992,8.15850781068051,0.1,/scratch/furkanbd/rc_dens_uni/cpfn1d/IHDP/IHDP_r021.npz
CausalPFN-C,22,1.0440341991125288,1.920187733574766,0.9164979286665518,75,0,0,0,0.9999998136812656,IHDP,8.392273971576008,10.36860961280099,0.1,/scratch/furkanbd/rc_dens_uni/cpfn1d/IHDP/IHDP_r022.npz
CausalPFN-C,23,1.251371122462064,1.9053882624064078,0.9285911404720002,75,0,0,0,0.9999994468400977,IHDP,23.11250486267872,23.42620249366618,0.1,/scratch/furkanbd/rc_dens_uni/cpfn1d/IHDP/IHDP_r023.npz
CausalPFN-C,24,1.183671761689594,2.1428422806393312,0.9609568875701715,75,0,0,0,0.9999999376321757,IHDP,15.483072675528668,17.958893409671028,0.1,/scratch/furkanbd/rc_dens_uni/cpfn1d/IHDP/IHDP_r024.npz
CausalPFN-C,25,1.7832653932050175,1.9887235537555383,1.2688134142244434,75,0,0,0,0.9999974832715527,IHDP,39.623725308854254,35.62870207221385,0.1,/scratch/furkanbd/rc_dens_uni/cpfn1d/IHDP/IHDP_r025.npz
CausalPFN-C,26,1.1163972346041449,1.9889931628642095,0.9042295466435464,75,0,0,0,0.9999998293661808,IHDP,7.28121351335893,8.91180565023697,0.1,/scratch/furkanbd/rc_dens_uni/cpfn1d/IHDP/IHDP_r026.npz
CausalPFN-C,27,3.068405242338893,2.378778435558792,2.197801290357492,75,0,0,0,0.9999250556729367,IHDP,174.31892360517375,171.23128232682225,0.1,/scratch/furkanbd/rc_dens_uni/cpfn1d/IHDP/IHDP_r027.npz
CausalPFN-C,28,0.9671822894413405,1.8161933809061652,0.8900233967197992,75,0,0,0,0.9999999579982377,IHDP,9.12577496147626,11.01267170486414,0.1,/scratch/furkanbd/rc_dens_uni/cpfn1d/IHDP/IHDP_r028.npz
CausalPFN-C,29,1.180692154992096,1.8299035995903337,1.026427311259174,75,0,0,0,0.9999989784216592,IHDP,7.5389127395491204,9.81401580180618,0.1,/scratch/furkanbd/rc_dens_uni/cpfn1d/IHDP/IHDP_r029.npz
CausalPFN-C,30,1.2611309345539266,1.817400185328457,1.0092252635394554,75,0,0,0,0.999999959135476,IHDP,11.704849626708262,14.755789855739737,0.1,/scratch/furkanbd/rc_dens_uni/cpfn1d/IHDP/IHDP_r030.npz
CausalPFN-C,31,1.1430413680110945,1.9385976647887875,0.9162484506039708,75,0,0,0,0.9999999690983077,IHDP,5.38835681722081,7.162815888728339,0.1,/scratch/furkanbd/rc_dens_uni/cpfn1d/IHDP/IHDP_r031.npz
CausalPFN-C,32,0.9429290734833021,1.9258161702688994,0.8996722486538031,75,0,0,0,0.9999999580013708,IHDP,10.670161371808721,13.63375115087048,0.1,/scratch/furkanbd/rc_dens_uni/cpfn1d/IHDP/IHDP_r032.npz
CausalPFN-C,33,2.568373958279153,2.3637745458176513,1.7382151339978713,75,0,0,0,0.9999780240514541,IHDP,122.07897632363135,118.58298181465766,0.1,/scratch/furkanbd/rc_dens_uni/cpfn1d/IHDP/IHDP_r033.npz
CausalPFN-C,34,1.5300701763137134,1.9096262258823236,0.9757356916967777,75,0,0,0,0.9999996714763938,IHDP,19.699934860731368,18.94924827196293,0.1,/scratch/furkanbd/rc_dens_uni/cpfn1d/IHDP/IHDP_r034.npz
CausalPFN-C,35,0.5998930814911668,2.129186631797766,0.8618577274868837,75,0,0,0,0.9999998014419882,IHDP,20.29193902335215,16.54522734072475,0.1,/scratch/furkanbd/rc_dens_uni/cpfn1d/IHDP/IHDP_r035.npz
CausalPFN-C,36,1.3783044640331015,2.7249572745644968,0.9201390740685458,75,0,0,0,0.9999993741284582,IHDP,38.801805945215854,31.79025013081945,0.1,/scratch/furkanbd/rc_dens_uni/cpfn1d/IHDP/IHDP_r036.npz
CausalPFN-C,37,1.293031836644459,1.8596556494512424,0.9964698870630084,75,0,0,0,0.999999413319059,IHDP,8.095747679215794,10.579981766873804,0.1,/scratch/furkanbd/rc_dens_uni/cpfn1d/IHDP/IHDP_r037.npz
CausalPFN-C,38,1.0373167252293694,2.2450998995662412,1.019530607299484,75,0,0,0,0.9999911282000592,IHDP,35.26156302873045,31.44767559417724,0.1,/scratch/furkanbd/rc_dens_uni/cpfn1d/IHDP/IHDP_r038.npz
CausalPFN-C,39,1.2696480936535677,1.8753144373855362,1.0689442657329795,75,0,0,0,0.9999995107312284,IHDP,11.79466633048628,14.09516407992382,0.1,/scratch/furkanbd/rc_dens_uni/cpfn1d/IHDP/IHDP_r039.npz
CausalPFN-C,40,1.4496905889199776,1.8017621851293306,1.0101479865644227,75,0,0,0,0.9999999820529178,IHDP,5.360365283486381,8.463802661021049,0.1,/scratch/furkanbd/rc_dens_uni/cpfn1d/IHDP/IHDP_r040.npz
CausalPFN-C,41,1.3034024143348246,1.7624731874721127,0.9627737196298167,75,0,0,0,0.9999997664416396,IHDP,4.35874892371311,7.08370671468888,0.1,/scratch/furkanbd/rc_dens_uni/cpfn1d/IHDP/IHDP_r041.npz
CausalPFN-C,42,1.1179326609419729,1.6596104523198227,0.9599406638881667,75,0,0,0,0.999976190716612,IHDP,6.06264006845047,8.23014851156033,0.1,/scratch/furkanbd/rc_dens_uni/cpfn1d/IHDP/IHDP_r042.npz
CausalPFN-C,43,0.6056642242468896,2.1137754606371297,0.9485021481301665,75,0,0,0,0.9999994213105772,IHDP,12.549233432868444,10.336046840870956,0.1,/scratch/furkanbd/rc_dens_uni/cpfn1d/IHDP/IHDP_r043.npz
CausalPFN-C,44,0.7517209094885055,2.23367016720931,0.8485210345546248,75,0,0,0,0.9999989767766962,IHDP,17.09187056856628,13.95923357510702,0.1,/scratch/furkanbd/rc_dens_uni/cpfn1d/IHDP/IHDP_r044.npz
CausalPFN-C,45,0.628996100565536,1.949718373462529,0.8510322953958827,75,0,0,0,0.9999974372776099,IHDP,12.409748200494139,11.65378452783606,0.1,/scratch/furkanbd/rc_dens_uni/cpfn1d/IHDP/IHDP_r045.npz
CausalPFN-C,46,1.1819845562464366,2.2016143700464963,1.033975925746452,75,0,0,0,0.9999997184276155,IHDP,20.071544824178844,20.042175266613754,0.1,/scratch/furkanbd/rc_dens_uni/cpfn1d/IHDP/IHDP_r046.npz
CausalPFN-C,47,1.4713947144100432,1.9912293191234285,1.1032362166505,75,0,0,0,0.999999528059247,IHDP,7.44049180154102,8.03946018451918,0.1,/scratch/furkanbd/rc_dens_uni/cpfn1d/IHDP/IHDP_r047.npz
CausalPFN-C,48,0.4230690337307696,2.3222831596157842,0.8627627793144128,75,0,0,0,0.9999998008177872,IHDP,19.3861978441449,13.084172560076798,0.1,/scratch/furkanbd/rc_dens_uni/cpfn1d/IHDP/IHDP_r048.npz
CausalPFN-C,49,1.2329929615715098,1.9715976103944832,1.0504969638498103,75,0,0,0,0.9999990225383673,IHDP,8.803189593074723,11.937175693287077,0.1,/scratch/furkanbd/rc_dens_uni/cpfn1d/IHDP/IHDP_r049.npz
CausalPFN-C,50,1.1842257662838775,2.10687726977058,0.9050717712315552,75,0,0,0,0.99999992154587,IHDP,7.719710035901746,8.620972195596156,0.1,/scratch/furkanbd/rc_dens_uni/cpfn1d/IHDP/IHDP_r050.npz
CausalPFN-C,51,1.6131083411561877,2.1679978409004574,0.8154241279629453,75,0,0,0,0.9999994547679399,IHDP,14.12036870554089,12.94510549324401,0.1,/scratch/furkanbd/rc_dens_uni/cpfn1d/IHDP/IHDP_r051.npz
CausalPFN-C,52,1.5185012807363778,2.0162895110949766,1.1567262774542266,75,0,0,0,0.9999989819064964,IHDP,32.96891211678445,33.660720868999945,0.1,/scratch/furkanbd/rc_dens_uni/cpfn1d/IHDP/IHDP_r052.npz
CausalPFN-C,53,1.1657824959367464,2.055569220530839,0.9681645596503459,75,0,0,0,0.999999836049569,IHDP,19.651072186906358,21.12457314116514,0.1,/scratch/furkanbd/rc_dens_uni/cpfn1d/IHDP/IHDP_r053.npz
CausalPFN-C,54,1.4306094216945235,1.9616345748873896,0.9465571943668973,75,0,0,0,0.9999998603384507,IHDP,5.308063286901589,8.327706650812901,0.1,/scratch/furkanbd/rc_dens_uni/cpfn1d/IHDP/IHDP_r054.npz
CausalPFN-C,55,1.5571333776008003,1.8654634846821572,1.1009672635220595,75,0,0,0,0.9999996725986864,IHDP,3.3933156550404515,6.875880003072828,0.1,/scratch/furkanbd/rc_dens_uni/cpfn1d/IHDP/IHDP_r055.npz
CausalPFN-C,56,1.494159362898938,1.9669660542256322,1.0385141587171187,75,0,0,0,0.9999998914315825,IHDP,4.503180714572345,7.3022984309265855,0.1,/scratch/furkanbd/rc_dens_uni/cpfn1d/IHDP/IHDP_r056.npz
CausalPFN-C,57,0.9869860801963002,1.6402912277399924,0.8168469680611783,75,0,0,0,0.9999997049819016,IHDP,13.286879789490154,12.007387088345045,0.1,/scratch/furkanbd/rc_dens_uni/cpfn1d/IHDP/IHDP_r057.npz
CausalPFN-C,58,1.6948318811101175,1.9600326111114437,1.1339578825235204,75,0,0,0,0.9999997512837038,IHDP,5.056788249372825,7.847965424488025,0.1,/scratch/furkanbd/rc_dens_uni/cpfn1d/IHDP/IHDP_r058.npz
CausalPFN-C,59,1.3053157592796716,2.1549543871550743,0.9384976553159436,75,0,0,0,0.9999879272657243,IHDP,36.42025216495997,31.778512424023326,0.1,/scratch/furkanbd/rc_dens_uni/cpfn1d/IHDP/IHDP_r059.npz
CausalPFN-C,60,1.2464336789779582,1.776382841807658,0.9287912364018824,75,0,0,0,0.9999999227189769,IHDP,4.79989993692065,7.2664012279817,0.1,/scratch/furkanbd/rc_dens_uni/cpfn1d/IHDP/IHDP_r060.npz
CausalPFN-C,61,1.661548136226525,1.9019663089140233,1.1453413087803799,75,0,0,0,0.9999873808409776,IHDP,6.170015388205205,8.798789767161795,0.1,/scratch/furkanbd/rc_dens_uni/cpfn1d/IHDP/IHDP_r061.npz
CausalPFN-C,62,1.1768192896439813,1.8523798850834048,1.0187738255658434,75,0,0,0,0.9999999714949424,IHDP,9.981283229287449,13.094174990384051,0.1,/scratch/furkanbd/rc_dens_uni/cpfn1d/IHDP/IHDP_r062.npz
CausalPFN-C,63,0.836319792822555,1.9075175871113799,0.9242690094175969,75,0,0,0,0.9999998529625491,IHDP,12.544210806511314,14.027191398000484,0.1,/scratch/furkanbd/rc_dens_uni/cpfn1d/IHDP/IHDP_r063.npz
CausalPFN-C,64,1.1917882072217658,1.9017334978977571,1.0819298623956095,75,0,0,0,0.9999991806571544,IHDP,19.108927345057275,21.143731234158523,0.1,/scratch/furkanbd/rc_dens_uni/cpfn1d/IHDP/IHDP_r064.npz
CausalPFN-C,65,1.348079182772707,2.074189955033172,0.9407438167673321,75,0,0,0,0.9999999450070249,IHDP,8.272735805167144,10.924239119903056,0.1,/scratch/furkanbd/rc_dens_uni/cpfn1d/IHDP/IHDP_r065.npz
CausalPFN-C,66,1.4495577788978118,1.8206693709600685,1.05343432251574,75,0,0,0,0.9999991231245441,IHDP,4.838796769870725,7.165216829075695,0.1,/scratch/furkanbd/rc_dens_uni/cpfn1d/IHDP/IHDP_r066.npz
CausalPFN-C,67,2.033505613198351,2.432931648208057,1.431632963194661,75,0,0,0,0.9999984411722458,IHDP,69.24911633643855,57.820479453751446,0.1,/scratch/furkanbd/rc_dens_uni/cpfn1d/IHDP/IHDP_r067.npz
CausalPFN-C,68,1.3675292332467415,2.035976888547429,0.9710812214622566,75,0,0,0,0.9999999648337013,IHDP,6.032324166028565,7.9192209094164445,0.1,/scratch/furkanbd/rc_dens_uni/cpfn1d/IHDP/IHDP_r068.npz
CausalPFN-C,69,1.1793957319077806,1.7603818334855408,0.9539749596504319,75,0,0,0,0.9999998633190914,IHDP,3.526127153290335,6.526127153290335,0.1,/scratch/furkanbd/rc_dens_uni/cpfn1d/IHDP/IHDP_r069.npz
CausalPFN-C,70,1.248016083990625,2.066868820913474,0.9060292222492943,75,0,0,0,0.9999993101624323,IHDP,18.592754390832035,20.482038062537065,0.1,/scratch/furkanbd/rc_dens_uni/cpfn1d/IHDP/IHDP_r070.npz
CausalPFN-C,71,1.3845743807069273,1.7924592405823323,0.9820038004953535,75,0,0,0,0.999999887226509,IHDP,3.194182893793416,6.497668780134154,0.1,/scratch/furkanbd/rc_dens_uni/cpfn1d/IHDP/IHDP_r071.npz
CausalPFN-C,72,1.0090232439333542,1.7337569753596973,0.9500712289398812,75,0,0,0,0.9999996332471862,IHDP,6.499617548266605,7.009274590804766,0.1,/scratch/furkanbd/rc_dens_uni/cpfn1d/IHDP/IHDP_r072.npz
CausalPFN-C,73,1.2478671818730758,1.9460766412532158,0.9965854537338876,75,0,0,0,0.9999906253940836,IHDP,4.09640534138945,6.95765665241336,0.1,/scratch/furkanbd/rc_dens_uni/cpfn1d/IHDP/IHDP_r073.npz
CausalPFN-C,74,1.3266871971747942,2.0910069924958052,0.9719709392143957,75,0,0,0,0.999998424513167,IHDP,3.5252358161446598,6.44554588065982,0.1,/scratch/furkanbd/rc_dens_uni/cpfn1d/IHDP/IHDP_r074.npz
CausalPFN-C,75,0.7357809992829896,2.136443581319393,0.9679565641121526,75,0,0,0,0.9999997662983697,IHDP,24.556297415837136,20.840164008285967,0.1,/scratch/furkanbd/rc_dens_uni/cpfn1d/IHDP/IHDP_r075.npz
CausalPFN-C,76,1.4328037297437937,2.1023182824955158,0.9737816952212806,75,0,0,0,0.999999894863959,IHDP,5.987802873892461,7.41416729317106,0.1,/scratch/furkanbd/rc_dens_uni/cpfn1d/IHDP/IHDP_r076.npz
CausalPFN-C,77,1.0875584278256898,1.890699332234681,0.914395679906898,75,0,0,0,0.9999999583770895,IHDP,4.776806587745986,6.798303573332015,0.1,/scratch/furkanbd/rc_dens_uni/cpfn1d/IHDP/IHDP_r077.npz
CausalPFN-C,78,1.3152427617020523,1.8845182960446292,0.988871118556164,75,0,0,0,0.9999938402200618,IHDP,5.0004745759025795,7.27699157408936,0.1,/scratch/furkanbd/rc_dens_uni/cpfn1d/IHDP/IHDP_r078.npz
CausalPFN-C,79,1.45865680873376,1.9503448307537856,1.0571011531436059,75,0,0,0,0.9999998356476713,IHDP,4.14937633444389,6.743396949618861,0.1,/scratch/furkanbd/rc_dens_uni/cpfn1d/IHDP/IHDP_r079.npz
CausalPFN-C,80,1.8520755082253175,2.21469281414993,1.3435376564918315,75,0,0,0,0.9999912121514014,IHDP,82.33063972200077,79.29189795720723,0.1,/scratch/furkanbd/rc_dens_uni/cpfn1d/IHDP/IHDP_r080.npz
CausalPFN-C,81,1.0919787789015856,1.8420241959805959,1.0782667285798588,75,0,0,0,0.9999977375513733,IHDP,42.003516353514804,39.2584911343093,0.1,/scratch/furkanbd/rc_dens_uni/cpfn1d/IHDP/IHDP_r081.npz
CausalPFN-C,82,1.0231038345542474,2.1213411231758257,0.9100677728984701,75,0,0,0,0.9999998305810409,IHDP,19.058329974842035,14.677186141152465,0.1,/scratch/furkanbd/rc_dens_uni/cpfn1d/IHDP/IHDP_r082.npz
CausalPFN-C,83,1.4900502102206166,2.1791799883858,1.322114133325584,75,0,0,0,0.999988844351998,IHDP,55.033911704857644,53.950941792007356,0.1,/scratch/furkanbd/rc_dens_uni/cpfn1d/IHDP/IHDP_r083.npz
CausalPFN-C,84,2.0873565614613185,2.1165087484050495,1.527582101663032,75,0,0,0,0.9999695226180766,IHDP,58.57801027401966,55.50767411990434,0.1,/scratch/furkanbd/rc_dens_uni/cpfn1d/IHDP/IHDP_r084.npz
CausalPFN-C,85,1.7001758150420034,2.237815166838584,1.2933471472941638,75,0,0,0,0.9999971023979691,IHDP,53.4260240898451,51.398957004163904,0.1,/scratch/furkanbd/rc_dens_uni/cpfn1d/IHDP/IHDP_r085.npz
CausalPFN-C,86,1.5360650312619646,1.9091315939284448,1.030994015951585,75,0,0,0,0.9999999830037185,IHDP,11.00597321726109,13.14010137951221,0.1,/scratch/furkanbd/rc_dens_uni/cpfn1d/IHDP/IHDP_r086.npz
CausalPFN-C,87,1.535366403149807,1.8640152710614841,0.9993012695977596,75,0,0,0,0.999999959509068,IHDP,3.226446476197262,6.565105537043548,0.1,/scratch/furkanbd/rc_dens_uni/cpfn1d/IHDP/IHDP_r087.npz
CausalPFN-C,88,1.1695684967862308,1.6045001136664037,1.0004709176715618,75,0,0,0,0.9999978627718571,IHDP,7.918391764904252,9.98633100458805,0.1,/scratch/furkanbd/rc_dens_uni/cpfn1d/IHDP/IHDP_r088.npz
CausalPFN-C,89,1.2032962053619336,1.8515836634366623,1.0737654657140276,75,0,0,0,0.9999999408918079,IHDP,9.680509236277825,8.473529409097974,0.1,/scratch/furkanbd/rc_dens_uni/cpfn1d/IHDP/IHDP_r089.npz
CausalPFN-C,90,1.6513804755196213,1.7344749911178914,1.0755631474570992,75,0,0,0,0.9999999602762,IHDP,3.7647194372736985,7.186122981355733,0.1,/scratch/furkanbd/rc_dens_uni/cpfn1d/IHDP/IHDP_r090.npz
CausalPFN-C,91,1.1494696167639669,1.8774630463181816,0.9210986628876037,75,0,0,0,0.9999998983422148,IHDP,9.85543474128624,11.55303955239596,0.1,/scratch/furkanbd/rc_dens_uni/cpfn1d/IHDP/IHDP_r091.npz
CausalPFN-C,92,1.5201863207123723,2.0180231328544265,1.1793178517342922,75,0,0,0,0.9999990076490319,IHDP,41.40982964435481,40.14425098096209,0.1,/scratch/furkanbd/rc_dens_uni/cpfn1d/IHDP/IHDP_r092.npz
CausalPFN-C,93,1.2560568774473437,2.0143957472317764,0.9072952063363027,75,0,0,0,0.9999999877083489,IHDP,6.535639692021725,7.9499300327058755,0.1,/scratch/furkanbd/rc_dens_uni/cpfn1d/IHDP/IHDP_r093.npz
CausalPFN-C,94,0.926564593494824,2.104824926310399,0.8635965390838665,75,0,0,0,0.9999999502451797,IHDP,9.741897553193485,9.126418936734414,0.1,/scratch/furkanbd/rc_dens_uni/cpfn1d/IHDP/IHDP_r094.npz
CausalPFN-C,95,1.1924809045656488,1.758926665436198,0.9989340519537433,75,0,0,0,0.9999999573450662,IHDP,11.704108385494246,11.533879036432856,0.1,/scratch/furkanbd/rc_dens_uni/cpfn1d/IHDP/IHDP_r095.npz
CausalPFN-C,96,1.1541901378516577,1.9483897059461848,0.9644162297008969,75,0,0,0,0.9999865696894149,IHDP,7.445314870891185,9.652941216442315,0.1,/scratch/furkanbd/rc_dens_uni/cpfn1d/IHDP/IHDP_r096.npz
CausalPFN-C,97,1.745263223551657,2.354730640570155,1.2128007770471778,75,0,0,0,0.9999817423110615,IHDP,46.079494616513465,47.26036180047803,0.1,/scratch/furkanbd/rc_dens_uni/cpfn1d/IHDP/IHDP_r097.npz
CausalPFN-C,98,0.953731359402451,2.0904843918285136,0.8297507912980338,75,0,0,0,0.9999993556570675,IHDP,12.691120810399696,12.125094443824505,0.1,/scratch/furkanbd/rc_dens_uni/cpfn1d/IHDP/IHDP_r098.npz
CausalPFN-C,99,1.014720527661913,2.2974436767482107,0.8677790831847143,75,0,0,0,0.999999796192496,IHDP,13.161162124860224,11.954182297680374,0.1,/scratch/furkanbd/rc_dens_uni/cpfn1d/IHDP/IHDP_r099.npz
CausalPFN-C 2D,0,2.4382032173890535,1.8490675180763079,1.390073399855798,75,0,0,0,0.999985162683358,IHDP,4.482928345768412,7.558475046363377,23.6,/scratch/furkanbd/rc_nll2d/cpfn2d_pooled/IHDP/IHDP_r000.npz
CausalPFN-C 2D,1,2.5046745582023777,1.7902904479067319,1.374536591637569,75,0,0,0,0.9999912962882225,IHDP,5.6876408479371,7.1476945138904,23.7,/scratch/furkanbd/rc_nll2d/cpfn2d_pooled/IHDP/IHDP_r001.npz
CausalPFN-C 2D,2,2.5785454866161523,2.04000274342944,1.3948472550682416,75,0,0,0,0.9999558953683099,IHDP,5.982596608156835,8.910845891520264,23.9,/scratch/furkanbd/rc_nll2d/cpfn2d_pooled/IHDP/IHDP_r002.npz
CausalPFN-C 2D,3,2.7795757190508716,2.003399572574939,1.5478721816791394,75,0,0,0,0.9999892801560549,IHDP,10.202826892337319,9.42862234707078,24.3,/scratch/furkanbd/rc_nll2d/cpfn2d_pooled/IHDP/IHDP_r003.npz
CausalPFN-C 2D,4,2.943081870441137,2.0250819455204616,1.6868750313893492,75,0,0,0,0.9999802227283224,IHDP,9.22287965410382,10.015755672831581,24.4,/scratch/furkanbd/rc_nll2d/cpfn2d_pooled/IHDP/IHDP_r004.npz
CausalPFN-C 2D,5,2.5555928842017765,2.00238507956271,1.4200374398711186,75,0,0,0,0.9999554151060335,IHDP,4.192778346699971,7.374118047268539,24.5,/scratch/furkanbd/rc_nll2d/cpfn2d_pooled/IHDP/IHDP_r005.npz
CausalPFN-C 2D,6,2.398065319817681,1.9449002492466245,1.2808641173593478,75,0,0,0,0.9999940855912182,IHDP,3.5874437662357526,6.979083563190846,24.6,/scratch/furkanbd/rc_nll2d/cpfn2d_pooled/IHDP/IHDP_r006.npz
CausalPFN-C 2D,7,2.81807183281924,2.1197330658462796,1.5551997346283213,75,0,0,0,0.9999768469054066,IHDP,7.197609165578344,9.915962872620254,20.2,/scratch/furkanbd/rc_nll2d/cpfn2d_pooled/IHDP/IHDP_r007.npz
CausalPFN-C 2D,8,6.506499241255658,3.6652211753382318,3.58823811994444,75,0,0,0,0.9999815080027503,IHDP,131.94356029093427,127.8054783525917,24.5,/scratch/furkanbd/rc_nll2d/cpfn2d_pooled/IHDP/IHDP_r008.npz
CausalPFN-C 2D,9,4.458660473181651,2.6292452139057008,2.558746799031347,75,0,0,0,0.9999672341570948,IHDP,28.810266595793877,25.791203785768523,24.8,/scratch/furkanbd/rc_nll2d/cpfn2d_pooled/IHDP/IHDP_r009.npz
CausalPFN-C 2D,10,2.7745784083156293,1.9783486179174163,1.5955161400822153,75,0,0,0,0.9999819804707158,IHDP,5.77798863149796,9.230367231030339,24.5,/scratch/furkanbd/rc_nll2d/cpfn2d_pooled/IHDP/IHDP_r010.npz
CausalPFN-C 2D,11,3.5125057059134503,2.1728856982966347,2.049650972521312,75,0,0,0,0.9999771660112378,IHDP,11.64006768626314,13.58580476609896,20.6,/scratch/furkanbd/rc_nll2d/cpfn2d_pooled/IHDP/IHDP_r011.npz
CausalPFN-C 2D,12,6.97046502276277,3.8598369999123734,3.846329063871814,75,0,0,0,0.9999523126521237,IHDP,101.73665271474326,91.71426107613775,20.6,/scratch/furkanbd/rc_nll2d/cpfn2d_pooled/IHDP/IHDP_r012.npz
CausalPFN-C 2D,13,2.3930138988918075,1.9154339072310524,1.3290184765245128,75,0,0,0,0.9999914813745129,IHDP,4.236555926512995,6.921237478144855,25.0,/scratch/furkanbd/rc_nll2d/cpfn2d_pooled/IHDP/IHDP_r013.npz
CausalPFN-C 2D,14,2.8844356900916037,2.0066247499960084,1.6274419919236887,75,0,0,0,0.9999836442172787,IHDP,7.40356767156333,9.93795165166367,20.3,/scratch/furkanbd/rc_nll2d/cpfn2d_pooled/IHDP/IHDP_r014.npz
CausalPFN-C 2D,15,2.7047135681697485,1.860647009220312,1.509465860224911,75,0,0,0,0.9999893030904252,IHDP,6.325261365396756,8.500444775492145,24.7,/scratch/furkanbd/rc_nll2d/cpfn2d_pooled/IHDP/IHDP_r015.npz
CausalPFN-C 2D,16,3.6833544605571173,2.168463918339119,2.0376936717103327,75,0,0,0,0.9999472347525258,IHDP,11.04031948402785,13.72999525903265,24.5,/scratch/furkanbd/rc_nll2d/cpfn2d_pooled/IHDP/IHDP_r016.npz
CausalPFN-C 2D,17,2.9943547641338553,2.036383291527051,1.7478718657804386,75,0,0,0,0.9999824224602633,IHDP,11.089708246895265,13.280817533699635,24.5,/scratch/furkanbd/rc_nll2d/cpfn2d_pooled/IHDP/IHDP_r017.npz
CausalPFN-C 2D,18,3.1671819229389513,2.053606313469462,1.847064202916029,75,0,0,0,0.9999808857656677,IHDP,9.506368286423426,13.020077793907573,24.9,/scratch/furkanbd/rc_nll2d/cpfn2d_pooled/IHDP/IHDP_r018.npz
CausalPFN-C 2D,19,2.4487712463323565,1.9530836174290096,1.3781214322238444,75,0,0,0,0.9999936130585555,IHDP,6.06352880310614,8.89049584934196,20.1,/scratch/furkanbd/rc_nll2d/cpfn2d_pooled/IHDP/IHDP_r019.npz
CausalPFN-C 2D,20,4.627672438017402,2.7042153870405334,2.670953790663077,75,0,0,0,0.9999706329866616,IHDP,21.99868395171069,21.05087298430901,24.5,/scratch/furkanbd/rc_nll2d/cpfn2d_pooled/IHDP/IHDP_r020.npz
CausalPFN-C 2D,21,2.664835474575436,1.9402542546249675,1.4285088839054003,75,0,0,0,0.9999877524717058,IHDP,5.4432128741992,8.15850781068051,24.4,/scratch/furkanbd/rc_nll2d/cpfn2d_pooled/IHDP/IHDP_r021.npz
CausalPFN-C 2D,22,2.966257539308819,1.998375401088297,1.7551976920389345,75,0,0,0,0.9999912648029025,IHDP,8.392273971576008,10.36860961280099,20.4,/scratch/furkanbd/rc_nll2d/cpfn2d_pooled/IHDP/IHDP_r022.npz
CausalPFN-C 2D,23,4.01536350478683,2.3667836370859328,2.294225768813825,75,0,0,0,0.9999669348003748,IHDP,23.11250486267872,23.42620249366618,20.4,/scratch/furkanbd/rc_nll2d/cpfn2d_pooled/IHDP/IHDP_r023.npz
CausalPFN-C 2D,24,3.209683013204801,2.103020427163341,1.827087119609805,75,0,0,0,0.9999751588964632,IHDP,15.483072675528668,17.958893409671028,24.4,/scratch/furkanbd/rc_nll2d/cpfn2d_pooled/IHDP/IHDP_r024.npz
CausalPFN-C 2D,25,5.691780483405311,3.23153151292871,3.2024403477821446,75,0,0,0,0.9999633484731933,IHDP,39.623725308854254,35.62870207221385,24.4,/scratch/furkanbd/rc_nll2d/cpfn2d_pooled/IHDP/IHDP_r025.npz
CausalPFN-C 2D,26,2.739839830885558,1.970758919214233,1.4321379694185794,75,0,0,0,0.9999937386865346,IHDP,7.28121351335893,8.91180565023697,24.4,/scratch/furkanbd/rc_nll2d/cpfn2d_pooled/IHDP/IHDP_r026.npz
CausalPFN-C 2D,27,7.4135065226195005,4.103141496915678,4.080162177737904,75,0,0,0,0.9999184868007991,IHDP,174.31892360517375,171.23128232682225,20.1,/scratch/furkanbd/rc_nll2d/cpfn2d_pooled/IHDP/IHDP_r027.npz
CausalPFN-C 2D,28,3.1296908160153434,1.9657495764788966,1.8094093960423685,75,0,0,0,0.99997627126124,IHDP,9.12577496147626,11.01267170486414,24.5,/scratch/furkanbd/rc_nll2d/cpfn2d_pooled/IHDP/IHDP_r028.npz
CausalPFN-C 2D,29,2.9986285173386706,1.9735566323831393,1.7636677022208653,75,0,0,0,0.9999811513040752,IHDP,7.5389127395491204,9.81401580180618,24.8,/scratch/furkanbd/rc_nll2d/cpfn2d_pooled/IHDP/IHDP_r029.npz
CausalPFN-C 2D,30,3.0886761143401147,2.0116710963550393,1.7806018880398522,75,0,0,0,0.9999906760311285,IHDP,11.704849626708262,14.755789855739737,24.8,/scratch/furkanbd/rc_nll2d/cpfn2d_pooled/IHDP/IHDP_r030.npz
CausalPFN-C 2D,31,2.522908258841175,1.9900898806029648,1.3501129341964702,75,0,0,0,0.9999930528659251,IHDP,5.38835681722081,7.162815888728339,25.0,/scratch/furkanbd/rc_nll2d/cpfn2d_pooled/IHDP/IHDP_r031.npz
CausalPFN-C 2D,32,3.1072993703844025,2.035510984255157,1.8334281741089073,75,0,0,0,0.9999842871535741,IHDP,10.670161371808721,13.63375115087048,24.5,/scratch/furkanbd/rc_nll2d/cpfn2d_pooled/IHDP/IHDP_r032.npz
CausalPFN-C 2D,33,7.168474652343254,3.9626768447705976,3.9477318199767883,75,0,0,0,0.9999839620891919,IHDP,122.07897632363135,118.58298181465766,20.1,/scratch/furkanbd/rc_nll2d/cpfn2d_pooled/IHDP/IHDP_r033.npz
CausalPFN-C 2D,34,3.843407992109562,2.296940751859976,2.2135484924669115,75,0,0,0,0.9999753697953352,IHDP,19.699934860731368,18.94924827196293,24.7,/scratch/furkanbd/rc_nll2d/cpfn2d_pooled/IHDP/IHDP_r034.npz
CausalPFN-C 2D,35,3.8440843202550656,2.3030064590150263,2.201911055865743,75,0,0,0,0.9999728212831461,IHDP,20.29193902335215,16.54522734072475,24.3,/scratch/furkanbd/rc_nll2d/cpfn2d_pooled/IHDP/IHDP_r035.npz
CausalPFN-C 2D,36,4.671385822474893,2.7408993097933374,2.699709982175199,75,0,0,0,0.9999757060979099,IHDP,38.801805945215854,31.79025013081945,20.2,/scratch/furkanbd/rc_nll2d/cpfn2d_pooled/IHDP/IHDP_r036.npz
CausalPFN-C 2D,37,2.8227782088014277,1.919093449142305,1.636883789094389,75,0,0,0,0.9999872763982959,IHDP,8.095747679215794,10.579981766873804,20.1,/scratch/furkanbd/rc_nll2d/cpfn2d_pooled/IHDP/IHDP_r037.npz
CausalPFN-C 2D,38,4.738116278503024,2.6871179883842804,2.6305708949873137,75,0,0,0,0.9999649827136546,IHDP,35.26156302873045,31.44767559417724,20.1,/scratch/furkanbd/rc_nll2d/cpfn2d_pooled/IHDP/IHDP_r038.npz
CausalPFN-C 2D,39,3.440237209437424,2.1399984233780085,1.9858950593229014,75,0,0,0,0.9999701077401273,IHDP,11.79466633048628,14.09516407992382,24.7,/scratch/furkanbd/rc_nll2d/cpfn2d_pooled/IHDP/IHDP_r039.npz
CausalPFN-C 2D,40,2.6582387247834607,1.8810155569046552,1.467149253449075,75,0,0,0,0.9999912366463505,IHDP,5.360365283486381,8.463802661021049,24.3,/scratch/furkanbd/rc_nll2d/cpfn2d_pooled/IHDP/IHDP_r040.npz
CausalPFN-C 2D,41,2.595280308646304,1.794202486684099,1.3840648257244244,75,0,0,0,0.9999638692121343,IHDP,4.35874892371311,7.08370671468888,24.6,/scratch/furkanbd/rc_nll2d/cpfn2d_pooled/IHDP/IHDP_r041.npz
CausalPFN-C 2D,42,2.645382425674943,1.8769518364642328,1.543856841520719,75,0,0,0,0.9999616990911215,IHDP,6.06264006845047,8.23014851156033,24.5,/scratch/furkanbd/rc_nll2d/cpfn2d_pooled/IHDP/IHDP_r042.npz
CausalPFN-C 2D,43,2.8417411350477297,2.0826358403636087,1.6636178348400106,75,0,0,0,0.9999847020467699,IHDP,12.549233432868444,10.336046840870956,24.6,/scratch/furkanbd/rc_nll2d/cpfn2d_pooled/IHDP/IHDP_r043.npz
CausalPFN-C 2D,44,3.566874783045449,2.1795371499260665,2.0474338798586125,75,0,0,0,0.9999557454166792,IHDP,17.09187056856628,13.95923357510702,24.7,/scratch/furkanbd/rc_nll2d/cpfn2d_pooled/IHDP/IHDP_r044.npz
CausalPFN-C 2D,45,3.2900395821365267,2.1406340501805463,1.9687032236288804,75,0,0,0,0.9999760713317412,IHDP,12.409748200494139,11.65378452783606,24.4,/scratch/furkanbd/rc_nll2d/cpfn2d_pooled/IHDP/IHDP_r045.npz
CausalPFN-C 2D,46,3.930028450572166,2.3298477388871053,2.2194990092617544,75,0,0,0,0.9999770613402289,IHDP,20.071544824178844,20.042175266613754,24.8,/scratch/furkanbd/rc_nll2d/cpfn2d_pooled/IHDP/IHDP_r046.npz
CausalPFN-C 2D,47,2.589898929144822,2.0812729867347217,1.4429607249163965,75,0,0,0,0.9999921319253017,IHDP,7.44049180154102,8.03946018451918,24.9,/scratch/furkanbd/rc_nll2d/cpfn2d_pooled/IHDP/IHDP_r047.npz
CausalPFN-C 2D,48,3.104192837047764,2.1042556556367433,1.8734698861615537,75,0,0,0,0.9999759294627805,IHDP,19.3861978441449,13.084172560076798,20.3,/scratch/furkanbd/rc_nll2d/cpfn2d_pooled/IHDP/IHDP_r048.npz
CausalPFN-C 2D,49,2.892604649587933,2.00750799383669,1.617567856343991,75,0,0,0,0.9999919611171989,IHDP,8.803189593074723,11.937175693287077,24.0,/scratch/furkanbd/rc_nll2d/cpfn2d_pooled/IHDP/IHDP_r049.npz
CausalPFN-C 2D,50,2.8424916380740846,1.9490750812647848,1.5720080591670347,75,0,0,0,0.9999921082376182,IHDP,7.719710035901746,8.620972195596156,20.3,/scratch/furkanbd/rc_nll2d/cpfn2d_pooled/IHDP/IHDP_r050.npz
CausalPFN-C 2D,51,3.0284842980021156,2.021689606197428,1.7903083583092787,75,0,0,0,0.9999748987837651,IHDP,14.12036870554089,12.94510549324401,20.3,/scratch/furkanbd/rc_nll2d/cpfn2d_pooled/IHDP/IHDP_r051.npz
CausalPFN-C 2D,52,5.298842626208268,3.0179926693131365,2.9936978568953885,75,0,0,0,0.9999718149445499,IHDP,32.96891211678445,33.660720868999945,20.2,/scratch/furkanbd/rc_nll2d/cpfn2d_pooled/IHDP/IHDP_r052.npz
CausalPFN-C 2D,53,4.306261680567737,2.489112754340595,2.414268460543453,75,0,0,0,0.9999810619282301,IHDP,19.651072186906358,21.12457314116514,24.4,/scratch/furkanbd/rc_nll2d/cpfn2d_pooled/IHDP/IHDP_r053.npz
CausalPFN-C 2D,54,2.741460979269934,1.895460541116637,1.4394514361832806,75,0,0,0,0.999991694408473,IHDP,5.308063286901589,8.327706650812901,24.1,/scratch/furkanbd/rc_nll2d/cpfn2d_pooled/IHDP/IHDP_r054.npz
CausalPFN-C 2D,55,2.371541563138248,1.8522111053279138,1.280335440285851,75,0,0,0,0.9999969175025204,IHDP,3.3933156550404515,6.875880003072828,24.4,/scratch/furkanbd/rc_nll2d/cpfn2d_pooled/IHDP/IHDP_r055.npz
CausalPFN-C 2D,56,2.4734085139571818,2.007419176824706,1.4566841348828539,75,0,0,0,0.9999970001068418,IHDP,4.503180714572345,7.3022984309265855,24.3,/scratch/furkanbd/rc_nll2d/cpfn2d_pooled/IHDP/IHDP_r056.npz
CausalPFN-C 2D,57,2.9721774588014,1.9458418801871074,1.7762467112058,75,0,0,0,0.9999723737935123,IHDP,13.286879789490154,12.007387088345045,24.3,/scratch/furkanbd/rc_nll2d/cpfn2d_pooled/IHDP/IHDP_r057.npz
CausalPFN-C 2D,58,2.718325792322769,2.0414942935328098,1.4494161827783478,75,0,0,0,0.9999838428441398,IHDP,5.056788249372825,7.847965424488025,24.2,/scratch/furkanbd/rc_nll2d/cpfn2d_pooled/IHDP/IHDP_r058.npz
CausalPFN-C 2D,59,4.968350620425608,2.878877790586786,2.8394850447487983,75,0,0,0,0.9999597021034459,IHDP,36.42025216495997,31.778512424023326,24.2,/scratch/furkanbd/rc_nll2d/cpfn2d_pooled/IHDP/IHDP_r059.npz
CausalPFN-C 2D,60,2.5532006326999537,1.8577112462848349,1.3840720748405473,75,0,0,0,0.9999892594852925,IHDP,4.79989993692065,7.2664012279817,24.0,/scratch/furkanbd/rc_nll2d/cpfn2d_pooled/IHDP/IHDP_r060.npz
CausalPFN-C 2D,61,2.7383887459327796,2.025204521986546,1.5524173631888214,75,0,0,0,0.9999880062492724,IHDP,6.170015388205205,8.798789767161795,24.1,/scratch/furkanbd/rc_nll2d/cpfn2d_pooled/IHDP/IHDP_r061.npz
CausalPFN-C 2D,62,3.0125734456157356,1.9366667503674058,1.7093961323285385,75,0,0,0,0.9999895678278365,IHDP,9.981283229287449,13.094174990384051,24.3,/scratch/furkanbd/rc_nll2d/cpfn2d_pooled/IHDP/IHDP_r062.npz
CausalPFN-C 2D,63,2.7197799529639677,1.94249416087914,1.635193597876639,75,0,0,0,0.9999922797157652,IHDP,12.544210806511314,14.027191398000484,24.3,/scratch/furkanbd/rc_nll2d/cpfn2d_pooled/IHDP/IHDP_r063.npz
CausalPFN-C 2D,64,3.6645308641828893,2.2090874642624887,2.034496712424266,75,0,0,0,0.9999884387168538,IHDP,19.108927345057275,21.143731234158523,19.8,/scratch/furkanbd/rc_nll2d/cpfn2d_pooled/IHDP/IHDP_r064.npz
CausalPFN-C 2D,65,2.9019874501169087,2.0521675562499575,1.5383515440095648,75,0,0,0,0.9999947520459258,IHDP,8.272735805167144,10.924239119903056,19.7,/scratch/furkanbd/rc_nll2d/cpfn2d_pooled/IHDP/IHDP_r065.npz
CausalPFN-C 2D,66,2.5897197547635464,1.9479457872189243,1.3609280830047035,75,0,0,0,0.9999960918247719,IHDP,4.838796769870725,7.165216829075695,19.9,/scratch/furkanbd/rc_nll2d/cpfn2d_pooled/IHDP/IHDP_r066.npz
CausalPFN-C 2D,67,6.251634361231751,3.504227454520248,3.489343602063159,75,0,0,0,0.9999732765319741,IHDP,69.24911633643855,57.820479453751446,19.9,/scratch/furkanbd/rc_nll2d/cpfn2d_pooled/IHDP/IHDP_r067.npz
CausalPFN-C 2D,68,2.5515338606840774,1.9815817082354692,1.3997787122471193,75,0,0,0,0.9999823665999693,IHDP,6.032324166028565,7.9192209094164445,24.3,/scratch/furkanbd/rc_nll2d/cpfn2d_pooled/IHDP/IHDP_r068.npz
CausalPFN-C 2D,69,2.387868169902405,1.7782680411018472,1.3132388271365678,75,0,0,0,0.9999981756938995,IHDP,3.526127153290335,6.526127153290335,24.5,/scratch/furkanbd/rc_nll2d/cpfn2d_pooled/IHDP/IHDP_r069.npz
CausalPFN-C 2D,70,4.552144154902383,2.586251614338002,2.523920472311736,75,0,0,0,0.999964906675128,IHDP,18.592754390832035,20.482038062537065,24.7,/scratch/furkanbd/rc_nll2d/cpfn2d_pooled/IHDP/IHDP_r070.npz
CausalPFN-C 2D,71,2.513665278950122,1.7952287885964453,1.2999671238439165,75,0,0,0,0.9999980986872944,IHDP,3.194182893793416,6.497668780134154,24.6,/scratch/furkanbd/rc_nll2d/cpfn2d_pooled/IHDP/IHDP_r071.npz
CausalPFN-C 2D,72,2.3898019171938047,1.8249035411173296,1.4001985892186795,75,0,0,0,0.999990765085872,IHDP,6.499617548266605,7.009274590804766,24.5,/scratch/furkanbd/rc_nll2d/cpfn2d_pooled/IHDP/IHDP_r072.npz
CausalPFN-C 2D,73,2.411084275961226,1.9472610393946082,1.331112502849397,75,0,0,0,0.9999942214165677,IHDP,4.09640534138945,6.95765665241336,24.6,/scratch/furkanbd/rc_nll2d/cpfn2d_pooled/IHDP/IHDP_r073.npz
CausalPFN-C 2D,74,2.469886045327277,2.0394605785800404,1.312581884391873,75,0,0,0,0.9999982886726007,IHDP,3.5252358161446598,6.44554588065982,24.5,/scratch/furkanbd/rc_nll2d/cpfn2d_pooled/IHDP/IHDP_r074.npz
CausalPFN-C 2D,75,4.049915891163104,2.4063926652742023,2.3252145391419896,75,0,0,0,0.9999684912455256,IHDP,24.556297415837136,20.840164008285967,24.8,/scratch/furkanbd/rc_nll2d/cpfn2d_pooled/IHDP/IHDP_r075.npz
CausalPFN-C 2D,76,2.4148555702799768,1.876482837454328,1.3395599898793589,75,0,0,0,0.9999982866676268,IHDP,5.987802873892461,7.41416729317106,24.6,/scratch/furkanbd/rc_nll2d/cpfn2d_pooled/IHDP/IHDP_r076.npz
CausalPFN-C 2D,77,2.542860919633411,1.9072813446732182,1.3948885125002555,75,0,0,0,0.999997759728885,IHDP,4.776806587745986,6.798303573332015,24.5,/scratch/furkanbd/rc_nll2d/cpfn2d_pooled/IHDP/IHDP_r077.npz
CausalPFN-C 2D,78,2.509824497124215,1.8973407943500562,1.4089020011966502,75,0,0,0,0.9999966838615165,IHDP,5.0004745759025795,7.27699157408936,20.7,/scratch/furkanbd/rc_nll2d/cpfn2d_pooled/IHDP/IHDP_r078.npz
CausalPFN-C 2D,79,2.594716171355256,1.9017703358820446,1.3360031913410904,75,0,0,0,0.9999921120478855,IHDP,4.14937633444389,6.743396949618861,24.5,/scratch/furkanbd/rc_nll2d/cpfn2d_pooled/IHDP/IHDP_r079.npz
CausalPFN-C 2D,80,6.335683146156697,3.552248938489058,3.5349558206788707,75,0,0,0,0.9999216591549036,IHDP,82.33063972200077,79.29189795720723,20.5,/scratch/furkanbd/rc_nll2d/cpfn2d_pooled/IHDP/IHDP_r080.npz
CausalPFN-C 2D,81,4.898631828475888,2.821015629815499,2.7832767287781066,75,0,0,0,0.9999838943206248,IHDP,42.003516353514804,39.2584911343093,20.6,/scratch/furkanbd/rc_nll2d/cpfn2d_pooled/IHDP/IHDP_r081.npz
CausalPFN-C 2D,82,3.450456885485514,2.1463836819669964,1.972667151901766,75,0,0,0,0.9999695021900981,IHDP,19.058329974842035,14.677186141152465,25.0,/scratch/furkanbd/rc_nll2d/cpfn2d_pooled/IHDP/IHDP_r082.npz
CausalPFN-C 2D,83,5.494879757277966,3.1071059150504863,3.0759559092569573,75,0,0,0,0.9999719368898268,IHDP,55.033911704857644,53.950941792007356,20.3,/scratch/furkanbd/rc_nll2d/cpfn2d_pooled/IHDP/IHDP_r083.npz
CausalPFN-C 2D,84,6.474276479037658,3.5788261632085945,3.562834947640582,75,0,0,0,0.9998651199747272,IHDP,58.57801027401966,55.50767411990434,24.3,/scratch/furkanbd/rc_nll2d/cpfn2d_pooled/IHDP/IHDP_r084.npz
CausalPFN-C 2D,85,5.723531348536846,3.2512606369255495,3.2142865183001916,75,0,0,0,0.9999767466207596,IHDP,53.4260240898451,51.398957004163904,24.2,/scratch/furkanbd/rc_nll2d/cpfn2d_pooled/IHDP/IHDP_r085.npz
CausalPFN-C 2D,86,3.132578844610587,1.9254045168622629,1.710352501832488,75,0,0,0,0.999965014275823,IHDP,11.00597321726109,13.14010137951221,23.9,/scratch/furkanbd/rc_nll2d/cpfn2d_pooled/IHDP/IHDP_r086.npz
CausalPFN-C 2D,87,2.672818832857779,1.9045505923629593,1.2920305371560743,75,0,0,0,0.9999937727003126,IHDP,3.226446476197262,6.565105537043548,23.9,/scratch/furkanbd/rc_nll2d/cpfn2d_pooled/IHDP/IHDP_r087.npz
CausalPFN-C 2D,88,3.0054470223427803,1.929697538155555,1.767903506297626,75,0,0,0,0.9999760150897612,IHDP,7.918391764904252,9.98633100458805,23.9,/scratch/furkanbd/rc_nll2d/cpfn2d_pooled/IHDP/IHDP_r088.npz
CausalPFN-C 2D,89,2.7719177360922513,1.9786790066149142,1.5070815332599916,75,0,0,0,0.9999863591725014,IHDP,9.680509236277825,8.473529409097974,26.9,/scratch/furkanbd/rc_nll2d/cpfn2d_pooled/IHDP/IHDP_r089.npz
CausalPFN-C 2D,90,2.4494961497111154,1.8777377485063038,1.2505915081130246,75,0,0,0,0.9999307353616966,IHDP,3.7647194372736985,7.186122981355733,23.7,/scratch/furkanbd/rc_nll2d/cpfn2d_pooled/IHDP/IHDP_r090.npz
CausalPFN-C 2D,91,3.1744038005934905,2.0527761943336853,1.807541105982299,75,0,0,0,0.9999802242534294,IHDP,9.85543474128624,11.55303955239596,23.9,/scratch/furkanbd/rc_nll2d/cpfn2d_pooled/IHDP/IHDP_r091.npz
CausalPFN-C 2D,92,5.744636910720377,3.2153265766658143,3.1988938862345027,75,0,0,0,0.9999140864524765,IHDP,41.40982964435481,40.14425098096209,23.7,/scratch/furkanbd/rc_nll2d/cpfn2d_pooled/IHDP/IHDP_r092.npz
CausalPFN-C 2D,93,2.454420381441093,1.9180511197870251,1.401239803849956,75,0,0,0,0.9999932411442067,IHDP,6.535639692021725,7.9499300327058755,23.4,/scratch/furkanbd/rc_nll2d/cpfn2d_pooled/IHDP/IHDP_r093.npz
CausalPFN-C 2D,94,2.6849903186723143,1.9572949122565926,1.4780831351041042,75,0,0,0,0.9999810380149668,IHDP,9.741897553193485,9.126418936734414,23.3,/scratch/furkanbd/rc_nll2d/cpfn2d_pooled/IHDP/IHDP_r094.npz
CausalPFN-C 2D,95,2.9485323140771005,1.9675701436787691,1.6190524812921336,75,0,0,0,0.9999883349501668,IHDP,11.704108385494246,11.533879036432856,32.7,/scratch/furkanbd/rc_nll2d/cpfn2d_pooled/IHDP/IHDP_r095.npz
CausalPFN-C 2D,96,2.938473782554151,1.9810808799310253,1.6520429626829252,75,0,0,0,0.9999934283637143,IHDP,7.445314870891185,9.652941216442315,42.0,/scratch/furkanbd/rc_nll2d/cpfn2d_pooled/IHDP/IHDP_r096.npz
CausalPFN-C 2D,97,5.331124460365895,2.9991101462991296,2.9357558459310464,75,0,0,0,0.9999801002563588,IHDP,46.079494616513465,47.26036180047803,32.9,/scratch/furkanbd/rc_nll2d/cpfn2d_pooled/IHDP/IHDP_r097.npz
CausalPFN-C 2D,98,3.3446849850527123,2.169892115173751,1.950469405463369,75,0,0,0,0.9999752260988962,IHDP,12.691120810399696,12.125094443824505,23.5,/scratch/furkanbd/rc_nll2d/cpfn2d_pooled/IHDP/IHDP_r098.npz
CausalPFN-C 2D,99,2.7752474560765434,2.0639650104580003,1.5953271144907244,75,0,0,0,0.9999936479896647,IHDP,13.161162124860224,11.954182297680374,23.0,/scratch/furkanbd/rc_nll2d/cpfn2d_pooled/IHDP/IHDP_r099.npz
